{"0000":{"zip_code":"0400000","prefecture":"北海道","prefecture_kana":"ホッカイドウ","city":"函館市","city_kana":"ハコダテシ","town":"","town_kana":"","prefecture_code":1},"0044":{"zip_code":"0400044","prefecture":"北海道","prefecture_kana":"ホッカイドウ","city":"函館市","city_kana":"ハコダテシ","town":"青柳町","town_kana":"アオヤギチョウ","prefecture_code":1},"0076":{"zip_code":"0400076","prefecture":"北海道","prefecture_kana":"ホッカイドウ","city":"函館市","city_kana":"ハコダテシ","town":"浅野町","town_kana":"アサノチョウ","prefecture_code":1},"0037":{"zip_code":"0400037","prefecture":"北海道","prefecture_kana":"ホッカイドウ","city":"函館市","city_kana":"ハコダテシ","town":"旭町","town_kana":"アサヒチョウ","prefecture_code":1},"0057":{"zip_code":"0400057","prefecture":"北海道","prefecture_kana":"ホッカイドウ","city":"函館市","city_kana":"ハコダテシ","town":"入舟町","town_kana":"イリフネチョウ","prefecture_code":1},"0023":{"zip_code":"0400023","prefecture":"北海道","prefecture_kana":"ホッカイドウ","city":"函館市","city_kana":"ハコダテシ","town":"宇賀浦町","town_kana":"ウガウラチョウ","prefecture_code":1},"0071":{"zip_code":"0400071","prefecture":"北海道","prefecture_kana":"ホッカイドウ","city":"函館市","city_kana":"ハコダテシ","town":"追分町","town_kana":"オイワケチョウ","prefecture_code":1},"0084":{"zip_code":"0400084","prefecture":"北海道","prefecture_kana":"ホッカイドウ","city":"函館市","city_kana":"ハコダテシ","town":"大川町","town_kana":"オオカワチョウ","prefecture_code":1},"0064":{"zip_code":"0400064","prefecture":"北海道","prefecture_kana":"ホッカイドウ","city":"函館市","city_kana":"ハコダテシ","town":"大手町","town_kana":"オオテマチ","prefecture_code":1},"0062":{"zip_code":"0400062","prefecture":"北海道","prefecture_kana":"ホッカイドウ","city":"函館市","city_kana":"ハコダテシ","town":"大縄町","town_kana":"オオナワチョウ","prefecture_code":1},"0052":{"zip_code":"0400052","prefecture":"北海道","prefecture_kana":"ホッカイドウ","city":"函館市","city_kana":"ハコダテシ","town":"大町","town_kana":"オオマチ","prefecture_code":1},"0034":{"zip_code":"0400034","prefecture":"北海道","prefecture_kana":"ホッカイドウ","city":"函館市","city_kana":"ハコダテシ","town":"大森町","town_kana":"オオモリチョウ","prefecture_code":1},"0061":{"zip_code":"0400061","prefecture":"北海道","prefecture_kana":"ホッカイドウ","city":"函館市","city_kana":"ハコダテシ","town":"海岸町","town_kana":"カイガンチョウ","prefecture_code":1},"0031":{"zip_code":"0400031","prefecture":"北海道","prefecture_kana":"ホッカイドウ","city":"函館市","city_kana":"ハコダテシ","town":"上新川町","town_kana":"カミシンカワチョウ","prefecture_code":1},"0072":{"zip_code":"0400072","prefecture":"北海道","prefecture_kana":"ホッカイドウ","city":"函館市","city_kana":"ハコダテシ","town":"亀田町","town_kana":"カメダマチ","prefecture_code":1},"0078":{"zip_code":"0400078","prefecture":"北海道","prefecture_kana":"ホッカイドウ","city":"函館市","city_kana":"ハコダテシ","town":"北浜町","town_kana":"キタハマチョウ","prefecture_code":1},"0001":{"zip_code":"0400001","prefecture":"北海道","prefecture_kana":"ホッカイドウ","city":"函館市","city_kana":"ハコダテシ","town":"五稜郭町","town_kana":"ゴリョウカクチョウ","prefecture_code":1},"0041":{"zip_code":"0400041","prefecture":"北海道","prefecture_kana":"ホッカイドウ","city":"函館市","city_kana":"ハコダテシ","town":"栄町","town_kana":"サカエチョウ","prefecture_code":1},"0036":{"zip_code":"0400036","prefecture":"北海道","prefecture_kana":"ホッカイドウ","city":"函館市","city_kana":"ハコダテシ","town":"東雲町","town_kana":"シノノメチョウ","prefecture_code":1},"0082":{"zip_code":"0400082","prefecture":"北海道","prefecture_kana":"ホッカイドウ","city":"函館市","city_kana":"ハコダテシ","town":"白鳥町","town_kana":"シラトリチョウ","prefecture_code":1},"0032":{"zip_code":"0400032","prefecture":"北海道","prefecture_kana":"ホッカイドウ","city":"函館市","city_kana":"ハコダテシ","town":"新川町","town_kana":"シンカワチョウ","prefecture_code":1},"0053":{"zip_code":"0400053","prefecture":"北海道","prefecture_kana":"ホッカイドウ","city":"函館市","city_kana":"ハコダテシ","town":"末広町","town_kana":"スエヒロチョウ","prefecture_code":1},"0004":{"zip_code":"0400004","prefecture":"北海道","prefecture_kana":"ホッカイドウ","city":"函館市","city_kana":"ハコダテシ","town":"杉並町","town_kana":"スギナミチョウ","prefecture_code":1},"0045":{"zip_code":"0400045","prefecture":"北海道","prefecture_kana":"ホッカイドウ","city":"函館市","city_kana":"ハコダテシ","town":"住吉町","town_kana":"スミヨシチョウ","prefecture_code":1},"0024":{"zip_code":"0400024","prefecture":"北海道","prefecture_kana":"ホッカイドウ","city":"函館市","city_kana":"ハコダテシ","town":"高盛町","town_kana":"タカモリチョウ","prefecture_code":1},"0081":{"zip_code":"0400081","prefecture":"北海道","prefecture_kana":"ホッカイドウ","city":"函館市","city_kana":"ハコダテシ","town":"田家町","town_kana":"タヤチョウ","prefecture_code":1},"0033":{"zip_code":"0400033","prefecture":"北海道","prefecture_kana":"ホッカイドウ","city":"函館市","city_kana":"ハコダテシ","town":"千歳町","town_kana":"チトセチョウ","prefecture_code":1},"0013":{"zip_code":"0400013","prefecture":"北海道","prefecture_kana":"ホッカイドウ","city":"函館市","city_kana":"ハコダテシ","town":"千代台町","town_kana":"チヨガダイチョウ","prefecture_code":1},"0012":{"zip_code":"0400012","prefecture":"北海道","prefecture_kana":"ホッカイドウ","city":"函館市","city_kana":"ハコダテシ","town":"時任町","town_kana":"トキトウチョウ","prefecture_code":1},"0065":{"zip_code":"0400065","prefecture":"北海道","prefecture_kana":"ホッカイドウ","city":"函館市","city_kana":"ハコダテシ","town":"豊川町","town_kana":"トヨカワチョウ","prefecture_code":1},"0014":{"zip_code":"0400014","prefecture":"北海道","prefecture_kana":"ホッカイドウ","city":"函館市","city_kana":"ハコダテシ","town":"中島町","town_kana":"ナカジマチョウ","prefecture_code":1},"0083":{"zip_code":"0400083","prefecture":"北海道","prefecture_kana":"ホッカイドウ","city":"函館市","city_kana":"ハコダテシ","town":"八幡町","town_kana":"ハチマンチョウ","prefecture_code":1},"0075":{"zip_code":"0400075","prefecture":"北海道","prefecture_kana":"ホッカイドウ","city":"函館市","city_kana":"ハコダテシ","town":"万代町","town_kana":"バンダイチョウ","prefecture_code":1},"0042":{"zip_code":"0400042","prefecture":"北海道","prefecture_kana":"ホッカイドウ","city":"函館市","city_kana":"ハコダテシ","town":"東川町","town_kana":"ヒガシカワチョウ","prefecture_code":1},"0005":{"zip_code":"0400005","prefecture":"北海道","prefecture_kana":"ホッカイドウ","city":"函館市","city_kana":"ハコダテシ","town":"人見町","town_kana":"ヒトミチョウ","prefecture_code":1},"0022":{"zip_code":"0400022","prefecture":"北海道","prefecture_kana":"ホッカイドウ","city":"函館市","city_kana":"ハコダテシ","town":"日乃出町","town_kana":"ヒノデチョウ","prefecture_code":1},"0055":{"zip_code":"0400055","prefecture":"北海道","prefecture_kana":"ホッカイドウ","city":"函館市","city_kana":"ハコダテシ","town":"船見町","town_kana":"フナミチョウ","prefecture_code":1},"0051":{"zip_code":"0400051","prefecture":"北海道","prefecture_kana":"ホッカイドウ","city":"函館市","city_kana":"ハコダテシ","town":"弁天町","town_kana":"ベンテンチョウ","prefecture_code":1},"0043":{"zip_code":"0400043","prefecture":"北海道","prefecture_kana":"ホッカイドウ","city":"函館市","city_kana":"ハコダテシ","town":"宝来町","town_kana":"ホウライチョウ","prefecture_code":1},"0025":{"zip_code":"0400025","prefecture":"北海道","prefecture_kana":"ホッカイドウ","city":"函館市","city_kana":"ハコダテシ","town":"堀川町","town_kana":"ホリカワチョウ","prefecture_code":1},"0011":{"zip_code":"0400011","prefecture":"北海道","prefecture_kana":"ホッカイドウ","city":"函館市","city_kana":"ハコダテシ","town":"本町","town_kana":"ホンチョウ","prefecture_code":1},"0003":{"zip_code":"0400003","prefecture":"北海道","prefecture_kana":"ホッカイドウ","city":"函館市","city_kana":"ハコダテシ","town":"松陰町","town_kana":"マツカゲチョウ","prefecture_code":1},"0035":{"zip_code":"0400035","prefecture":"北海道","prefecture_kana":"ホッカイドウ","city":"函館市","city_kana":"ハコダテシ","town":"松風町","town_kana":"マツカゼチョウ","prefecture_code":1},"0074":{"zip_code":"0400074","prefecture":"北海道","prefecture_kana":"ホッカイドウ","city":"函館市","city_kana":"ハコダテシ","town":"松川町","town_kana":"マツカワチョウ","prefecture_code":1},"0021":{"zip_code":"0400021","prefecture":"北海道","prefecture_kana":"ホッカイドウ","city":"函館市","city_kana":"ハコダテシ","town":"的場町","town_kana":"マトバチョウ","prefecture_code":1},"0073":{"zip_code":"0400073","prefecture":"北海道","prefecture_kana":"ホッカイドウ","city":"函館市","city_kana":"ハコダテシ","town":"宮前町","town_kana":"ミヤマエチョウ","prefecture_code":1},"0054":{"zip_code":"0400054","prefecture":"北海道","prefecture_kana":"ホッカイドウ","city":"函館市","city_kana":"ハコダテシ","town":"元町","town_kana":"モトマチ","prefecture_code":1},"0046":{"zip_code":"0400046","prefecture":"北海道","prefecture_kana":"ホッカイドウ","city":"函館市","city_kana":"ハコダテシ","town":"谷地頭町","town_kana":"ヤチガシラチョウ","prefecture_code":1},"0015":{"zip_code":"0400015","prefecture":"北海道","prefecture_kana":"ホッカイドウ","city":"函館市","city_kana":"ハコダテシ","town":"梁川町","town_kana":"ヤナガワチョウ","prefecture_code":1},"0002":{"zip_code":"0400002","prefecture":"北海道","prefecture_kana":"ホッカイドウ","city":"函館市","city_kana":"ハコダテシ","town":"柳町","town_kana":"ヤナギマチ","prefecture_code":1},"0056":{"zip_code":"0400056","prefecture":"北海道","prefecture_kana":"ホッカイドウ","city":"函館市","city_kana":"ハコダテシ","town":"弥生町","town_kana":"ヤヨイチョウ","prefecture_code":1},"0077":{"zip_code":"0400077","prefecture":"北海道","prefecture_kana":"ホッカイドウ","city":"函館市","city_kana":"ハコダテシ","town":"吉川町","town_kana":"ヨシカワチョウ","prefecture_code":1},"0063":{"zip_code":"0400063","prefecture":"北海道","prefecture_kana":"ホッカイドウ","city":"函館市","city_kana":"ハコダテシ","town":"若松町","town_kana":"ワカマツチョウ","prefecture_code":1}}