{"0913":{"zip_code":"0420913","prefecture":"北海道","prefecture_kana":"ホッカイドウ","city":"函館市","city_kana":"ハコダテシ","town":"赤坂町","town_kana":"アカサカチョウ","prefecture_code":1},"0916":{"zip_code":"0420916","prefecture":"北海道","prefecture_kana":"ホッカイドウ","city":"函館市","city_kana":"ハコダテシ","town":"旭岡町","town_kana":"アサヒオカチョウ","prefecture_code":1},"0904":{"zip_code":"0420904","prefecture":"北海道","prefecture_kana":"ホッカイドウ","city":"函館市","city_kana":"ハコダテシ","town":"庵原町","town_kana":"イオハラチョウ","prefecture_code":1},"0911":{"zip_code":"0420911","prefecture":"北海道","prefecture_kana":"ホッカイドウ","city":"函館市","city_kana":"ハコダテシ","town":"石倉町","town_kana":"イシクラチョウ","prefecture_code":1},"0954":{"zip_code":"0420954","prefecture":"北海道","prefecture_kana":"ホッカイドウ","city":"函館市","city_kana":"ハコダテシ","town":"上野町","town_kana":"ウエノチョウ","prefecture_code":1},"0931":{"zip_code":"0420931","prefecture":"北海道","prefecture_kana":"ホッカイドウ","city":"函館市","city_kana":"ハコダテシ","town":"榎本町","town_kana":"エノモトチョウ","prefecture_code":1},"0942":{"zip_code":"0420942","prefecture":"北海道","prefecture_kana":"ホッカイドウ","city":"函館市","city_kana":"ハコダテシ","town":"柏木町","town_kana":"カシワギチョウ","prefecture_code":1},"0944":{"zip_code":"0420944","prefecture":"北海道","prefecture_kana":"ホッカイドウ","city":"函館市","city_kana":"ハコダテシ","town":"金堀町","town_kana":"カナホリチョウ","prefecture_code":1},"0901":{"zip_code":"0420901","prefecture":"北海道","prefecture_kana":"ホッカイドウ","city":"函館市","city_kana":"ハコダテシ","town":"蛾眉野町","town_kana":"ガビノチョウ","prefecture_code":1},"0914":{"zip_code":"0420914","prefecture":"北海道","prefecture_kana":"ホッカイドウ","city":"函館市","city_kana":"ハコダテシ","town":"上湯川町","town_kana":"カミユノカワチョウ","prefecture_code":1},"0917":{"zip_code":"0420917","prefecture":"北海道","prefecture_kana":"ホッカイドウ","city":"函館市","city_kana":"ハコダテシ","town":"亀尾町","town_kana":"カメオチョウ","prefecture_code":1},"0935":{"zip_code":"0420935","prefecture":"北海道","prefecture_kana":"ホッカイドウ","city":"函館市","city_kana":"ハコダテシ","town":"駒場町","town_kana":"コマバチョウ","prefecture_code":1},"0923":{"zip_code":"0420923","prefecture":"北海道","prefecture_kana":"ホッカイドウ","city":"函館市","city_kana":"ハコダテシ","town":"志海苔町","town_kana":"シノリチョウ","prefecture_code":1},"0921":{"zip_code":"0420921","prefecture":"北海道","prefecture_kana":"ホッカイドウ","city":"函館市","city_kana":"ハコダテシ","town":"新湊町","town_kana":"シンミナトチョウ","prefecture_code":1},"0958":{"zip_code":"0420958","prefecture":"北海道","prefecture_kana":"ホッカイドウ","city":"函館市","city_kana":"ハコダテシ","town":"鈴蘭丘町","town_kana":"スズランオカチョウ","prefecture_code":1},"0951":{"zip_code":"0420951","prefecture":"北海道","prefecture_kana":"ホッカイドウ","city":"函館市","city_kana":"ハコダテシ","town":"瀬戸川町","town_kana":"セトガワチョウ","prefecture_code":1},"0922":{"zip_code":"0420922","prefecture":"北海道","prefecture_kana":"ホッカイドウ","city":"函館市","city_kana":"ハコダテシ","town":"銭亀町","town_kana":"ゼニカメチョウ","prefecture_code":1},"0955":{"zip_code":"0420955","prefecture":"北海道","prefecture_kana":"ホッカイドウ","city":"函館市","city_kana":"ハコダテシ","town":"高丘町","town_kana":"タカオカチョウ","prefecture_code":1},"0952":{"zip_code":"0420952","prefecture":"北海道","prefecture_kana":"ホッカイドウ","city":"函館市","city_kana":"ハコダテシ","town":"高松町","town_kana":"タカマツチョウ","prefecture_code":1},"0957":{"zip_code":"0420957","prefecture":"北海道","prefecture_kana":"ホッカイドウ","city":"函館市","city_kana":"ハコダテシ","town":"滝沢町","town_kana":"タキサワチョウ","prefecture_code":1},"0902":{"zip_code":"0420902","prefecture":"北海道","prefecture_kana":"ホッカイドウ","city":"函館市","city_kana":"ハコダテシ","town":"鉄山町","town_kana":"テツザンチョウ","prefecture_code":1},"0908":{"zip_code":"0420908","prefecture":"北海道","prefecture_kana":"ホッカイドウ","city":"函館市","city_kana":"ハコダテシ","town":"銅山町","town_kana":"ドウザンチョウ","prefecture_code":1},"0953":{"zip_code":"0420953","prefecture":"北海道","prefecture_kana":"ホッカイドウ","city":"函館市","city_kana":"ハコダテシ","town":"戸倉町","town_kana":"トクラチョウ","prefecture_code":1},"0912":{"zip_code":"0420912","prefecture":"北海道","prefecture_kana":"ホッカイドウ","city":"函館市","city_kana":"ハコダテシ","town":"中野町","town_kana":"ナカノチョウ","prefecture_code":1},"0915":{"zip_code":"0420915","prefecture":"北海道","prefecture_kana":"ホッカイドウ","city":"函館市","city_kana":"ハコダテシ","town":"西旭岡町","town_kana":"ニシアサヒオカチョウ","prefecture_code":1},"0924":{"zip_code":"0420924","prefecture":"北海道","prefecture_kana":"ホッカイドウ","city":"函館市","city_kana":"ハコダテシ","town":"根崎町","town_kana":"ネサキチョウ","prefecture_code":1},"0943":{"zip_code":"0420943","prefecture":"北海道","prefecture_kana":"ホッカイドウ","city":"函館市","city_kana":"ハコダテシ","town":"乃木町","town_kana":"ノギマチ","prefecture_code":1},"0903":{"zip_code":"0420903","prefecture":"北海道","prefecture_kana":"ホッカイドウ","city":"函館市","city_kana":"ハコダテシ","town":"東畑町","town_kana":"ヒガシハタチョウ","prefecture_code":1},"0934":{"zip_code":"0420934","prefecture":"北海道","prefecture_kana":"ホッカイドウ","city":"函館市","city_kana":"ハコダテシ","town":"広野町","town_kana":"ヒロノチョウ","prefecture_code":1},"0941":{"zip_code":"0420941","prefecture":"北海道","prefecture_kana":"ホッカイドウ","city":"函館市","city_kana":"ハコダテシ","town":"深堀町","town_kana":"フカボリチョウ","prefecture_code":1},"0918":{"zip_code":"0420918","prefecture":"北海道","prefecture_kana":"ホッカイドウ","city":"函館市","city_kana":"ハコダテシ","town":"米原町","town_kana":"マイハラチョウ","prefecture_code":1},"0907":{"zip_code":"0420907","prefecture":"北海道","prefecture_kana":"ホッカイドウ","city":"函館市","city_kana":"ハコダテシ","town":"鱒川町","town_kana":"マスカワチョウ","prefecture_code":1},"0906":{"zip_code":"0420906","prefecture":"北海道","prefecture_kana":"ホッカイドウ","city":"函館市","city_kana":"ハコダテシ","town":"三森町","town_kana":"ミツモリチョウ","prefecture_code":1},"0956":{"zip_code":"0420956","prefecture":"北海道","prefecture_kana":"ホッカイドウ","city":"函館市","city_kana":"ハコダテシ","town":"見晴町","town_kana":"ミハラシチョウ","prefecture_code":1},"0905":{"zip_code":"0420905","prefecture":"北海道","prefecture_kana":"ホッカイドウ","city":"函館市","city_kana":"ハコダテシ","town":"紅葉山町","town_kana":"モミジヤマチョウ","prefecture_code":1},"0932":{"zip_code":"0420932","prefecture":"北海道","prefecture_kana":"ホッカイドウ","city":"函館市","city_kana":"ハコダテシ","town":"湯川町","town_kana":"ユノカワチョウ","prefecture_code":1},"0933":{"zip_code":"0420933","prefecture":"北海道","prefecture_kana":"ホッカイドウ","city":"函館市","city_kana":"ハコダテシ","town":"湯浜町","town_kana":"ユノハマチョウ","prefecture_code":1}}