{"0332":{"zip_code":"0430332","prefecture":"北海道","prefecture_kana":"ホッカイドウ","city":"二海郡八雲町","city_kana":"フタミグンヤクモチョウ","town":"熊石相沼町","town_kana":"クマイシアイヌマチョウ","prefecture_code":1},"0402":{"zip_code":"0430402","prefecture":"北海道","prefecture_kana":"ホッカイドウ","city":"二海郡八雲町","city_kana":"フタミグンヤクモチョウ","town":"熊石鮎川町","town_kana":"クマイシアユカワチョウ","prefecture_code":1},"0416":{"zip_code":"0430416","prefecture":"北海道","prefecture_kana":"ホッカイドウ","city":"二海郡八雲町","city_kana":"フタミグンヤクモチョウ","town":"熊石雲石町","town_kana":"クマイシウンセキチョウ","prefecture_code":1},"0405":{"zip_code":"0430405","prefecture":"北海道","prefecture_kana":"ホッカイドウ","city":"二海郡八雲町","city_kana":"フタミグンヤクモチョウ","town":"熊石大谷町","town_kana":"クマイシオオタニチョウ","prefecture_code":1},"0331":{"zip_code":"0430331","prefecture":"北海道","prefecture_kana":"ホッカイドウ","city":"二海郡八雲町","city_kana":"フタミグンヤクモチョウ","town":"熊石折戸町","town_kana":"クマイシオリトチョウ","prefecture_code":1},"0335":{"zip_code":"0430335","prefecture":"北海道","prefecture_kana":"ホッカイドウ","city":"二海郡八雲町","city_kana":"フタミグンヤクモチョウ","town":"熊石黒岩町","town_kana":"クマイシクロイワチョウ","prefecture_code":1},"0401":{"zip_code":"0430401","prefecture":"北海道","prefecture_kana":"ホッカイドウ","city":"二海郡八雲町","city_kana":"フタミグンヤクモチョウ","town":"熊石見日町","town_kana":"クマイシケンニチチョウ","prefecture_code":1},"0418":{"zip_code":"0430418","prefecture":"北海道","prefecture_kana":"ホッカイドウ","city":"二海郡八雲町","city_kana":"フタミグンヤクモチョウ","town":"熊石関内町","town_kana":"クマイシセキナイチョウ","prefecture_code":1},"0403":{"zip_code":"0430403","prefecture":"北海道","prefecture_kana":"ホッカイドウ","city":"二海郡八雲町","city_kana":"フタミグンヤクモチョウ","town":"熊石平町","town_kana":"クマイシタイラチョウ","prefecture_code":1},"0404":{"zip_code":"0430404","prefecture":"北海道","prefecture_kana":"ホッカイドウ","city":"二海郡八雲町","city_kana":"フタミグンヤクモチョウ","town":"熊石畳岩町","town_kana":"クマイシタタミイワチョウ","prefecture_code":1},"0333":{"zip_code":"0430333","prefecture":"北海道","prefecture_kana":"ホッカイドウ","city":"二海郡八雲町","city_kana":"フタミグンヤクモチョウ","town":"熊石館平町","town_kana":"クマイシタテヒラチョウ","prefecture_code":1},"0334":{"zip_code":"0430334","prefecture":"北海道","prefecture_kana":"ホッカイドウ","city":"二海郡八雲町","city_kana":"フタミグンヤクモチョウ","town":"熊石泊川町","town_kana":"クマイシトマリカワチョウ","prefecture_code":1},"0417":{"zip_code":"0430417","prefecture":"北海道","prefecture_kana":"ホッカイドウ","city":"二海郡八雲町","city_kana":"フタミグンヤクモチョウ","town":"熊石鳴神町","town_kana":"クマイシナルガミチョウ","prefecture_code":1},"0419":{"zip_code":"0430419","prefecture":"北海道","prefecture_kana":"ホッカイドウ","city":"二海郡八雲町","city_kana":"フタミグンヤクモチョウ","town":"熊石西浜町","town_kana":"クマイシニシハマチョウ","prefecture_code":1},"0415":{"zip_code":"0430415","prefecture":"北海道","prefecture_kana":"ホッカイドウ","city":"二海郡八雲町","city_kana":"フタミグンヤクモチョウ","town":"熊石根崎町","town_kana":"クマイシネザキチョウ","prefecture_code":1},"0000":{"zip_code":"0430000","prefecture":"北海道","prefecture_kana":"ホッカイドウ","city":"檜山郡江差町","city_kana":"ヒヤマグンエサシチョウ","town":"","town_kana":"","prefecture_code":1},"0013":{"zip_code":"0430013","prefecture":"北海道","prefecture_kana":"ホッカイドウ","city":"檜山郡江差町","city_kana":"ヒヤマグンエサシチョウ","town":"朝日町","town_kana":"アサヒチョウ","prefecture_code":1},"0031":{"zip_code":"0430031","prefecture":"北海道","prefecture_kana":"ホッカイドウ","city":"檜山郡江差町","city_kana":"ヒヤマグンエサシチョウ","town":"愛宕町","town_kana":"アタゴチョウ","prefecture_code":1},"0042":{"zip_code":"0430042","prefecture":"北海道","prefecture_kana":"ホッカイドウ","city":"檜山郡江差町","city_kana":"ヒヤマグンエサシチョウ","town":"上野町","town_kana":"ウエノチョウ","prefecture_code":1},"0012":{"zip_code":"0430012","prefecture":"北海道","prefecture_kana":"ホッカイドウ","city":"檜山郡江差町","city_kana":"ヒヤマグンエサシチョウ","town":"鰔川町","town_kana":"ウグイカワチョウ","prefecture_code":1},"0041":{"zip_code":"0430041","prefecture":"北海道","prefecture_kana":"ホッカイドウ","city":"檜山郡江差町","city_kana":"ヒヤマグンエサシチョウ","town":"姥神町","town_kana":"ウバガミチョウ","prefecture_code":1},"0046":{"zip_code":"0430046","prefecture":"北海道","prefecture_kana":"ホッカイドウ","city":"檜山郡江差町","city_kana":"ヒヤマグンエサシチョウ","town":"江差港北埠頭","town_kana":"エサシコウキタフトウ","prefecture_code":1},"0016":{"zip_code":"0430016","prefecture":"北海道","prefecture_kana":"ホッカイドウ","city":"檜山郡江差町","city_kana":"ヒヤマグンエサシチョウ","town":"越前町","town_kana":"エチゼンマチ","prefecture_code":1},"0026":{"zip_code":"0430026","prefecture":"北海道","prefecture_kana":"ホッカイドウ","city":"檜山郡江差町","city_kana":"ヒヤマグンエサシチョウ","town":"大澗町","town_kana":"オオマチョウ","prefecture_code":1},"0014":{"zip_code":"0430014","prefecture":"北海道","prefecture_kana":"ホッカイドウ","city":"檜山郡江差町","city_kana":"ヒヤマグンエサシチョウ","town":"小黒部町","town_kana":"オグロッペチョウ","prefecture_code":1},"0024":{"zip_code":"0430024","prefecture":"北海道","prefecture_kana":"ホッカイドウ","city":"檜山郡江差町","city_kana":"ヒヤマグンエサシチョウ","town":"尾山町","town_kana":"オヤマチョウ","prefecture_code":1},"0057":{"zip_code":"0430057","prefecture":"北海道","prefecture_kana":"ホッカイドウ","city":"檜山郡江差町","city_kana":"ヒヤマグンエサシチョウ","town":"海岸町","town_kana":"カイガンチョウ","prefecture_code":1},"0064":{"zip_code":"0430064","prefecture":"北海道","prefecture_kana":"ホッカイドウ","city":"檜山郡江差町","city_kana":"ヒヤマグンエサシチョウ","town":"柏町","town_kana":"カシワチョウ","prefecture_code":1},"0045":{"zip_code":"0430045","prefecture":"北海道","prefecture_kana":"ホッカイドウ","city":"檜山郡江差町","city_kana":"ヒヤマグンエサシチョウ","town":"鴎島","town_kana":"カモメジマ","prefecture_code":1},"0011":{"zip_code":"0430011","prefecture":"北海道","prefecture_kana":"ホッカイドウ","city":"檜山郡江差町","city_kana":"ヒヤマグンエサシチョウ","town":"五厘沢町","town_kana":"ゴリンザワチョウ","prefecture_code":1},"0032":{"zip_code":"0430032","prefecture":"北海道","prefecture_kana":"ホッカイドウ","city":"檜山郡江差町","city_kana":"ヒヤマグンエサシチョウ","town":"新栄町","town_kana":"シンエイチョウ","prefecture_code":1},"0053":{"zip_code":"0430053","prefecture":"北海道","prefecture_kana":"ホッカイドウ","city":"檜山郡江差町","city_kana":"ヒヤマグンエサシチョウ","town":"新地町","town_kana":"シンチチョウ","prefecture_code":1},"0056":{"zip_code":"0430056","prefecture":"北海道","prefecture_kana":"ホッカイドウ","city":"檜山郡江差町","city_kana":"ヒヤマグンエサシチョウ","town":"陣屋町","town_kana":"ジンヤチョウ","prefecture_code":1},"0065":{"zip_code":"0430065","prefecture":"北海道","prefecture_kana":"ホッカイドウ","city":"檜山郡江差町","city_kana":"ヒヤマグンエサシチョウ","town":"砂川","town_kana":"スナガワ","prefecture_code":1},"0023":{"zip_code":"0430023","prefecture":"北海道","prefecture_kana":"ホッカイドウ","city":"檜山郡江差町","city_kana":"ヒヤマグンエサシチョウ","town":"田沢町","town_kana":"タザワチョウ","prefecture_code":1},"0051":{"zip_code":"0430051","prefecture":"北海道","prefecture_kana":"ホッカイドウ","city":"檜山郡江差町","city_kana":"ヒヤマグンエサシチョウ","town":"津花町","town_kana":"ツバナチョウ","prefecture_code":1},"0066":{"zip_code":"0430066","prefecture":"北海道","prefecture_kana":"ホッカイドウ","city":"檜山郡江差町","city_kana":"ヒヤマグンエサシチョウ","town":"とど川町","town_kana":"トドガワチョウ","prefecture_code":1},"0025":{"zip_code":"0430025","prefecture":"北海道","prefecture_kana":"ホッカイドウ","city":"檜山郡江差町","city_kana":"ヒヤマグンエサシチョウ","town":"泊町","town_kana":"トマリチョウ","prefecture_code":1},"0033":{"zip_code":"0430033","prefecture":"北海道","prefecture_kana":"ホッカイドウ","city":"檜山郡江差町","city_kana":"ヒヤマグンエサシチョウ","town":"豊川町","town_kana":"トヨカワチョウ","prefecture_code":1},"0015":{"zip_code":"0430015","prefecture":"北海道","prefecture_kana":"ホッカイドウ","city":"檜山郡江差町","city_kana":"ヒヤマグンエサシチョウ","town":"中網町","town_kana":"ナカアミチョウ","prefecture_code":1},"0034":{"zip_code":"0430034","prefecture":"北海道","prefecture_kana":"ホッカイドウ","city":"檜山郡江差町","city_kana":"ヒヤマグンエサシチョウ","town":"中歌町","town_kana":"ナカウタチョウ","prefecture_code":1},"0062":{"zip_code":"0430062","prefecture":"北海道","prefecture_kana":"ホッカイドウ","city":"檜山郡江差町","city_kana":"ヒヤマグンエサシチョウ","town":"萩の岱","town_kana":"ハギノタイ","prefecture_code":1},"0044":{"zip_code":"0430044","prefecture":"北海道","prefecture_kana":"ホッカイドウ","city":"檜山郡江差町","city_kana":"ヒヤマグンエサシチョウ","town":"橋本町","town_kana":"ハシモトチョウ","prefecture_code":1},"0036":{"zip_code":"0430036","prefecture":"北海道","prefecture_kana":"ホッカイドウ","city":"檜山郡江差町","city_kana":"ヒヤマグンエサシチョウ","town":"東山","town_kana":"ヒガシヤマ","prefecture_code":1},"0035":{"zip_code":"0430035","prefecture":"北海道","prefecture_kana":"ホッカイドウ","city":"檜山郡江差町","city_kana":"ヒヤマグンエサシチョウ","town":"桧岱","town_kana":"ヒノキタイ","prefecture_code":1},"0022":{"zip_code":"0430022","prefecture":"北海道","prefecture_kana":"ホッカイドウ","city":"檜山郡江差町","city_kana":"ヒヤマグンエサシチョウ","town":"伏木戸町","town_kana":"フシキドチョウ","prefecture_code":1},"0043":{"zip_code":"0430043","prefecture":"北海道","prefecture_kana":"ホッカイドウ","city":"檜山郡江差町","city_kana":"ヒヤマグンエサシチョウ","town":"本町","town_kana":"ホンチョウ","prefecture_code":1},"0055":{"zip_code":"0430055","prefecture":"北海道","prefecture_kana":"ホッカイドウ","city":"檜山郡江差町","city_kana":"ヒヤマグンエサシチョウ","town":"円山","town_kana":"マルヤマ","prefecture_code":1},"0017":{"zip_code":"0430017","prefecture":"北海道","prefecture_kana":"ホッカイドウ","city":"檜山郡江差町","city_kana":"ヒヤマグンエサシチョウ","town":"水堀町","town_kana":"ミズホリチョウ","prefecture_code":1},"0054":{"zip_code":"0430054","prefecture":"北海道","prefecture_kana":"ホッカイドウ","city":"檜山郡江差町","city_kana":"ヒヤマグンエサシチョウ","town":"緑丘","town_kana":"ミドリガオカ","prefecture_code":1},"0061":{"zip_code":"0430061","prefecture":"北海道","prefecture_kana":"ホッカイドウ","city":"檜山郡江差町","city_kana":"ヒヤマグンエサシチョウ","town":"南が丘","town_kana":"ミナミガオカ","prefecture_code":1},"0063":{"zip_code":"0430063","prefecture":"北海道","prefecture_kana":"ホッカイドウ","city":"檜山郡江差町","city_kana":"ヒヤマグンエサシチョウ","town":"南浜町","town_kana":"ミナミハマチョウ","prefecture_code":1},"0052":{"zip_code":"0430052","prefecture":"北海道","prefecture_kana":"ホッカイドウ","city":"檜山郡江差町","city_kana":"ヒヤマグンエサシチョウ","town":"茂尻町","town_kana":"モシリチョウ","prefecture_code":1},"0021":{"zip_code":"0430021","prefecture":"北海道","prefecture_kana":"ホッカイドウ","city":"檜山郡江差町","city_kana":"ヒヤマグンエサシチョウ","town":"柳崎町","town_kana":"ヤナギザキチョウ","prefecture_code":1},"1100":{"zip_code":"0431100","prefecture":"北海道","prefecture_kana":"ホッカイドウ","city":"檜山郡厚沢部町","city_kana":"ヒヤマグンアッサブチョウ","town":"","town_kana":"","prefecture_code":1},"1232":{"zip_code":"0431232","prefecture":"北海道","prefecture_kana":"ホッカイドウ","city":"檜山郡厚沢部町","city_kana":"ヒヤマグンアッサブチョウ","town":"相生","town_kana":"アイオイ","prefecture_code":1},"1111":{"zip_code":"0431111","prefecture":"北海道","prefecture_kana":"ホッカイドウ","city":"檜山郡厚沢部町","city_kana":"ヒヤマグンアッサブチョウ","town":"赤沼町","town_kana":"アカヌママチ","prefecture_code":1},"1233":{"zip_code":"0431233","prefecture":"北海道","prefecture_kana":"ホッカイドウ","city":"檜山郡厚沢部町","city_kana":"ヒヤマグンアッサブチョウ","town":"旭丘","town_kana":"アサヒオカ","prefecture_code":1},"1102":{"zip_code":"0431102","prefecture":"北海道","prefecture_kana":"ホッカイドウ","city":"檜山郡厚沢部町","city_kana":"ヒヤマグンアッサブチョウ","town":"稲見","town_kana":"イナミ","prefecture_code":1},"1238":{"zip_code":"0431238","prefecture":"北海道","prefecture_kana":"ホッカイドウ","city":"檜山郡厚沢部町","city_kana":"ヒヤマグンアッサブチョウ","town":"鶉","town_kana":"ウズラ","prefecture_code":1},"1237":{"zip_code":"0431237","prefecture":"北海道","prefecture_kana":"ホッカイドウ","city":"檜山郡厚沢部町","city_kana":"ヒヤマグンアッサブチョウ","town":"鶉町","town_kana":"ウズラマチ","prefecture_code":1},"1104":{"zip_code":"0431104","prefecture":"北海道","prefecture_kana":"ホッカイドウ","city":"檜山郡厚沢部町","city_kana":"ヒヤマグンアッサブチョウ","town":"上里","town_kana":"カミサト","prefecture_code":1},"1116":{"zip_code":"0431116","prefecture":"北海道","prefecture_kana":"ホッカイドウ","city":"檜山郡厚沢部町","city_kana":"ヒヤマグンアッサブチョウ","town":"上の山","town_kana":"カミノヤマ","prefecture_code":1},"1234":{"zip_code":"0431234","prefecture":"北海道","prefecture_kana":"ホッカイドウ","city":"檜山郡厚沢部町","city_kana":"ヒヤマグンアッサブチョウ","town":"木間内","town_kana":"キマナイ","prefecture_code":1},"1231":{"zip_code":"0431231","prefecture":"北海道","prefecture_kana":"ホッカイドウ","city":"檜山郡厚沢部町","city_kana":"ヒヤマグンアッサブチョウ","town":"共和","town_kana":"キョウワ","prefecture_code":1},"1101":{"zip_code":"0431101","prefecture":"北海道","prefecture_kana":"ホッカイドウ","city":"檜山郡厚沢部町","city_kana":"ヒヤマグンアッサブチョウ","town":"清水","town_kana":"シミズ","prefecture_code":1},"1361":{"zip_code":"0431361","prefecture":"北海道","prefecture_kana":"ホッカイドウ","city":"檜山郡厚沢部町","city_kana":"ヒヤマグンアッサブチョウ","town":"社の山中の沢","town_kana":"シャノヤマナカノサワ","prefecture_code":1},"1236":{"zip_code":"0431236","prefecture":"北海道","prefecture_kana":"ホッカイドウ","city":"檜山郡厚沢部町","city_kana":"ヒヤマグンアッサブチョウ","town":"社の山","town_kana":"シャノヤマ","prefecture_code":1},"1364":{"zip_code":"0431364","prefecture":"北海道","prefecture_kana":"ホッカイドウ","city":"檜山郡厚沢部町","city_kana":"ヒヤマグンアッサブチョウ","town":"城丘","town_kana":"シロオカ","prefecture_code":1},"1367":{"zip_code":"0431367","prefecture":"北海道","prefecture_kana":"ホッカイドウ","city":"檜山郡厚沢部町","city_kana":"ヒヤマグンアッサブチョウ","town":"新栄","town_kana":"シンエイ","prefecture_code":1},"1113":{"zip_code":"0431113","prefecture":"北海道","prefecture_kana":"ホッカイドウ","city":"檜山郡厚沢部町","city_kana":"ヒヤマグンアッサブチョウ","town":"新町","town_kana":"シンマチ","prefecture_code":1},"1362":{"zip_code":"0431362","prefecture":"北海道","prefecture_kana":"ホッカイドウ","city":"檜山郡厚沢部町","city_kana":"ヒヤマグンアッサブチョウ","town":"須賀","town_kana":"スガ","prefecture_code":1},"1103":{"zip_code":"0431103","prefecture":"北海道","prefecture_kana":"ホッカイドウ","city":"檜山郡厚沢部町","city_kana":"ヒヤマグンアッサブチョウ","town":"滝野","town_kana":"タキノ","prefecture_code":1},"1351":{"zip_code":"0431351","prefecture":"北海道","prefecture_kana":"ホッカイドウ","city":"檜山郡厚沢部町","city_kana":"ヒヤマグンアッサブチョウ","town":"館町","town_kana":"タテマチ","prefecture_code":1},"1235":{"zip_code":"0431235","prefecture":"北海道","prefecture_kana":"ホッカイドウ","city":"檜山郡厚沢部町","city_kana":"ヒヤマグンアッサブチョウ","town":"峠下","town_kana":"トウゲシタ","prefecture_code":1},"1366":{"zip_code":"0431366","prefecture":"北海道","prefecture_kana":"ホッカイドウ","city":"檜山郡厚沢部町","city_kana":"ヒヤマグンアッサブチョウ","town":"当路","town_kana":"トウロ","prefecture_code":1},"1118":{"zip_code":"0431118","prefecture":"北海道","prefecture_kana":"ホッカイドウ","city":"檜山郡厚沢部町","city_kana":"ヒヤマグンアッサブチョウ","town":"富栄","town_kana":"トミエイ","prefecture_code":1},"1363":{"zip_code":"0431363","prefecture":"北海道","prefecture_kana":"ホッカイドウ","city":"檜山郡厚沢部町","city_kana":"ヒヤマグンアッサブチョウ","town":"富里","town_kana":"トミサト","prefecture_code":1},"1368":{"zip_code":"0431368","prefecture":"北海道","prefecture_kana":"ホッカイドウ","city":"檜山郡厚沢部町","city_kana":"ヒヤマグンアッサブチョウ","town":"中館","town_kana":"ナカタテ","prefecture_code":1},"1114":{"zip_code":"0431114","prefecture":"北海道","prefecture_kana":"ホッカイドウ","city":"檜山郡厚沢部町","city_kana":"ヒヤマグンアッサブチョウ","town":"本町","town_kana":"ホンチョウ","prefecture_code":1},"1115":{"zip_code":"0431115","prefecture":"北海道","prefecture_kana":"ホッカイドウ","city":"檜山郡厚沢部町","city_kana":"ヒヤマグンアッサブチョウ","town":"松園町","town_kana":"マツゾノマチ","prefecture_code":1},"1112":{"zip_code":"0431112","prefecture":"北海道","prefecture_kana":"ホッカイドウ","city":"檜山郡厚沢部町","city_kana":"ヒヤマグンアッサブチョウ","town":"緑町","town_kana":"ミドリマチ","prefecture_code":1},"1365":{"zip_code":"0431365","prefecture":"北海道","prefecture_kana":"ホッカイドウ","city":"檜山郡厚沢部町","city_kana":"ヒヤマグンアッサブチョウ","town":"南館町","town_kana":"ミナミタテマチ","prefecture_code":1},"1117":{"zip_code":"0431117","prefecture":"北海道","prefecture_kana":"ホッカイドウ","city":"檜山郡厚沢部町","city_kana":"ヒヤマグンアッサブチョウ","town":"美和","town_kana":"ミワ","prefecture_code":1},"0100":{"zip_code":"0430100","prefecture":"北海道","prefecture_kana":"ホッカイドウ","city":"爾志郡乙部町","city_kana":"ニシグンオトベチョウ","town":"","town_kana":"","prefecture_code":1},"0116":{"zip_code":"0430116","prefecture":"北海道","prefecture_kana":"ホッカイドウ","city":"爾志郡乙部町","city_kana":"ニシグンオトベチョウ","town":"旭岱","town_kana":"アサヒタイ","prefecture_code":1},"0114":{"zip_code":"0430114","prefecture":"北海道","prefecture_kana":"ホッカイドウ","city":"爾志郡乙部町","city_kana":"ニシグンオトベチョウ","town":"元和","town_kana":"ゲンナ","prefecture_code":1},"0112":{"zip_code":"0430112","prefecture":"北海道","prefecture_kana":"ホッカイドウ","city":"爾志郡乙部町","city_kana":"ニシグンオトベチョウ","town":"栄野","town_kana":"サカエノ","prefecture_code":1},"0113":{"zip_code":"0430113","prefecture":"北海道","prefecture_kana":"ホッカイドウ","city":"爾志郡乙部町","city_kana":"ニシグンオトベチョウ","town":"栄浜","town_kana":"サカエハマ","prefecture_code":1},"0233":{"zip_code":"0430233","prefecture":"北海道","prefecture_kana":"ホッカイドウ","city":"爾志郡乙部町","city_kana":"ニシグンオトベチョウ","town":"潮見","town_kana":"シオミ","prefecture_code":1},"0101":{"zip_code":"0430101","prefecture":"北海道","prefecture_kana":"ホッカイドウ","city":"爾志郡乙部町","city_kana":"ニシグンオトベチョウ","town":"滝瀬","town_kana":"タキセ","prefecture_code":1},"0104":{"zip_code":"0430104","prefecture":"北海道","prefecture_kana":"ホッカイドウ","city":"爾志郡乙部町","city_kana":"ニシグンオトベチョウ","town":"館浦","town_kana":"タテウラ","prefecture_code":1},"0115":{"zip_code":"0430115","prefecture":"北海道","prefecture_kana":"ホッカイドウ","city":"爾志郡乙部町","city_kana":"ニシグンオトベチョウ","town":"富岡","town_kana":"トミオカ","prefecture_code":1},"0231":{"zip_code":"0430231","prefecture":"北海道","prefecture_kana":"ホッカイドウ","city":"爾志郡乙部町","city_kana":"ニシグンオトベチョウ","town":"豊浜","town_kana":"トヨハマ","prefecture_code":1},"0111":{"zip_code":"0430111","prefecture":"北海道","prefecture_kana":"ホッカイドウ","city":"爾志郡乙部町","city_kana":"ニシグンオトベチョウ","town":"鳥山","town_kana":"トリヤマ","prefecture_code":1},"0232":{"zip_code":"0430232","prefecture":"北海道","prefecture_kana":"ホッカイドウ","city":"爾志郡乙部町","city_kana":"ニシグンオトベチョウ","town":"花磯","town_kana":"ハナイソ","prefecture_code":1},"0117":{"zip_code":"0430117","prefecture":"北海道","prefecture_kana":"ホッカイドウ","city":"爾志郡乙部町","city_kana":"ニシグンオトベチョウ","town":"姫川","town_kana":"ヒメカワ","prefecture_code":1},"0234":{"zip_code":"0430234","prefecture":"北海道","prefecture_kana":"ホッカイドウ","city":"爾志郡乙部町","city_kana":"ニシグンオトベチョウ","town":"三ツ谷","town_kana":"ミツヤ","prefecture_code":1},"0103":{"zip_code":"0430103","prefecture":"北海道","prefecture_kana":"ホッカイドウ","city":"爾志郡乙部町","city_kana":"ニシグンオトベチョウ","town":"緑町","town_kana":"ミドリマチ","prefecture_code":1},"0102":{"zip_code":"0430102","prefecture":"北海道","prefecture_kana":"ホッカイドウ","city":"爾志郡乙部町","city_kana":"ニシグンオトベチョウ","town":"元町","town_kana":"モトマチ","prefecture_code":1},"1400":{"zip_code":"0431400","prefecture":"北海道","prefecture_kana":"ホッカイドウ","city":"奥尻郡奥尻町","city_kana":"オクシリグンオクシリチョウ","town":"","town_kana":"","prefecture_code":1},"1521":{"zip_code":"0431521","prefecture":"北海道","prefecture_kana":"ホッカイドウ","city":"奥尻郡奥尻町","city_kana":"オクシリグンオクシリチョウ","town":"青苗","town_kana":"アオナエ","prefecture_code":1},"1402":{"zip_code":"0431402","prefecture":"北海道","prefecture_kana":"ホッカイドウ","city":"奥尻郡奥尻町","city_kana":"オクシリグンオクシリチョウ","town":"赤石","town_kana":"アカイシ","prefecture_code":1},"1405":{"zip_code":"0431405","prefecture":"北海道","prefecture_kana":"ホッカイドウ","city":"奥尻郡奥尻町","city_kana":"オクシリグンオクシリチョウ","town":"稲穂","town_kana":"イナホ","prefecture_code":1},"1401":{"zip_code":"0431401","prefecture":"北海道","prefecture_kana":"ホッカイドウ","city":"奥尻郡奥尻町","city_kana":"オクシリグンオクシリチョウ","town":"奥尻","town_kana":"オクシリ","prefecture_code":1},"1403":{"zip_code":"0431403","prefecture":"北海道","prefecture_kana":"ホッカイドウ","city":"奥尻郡奥尻町","city_kana":"オクシリグンオクシリチョウ","town":"球浦","town_kana":"タマウラ","prefecture_code":1},"1522":{"zip_code":"0431522","prefecture":"北海道","prefecture_kana":"ホッカイドウ","city":"奥尻郡奥尻町","city_kana":"オクシリグンオクシリチョウ","town":"富里","town_kana":"トミサト","prefecture_code":1},"1523":{"zip_code":"0431523","prefecture":"北海道","prefecture_kana":"ホッカイドウ","city":"奥尻郡奥尻町","city_kana":"オクシリグンオクシリチョウ","town":"松江","town_kana":"マツエ","prefecture_code":1},"1404":{"zip_code":"0431404","prefecture":"北海道","prefecture_kana":"ホッカイドウ","city":"奥尻郡奥尻町","city_kana":"オクシリグンオクシリチョウ","town":"宮津","town_kana":"ミヤツ","prefecture_code":1},"1525":[{"zip_code":"0431525","prefecture":"北海道","prefecture_kana":"ホッカイドウ","city":"奥尻郡奥尻町","city_kana":"オクシリグンオクシリチョウ","town":"湯浜神威脇","town_kana":"ユノハマカムイワキ","prefecture_code":1},{"zip_code":"0431525","prefecture":"北海道","prefecture_kana":"ホッカイドウ","city":"奥尻郡奥尻町","city_kana":"オクシリグンオクシリチョウ","town":"湯浜幌内","town_kana":"ユノハマホロナイ","prefecture_code":1}],"1406":{"zip_code":"0431406","prefecture":"北海道","prefecture_kana":"ホッカイドウ","city":"奥尻郡奥尻町","city_kana":"オクシリグンオクシリチョウ","town":"湯浜","town_kana":"ユノハマ","prefecture_code":1},"1524":{"zip_code":"0431524","prefecture":"北海道","prefecture_kana":"ホッカイドウ","city":"奥尻郡奥尻町","city_kana":"オクシリグンオクシリチョウ","town":"米岡","town_kana":"ヨネオカ","prefecture_code":1},"0501":{"zip_code":"0430501","prefecture":"北海道","prefecture_kana":"ホッカイドウ","city":"久遠郡せたな町","city_kana":"クドウグンセタナチョウ","town":"大成区太田","town_kana":"タイセイクオオタ","prefecture_code":1},"0515":{"zip_code":"0430515","prefecture":"北海道","prefecture_kana":"ホッカイドウ","city":"久遠郡せたな町","city_kana":"クドウグンセタナチョウ","town":"大成区貝取澗","town_kana":"タイセイクカイトリマ","prefecture_code":1},"0503":{"zip_code":"0430503","prefecture":"北海道","prefecture_kana":"ホッカイドウ","city":"久遠郡せたな町","city_kana":"クドウグンセタナチョウ","town":"大成区上浦","town_kana":"タイセイクカミウラ","prefecture_code":1},"0511":{"zip_code":"0430511","prefecture":"北海道","prefecture_kana":"ホッカイドウ","city":"久遠郡せたな町","city_kana":"クドウグンセタナチョウ","town":"大成区久遠","town_kana":"タイセイククドオ","prefecture_code":1},"0502":{"zip_code":"0430502","prefecture":"北海道","prefecture_kana":"ホッカイドウ","city":"久遠郡せたな町","city_kana":"クドウグンセタナチョウ","town":"大成区富磯","town_kana":"タイセイクトミイソ","prefecture_code":1},"0421":{"zip_code":"0430421","prefecture":"北海道","prefecture_kana":"ホッカイドウ","city":"久遠郡せたな町","city_kana":"クドウグンセタナチョウ","town":"大成区長磯","town_kana":"タイセイクナガイソ","prefecture_code":1},"0512":{"zip_code":"0430512","prefecture":"北海道","prefecture_kana":"ホッカイドウ","city":"久遠郡せたな町","city_kana":"クドウグンセタナチョウ","town":"大成区花歌","town_kana":"タイセイクハナウタ","prefecture_code":1},"0514":{"zip_code":"0430514","prefecture":"北海道","prefecture_kana":"ホッカイドウ","city":"久遠郡せたな町","city_kana":"クドウグンセタナチョウ","town":"大成区平浜","town_kana":"タイセイクヒラハマ","prefecture_code":1},"0505":{"zip_code":"0430505","prefecture":"北海道","prefecture_kana":"ホッカイドウ","city":"久遠郡せたな町","city_kana":"クドウグンセタナチョウ","town":"大成区本陣","town_kana":"タイセイクホンジン","prefecture_code":1},"0504":{"zip_code":"0430504","prefecture":"北海道","prefecture_kana":"ホッカイドウ","city":"久遠郡せたな町","city_kana":"クドウグンセタナチョウ","town":"大成区都","town_kana":"タイセイクミヤコ","prefecture_code":1},"0513":{"zip_code":"0430513","prefecture":"北海道","prefecture_kana":"ホッカイドウ","city":"久遠郡せたな町","city_kana":"クドウグンセタナチョウ","town":"大成区宮野","town_kana":"タイセイクミヤノ","prefecture_code":1}}