{"2561":{"zip_code":"0482561","prefecture":"北海道","prefecture_kana":"ホッカイドウ","city":"小樽市","city_kana":"オタルシ","town":"忍路","town_kana":"オショロ","prefecture_code":1},"2671":{"zip_code":"0482671","prefecture":"北海道","prefecture_kana":"ホッカイドウ","city":"小樽市","city_kana":"オタルシ","town":"オタモイ","town_kana":"オタモイ","prefecture_code":1},"2672":{"zip_code":"0482672","prefecture":"北海道","prefecture_kana":"ホッカイドウ","city":"小樽市","city_kana":"オタルシ","town":"塩谷","town_kana":"シオヤ","prefecture_code":1},"2673":{"zip_code":"0482673","prefecture":"北海道","prefecture_kana":"ホッカイドウ","city":"小樽市","city_kana":"オタルシ","town":"桃内","town_kana":"モモナイ","prefecture_code":1},"2562":{"zip_code":"0482562","prefecture":"北海道","prefecture_kana":"ホッカイドウ","city":"小樽市","city_kana":"オタルシ","town":"蘭島","town_kana":"ランシマ","prefecture_code":1},"0600":{"zip_code":"0480600","prefecture":"北海道","prefecture_kana":"ホッカイドウ","city":"島牧郡島牧村","city_kana":"シママキグンシママキムラ","town":"","town_kana":"","prefecture_code":1},"0602":{"zip_code":"0480602","prefecture":"北海道","prefecture_kana":"ホッカイドウ","city":"島牧郡島牧村","city_kana":"シママキグンシママキムラ","town":"歌島","town_kana":"ウタシマ","prefecture_code":1},"0623":{"zip_code":"0480623","prefecture":"北海道","prefecture_kana":"ホッカイドウ","city":"島牧郡島牧村","city_kana":"シママキグンシママキムラ","town":"江の島","town_kana":"エノシマ","prefecture_code":1},"0613":{"zip_code":"0480613","prefecture":"北海道","prefecture_kana":"ホッカイドウ","city":"島牧郡島牧村","city_kana":"シママキグンシママキムラ","town":"大平","town_kana":"オオビラ","prefecture_code":1},"0611":{"zip_code":"0480611","prefecture":"北海道","prefecture_kana":"ホッカイドウ","city":"島牧郡島牧村","city_kana":"シママキグンシママキムラ","town":"栄磯","town_kana":"サカエイソ","prefecture_code":1},"0634":{"zip_code":"0480634","prefecture":"北海道","prefecture_kana":"ホッカイドウ","city":"島牧郡島牧村","city_kana":"シママキグンシママキムラ","town":"栄浜","town_kana":"サカエハマ","prefecture_code":1},"0631":{"zip_code":"0480631","prefecture":"北海道","prefecture_kana":"ホッカイドウ","city":"島牧郡島牧村","city_kana":"シママキグンシママキムラ","town":"千走","town_kana":"チワセ","prefecture_code":1},"0621":{"zip_code":"0480621","prefecture":"北海道","prefecture_kana":"ホッカイドウ","city":"島牧郡島牧村","city_kana":"シママキグンシママキムラ","town":"泊","town_kana":"トマリ","prefecture_code":1},"0601":{"zip_code":"0480601","prefecture":"北海道","prefecture_kana":"ホッカイドウ","city":"島牧郡島牧村","city_kana":"シママキグンシママキムラ","town":"富浦","town_kana":"トミウラ","prefecture_code":1},"0612":{"zip_code":"0480612","prefecture":"北海道","prefecture_kana":"ホッカイドウ","city":"島牧郡島牧村","city_kana":"シママキグンシママキムラ","town":"豊浜","town_kana":"トヨハマ","prefecture_code":1},"0622":{"zip_code":"0480622","prefecture":"北海道","prefecture_kana":"ホッカイドウ","city":"島牧郡島牧村","city_kana":"シママキグンシママキムラ","town":"豊平","town_kana":"トヨヒラ","prefecture_code":1},"0614":{"zip_code":"0480614","prefecture":"北海道","prefecture_kana":"ホッカイドウ","city":"島牧郡島牧村","city_kana":"シママキグンシママキムラ","town":"永豊町","town_kana":"ナガトヨマチ","prefecture_code":1},"0633":{"zip_code":"0480633","prefecture":"北海道","prefecture_kana":"ホッカイドウ","city":"島牧郡島牧村","city_kana":"シママキグンシママキムラ","town":"原歌町","town_kana":"ハラウタマチ","prefecture_code":1},"0603":{"zip_code":"0480603","prefecture":"北海道","prefecture_kana":"ホッカイドウ","city":"島牧郡島牧村","city_kana":"シママキグンシママキムラ","town":"本目","town_kana":"ホンメ","prefecture_code":1},"0604":{"zip_code":"0480604","prefecture":"北海道","prefecture_kana":"ホッカイドウ","city":"島牧郡島牧村","city_kana":"シママキグンシママキムラ","town":"港","town_kana":"ミナト","prefecture_code":1},"0632":{"zip_code":"0480632","prefecture":"北海道","prefecture_kana":"ホッカイドウ","city":"島牧郡島牧村","city_kana":"シママキグンシママキムラ","town":"元町","town_kana":"モトマチ","prefecture_code":1},"0400":{"zip_code":"0480400","prefecture":"北海道","prefecture_kana":"ホッカイドウ","city":"寿都郡寿都町","city_kana":"スッツグンスッツチョウ","town":"","town_kana":"","prefecture_code":1},"0351":{"zip_code":"0480351","prefecture":"北海道","prefecture_kana":"ホッカイドウ","city":"寿都郡寿都町","city_kana":"スッツグンスッツチョウ","town":"磯谷町","town_kana":"イソヤチョウ","prefecture_code":1},"0412":{"zip_code":"0480412","prefecture":"北海道","prefecture_kana":"ホッカイドウ","city":"寿都郡寿都町","city_kana":"スッツグンスッツチョウ","town":"岩崎町","town_kana":"イワサキチョウ","prefecture_code":1},"0415":{"zip_code":"0480415","prefecture":"北海道","prefecture_kana":"ホッカイドウ","city":"寿都郡寿都町","city_kana":"スッツグンスッツチョウ","town":"歌棄町","town_kana":"ウタスツチョウ","prefecture_code":1},"0404":{"zip_code":"0480404","prefecture":"北海道","prefecture_kana":"ホッカイドウ","city":"寿都郡寿都町","city_kana":"スッツグンスッツチョウ","town":"大磯町","town_kana":"オオイソチョウ","prefecture_code":1},"0405":{"zip_code":"0480405","prefecture":"北海道","prefecture_kana":"ホッカイドウ","city":"寿都郡寿都町","city_kana":"スッツグンスッツチョウ","town":"開進町","town_kana":"カイシンチョウ","prefecture_code":1},"0401":{"zip_code":"0480401","prefecture":"北海道","prefecture_kana":"ホッカイドウ","city":"寿都郡寿都町","city_kana":"スッツグンスッツチョウ","town":"新栄町","town_kana":"シンエイチョウ","prefecture_code":1},"0413":{"zip_code":"0480413","prefecture":"北海道","prefecture_kana":"ホッカイドウ","city":"寿都郡寿都町","city_kana":"スッツグンスッツチョウ","town":"樽岸町","town_kana":"タルキシチョウ","prefecture_code":1},"0406":{"zip_code":"0480406","prefecture":"北海道","prefecture_kana":"ホッカイドウ","city":"寿都郡寿都町","city_kana":"スッツグンスッツチョウ","town":"渡島町","town_kana":"トシマチョウ","prefecture_code":1},"0403":{"zip_code":"0480403","prefecture":"北海道","prefecture_kana":"ホッカイドウ","city":"寿都郡寿都町","city_kana":"スッツグンスッツチョウ","town":"政泊町","town_kana":"マサドマリチョウ","prefecture_code":1},"0402":{"zip_code":"0480402","prefecture":"北海道","prefecture_kana":"ホッカイドウ","city":"寿都郡寿都町","city_kana":"スッツグンスッツチョウ","town":"矢追町","town_kana":"ヤオイチョウ","prefecture_code":1},"0414":{"zip_code":"0480414","prefecture":"北海道","prefecture_kana":"ホッカイドウ","city":"寿都郡寿都町","city_kana":"スッツグンスッツチョウ","town":"湯別町","town_kana":"ユベツチョウ","prefecture_code":1},"0411":{"zip_code":"0480411","prefecture":"北海道","prefecture_kana":"ホッカイドウ","city":"寿都郡寿都町","city_kana":"スッツグンスッツチョウ","town":"六条町","town_kana":"ロクジョウチョウ","prefecture_code":1},"0100":{"zip_code":"0480100","prefecture":"北海道","prefecture_kana":"ホッカイドウ","city":"寿都郡黒松内町","city_kana":"スッツグンクロマツナイチョウ","town":"","town_kana":"","prefecture_code":1},"0136":{"zip_code":"0480136","prefecture":"北海道","prefecture_kana":"ホッカイドウ","city":"寿都郡黒松内町","city_kana":"スッツグンクロマツナイチョウ","town":"赤井川","town_kana":"アカイカワ","prefecture_code":1},"0116":{"zip_code":"0480116","prefecture":"北海道","prefecture_kana":"ホッカイドウ","city":"寿都郡黒松内町","city_kana":"スッツグンクロマツナイチョウ","town":"旭野","town_kana":"アサヒノ","prefecture_code":1},"0124":{"zip_code":"0480124","prefecture":"北海道","prefecture_kana":"ホッカイドウ","city":"寿都郡黒松内町","city_kana":"スッツグンクロマツナイチョウ","town":"五十嵐","town_kana":"イガラシ","prefecture_code":1},"0114":{"zip_code":"0480114","prefecture":"北海道","prefecture_kana":"ホッカイドウ","city":"寿都郡黒松内町","city_kana":"スッツグンクロマツナイチョウ","town":"歌才","town_kana":"ウタサイ","prefecture_code":1},"0133":{"zip_code":"0480133","prefecture":"北海道","prefecture_kana":"ホッカイドウ","city":"寿都郡黒松内町","city_kana":"スッツグンクロマツナイチョウ","town":"大谷地","town_kana":"オオヤチ","prefecture_code":1},"0112":{"zip_code":"0480112","prefecture":"北海道","prefecture_kana":"ホッカイドウ","city":"寿都郡黒松内町","city_kana":"スッツグンクロマツナイチョウ","town":"貝殻","town_kana":"カイカラ","prefecture_code":1},"0135":{"zip_code":"0480135","prefecture":"北海道","prefecture_kana":"ホッカイドウ","city":"寿都郡黒松内町","city_kana":"スッツグンクロマツナイチョウ","town":"角十","town_kana":"カクジュウ","prefecture_code":1},"0145":{"zip_code":"0480145","prefecture":"北海道","prefecture_kana":"ホッカイドウ","city":"寿都郡黒松内町","city_kana":"スッツグンクロマツナイチョウ","town":"上大成","town_kana":"カミタイセイ","prefecture_code":1},"0141":{"zip_code":"0480141","prefecture":"北海道","prefecture_kana":"ホッカイドウ","city":"寿都郡黒松内町","city_kana":"スッツグンクロマツナイチョウ","town":"上豊幌","town_kana":"カミトヨホロ","prefecture_code":1},"0126":{"zip_code":"0480126","prefecture":"北海道","prefecture_kana":"ホッカイドウ","city":"寿都郡黒松内町","city_kana":"スッツグンクロマツナイチョウ","town":"北作開","town_kana":"キタサッカイ","prefecture_code":1},"0101":{"zip_code":"0480101","prefecture":"北海道","prefecture_kana":"ホッカイドウ","city":"寿都郡黒松内町","city_kana":"スッツグンクロマツナイチョウ","town":"黒松内","town_kana":"クロマツナイ","prefecture_code":1},"0134":{"zip_code":"0480134","prefecture":"北海道","prefecture_kana":"ホッカイドウ","city":"寿都郡黒松内町","city_kana":"スッツグンクロマツナイチョウ","town":"白井川","town_kana":"シロイカワ","prefecture_code":1},"0122":{"zip_code":"0480122","prefecture":"北海道","prefecture_kana":"ホッカイドウ","city":"寿都郡黒松内町","city_kana":"スッツグンクロマツナイチョウ","town":"白炭","town_kana":"シロズミ","prefecture_code":1},"0117":{"zip_code":"0480117","prefecture":"北海道","prefecture_kana":"ホッカイドウ","city":"寿都郡黒松内町","city_kana":"スッツグンクロマツナイチョウ","town":"添別","town_kana":"ソイベツ","prefecture_code":1},"0143":{"zip_code":"0480143","prefecture":"北海道","prefecture_kana":"ホッカイドウ","city":"寿都郡黒松内町","city_kana":"スッツグンクロマツナイチョウ","town":"大成","town_kana":"タイセイ","prefecture_code":1},"0132":{"zip_code":"0480132","prefecture":"北海道","prefecture_kana":"ホッカイドウ","city":"寿都郡黒松内町","city_kana":"スッツグンクロマツナイチョウ","town":"チョポシナイ","town_kana":"チョポシナイ","prefecture_code":1},"0142":{"zip_code":"0480142","prefecture":"北海道","prefecture_kana":"ホッカイドウ","city":"寿都郡黒松内町","city_kana":"スッツグンクロマツナイチョウ","town":"東栄","town_kana":"トウエイ","prefecture_code":1},"0113":{"zip_code":"0480113","prefecture":"北海道","prefecture_kana":"ホッカイドウ","city":"寿都郡黒松内町","city_kana":"スッツグンクロマツナイチョウ","town":"豊幌","town_kana":"トヨホロ","prefecture_code":1},"0111":{"zip_code":"0480111","prefecture":"北海道","prefecture_kana":"ホッカイドウ","city":"寿都郡黒松内町","city_kana":"スッツグンクロマツナイチョウ","town":"中里","town_kana":"ナカサト","prefecture_code":1},"0123":{"zip_code":"0480123","prefecture":"北海道","prefecture_kana":"ホッカイドウ","city":"寿都郡黒松内町","city_kana":"スッツグンクロマツナイチョウ","town":"中ノ川","town_kana":"ナカノカワ","prefecture_code":1},"0131":{"zip_code":"0480131","prefecture":"北海道","prefecture_kana":"ホッカイドウ","city":"寿都郡黒松内町","city_kana":"スッツグンクロマツナイチョウ","town":"西熱郛原野","town_kana":"ニシネップゲンヤ","prefecture_code":1},"0115":{"zip_code":"0480115","prefecture":"北海道","prefecture_kana":"ホッカイドウ","city":"寿都郡黒松内町","city_kana":"スッツグンクロマツナイチョウ","town":"西沢","town_kana":"ニシノサワ","prefecture_code":1},"0121":{"zip_code":"0480121","prefecture":"北海道","prefecture_kana":"ホッカイドウ","city":"寿都郡黒松内町","city_kana":"スッツグンクロマツナイチョウ","town":"熱郛","town_kana":"ネップ","prefecture_code":1},"0137":{"zip_code":"0480137","prefecture":"北海道","prefecture_kana":"ホッカイドウ","city":"寿都郡黒松内町","city_kana":"スッツグンクロマツナイチョウ","town":"婆沢","town_kana":"ババサワ","prefecture_code":1},"0144":{"zip_code":"0480144","prefecture":"北海道","prefecture_kana":"ホッカイドウ","city":"寿都郡黒松内町","city_kana":"スッツグンクロマツナイチョウ","town":"東川","town_kana":"ヒガシカワ","prefecture_code":1},"0127":{"zip_code":"0480127","prefecture":"北海道","prefecture_kana":"ホッカイドウ","city":"寿都郡黒松内町","city_kana":"スッツグンクロマツナイチョウ","town":"南作開","town_kana":"ミナミサッカイ","prefecture_code":1},"0125":{"zip_code":"0480125","prefecture":"北海道","prefecture_kana":"ホッカイドウ","city":"寿都郡黒松内町","city_kana":"スッツグンクロマツナイチョウ","town":"目名","town_kana":"メナ","prefecture_code":1},"1300":{"zip_code":"0481300","prefecture":"北海道","prefecture_kana":"ホッカイドウ","city":"磯谷郡蘭越町","city_kana":"イソヤグンランコシチョウ","town":"","town_kana":"","prefecture_code":1},"1251":{"zip_code":"0481251","prefecture":"北海道","prefecture_kana":"ホッカイドウ","city":"磯谷郡蘭越町","city_kana":"イソヤグンランコシチョウ","town":"相生","town_kana":"アイオイ","prefecture_code":1},"1265":{"zip_code":"0481265","prefecture":"北海道","prefecture_kana":"ホッカイドウ","city":"磯谷郡蘭越町","city_kana":"イソヤグンランコシチョウ","town":"鮎川","town_kana":"アユカワ","prefecture_code":1},"1305":{"zip_code":"0481305","prefecture":"北海道","prefecture_kana":"ホッカイドウ","city":"磯谷郡蘭越町","city_kana":"イソヤグンランコシチョウ","town":"大谷","town_kana":"オオタニ","prefecture_code":1},"1316":[{"zip_code":"0481316","prefecture":"北海道","prefecture_kana":"ホッカイドウ","city":"磯谷郡蘭越町","city_kana":"イソヤグンランコシチョウ","town":"大曲","town_kana":"オオマガリ","prefecture_code":1},{"zip_code":"0481316","prefecture":"北海道","prefecture_kana":"ホッカイドウ","city":"磯谷郡蘭越町","city_kana":"イソヤグンランコシチョウ","town":"初田","town_kana":"ハツタ","prefecture_code":1}],"1314":{"zip_code":"0481314","prefecture":"北海道","prefecture_kana":"ホッカイドウ","city":"磯谷郡蘭越町","city_kana":"イソヤグンランコシチョウ","town":"御成","town_kana":"オナリ","prefecture_code":1},"1262":{"zip_code":"0481262","prefecture":"北海道","prefecture_kana":"ホッカイドウ","city":"磯谷郡蘭越町","city_kana":"イソヤグンランコシチョウ","town":"貝川","town_kana":"カイカワ","prefecture_code":1},"1313":{"zip_code":"0481313","prefecture":"北海道","prefecture_kana":"ホッカイドウ","city":"磯谷郡蘭越町","city_kana":"イソヤグンランコシチョウ","town":"上里","town_kana":"カミサト","prefecture_code":1},"1254":{"zip_code":"0481254","prefecture":"北海道","prefecture_kana":"ホッカイドウ","city":"磯谷郡蘭越町","city_kana":"イソヤグンランコシチョウ","town":"上目名","town_kana":"カミメナ","prefecture_code":1},"1315":{"zip_code":"0481315","prefecture":"北海道","prefecture_kana":"ホッカイドウ","city":"磯谷郡蘭越町","city_kana":"イソヤグンランコシチョウ","town":"共栄","town_kana":"キョウエイ","prefecture_code":1},"1323":{"zip_code":"0481323","prefecture":"北海道","prefecture_kana":"ホッカイドウ","city":"磯谷郡蘭越町","city_kana":"イソヤグンランコシチョウ","town":"黄金","town_kana":"コガネ","prefecture_code":1},"1321":[{"zip_code":"0481321","prefecture":"北海道","prefecture_kana":"ホッカイドウ","city":"磯谷郡蘭越町","city_kana":"イソヤグンランコシチョウ","town":"昆布温泉","town_kana":"コンブオンセン","prefecture_code":1},{"zip_code":"0481321","prefecture":"北海道","prefecture_kana":"ホッカイドウ","city":"磯谷郡蘭越町","city_kana":"イソヤグンランコシチョウ","town":"湯里","town_kana":"ユノサト","prefecture_code":1}],"1302":{"zip_code":"0481302","prefecture":"北海道","prefecture_kana":"ホッカイドウ","city":"磯谷郡蘭越町","city_kana":"イソヤグンランコシチョウ","town":"昆布町","town_kana":"コンブマチ","prefecture_code":1},"1325":{"zip_code":"0481325","prefecture":"北海道","prefecture_kana":"ホッカイドウ","city":"磯谷郡蘭越町","city_kana":"イソヤグンランコシチョウ","town":"栄","town_kana":"サカエ","prefecture_code":1},"1252":{"zip_code":"0481252","prefecture":"北海道","prefecture_kana":"ホッカイドウ","city":"磯谷郡蘭越町","city_kana":"イソヤグンランコシチョウ","town":"讃岐","town_kana":"サヌキ","prefecture_code":1},"1264":{"zip_code":"0481264","prefecture":"北海道","prefecture_kana":"ホッカイドウ","city":"磯谷郡蘭越町","city_kana":"イソヤグンランコシチョウ","town":"清水","town_kana":"シミズ","prefecture_code":1},"1253":{"zip_code":"0481253","prefecture":"北海道","prefecture_kana":"ホッカイドウ","city":"磯谷郡蘭越町","city_kana":"イソヤグンランコシチョウ","town":"田下","town_kana":"タシモ","prefecture_code":1},"1303":{"zip_code":"0481303","prefecture":"北海道","prefecture_kana":"ホッカイドウ","city":"磯谷郡蘭越町","city_kana":"イソヤグンランコシチョウ","town":"立川","town_kana":"タチカワ","prefecture_code":1},"1326":{"zip_code":"0481326","prefecture":"北海道","prefecture_kana":"ホッカイドウ","city":"磯谷郡蘭越町","city_kana":"イソヤグンランコシチョウ","town":"富岡","town_kana":"トミオカ","prefecture_code":1},"1324":{"zip_code":"0481324","prefecture":"北海道","prefecture_kana":"ホッカイドウ","city":"磯谷郡蘭越町","city_kana":"イソヤグンランコシチョウ","town":"豊国","town_kana":"トヨクニ","prefecture_code":1},"1307":[{"zip_code":"0481307","prefecture":"北海道","prefecture_kana":"ホッカイドウ","city":"磯谷郡蘭越町","city_kana":"イソヤグンランコシチョウ","town":"トンカラ","town_kana":"トンカラ","prefecture_code":1},{"zip_code":"0481307","prefecture":"北海道","prefecture_kana":"ホッカイドウ","city":"磯谷郡蘭越町","city_kana":"イソヤグンランコシチョウ","town":"名駒町","town_kana":"ナコママチ","prefecture_code":1}],"1327":{"zip_code":"0481327","prefecture":"北海道","prefecture_kana":"ホッカイドウ","city":"磯谷郡蘭越町","city_kana":"イソヤグンランコシチョウ","town":"新見","town_kana":"ニイミ","prefecture_code":1},"1322":{"zip_code":"0481322","prefecture":"北海道","prefecture_kana":"ホッカイドウ","city":"磯谷郡蘭越町","city_kana":"イソヤグンランコシチョウ","town":"日出","town_kana":"ヒノデ","prefecture_code":1},"1312":[{"zip_code":"0481312","prefecture":"北海道","prefecture_kana":"ホッカイドウ","city":"磯谷郡蘭越町","city_kana":"イソヤグンランコシチョウ","town":"冷水","town_kana":"ヒヤミズ","prefecture_code":1},{"zip_code":"0481312","prefecture":"北海道","prefecture_kana":"ホッカイドウ","city":"磯谷郡蘭越町","city_kana":"イソヤグンランコシチョウ","town":"三和","town_kana":"ミツワ","prefecture_code":1}],"1263":{"zip_code":"0481263","prefecture":"北海道","prefecture_kana":"ホッカイドウ","city":"磯谷郡蘭越町","city_kana":"イソヤグンランコシチョウ","town":"三笠","town_kana":"ミカサ","prefecture_code":1},"1304":{"zip_code":"0481304","prefecture":"北海道","prefecture_kana":"ホッカイドウ","city":"磯谷郡蘭越町","city_kana":"イソヤグンランコシチョウ","town":"水上","town_kana":"ミズカミ","prefecture_code":1},"1341":{"zip_code":"0481341","prefecture":"北海道","prefecture_kana":"ホッカイドウ","city":"磯谷郡蘭越町","city_kana":"イソヤグンランコシチョウ","town":"港町","town_kana":"ミナトマチ","prefecture_code":1},"1261":{"zip_code":"0481261","prefecture":"北海道","prefecture_kana":"ホッカイドウ","city":"磯谷郡蘭越町","city_kana":"イソヤグンランコシチョウ","town":"目名町","town_kana":"メナマチ","prefecture_code":1},"1311":{"zip_code":"0481311","prefecture":"北海道","prefecture_kana":"ホッカイドウ","city":"磯谷郡蘭越町","city_kana":"イソヤグンランコシチョウ","town":"吉国","town_kana":"ヨシクニ","prefecture_code":1},"1306":{"zip_code":"0481306","prefecture":"北海道","prefecture_kana":"ホッカイドウ","city":"磯谷郡蘭越町","city_kana":"イソヤグンランコシチョウ","town":"淀川","town_kana":"ヨドガワ","prefecture_code":1},"1301":{"zip_code":"0481301","prefecture":"北海道","prefecture_kana":"ホッカイドウ","city":"磯谷郡蘭越町","city_kana":"イソヤグンランコシチョウ","town":"蘭越町","town_kana":"ランコシマチ","prefecture_code":1},"1500":{"zip_code":"0481500","prefecture":"北海道","prefecture_kana":"ホッカイドウ","city":"虻田郡ニセコ町","city_kana":"アブタグンニセコチョウ","town":"","town_kana":"","prefecture_code":1},"1531":{"zip_code":"0481531","prefecture":"北海道","prefecture_kana":"ホッカイドウ","city":"虻田郡ニセコ町","city_kana":"アブタグンニセコチョウ","town":"有島","town_kana":"アリシマ","prefecture_code":1},"1562":{"zip_code":"0481562","prefecture":"北海道","prefecture_kana":"ホッカイドウ","city":"虻田郡ニセコ町","city_kana":"アブタグンニセコチョウ","town":"桂台","town_kana":"カツラダイ","prefecture_code":1},"1553":{"zip_code":"0481553","prefecture":"北海道","prefecture_kana":"ホッカイドウ","city":"虻田郡ニセコ町","city_kana":"アブタグンニセコチョウ","town":"黒川","town_kana":"クロカワ","prefecture_code":1},"1542":{"zip_code":"0481542","prefecture":"北海道","prefecture_kana":"ホッカイドウ","city":"虻田郡ニセコ町","city_kana":"アブタグンニセコチョウ","town":"近藤","town_kana":"コンドウ","prefecture_code":1},"1551":{"zip_code":"0481551","prefecture":"北海道","prefecture_kana":"ホッカイドウ","city":"虻田郡ニセコ町","city_kana":"アブタグンニセコチョウ","town":"里見","town_kana":"サトミ","prefecture_code":1},"1522":{"zip_code":"0481522","prefecture":"北海道","prefecture_kana":"ホッカイドウ","city":"虻田郡ニセコ町","city_kana":"アブタグンニセコチョウ","town":"曽我","town_kana":"ソガ","prefecture_code":1},"1512":{"zip_code":"0481512","prefecture":"北海道","prefecture_kana":"ホッカイドウ","city":"虻田郡ニセコ町","city_kana":"アブタグンニセコチョウ","town":"中央通","town_kana":"チュウオウドオリ","prefecture_code":1},"1554":{"zip_code":"0481554","prefecture":"北海道","prefecture_kana":"ホッカイドウ","city":"虻田郡ニセコ町","city_kana":"アブタグンニセコチョウ","town":"富川","town_kana":"トミカワ","prefecture_code":1},"1543":{"zip_code":"0481543","prefecture":"北海道","prefecture_kana":"ホッカイドウ","city":"虻田郡ニセコ町","city_kana":"アブタグンニセコチョウ","town":"豊里","town_kana":"トヨサト","prefecture_code":1},"1563":{"zip_code":"0481563","prefecture":"北海道","prefecture_kana":"ホッカイドウ","city":"虻田郡ニセコ町","city_kana":"アブタグンニセコチョウ","town":"西富","town_kana":"ニシトミ","prefecture_code":1},"1511":{"zip_code":"0481511","prefecture":"北海道","prefecture_kana":"ホッカイドウ","city":"虻田郡ニセコ町","city_kana":"アブタグンニセコチョウ","town":"ニセコ","town_kana":"ニセコ","prefecture_code":1},"1521":{"zip_code":"0481521","prefecture":"北海道","prefecture_kana":"ホッカイドウ","city":"虻田郡ニセコ町","city_kana":"アブタグンニセコチョウ","town":"東山","town_kana":"ヒガシヤマ","prefecture_code":1},"1561":{"zip_code":"0481561","prefecture":"北海道","prefecture_kana":"ホッカイドウ","city":"虻田郡ニセコ町","city_kana":"アブタグンニセコチョウ","town":"福井","town_kana":"フクイ","prefecture_code":1},"1501":{"zip_code":"0481501","prefecture":"北海道","prefecture_kana":"ホッカイドウ","city":"虻田郡ニセコ町","city_kana":"アブタグンニセコチョウ","town":"富士見","town_kana":"フジミ","prefecture_code":1},"1502":{"zip_code":"0481502","prefecture":"北海道","prefecture_kana":"ホッカイドウ","city":"虻田郡ニセコ町","city_kana":"アブタグンニセコチョウ","town":"本通","town_kana":"ホンドオリ","prefecture_code":1},"1552":{"zip_code":"0481552","prefecture":"北海道","prefecture_kana":"ホッカイドウ","city":"虻田郡ニセコ町","city_kana":"アブタグンニセコチョウ","town":"宮田","town_kana":"ミヤタ","prefecture_code":1},"1544":{"zip_code":"0481544","prefecture":"北海道","prefecture_kana":"ホッカイドウ","city":"虻田郡ニセコ町","city_kana":"アブタグンニセコチョウ","town":"元町","town_kana":"モトマチ","prefecture_code":1},"1541":{"zip_code":"0481541","prefecture":"北海道","prefecture_kana":"ホッカイドウ","city":"虻田郡ニセコ町","city_kana":"アブタグンニセコチョウ","town":"羊蹄","town_kana":"ヨウテイ","prefecture_code":1},"1600":{"zip_code":"0481600","prefecture":"北海道","prefecture_kana":"ホッカイドウ","city":"虻田郡真狩村","city_kana":"アブタグンマッカリムラ","town":"","town_kana":"","prefecture_code":1},"1602":{"zip_code":"0481602","prefecture":"北海道","prefecture_kana":"ホッカイドウ","city":"虻田郡真狩村","city_kana":"アブタグンマッカリムラ","town":"泉","town_kana":"イズミ","prefecture_code":1},"1622":{"zip_code":"0481622","prefecture":"北海道","prefecture_kana":"ホッカイドウ","city":"虻田郡真狩村","city_kana":"アブタグンマッカリムラ","town":"加野","town_kana":"カノ","prefecture_code":1},"1624":{"zip_code":"0481624","prefecture":"北海道","prefecture_kana":"ホッカイドウ","city":"虻田郡真狩村","city_kana":"アブタグンマッカリムラ","town":"神里","town_kana":"カミサト","prefecture_code":1},"1623":{"zip_code":"0481623","prefecture":"北海道","prefecture_kana":"ホッカイドウ","city":"虻田郡真狩村","city_kana":"アブタグンマッカリムラ","town":"川崎","town_kana":"カワサキ","prefecture_code":1},"1603":{"zip_code":"0481603","prefecture":"北海道","prefecture_kana":"ホッカイドウ","city":"虻田郡真狩村","city_kana":"アブタグンマッカリムラ","town":"共明","town_kana":"キョウメイ","prefecture_code":1},"1614":{"zip_code":"0481614","prefecture":"北海道","prefecture_kana":"ホッカイドウ","city":"虻田郡真狩村","city_kana":"アブタグンマッカリムラ","town":"桜川","town_kana":"サクラガワ","prefecture_code":1},"1604":{"zip_code":"0481604","prefecture":"北海道","prefecture_kana":"ホッカイドウ","city":"虻田郡真狩村","city_kana":"アブタグンマッカリムラ","town":"富里","town_kana":"トミサト","prefecture_code":1},"1621":{"zip_code":"0481621","prefecture":"北海道","prefecture_kana":"ホッカイドウ","city":"虻田郡真狩村","city_kana":"アブタグンマッカリムラ","town":"豊川","town_kana":"トヨカワ","prefecture_code":1},"1613":{"zip_code":"0481613","prefecture":"北海道","prefecture_kana":"ホッカイドウ","city":"虻田郡真狩村","city_kana":"アブタグンマッカリムラ","town":"南部","town_kana":"ナンブ","prefecture_code":1},"1611":{"zip_code":"0481611","prefecture":"北海道","prefecture_kana":"ホッカイドウ","city":"虻田郡真狩村","city_kana":"アブタグンマッカリムラ","town":"光","town_kana":"ヒカリ","prefecture_code":1},"1631":{"zip_code":"0481631","prefecture":"北海道","prefecture_kana":"ホッカイドウ","city":"虻田郡真狩村","city_kana":"アブタグンマッカリムラ","town":"真狩","town_kana":"マッカリ","prefecture_code":1},"1615":{"zip_code":"0481615","prefecture":"北海道","prefecture_kana":"ホッカイドウ","city":"虻田郡真狩村","city_kana":"アブタグンマッカリムラ","town":"緑岡","town_kana":"ミドリオカ","prefecture_code":1},"1601":{"zip_code":"0481601","prefecture":"北海道","prefecture_kana":"ホッカイドウ","city":"虻田郡真狩村","city_kana":"アブタグンマッカリムラ","town":"美原","town_kana":"ミハラ","prefecture_code":1},"1612":{"zip_code":"0481612","prefecture":"北海道","prefecture_kana":"ホッカイドウ","city":"虻田郡真狩村","city_kana":"アブタグンマッカリムラ","town":"見晴","town_kana":"ミハラシ","prefecture_code":1},"1605":{"zip_code":"0481605","prefecture":"北海道","prefecture_kana":"ホッカイドウ","city":"虻田郡真狩村","city_kana":"アブタグンマッカリムラ","town":"社","town_kana":"ヤシロ","prefecture_code":1},"1700":{"zip_code":"0481700","prefecture":"北海道","prefecture_kana":"ホッカイドウ","city":"虻田郡留寿都村","city_kana":"アブタグンルスツムラ","town":"","town_kana":"","prefecture_code":1},"1752":{"zip_code":"0481752","prefecture":"北海道","prefecture_kana":"ホッカイドウ","city":"虻田郡留寿都村","city_kana":"アブタグンルスツムラ","town":"旭野","town_kana":"アサヒノ","prefecture_code":1},"1711":{"zip_code":"0481711","prefecture":"北海道","prefecture_kana":"ホッカイドウ","city":"虻田郡留寿都村","city_kana":"アブタグンルスツムラ","town":"泉川","town_kana":"イズミカワ","prefecture_code":1},"1722":{"zip_code":"0481722","prefecture":"北海道","prefecture_kana":"ホッカイドウ","city":"虻田郡留寿都村","city_kana":"アブタグンルスツムラ","town":"黒田","town_kana":"クロダ","prefecture_code":1},"1723":{"zip_code":"0481723","prefecture":"北海道","prefecture_kana":"ホッカイドウ","city":"虻田郡留寿都村","city_kana":"アブタグンルスツムラ","town":"三ノ原","town_kana":"サンノハラ","prefecture_code":1},"1712":{"zip_code":"0481712","prefecture":"北海道","prefecture_kana":"ホッカイドウ","city":"虻田郡留寿都村","city_kana":"アブタグンルスツムラ","town":"豊岡","town_kana":"トヨオカ","prefecture_code":1},"1741":{"zip_code":"0481741","prefecture":"北海道","prefecture_kana":"ホッカイドウ","city":"虻田郡留寿都村","city_kana":"アブタグンルスツムラ","town":"西ノ原","town_kana":"ニシノハラ","prefecture_code":1},"1751":{"zip_code":"0481751","prefecture":"北海道","prefecture_kana":"ホッカイドウ","city":"虻田郡留寿都村","city_kana":"アブタグンルスツムラ","town":"登","town_kana":"ノボリ","prefecture_code":1},"1724":{"zip_code":"0481724","prefecture":"北海道","prefecture_kana":"ホッカイドウ","city":"虻田郡留寿都村","city_kana":"アブタグンルスツムラ","town":"三豊","town_kana":"ミトヨ","prefecture_code":1},"1721":{"zip_code":"0481721","prefecture":"北海道","prefecture_kana":"ホッカイドウ","city":"虻田郡留寿都村","city_kana":"アブタグンルスツムラ","town":"向丘","town_kana":"ムカイオカ","prefecture_code":1},"1731":{"zip_code":"0481731","prefecture":"北海道","prefecture_kana":"ホッカイドウ","city":"虻田郡留寿都村","city_kana":"アブタグンルスツムラ","town":"留寿都","town_kana":"ルスツ","prefecture_code":1},"2200":{"zip_code":"0482200","prefecture":"北海道","prefecture_kana":"ホッカイドウ","city":"岩内郡共和町","city_kana":"イワナイグンキョウワチョウ","town":"","town_kana":"","prefecture_code":1},"2143":{"zip_code":"0482143","prefecture":"北海道","prefecture_kana":"ホッカイドウ","city":"岩内郡共和町","city_kana":"イワナイグンキョウワチョウ","town":"国富","town_kana":"クニトミ","prefecture_code":1},"2142":{"zip_code":"0482142","prefecture":"北海道","prefecture_kana":"ホッカイドウ","city":"岩内郡共和町","city_kana":"イワナイグンキョウワチョウ","town":"小沢","town_kana":"コザワ","prefecture_code":1},"2201":{"zip_code":"0482201","prefecture":"北海道","prefecture_kana":"ホッカイドウ","city":"岩内郡共和町","city_kana":"イワナイグンキョウワチョウ","town":"前田","town_kana":"マエダ","prefecture_code":1},"2202":{"zip_code":"0482202","prefecture":"北海道","prefecture_kana":"ホッカイドウ","city":"岩内郡共和町","city_kana":"イワナイグンキョウワチョウ","town":"南幌似","town_kana":"ミナミホロニ","prefecture_code":1},"2141":{"zip_code":"0482141","prefecture":"北海道","prefecture_kana":"ホッカイドウ","city":"岩内郡共和町","city_kana":"イワナイグンキョウワチョウ","town":"ワイス","town_kana":"ワイス","prefecture_code":1},"2400":{"zip_code":"0482400","prefecture":"北海道","prefecture_kana":"ホッカイドウ","city":"余市郡仁木町","city_kana":"ヨイチグンニキチョウ","town":"","town_kana":"","prefecture_code":1},"2401":{"zip_code":"0482401","prefecture":"北海道","prefecture_kana":"ホッカイドウ","city":"余市郡仁木町","city_kana":"ヨイチグンニキチョウ","town":"旭台","town_kana":"アサヒダイ","prefecture_code":1},"2402":{"zip_code":"0482402","prefecture":"北海道","prefecture_kana":"ホッカイドウ","city":"余市郡仁木町","city_kana":"ヨイチグンニキチョウ","town":"大江","town_kana":"オオエ","prefecture_code":1},"2331":{"zip_code":"0482331","prefecture":"北海道","prefecture_kana":"ホッカイドウ","city":"余市郡仁木町","city_kana":"ヨイチグンニキチョウ","town":"大江","town_kana":"オオエ","prefecture_code":1},"2334":{"zip_code":"0482334","prefecture":"北海道","prefecture_kana":"ホッカイドウ","city":"余市郡仁木町","city_kana":"ヨイチグンニキチョウ","town":"尾根内","town_kana":"オネナイ","prefecture_code":1},"2405":{"zip_code":"0482405","prefecture":"北海道","prefecture_kana":"ホッカイドウ","city":"余市郡仁木町","city_kana":"ヨイチグンニキチョウ","town":"北町","town_kana":"キタマチ","prefecture_code":1},"2335":{"zip_code":"0482335","prefecture":"北海道","prefecture_kana":"ホッカイドウ","city":"余市郡仁木町","city_kana":"ヨイチグンニキチョウ","town":"銀山","town_kana":"ギンザン","prefecture_code":1},"2403":{"zip_code":"0482403","prefecture":"北海道","prefecture_kana":"ホッカイドウ","city":"余市郡仁木町","city_kana":"ヨイチグンニキチョウ","town":"然別","town_kana":"シカリベツ","prefecture_code":1},"2404":{"zip_code":"0482404","prefecture":"北海道","prefecture_kana":"ホッカイドウ","city":"余市郡仁木町","city_kana":"ヨイチグンニキチョウ","town":"砥の川","town_kana":"トノカワ","prefecture_code":1},"2332":{"zip_code":"0482332","prefecture":"北海道","prefecture_kana":"ホッカイドウ","city":"余市郡仁木町","city_kana":"ヨイチグンニキチョウ","town":"長沢西","town_kana":"ナガサワニシ","prefecture_code":1},"2333":{"zip_code":"0482333","prefecture":"北海道","prefecture_kana":"ホッカイドウ","city":"余市郡仁木町","city_kana":"ヨイチグンニキチョウ","town":"長沢南","town_kana":"ナガサワミナミ","prefecture_code":1},"2406":{"zip_code":"0482406","prefecture":"北海道","prefecture_kana":"ホッカイドウ","city":"余市郡仁木町","city_kana":"ヨイチグンニキチョウ","town":"西町","town_kana":"ニシマチ","prefecture_code":1},"2411":{"zip_code":"0482411","prefecture":"北海道","prefecture_kana":"ホッカイドウ","city":"余市郡仁木町","city_kana":"ヨイチグンニキチョウ","town":"東町","town_kana":"ヒガシマチ","prefecture_code":1},"2412":{"zip_code":"0482412","prefecture":"北海道","prefecture_kana":"ホッカイドウ","city":"余市郡仁木町","city_kana":"ヨイチグンニキチョウ","town":"東町緑ケ丘","town_kana":"ヒガシマチミドリガオカ","prefecture_code":1},"2413":{"zip_code":"0482413","prefecture":"北海道","prefecture_kana":"ホッカイドウ","city":"余市郡仁木町","city_kana":"ヨイチグンニキチョウ","town":"南町","town_kana":"ミナミマチ","prefecture_code":1}}