{"0100":{"zip_code":"0490100","prefecture":"北海道","prefecture_kana":"ホッカイドウ","city":"北斗市","city_kana":"ホクトシ","town":"","town_kana":"","prefecture_code":1},"0161":{"zip_code":"0490161","prefecture":"北海道","prefecture_kana":"ホッカイドウ","city":"北斗市","city_kana":"ホクトシ","town":"飯生","town_kana":"イナリ","prefecture_code":1},"0101":{"zip_code":"0490101","prefecture":"北海道","prefecture_kana":"ホッカイドウ","city":"北斗市","city_kana":"ホクトシ","town":"追分","town_kana":"オイワケ","prefecture_code":1},"0152":{"zip_code":"0490152","prefecture":"北海道","prefecture_kana":"ホッカイドウ","city":"北斗市","city_kana":"ホクトシ","town":"押上","town_kana":"オシアゲ","prefecture_code":1},"0136":{"zip_code":"0490136","prefecture":"北海道","prefecture_kana":"ホッカイドウ","city":"北斗市","city_kana":"ホクトシ","town":"峨朗","town_kana":"ガロウ","prefecture_code":1},"0157":{"zip_code":"0490157","prefecture":"北海道","prefecture_kana":"ホッカイドウ","city":"北斗市","city_kana":"ホクトシ","town":"清川","town_kana":"キヨカワ","prefecture_code":1},"0121":{"zip_code":"0490121","prefecture":"北海道","prefecture_kana":"ホッカイドウ","city":"北斗市","city_kana":"ホクトシ","town":"久根別","town_kana":"クネベツ","prefecture_code":1},"0143":{"zip_code":"0490143","prefecture":"北海道","prefecture_kana":"ホッカイドウ","city":"北斗市","city_kana":"ホクトシ","town":"公園通","town_kana":"コウエンドオリ","prefecture_code":1},"0151":{"zip_code":"0490151","prefecture":"北海道","prefecture_kana":"ホッカイドウ","city":"北斗市","city_kana":"ホクトシ","town":"桜岱","town_kana":"サクラタイ","prefecture_code":1},"0142":{"zip_code":"0490142","prefecture":"北海道","prefecture_kana":"ホッカイドウ","city":"北斗市","city_kana":"ホクトシ","town":"昭和","town_kana":"ショウワ","prefecture_code":1},"0154":{"zip_code":"0490154","prefecture":"北海道","prefecture_kana":"ホッカイドウ","city":"北斗市","city_kana":"ホクトシ","town":"添山","town_kana":"ソエヤマ","prefecture_code":1},"0153":{"zip_code":"0490153","prefecture":"北海道","prefecture_kana":"ホッカイドウ","city":"北斗市","city_kana":"ホクトシ","town":"大工川","town_kana":"ダイクガワ","prefecture_code":1},"0132":{"zip_code":"0490132","prefecture":"北海道","prefecture_kana":"ホッカイドウ","city":"北斗市","city_kana":"ホクトシ","town":"館野","town_kana":"ダテノ","prefecture_code":1},"0141":{"zip_code":"0490141","prefecture":"北海道","prefecture_kana":"ホッカイドウ","city":"北斗市","city_kana":"ホクトシ","town":"谷好","town_kana":"タニヨシ","prefecture_code":1},"0162":{"zip_code":"0490162","prefecture":"北海道","prefecture_kana":"ホッカイドウ","city":"北斗市","city_kana":"ホクトシ","town":"中央","town_kana":"チュウオウ","prefecture_code":1},"0282":{"zip_code":"0490282","prefecture":"北海道","prefecture_kana":"ホッカイドウ","city":"北斗市","city_kana":"ホクトシ","town":"当別","town_kana":"トウベツ","prefecture_code":1},"0171":{"zip_code":"0490171","prefecture":"北海道","prefecture_kana":"ホッカイドウ","city":"北斗市","city_kana":"ホクトシ","town":"常盤","town_kana":"トキワ","prefecture_code":1},"0131":{"zip_code":"0490131","prefecture":"北海道","prefecture_kana":"ホッカイドウ","city":"北斗市","city_kana":"ホクトシ","town":"富川","town_kana":"トミガワ","prefecture_code":1},"0155":{"zip_code":"0490155","prefecture":"北海道","prefecture_kana":"ホッカイドウ","city":"北斗市","city_kana":"ホクトシ","town":"中野","town_kana":"ナカノ","prefecture_code":1},"0156":{"zip_code":"0490156","prefecture":"北海道","prefecture_kana":"ホッカイドウ","city":"北斗市","city_kana":"ホクトシ","town":"中野通","town_kana":"ナカノドオリ","prefecture_code":1},"0111":{"zip_code":"0490111","prefecture":"北海道","prefecture_kana":"ホッカイドウ","city":"北斗市","city_kana":"ホクトシ","town":"七重浜","town_kana":"ナナエハマ","prefecture_code":1},"0158":{"zip_code":"0490158","prefecture":"北海道","prefecture_kana":"ホッカイドウ","city":"北斗市","city_kana":"ホクトシ","town":"野崎","town_kana":"ノザキ","prefecture_code":1},"0122":{"zip_code":"0490122","prefecture":"北海道","prefecture_kana":"ホッカイドウ","city":"北斗市","city_kana":"ホクトシ","town":"東浜","town_kana":"ヒガシハマ","prefecture_code":1},"0135":{"zip_code":"0490135","prefecture":"北海道","prefecture_kana":"ホッカイドウ","city":"北斗市","city_kana":"ホクトシ","town":"水無","town_kana":"ミズナシ","prefecture_code":1},"0283":{"zip_code":"0490283","prefecture":"北海道","prefecture_kana":"ホッカイドウ","city":"北斗市","city_kana":"ホクトシ","town":"三ツ石","town_kana":"ミツイシ","prefecture_code":1},"0134":{"zip_code":"0490134","prefecture":"北海道","prefecture_kana":"ホッカイドウ","city":"北斗市","city_kana":"ホクトシ","town":"三好","town_kana":"ミヨシ","prefecture_code":1},"0281":{"zip_code":"0490281","prefecture":"北海道","prefecture_kana":"ホッカイドウ","city":"北斗市","city_kana":"ホクトシ","town":"茂辺地","town_kana":"モヘジ","prefecture_code":1},"0285":{"zip_code":"0490285","prefecture":"北海道","prefecture_kana":"ホッカイドウ","city":"北斗市","city_kana":"ホクトシ","town":"茂辺地市ノ渡","town_kana":"モヘジイチノワタリ","prefecture_code":1},"0133":{"zip_code":"0490133","prefecture":"北海道","prefecture_kana":"ホッカイドウ","city":"北斗市","city_kana":"ホクトシ","town":"柳沢","town_kana":"ヤナギサワ","prefecture_code":1},"0286":{"zip_code":"0490286","prefecture":"北海道","prefecture_kana":"ホッカイドウ","city":"北斗市","city_kana":"ホクトシ","town":"矢不来","town_kana":"ヤフライ","prefecture_code":1},"0284":{"zip_code":"0490284","prefecture":"北海道","prefecture_kana":"ホッカイドウ","city":"北斗市","city_kana":"ホクトシ","town":"湯ノ沢","town_kana":"ユノサワ","prefecture_code":1},"1500":{"zip_code":"0491500","prefecture":"北海道","prefecture_kana":"ホッカイドウ","city":"松前郡松前町","city_kana":"マツマエグンマツマエチョウ","town":"","town_kana":"","prefecture_code":1},"1643":{"zip_code":"0491643","prefecture":"北海道","prefecture_kana":"ホッカイドウ","city":"松前郡松前町","city_kana":"マツマエグンマツマエチョウ","town":"赤神","town_kana":"アカガミ","prefecture_code":1},"1517":{"zip_code":"0491517","prefecture":"北海道","prefecture_kana":"ホッカイドウ","city":"松前郡松前町","city_kana":"マツマエグンマツマエチョウ","town":"朝日","town_kana":"アサヒ","prefecture_code":1},"1504":{"zip_code":"0491504","prefecture":"北海道","prefecture_kana":"ホッカイドウ","city":"松前郡松前町","city_kana":"マツマエグンマツマエチョウ","town":"愛宕","town_kana":"アタゴ","prefecture_code":1},"1523":{"zip_code":"0491523","prefecture":"北海道","prefecture_kana":"ホッカイドウ","city":"松前郡松前町","city_kana":"マツマエグンマツマエチョウ","town":"荒谷","town_kana":"アラヤ","prefecture_code":1},"1771":{"zip_code":"0491771","prefecture":"北海道","prefecture_kana":"ホッカイドウ","city":"松前郡松前町","city_kana":"マツマエグンマツマエチョウ","town":"江良","town_kana":"エラ","prefecture_code":1},"1503":{"zip_code":"0491503","prefecture":"北海道","prefecture_kana":"ホッカイドウ","city":"松前郡松前町","city_kana":"マツマエグンマツマエチョウ","town":"大磯","town_kana":"オオイソ","prefecture_code":1},"1522":{"zip_code":"0491522","prefecture":"北海道","prefecture_kana":"ホッカイドウ","city":"松前郡松前町","city_kana":"マツマエグンマツマエチョウ","town":"大沢","town_kana":"オオサワ","prefecture_code":1},"1781":{"zip_code":"0491781","prefecture":"北海道","prefecture_kana":"ホッカイドウ","city":"松前郡松前町","city_kana":"マツマエグンマツマエチョウ","town":"大津","town_kana":"オオツ","prefecture_code":1},"1521":{"zip_code":"0491521","prefecture":"北海道","prefecture_kana":"ホッカイドウ","city":"松前郡松前町","city_kana":"マツマエグンマツマエチョウ","town":"上川","town_kana":"カミカワ","prefecture_code":1},"1761":{"zip_code":"0491761","prefecture":"北海道","prefecture_kana":"ホッカイドウ","city":"松前郡松前町","city_kana":"マツマエグンマツマエチョウ","town":"神山","town_kana":"カミヤマ","prefecture_code":1},"1506":{"zip_code":"0491506","prefecture":"北海道","prefecture_kana":"ホッカイドウ","city":"松前郡松前町","city_kana":"マツマエグンマツマエチョウ","town":"唐津","town_kana":"カラツ","prefecture_code":1},"1783":{"zip_code":"0491783","prefecture":"北海道","prefecture_kana":"ホッカイドウ","city":"松前郡松前町","city_kana":"マツマエグンマツマエチョウ","town":"清部","town_kana":"キヨベ","prefecture_code":1},"1784":{"zip_code":"0491784","prefecture":"北海道","prefecture_kana":"ホッカイドウ","city":"松前郡松前町","city_kana":"マツマエグンマツマエチョウ","town":"小浜","town_kana":"コハマ","prefecture_code":1},"1642":{"zip_code":"0491642","prefecture":"北海道","prefecture_kana":"ホッカイドウ","city":"松前郡松前町","city_kana":"マツマエグンマツマエチョウ","town":"札前","town_kana":"サツマエ","prefecture_code":1},"1644":{"zip_code":"0491644","prefecture":"北海道","prefecture_kana":"ホッカイドウ","city":"松前郡松前町","city_kana":"マツマエグンマツマエチョウ","town":"静浦","town_kana":"シズウラ","prefecture_code":1},"1524":{"zip_code":"0491524","prefecture":"北海道","prefecture_kana":"ホッカイドウ","city":"松前郡松前町","city_kana":"マツマエグンマツマエチョウ","town":"白神","town_kana":"シラカミ","prefecture_code":1},"1763":{"zip_code":"0491763","prefecture":"北海道","prefecture_kana":"ホッカイドウ","city":"松前郡松前町","city_kana":"マツマエグンマツマエチョウ","town":"白坂","town_kana":"シラサカ","prefecture_code":1},"1513":{"zip_code":"0491513","prefecture":"北海道","prefecture_kana":"ホッカイドウ","city":"松前郡松前町","city_kana":"マツマエグンマツマエチョウ","town":"神明","town_kana":"シンメイ","prefecture_code":1},"1782":{"zip_code":"0491782","prefecture":"北海道","prefecture_kana":"ホッカイドウ","city":"松前郡松前町","city_kana":"マツマエグンマツマエチョウ","town":"高野","town_kana":"タカノ","prefecture_code":1},"1501":{"zip_code":"0491501","prefecture":"北海道","prefecture_kana":"ホッカイドウ","city":"松前郡松前町","city_kana":"マツマエグンマツマエチョウ","town":"建石","town_kana":"タテイシ","prefecture_code":1},"1641":{"zip_code":"0491641","prefecture":"北海道","prefecture_kana":"ホッカイドウ","city":"松前郡松前町","city_kana":"マツマエグンマツマエチョウ","town":"館浜","town_kana":"タテハマ","prefecture_code":1},"1515":{"zip_code":"0491515","prefecture":"北海道","prefecture_kana":"ホッカイドウ","city":"松前郡松前町","city_kana":"マツマエグンマツマエチョウ","town":"月島","town_kana":"ツキシマ","prefecture_code":1},"1514":{"zip_code":"0491514","prefecture":"北海道","prefecture_kana":"ホッカイドウ","city":"松前郡松前町","city_kana":"マツマエグンマツマエチョウ","town":"豊岡","town_kana":"トヨオカ","prefecture_code":1},"1507":{"zip_code":"0491507","prefecture":"北海道","prefecture_kana":"ホッカイドウ","city":"松前郡松前町","city_kana":"マツマエグンマツマエチョウ","town":"西館","town_kana":"ニシダテ","prefecture_code":1},"1505":{"zip_code":"0491505","prefecture":"北海道","prefecture_kana":"ホッカイドウ","city":"松前郡松前町","city_kana":"マツマエグンマツマエチョウ","town":"博多","town_kana":"ハカタ","prefecture_code":1},"1762":{"zip_code":"0491762","prefecture":"北海道","prefecture_kana":"ホッカイドウ","city":"松前郡松前町","city_kana":"マツマエグンマツマエチョウ","town":"原口","town_kana":"ハラグチ","prefecture_code":1},"1516":{"zip_code":"0491516","prefecture":"北海道","prefecture_kana":"ホッカイドウ","city":"松前郡松前町","city_kana":"マツマエグンマツマエチョウ","town":"東山","town_kana":"ヒガシヤマ","prefecture_code":1},"1512":{"zip_code":"0491512","prefecture":"北海道","prefecture_kana":"ホッカイドウ","city":"松前郡松前町","city_kana":"マツマエグンマツマエチョウ","town":"福山","town_kana":"フクヤマ","prefecture_code":1},"1764":{"zip_code":"0491764","prefecture":"北海道","prefecture_kana":"ホッカイドウ","city":"松前郡松前町","city_kana":"マツマエグンマツマエチョウ","town":"二越","town_kana":"フタゴエ","prefecture_code":1},"1502":{"zip_code":"0491502","prefecture":"北海道","prefecture_kana":"ホッカイドウ","city":"松前郡松前町","city_kana":"マツマエグンマツマエチョウ","town":"弁天","town_kana":"ベンテン","prefecture_code":1},"1511":{"zip_code":"0491511","prefecture":"北海道","prefecture_kana":"ホッカイドウ","city":"松前郡松前町","city_kana":"マツマエグンマツマエチョウ","town":"松城","town_kana":"マツシロ","prefecture_code":1},"1645":{"zip_code":"0491645","prefecture":"北海道","prefecture_kana":"ホッカイドウ","city":"松前郡松前町","city_kana":"マツマエグンマツマエチョウ","town":"茂草","town_kana":"モグサ","prefecture_code":1},"1300":{"zip_code":"0491300","prefecture":"北海道","prefecture_kana":"ホッカイドウ","city":"松前郡福島町","city_kana":"マツマエグンフクシマチョウ","town":"","town_kana":"","prefecture_code":1},"1325":{"zip_code":"0491325","prefecture":"北海道","prefecture_kana":"ホッカイドウ","city":"松前郡福島町","city_kana":"マツマエグンフクシマチョウ","town":"岩部","town_kana":"イワベ","prefecture_code":1},"1312":[{"zip_code":"0491312","prefecture":"北海道","prefecture_kana":"ホッカイドウ","city":"松前郡福島町","city_kana":"マツマエグンフクシマチョウ","town":"上町","town_kana":"ウエマチ","prefecture_code":1},{"zip_code":"0491312","prefecture":"北海道","prefecture_kana":"ホッカイドウ","city":"松前郡福島町","city_kana":"マツマエグンフクシマチョウ","town":"川原町","town_kana":"カワラマチ","prefecture_code":1},{"zip_code":"0491312","prefecture":"北海道","prefecture_kana":"ホッカイドウ","city":"松前郡福島町","city_kana":"マツマエグンフクシマチョウ","town":"館古","town_kana":"タテコ","prefecture_code":1},{"zip_code":"0491312","prefecture":"北海道","prefecture_kana":"ホッカイドウ","city":"松前郡福島町","city_kana":"マツマエグンフクシマチョウ","town":"福島","town_kana":"フクシマ","prefecture_code":1},{"zip_code":"0491312","prefecture":"北海道","prefecture_kana":"ホッカイドウ","city":"松前郡福島町","city_kana":"マツマエグンフクシマチョウ","town":"本町","town_kana":"ホンチョウ","prefecture_code":1},{"zip_code":"0491312","prefecture":"北海道","prefecture_kana":"ホッカイドウ","city":"松前郡福島町","city_kana":"マツマエグンフクシマチョウ","town":"吉田町","town_kana":"ヨシダマチ","prefecture_code":1}],"1323":{"zip_code":"0491323","prefecture":"北海道","prefecture_kana":"ホッカイドウ","city":"松前郡福島町","city_kana":"マツマエグンフクシマチョウ","town":"浦和","town_kana":"ウラワ","prefecture_code":1},"1322":{"zip_code":"0491322","prefecture":"北海道","prefecture_kana":"ホッカイドウ","city":"松前郡福島町","city_kana":"マツマエグンフクシマチョウ","town":"塩釜","town_kana":"シオガマ","prefecture_code":1},"1301":{"zip_code":"0491301","prefecture":"北海道","prefecture_kana":"ホッカイドウ","city":"松前郡福島町","city_kana":"マツマエグンフクシマチョウ","town":"白符","town_kana":"シラフ","prefecture_code":1},"1331":[{"zip_code":"0491331","prefecture":"北海道","prefecture_kana":"ホッカイドウ","city":"松前郡福島町","city_kana":"マツマエグンフクシマチョウ","town":"新栄町","town_kana":"シンエイチョウ","prefecture_code":1},{"zip_code":"0491331","prefecture":"北海道","prefecture_kana":"ホッカイドウ","city":"松前郡福島町","city_kana":"マツマエグンフクシマチョウ","town":"三岳","town_kana":"ミタケ","prefecture_code":1}],"1332":{"zip_code":"0491332","prefecture":"北海道","prefecture_kana":"ホッカイドウ","city":"松前郡福島町","city_kana":"マツマエグンフクシマチョウ","town":"千軒","town_kana":"センゲン","prefecture_code":1},"1454":{"zip_code":"0491454","prefecture":"北海道","prefecture_kana":"ホッカイドウ","city":"松前郡福島町","city_kana":"マツマエグンフクシマチョウ","town":"館崎","town_kana":"タテサキ","prefecture_code":1},"1321":[{"zip_code":"0491321","prefecture":"北海道","prefecture_kana":"ホッカイドウ","city":"松前郡福島町","city_kana":"マツマエグンフクシマチョウ","town":"月崎","town_kana":"ツキサキ","prefecture_code":1},{"zip_code":"0491321","prefecture":"北海道","prefecture_kana":"ホッカイドウ","city":"松前郡福島町","city_kana":"マツマエグンフクシマチョウ","town":"丸山団地","town_kana":"マルヤマダンチ","prefecture_code":1},{"zip_code":"0491321","prefecture":"北海道","prefecture_kana":"ホッカイドウ","city":"松前郡福島町","city_kana":"マツマエグンフクシマチョウ","town":"緑町","town_kana":"ミドリチョウ","prefecture_code":1}],"1452":{"zip_code":"0491452","prefecture":"北海道","prefecture_kana":"ホッカイドウ","city":"松前郡福島町","city_kana":"マツマエグンフクシマチョウ","town":"豊浜","town_kana":"トヨハマ","prefecture_code":1},"1311":{"zip_code":"0491311","prefecture":"北海道","prefecture_kana":"ホッカイドウ","city":"松前郡福島町","city_kana":"マツマエグンフクシマチョウ","town":"桧倉","town_kana":"ヒクラ","prefecture_code":1},"1324":{"zip_code":"0491324","prefecture":"北海道","prefecture_kana":"ホッカイドウ","city":"松前郡福島町","city_kana":"マツマエグンフクシマチョウ","town":"日の出","town_kana":"ヒノデ","prefecture_code":1},"1302":{"zip_code":"0491302","prefecture":"北海道","prefecture_kana":"ホッカイドウ","city":"松前郡福島町","city_kana":"マツマエグンフクシマチョウ","town":"日向","town_kana":"ヒュウガ","prefecture_code":1},"1456":{"zip_code":"0491456","prefecture":"北海道","prefecture_kana":"ホッカイドウ","city":"松前郡福島町","city_kana":"マツマエグンフクシマチョウ","town":"松浦","town_kana":"マツウラ","prefecture_code":1},"1451":{"zip_code":"0491451","prefecture":"北海道","prefecture_kana":"ホッカイドウ","city":"松前郡福島町","city_kana":"マツマエグンフクシマチョウ","town":"宮歌","town_kana":"ミヤウタ","prefecture_code":1},"1453":[{"zip_code":"0491453","prefecture":"北海道","prefecture_kana":"ホッカイドウ","city":"松前郡福島町","city_kana":"マツマエグンフクシマチョウ","town":"美山","town_kana":"ミヤマ","prefecture_code":1},{"zip_code":"0491453","prefecture":"北海道","prefecture_kana":"ホッカイドウ","city":"松前郡福島町","city_kana":"マツマエグンフクシマチョウ","town":"吉岡","town_kana":"ヨシオカ","prefecture_code":1}],"1455":{"zip_code":"0491455","prefecture":"北海道","prefecture_kana":"ホッカイドウ","city":"松前郡福島町","city_kana":"マツマエグンフクシマチョウ","town":"吉野","town_kana":"ヨシノ","prefecture_code":1},"1100":{"zip_code":"0491100","prefecture":"北海道","prefecture_kana":"ホッカイドウ","city":"上磯郡知内町","city_kana":"カミイソグンシリウチチョウ","town":"","town_kana":"","prefecture_code":1},"1103":{"zip_code":"0491103","prefecture":"北海道","prefecture_kana":"ホッカイドウ","city":"上磯郡知内町","city_kana":"カミイソグンシリウチチョウ","town":"重内","town_kana":"オモナイ","prefecture_code":1},"1105":{"zip_code":"0491105","prefecture":"北海道","prefecture_kana":"ホッカイドウ","city":"上磯郡知内町","city_kana":"カミイソグンシリウチチョウ","town":"小谷石","town_kana":"コタニイシ","prefecture_code":1},"1107":{"zip_code":"0491107","prefecture":"北海道","prefecture_kana":"ホッカイドウ","city":"上磯郡知内町","city_kana":"カミイソグンシリウチチョウ","town":"上雷","town_kana":"ジョウライ","prefecture_code":1},"1101":{"zip_code":"0491101","prefecture":"北海道","prefecture_kana":"ホッカイドウ","city":"上磯郡知内町","city_kana":"カミイソグンシリウチチョウ","town":"中ノ川","town_kana":"ナカノカワ","prefecture_code":1},"1106":{"zip_code":"0491106","prefecture":"北海道","prefecture_kana":"ホッカイドウ","city":"上磯郡知内町","city_kana":"カミイソグンシリウチチョウ","town":"元町","town_kana":"モトマチ","prefecture_code":1},"1102":{"zip_code":"0491102","prefecture":"北海道","prefecture_kana":"ホッカイドウ","city":"上磯郡知内町","city_kana":"カミイソグンシリウチチョウ","town":"森越","town_kana":"モリコシ","prefecture_code":1},"1221":{"zip_code":"0491221","prefecture":"北海道","prefecture_kana":"ホッカイドウ","city":"上磯郡知内町","city_kana":"カミイソグンシリウチチョウ","town":"湯ノ里","town_kana":"ユノサト","prefecture_code":1},"1104":{"zip_code":"0491104","prefecture":"北海道","prefecture_kana":"ホッカイドウ","city":"上磯郡知内町","city_kana":"カミイソグンシリウチチョウ","town":"涌元","town_kana":"ワキモト","prefecture_code":1},"0400":{"zip_code":"0490400","prefecture":"北海道","prefecture_kana":"ホッカイドウ","city":"上磯郡木古内町","city_kana":"カミイソグンキコナイチョウ","town":"","town_kana":"","prefecture_code":1},"0405":{"zip_code":"0490405","prefecture":"北海道","prefecture_kana":"ホッカイドウ","city":"上磯郡木古内町","city_kana":"カミイソグンキコナイチョウ","town":"泉沢","town_kana":"イズミサワ","prefecture_code":1},"0454":{"zip_code":"0490454","prefecture":"北海道","prefecture_kana":"ホッカイドウ","city":"上磯郡木古内町","city_kana":"カミイソグンキコナイチョウ","town":"瓜谷","town_kana":"ウリヤ","prefecture_code":1},"0401":{"zip_code":"0490401","prefecture":"北海道","prefecture_kana":"ホッカイドウ","city":"上磯郡木古内町","city_kana":"カミイソグンキコナイチョウ","town":"大釜谷","town_kana":"オオカマヤ","prefecture_code":1},"0453":{"zip_code":"0490453","prefecture":"北海道","prefecture_kana":"ホッカイドウ","city":"上磯郡木古内町","city_kana":"カミイソグンキコナイチョウ","town":"大川","town_kana":"オオカワ","prefecture_code":1},"0412":{"zip_code":"0490412","prefecture":"北海道","prefecture_kana":"ホッカイドウ","city":"上磯郡木古内町","city_kana":"カミイソグンキコナイチョウ","town":"大平","town_kana":"オオヒラ","prefecture_code":1},"0402":{"zip_code":"0490402","prefecture":"北海道","prefecture_kana":"ホッカイドウ","city":"上磯郡木古内町","city_kana":"カミイソグンキコナイチョウ","town":"御宮野","town_kana":"オミヤノ","prefecture_code":1},"0403":{"zip_code":"0490403","prefecture":"北海道","prefecture_kana":"ホッカイドウ","city":"上磯郡木古内町","city_kana":"カミイソグンキコナイチョウ","town":"釜谷","town_kana":"カマヤ","prefecture_code":1},"0404":{"zip_code":"0490404","prefecture":"北海道","prefecture_kana":"ホッカイドウ","city":"上磯郡木古内町","city_kana":"カミイソグンキコナイチョウ","town":"亀川","town_kana":"カメカワ","prefecture_code":1},"0431":{"zip_code":"0490431","prefecture":"北海道","prefecture_kana":"ホッカイドウ","city":"上磯郡木古内町","city_kana":"カミイソグンキコナイチョウ","town":"木古内","town_kana":"キコナイ","prefecture_code":1},"0408":{"zip_code":"0490408","prefecture":"北海道","prefecture_kana":"ホッカイドウ","city":"上磯郡木古内町","city_kana":"カミイソグンキコナイチョウ","town":"幸連","town_kana":"コウレン","prefecture_code":1},"0411":{"zip_code":"0490411","prefecture":"北海道","prefecture_kana":"ホッカイドウ","city":"上磯郡木古内町","city_kana":"カミイソグンキコナイチョウ","town":"札苅","town_kana":"サツカリ","prefecture_code":1},"0451":{"zip_code":"0490451","prefecture":"北海道","prefecture_kana":"ホッカイドウ","city":"上磯郡木古内町","city_kana":"カミイソグンキコナイチョウ","town":"新道","town_kana":"シンミチ","prefecture_code":1},"0452":{"zip_code":"0490452","prefecture":"北海道","prefecture_kana":"ホッカイドウ","city":"上磯郡木古内町","city_kana":"カミイソグンキコナイチョウ","town":"建川","town_kana":"タテカワ","prefecture_code":1},"0455":{"zip_code":"0490455","prefecture":"北海道","prefecture_kana":"ホッカイドウ","city":"上磯郡木古内町","city_kana":"カミイソグンキコナイチョウ","town":"鶴岡","town_kana":"ツルオカ","prefecture_code":1},"0441":{"zip_code":"0490441","prefecture":"北海道","prefecture_kana":"ホッカイドウ","city":"上磯郡木古内町","city_kana":"カミイソグンキコナイチョウ","town":"中野","town_kana":"ナカノ","prefecture_code":1},"0406":{"zip_code":"0490406","prefecture":"北海道","prefecture_kana":"ホッカイドウ","city":"上磯郡木古内町","city_kana":"カミイソグンキコナイチョウ","town":"二乃岱","town_kana":"ニノタイ","prefecture_code":1},"0407":{"zip_code":"0490407","prefecture":"北海道","prefecture_kana":"ホッカイドウ","city":"上磯郡木古内町","city_kana":"カミイソグンキコナイチョウ","town":"橋呉","town_kana":"ハシクレ","prefecture_code":1},"0422":{"zip_code":"0490422","prefecture":"北海道","prefecture_kana":"ホッカイドウ","city":"上磯郡木古内町","city_kana":"カミイソグンキコナイチョウ","town":"本町","town_kana":"ホンチョウ","prefecture_code":1},"0421":{"zip_code":"0490421","prefecture":"北海道","prefecture_kana":"ホッカイドウ","city":"上磯郡木古内町","city_kana":"カミイソグンキコナイチョウ","town":"前浜","town_kana":"マエハマ","prefecture_code":1},"2300":{"zip_code":"0492300","prefecture":"北海道","prefecture_kana":"ホッカイドウ","city":"茅部郡森町","city_kana":"カヤベグンモリマチ","town":"","town_kana":"","prefecture_code":1},"2142":{"zip_code":"0492142","prefecture":"北海道","prefecture_kana":"ホッカイドウ","city":"茅部郡森町","city_kana":"カヤベグンモリマチ","town":"赤井川","town_kana":"アカイガワ","prefecture_code":1},"2463":{"zip_code":"0492463","prefecture":"北海道","prefecture_kana":"ホッカイドウ","city":"茅部郡森町","city_kana":"カヤベグンモリマチ","town":"石倉町","town_kana":"イシクラチョウ","prefecture_code":1},"2311":{"zip_code":"0492311","prefecture":"北海道","prefecture_kana":"ホッカイドウ","city":"茅部郡森町","city_kana":"カヤベグンモリマチ","town":"上台町","town_kana":"ウワダイチョウ","prefecture_code":1},"2465":{"zip_code":"0492465","prefecture":"北海道","prefecture_kana":"ホッカイドウ","city":"茅部郡森町","city_kana":"カヤベグンモリマチ","town":"蛯谷町","town_kana":"エビヤチョウ","prefecture_code":1},"2301":{"zip_code":"0492301","prefecture":"北海道","prefecture_kana":"ホッカイドウ","city":"茅部郡森町","city_kana":"カヤベグンモリマチ","town":"尾白内町","town_kana":"オシロナイチョウ","prefecture_code":1},"2312":{"zip_code":"0492312","prefecture":"北海道","prefecture_kana":"ホッカイドウ","city":"茅部郡森町","city_kana":"カヤベグンモリマチ","town":"霞台","town_kana":"カスミダイ","prefecture_code":1},"2327":{"zip_code":"0492327","prefecture":"北海道","prefecture_kana":"ホッカイドウ","city":"茅部郡森町","city_kana":"カヤベグンモリマチ","town":"清澄町","town_kana":"キヨズミチョウ","prefecture_code":1},"2324":{"zip_code":"0492324","prefecture":"北海道","prefecture_kana":"ホッカイドウ","city":"茅部郡森町","city_kana":"カヤベグンモリマチ","town":"栗ケ丘","town_kana":"クリガオカ","prefecture_code":1},"2141":{"zip_code":"0492141","prefecture":"北海道","prefecture_kana":"ホッカイドウ","city":"茅部郡森町","city_kana":"カヤベグンモリマチ","town":"駒ケ岳","town_kana":"コマガタケ","prefecture_code":1},"2308":{"zip_code":"0492308","prefecture":"北海道","prefecture_kana":"ホッカイドウ","city":"茅部郡森町","city_kana":"カヤベグンモリマチ","town":"栄町","town_kana":"サカエマチ","prefecture_code":1},"2222":{"zip_code":"0492222","prefecture":"北海道","prefecture_kana":"ホッカイドウ","city":"茅部郡森町","city_kana":"カヤベグンモリマチ","town":"砂原","town_kana":"サワラ","prefecture_code":1},"2221":{"zip_code":"0492221","prefecture":"北海道","prefecture_kana":"ホッカイドウ","city":"茅部郡森町","city_kana":"カヤベグンモリマチ","town":"砂原西","town_kana":"サワラニシ","prefecture_code":1},"2223":{"zip_code":"0492223","prefecture":"北海道","prefecture_kana":"ホッカイドウ","city":"茅部郡森町","city_kana":"カヤベグンモリマチ","town":"砂原東","town_kana":"サワラヒガシ","prefecture_code":1},"2461":{"zip_code":"0492461","prefecture":"北海道","prefecture_kana":"ホッカイドウ","city":"茅部郡森町","city_kana":"カヤベグンモリマチ","town":"三岱","town_kana":"サンタイ","prefecture_code":1},"2307":{"zip_code":"0492307","prefecture":"北海道","prefecture_kana":"ホッカイドウ","city":"茅部郡森町","city_kana":"カヤベグンモリマチ","town":"白川","town_kana":"シラカワ","prefecture_code":1},"2304":{"zip_code":"0492304","prefecture":"北海道","prefecture_kana":"ホッカイドウ","city":"茅部郡森町","city_kana":"カヤベグンモリマチ","town":"新川町","town_kana":"シンカワチョウ","prefecture_code":1},"2305":{"zip_code":"0492305","prefecture":"北海道","prefecture_kana":"ホッカイドウ","city":"茅部郡森町","city_kana":"カヤベグンモリマチ","town":"常盤町","town_kana":"トキワチョウ","prefecture_code":1},"2323":{"zip_code":"0492323","prefecture":"北海道","prefecture_kana":"ホッカイドウ","city":"茅部郡森町","city_kana":"カヤベグンモリマチ","town":"鳥崎町","town_kana":"トリザキチョウ","prefecture_code":1},"2462":{"zip_code":"0492462","prefecture":"北海道","prefecture_kana":"ホッカイドウ","city":"茅部郡森町","city_kana":"カヤベグンモリマチ","town":"濁川","town_kana":"ニゴリカワ","prefecture_code":1},"2303":{"zip_code":"0492303","prefecture":"北海道","prefecture_kana":"ホッカイドウ","city":"茅部郡森町","city_kana":"カヤベグンモリマチ","town":"東森町","town_kana":"ヒガシモリチョウ","prefecture_code":1},"2306":{"zip_code":"0492306","prefecture":"北海道","prefecture_kana":"ホッカイドウ","city":"茅部郡森町","city_kana":"カヤベグンモリマチ","town":"姫川","town_kana":"ヒメカワ","prefecture_code":1},"2322":{"zip_code":"0492322","prefecture":"北海道","prefecture_kana":"ホッカイドウ","city":"茅部郡森町","city_kana":"カヤベグンモリマチ","town":"富士見町","town_kana":"フジミチョウ","prefecture_code":1},"2464":{"zip_code":"0492464","prefecture":"北海道","prefecture_kana":"ホッカイドウ","city":"茅部郡森町","city_kana":"カヤベグンモリマチ","town":"本茅部町","town_kana":"ホンカヤベチョウ","prefecture_code":1},"2325":{"zip_code":"0492325","prefecture":"北海道","prefecture_kana":"ホッカイドウ","city":"茅部郡森町","city_kana":"カヤベグンモリマチ","town":"本町","town_kana":"ホンチョウ","prefecture_code":1},"2302":{"zip_code":"0492302","prefecture":"北海道","prefecture_kana":"ホッカイドウ","city":"茅部郡森町","city_kana":"カヤベグンモリマチ","town":"港町","town_kana":"ミナトマチ","prefecture_code":1},"2326":{"zip_code":"0492326","prefecture":"北海道","prefecture_kana":"ホッカイドウ","city":"茅部郡森町","city_kana":"カヤベグンモリマチ","town":"御幸町","town_kana":"ミユキチョウ","prefecture_code":1},"2313":{"zip_code":"0492313","prefecture":"北海道","prefecture_kana":"ホッカイドウ","city":"茅部郡森町","city_kana":"カヤベグンモリマチ","town":"森川町","town_kana":"モリカワチョウ","prefecture_code":1},"2321":{"zip_code":"0492321","prefecture":"北海道","prefecture_kana":"ホッカイドウ","city":"茅部郡森町","city_kana":"カヤベグンモリマチ","town":"鷲ノ木町","town_kana":"ワシノキチョウ","prefecture_code":1},"3100":{"zip_code":"0493100","prefecture":"北海道","prefecture_kana":"ホッカイドウ","city":"二海郡八雲町","city_kana":"フタミグンヤクモチョウ","town":"","town_kana":"","prefecture_code":1},"3113":{"zip_code":"0493113","prefecture":"北海道","prefecture_kana":"ホッカイドウ","city":"二海郡八雲町","city_kana":"フタミグンヤクモチョウ","town":"相生町","town_kana":"アイオイチョウ","prefecture_code":1},"2561":{"zip_code":"0492561","prefecture":"北海道","prefecture_kana":"ホッカイドウ","city":"二海郡八雲町","city_kana":"フタミグンヤクモチョウ","town":"旭丘","town_kana":"アサヒオカ","prefecture_code":1},"3125":{"zip_code":"0493125","prefecture":"北海道","prefecture_kana":"ホッカイドウ","city":"二海郡八雲町","city_kana":"フタミグンヤクモチョウ","town":"熱田","town_kana":"アツタ","prefecture_code":1},"3115":{"zip_code":"0493115","prefecture":"北海道","prefecture_kana":"ホッカイドウ","city":"二海郡八雲町","city_kana":"フタミグンヤクモチョウ","town":"出雲町","town_kana":"イズモチョウ","prefecture_code":1},"2564":{"zip_code":"0492564","prefecture":"北海道","prefecture_kana":"ホッカイドウ","city":"二海郡八雲町","city_kana":"フタミグンヤクモチョウ","town":"入沢","town_kana":"イリサワ","prefecture_code":1},"3104":{"zip_code":"0493104","prefecture":"北海道","prefecture_kana":"ホッカイドウ","city":"二海郡八雲町","city_kana":"フタミグンヤクモチョウ","town":"内浦町","town_kana":"ウチウラチョウ","prefecture_code":1},"3126":{"zip_code":"0493126","prefecture":"北海道","prefecture_kana":"ホッカイドウ","city":"二海郡八雲町","city_kana":"フタミグンヤクモチョウ","town":"大新","town_kana":"オオシン","prefecture_code":1},"2562":{"zip_code":"0492562","prefecture":"北海道","prefecture_kana":"ホッカイドウ","city":"二海郡八雲町","city_kana":"フタミグンヤクモチョウ","town":"落部","town_kana":"オトシベ","prefecture_code":1},"3127":{"zip_code":"0493127","prefecture":"北海道","prefecture_kana":"ホッカイドウ","city":"二海郡八雲町","city_kana":"フタミグンヤクモチョウ","town":"春日","town_kana":"カスガ","prefecture_code":1},"2566":{"zip_code":"0492566","prefecture":"北海道","prefecture_kana":"ホッカイドウ","city":"二海郡八雲町","city_kana":"フタミグンヤクモチョウ","town":"上の湯","town_kana":"カミノユ","prefecture_code":1},"3121":[{"zip_code":"0493121","prefecture":"北海道","prefecture_kana":"ホッカイドウ","city":"二海郡八雲町","city_kana":"フタミグンヤクモチョウ","town":"上八雲","town_kana":"カミヤクモ","prefecture_code":1},{"zip_code":"0493121","prefecture":"北海道","prefecture_kana":"ホッカイドウ","city":"二海郡八雲町","city_kana":"フタミグンヤクモチョウ","town":"富咲","town_kana":"トミサキ","prefecture_code":1}],"3341":{"zip_code":"0493341","prefecture":"北海道","prefecture_kana":"ホッカイドウ","city":"二海郡八雲町","city_kana":"フタミグンヤクモチョウ","town":"黒岩","town_kana":"クロイワ","prefecture_code":1},"3117":{"zip_code":"0493117","prefecture":"北海道","prefecture_kana":"ホッカイドウ","city":"二海郡八雲町","city_kana":"フタミグンヤクモチョウ","town":"栄町","town_kana":"サカエチョウ","prefecture_code":1},"2563":{"zip_code":"0492563","prefecture":"北海道","prefecture_kana":"ホッカイドウ","city":"二海郡八雲町","city_kana":"フタミグンヤクモチョウ","town":"栄浜","town_kana":"サカエハマ","prefecture_code":1},"2675":{"zip_code":"0492675","prefecture":"北海道","prefecture_kana":"ホッカイドウ","city":"二海郡八雲町","city_kana":"フタミグンヤクモチョウ","town":"桜野","town_kana":"サクラノ","prefecture_code":1},"3105":{"zip_code":"0493105","prefecture":"北海道","prefecture_kana":"ホッカイドウ","city":"二海郡八雲町","city_kana":"フタミグンヤクモチョウ","town":"東雲町","town_kana":"シノノメチョウ","prefecture_code":1},"2565":{"zip_code":"0492565","prefecture":"北海道","prefecture_kana":"ホッカイドウ","city":"二海郡八雲町","city_kana":"フタミグンヤクモチョウ","town":"下の湯","town_kana":"シモノユ","prefecture_code":1},"3112":{"zip_code":"0493112","prefecture":"北海道","prefecture_kana":"ホッカイドウ","city":"二海郡八雲町","city_kana":"フタミグンヤクモチョウ","town":"末広町","town_kana":"スエヒロチョウ","prefecture_code":1},"3111":{"zip_code":"0493111","prefecture":"北海道","prefecture_kana":"ホッカイドウ","city":"二海郡八雲町","city_kana":"フタミグンヤクモチョウ","town":"住初町","town_kana":"スミゾメチョウ","prefecture_code":1},"3123":{"zip_code":"0493123","prefecture":"北海道","prefecture_kana":"ホッカイドウ","city":"二海郡八雲町","city_kana":"フタミグンヤクモチョウ","town":"立岩","town_kana":"タテイワ","prefecture_code":1},"3103":{"zip_code":"0493103","prefecture":"北海道","prefecture_kana":"ホッカイドウ","city":"二海郡八雲町","city_kana":"フタミグンヤクモチョウ","town":"豊河町","town_kana":"トヨカワチョウ","prefecture_code":1},"3128":{"zip_code":"0493128","prefecture":"北海道","prefecture_kana":"ホッカイドウ","city":"二海郡八雲町","city_kana":"フタミグンヤクモチョウ","town":"鉛川","town_kana":"ナマリカワ","prefecture_code":1},"2672":{"zip_code":"0492672","prefecture":"北海道","prefecture_kana":"ホッカイドウ","city":"二海郡八雲町","city_kana":"フタミグンヤクモチョウ","town":"野田生","town_kana":"ノダオイ","prefecture_code":1},"3122":{"zip_code":"0493122","prefecture":"北海道","prefecture_kana":"ホッカイドウ","city":"二海郡八雲町","city_kana":"フタミグンヤクモチョウ","town":"花浦","town_kana":"ハナウラ","prefecture_code":1},"3124":{"zip_code":"0493124","prefecture":"北海道","prefecture_kana":"ホッカイドウ","city":"二海郡八雲町","city_kana":"フタミグンヤクモチョウ","town":"浜松","town_kana":"ハママツ","prefecture_code":1},"3102":{"zip_code":"0493102","prefecture":"北海道","prefecture_kana":"ホッカイドウ","city":"二海郡八雲町","city_kana":"フタミグンヤクモチョウ","town":"東町","town_kana":"ヒガシチョウ","prefecture_code":1},"2673":{"zip_code":"0492673","prefecture":"北海道","prefecture_kana":"ホッカイドウ","city":"二海郡八雲町","city_kana":"フタミグンヤクモチョウ","town":"東野","town_kana":"ヒガシノ","prefecture_code":1},"3106":{"zip_code":"0493106","prefecture":"北海道","prefecture_kana":"ホッカイドウ","city":"二海郡八雲町","city_kana":"フタミグンヤクモチョウ","town":"富士見町","town_kana":"フジミチョウ","prefecture_code":1},"3107":{"zip_code":"0493107","prefecture":"北海道","prefecture_kana":"ホッカイドウ","city":"二海郡八雲町","city_kana":"フタミグンヤクモチョウ","town":"本町","town_kana":"ホンチョウ","prefecture_code":1},"3114":{"zip_code":"0493114","prefecture":"北海道","prefecture_kana":"ホッカイドウ","city":"二海郡八雲町","city_kana":"フタミグンヤクモチョウ","town":"三杉町","town_kana":"ミスギチョウ","prefecture_code":1},"3118":{"zip_code":"0493118","prefecture":"北海道","prefecture_kana":"ホッカイドウ","city":"二海郡八雲町","city_kana":"フタミグンヤクモチョウ","town":"緑町","town_kana":"ミドリチョウ","prefecture_code":1},"3116":{"zip_code":"0493116","prefecture":"北海道","prefecture_kana":"ホッカイドウ","city":"二海郡八雲町","city_kana":"フタミグンヤクモチョウ","town":"宮園町","town_kana":"ミヤゾノチョウ","prefecture_code":1},"3101":{"zip_code":"0493101","prefecture":"北海道","prefecture_kana":"ホッカイドウ","city":"二海郡八雲町","city_kana":"フタミグンヤクモチョウ","town":"元町","town_kana":"モトマチ","prefecture_code":1},"2671":{"zip_code":"0492671","prefecture":"北海道","prefecture_kana":"ホッカイドウ","city":"二海郡八雲町","city_kana":"フタミグンヤクモチョウ","town":"山越","town_kana":"ヤマコシ","prefecture_code":1},"3342":{"zip_code":"0493342","prefecture":"北海道","prefecture_kana":"ホッカイドウ","city":"二海郡八雲町","city_kana":"フタミグンヤクモチョウ","town":"山崎","town_kana":"ヤマザキ","prefecture_code":1},"2674":{"zip_code":"0492674","prefecture":"北海道","prefecture_kana":"ホッカイドウ","city":"二海郡八雲町","city_kana":"フタミグンヤクモチョウ","town":"わらび野","town_kana":"ワラビノ","prefecture_code":1},"3500":{"zip_code":"0493500","prefecture":"北海道","prefecture_kana":"ホッカイドウ","city":"山越郡長万部町","city_kana":"ヤマコシグンオシャマンベチョウ","town":"","town_kana":"","prefecture_code":1},"3521":[{"zip_code":"0493521","prefecture":"北海道","prefecture_kana":"ホッカイドウ","city":"山越郡長万部町","city_kana":"ヤマコシグンオシャマンベチョウ","town":"曙町","town_kana":"アケボノチョウ","prefecture_code":1},{"zip_code":"0493521","prefecture":"北海道","prefecture_kana":"ホッカイドウ","city":"山越郡長万部町","city_kana":"ヤマコシグンオシャマンベチョウ","town":"大町","town_kana":"オオマチ","prefecture_code":1},{"zip_code":"0493521","prefecture":"北海道","prefecture_kana":"ホッカイドウ","city":"山越郡長万部町","city_kana":"ヤマコシグンオシャマンベチョウ","town":"長万部","town_kana":"オシャマンベ","prefecture_code":1},{"zip_code":"0493521","prefecture":"北海道","prefecture_kana":"ホッカイドウ","city":"山越郡長万部町","city_kana":"ヤマコシグンオシャマンベチョウ","town":"温泉町","town_kana":"オンセンマチ","prefecture_code":1},{"zip_code":"0493521","prefecture":"北海道","prefecture_kana":"ホッカイドウ","city":"山越郡長万部町","city_kana":"ヤマコシグンオシャマンベチョウ","town":"新開町","town_kana":"シンカイチョウ","prefecture_code":1},{"zip_code":"0493521","prefecture":"北海道","prefecture_kana":"ホッカイドウ","city":"山越郡長万部町","city_kana":"ヤマコシグンオシャマンベチョウ","town":"陣屋町","town_kana":"ジンヤマチ","prefecture_code":1},{"zip_code":"0493521","prefecture":"北海道","prefecture_kana":"ホッカイドウ","city":"山越郡長万部町","city_kana":"ヤマコシグンオシャマンベチョウ","town":"住吉町","town_kana":"スミヨシチョウ","prefecture_code":1},{"zip_code":"0493521","prefecture":"北海道","prefecture_kana":"ホッカイドウ","city":"山越郡長万部町","city_kana":"ヤマコシグンオシャマンベチョウ","town":"高砂町","town_kana":"タカサゴチョウ","prefecture_code":1},{"zip_code":"0493521","prefecture":"北海道","prefecture_kana":"ホッカイドウ","city":"山越郡長万部町","city_kana":"ヤマコシグンオシャマンベチョウ","town":"本町","town_kana":"ホンチョウ","prefecture_code":1},{"zip_code":"0493521","prefecture":"北海道","prefecture_kana":"ホッカイドウ","city":"山越郡長万部町","city_kana":"ヤマコシグンオシャマンベチョウ","town":"南栄町","town_kana":"ミナミサカエチョウ","prefecture_code":1},{"zip_code":"0493521","prefecture":"北海道","prefecture_kana":"ホッカイドウ","city":"山越郡長万部町","city_kana":"ヤマコシグンオシャマンベチョウ","town":"元町","town_kana":"モトマチ","prefecture_code":1}],"3519":{"zip_code":"0493519","prefecture":"北海道","prefecture_kana":"ホッカイドウ","city":"山越郡長万部町","city_kana":"ヤマコシグンオシャマンベチョウ","town":"旭浜","town_kana":"アサヒハマ","prefecture_code":1},"3511":{"zip_code":"0493511","prefecture":"北海道","prefecture_kana":"ホッカイドウ","city":"山越郡長万部町","city_kana":"ヤマコシグンオシャマンベチョウ","town":"大浜","town_kana":"オオハマ","prefecture_code":1},"3501":[{"zip_code":"0493501","prefecture":"北海道","prefecture_kana":"ホッカイドウ","city":"山越郡長万部町","city_kana":"ヤマコシグンオシャマンベチョウ","town":"大峰","town_kana":"オオミネ","prefecture_code":1},{"zip_code":"0493501","prefecture":"北海道","prefecture_kana":"ホッカイドウ","city":"山越郡長万部町","city_kana":"ヤマコシグンオシャマンベチョウ","town":"双葉","town_kana":"フタバ","prefecture_code":1}],"3517":{"zip_code":"0493517","prefecture":"北海道","prefecture_kana":"ホッカイドウ","city":"山越郡長万部町","city_kana":"ヤマコシグンオシャマンベチョウ","town":"共立","town_kana":"キョウリツ","prefecture_code":1},"3515":{"zip_code":"0493515","prefecture":"北海道","prefecture_kana":"ホッカイドウ","city":"山越郡長万部町","city_kana":"ヤマコシグンオシャマンベチョウ","town":"栗岡","town_kana":"クリオカ","prefecture_code":1},"3462":{"zip_code":"0493462","prefecture":"北海道","prefecture_kana":"ホッカイドウ","city":"山越郡長万部町","city_kana":"ヤマコシグンオシャマンベチョウ","town":"国縫","town_kana":"クンヌイ","prefecture_code":1},"3516":{"zip_code":"0493516","prefecture":"北海道","prefecture_kana":"ホッカイドウ","city":"山越郡長万部町","city_kana":"ヤマコシグンオシャマンベチョウ","town":"栄原","town_kana":"サカエハラ","prefecture_code":1},"3518":{"zip_code":"0493518","prefecture":"北海道","prefecture_kana":"ホッカイドウ","city":"山越郡長万部町","city_kana":"ヤマコシグンオシャマンベチョウ","town":"静狩","town_kana":"シズカリ","prefecture_code":1},"5141":{"zip_code":"0495141","prefecture":"北海道","prefecture_kana":"ホッカイドウ","city":"山越郡長万部町","city_kana":"ヤマコシグンオシャマンベチョウ","town":"静狩","town_kana":"シズカリ","prefecture_code":1},"3465":{"zip_code":"0493465","prefecture":"北海道","prefecture_kana":"ホッカイドウ","city":"山越郡長万部町","city_kana":"ヤマコシグンオシャマンベチョウ","town":"茶屋川","town_kana":"チャヤガワ","prefecture_code":1},"3502":{"zip_code":"0493502","prefecture":"北海道","prefecture_kana":"ホッカイドウ","city":"山越郡長万部町","city_kana":"ヤマコシグンオシャマンベチョウ","town":"知来","town_kana":"チライ","prefecture_code":1},"3514":{"zip_code":"0493514","prefecture":"北海道","prefecture_kana":"ホッカイドウ","city":"山越郡長万部町","city_kana":"ヤマコシグンオシャマンベチョウ","town":"富野","town_kana":"トミノ","prefecture_code":1},"3464":{"zip_code":"0493464","prefecture":"北海道","prefecture_kana":"ホッカイドウ","city":"山越郡長万部町","city_kana":"ヤマコシグンオシャマンベチョウ","town":"豊津","town_kana":"トヨツ","prefecture_code":1},"3463":{"zip_code":"0493463","prefecture":"北海道","prefecture_kana":"ホッカイドウ","city":"山越郡長万部町","city_kana":"ヤマコシグンオシャマンベチョウ","town":"豊野","town_kana":"トヨノ","prefecture_code":1},"3512":{"zip_code":"0493512","prefecture":"北海道","prefecture_kana":"ホッカイドウ","city":"山越郡長万部町","city_kana":"ヤマコシグンオシャマンベチョウ","town":"中の沢","town_kana":"ナカノサワ","prefecture_code":1},"3461":{"zip_code":"0493461","prefecture":"北海道","prefecture_kana":"ホッカイドウ","city":"山越郡長万部町","city_kana":"ヤマコシグンオシャマンベチョウ","town":"花岡","town_kana":"ハナオカ","prefecture_code":1},"3504":{"zip_code":"0493504","prefecture":"北海道","prefecture_kana":"ホッカイドウ","city":"山越郡長万部町","city_kana":"ヤマコシグンオシャマンベチョウ","town":"美畑","town_kana":"ビハタ","prefecture_code":1},"3513":{"zip_code":"0493513","prefecture":"北海道","prefecture_kana":"ホッカイドウ","city":"山越郡長万部町","city_kana":"ヤマコシグンオシャマンベチョウ","town":"平里","town_kana":"ヒラサト","prefecture_code":1},"3503":{"zip_code":"0493503","prefecture":"北海道","prefecture_kana":"ホッカイドウ","city":"山越郡長万部町","city_kana":"ヤマコシグンオシャマンベチョウ","town":"蕨岱","town_kana":"ワラビタイ","prefecture_code":1},"0600":{"zip_code":"0490600","prefecture":"北海道","prefecture_kana":"ホッカイドウ","city":"檜山郡上ノ国町","city_kana":"ヒヤマグンカミノクニチョウ","town":"","town_kana":"","prefecture_code":1},"0741":{"zip_code":"0490741","prefecture":"北海道","prefecture_kana":"ホッカイドウ","city":"檜山郡上ノ国町","city_kana":"ヒヤマグンカミノクニチョウ","town":"石崎","town_kana":"イシザキ","prefecture_code":1},"0621":{"zip_code":"0490621","prefecture":"北海道","prefecture_kana":"ホッカイドウ","city":"檜山郡上ノ国町","city_kana":"ヒヤマグンカミノクニチョウ","town":"内郷","town_kana":"ウチゴウ","prefecture_code":1},"0607":{"zip_code":"0490607","prefecture":"北海道","prefecture_kana":"ホッカイドウ","city":"檜山郡上ノ国町","city_kana":"ヒヤマグンカミノクニチョウ","town":"扇石","town_kana":"オウギイシ","prefecture_code":1},"0604":{"zip_code":"0490604","prefecture":"北海道","prefecture_kana":"ホッカイドウ","city":"檜山郡上ノ国町","city_kana":"ヒヤマグンカミノクニチョウ","town":"大安在","town_kana":"オオアンザイ","prefecture_code":1},"0603":{"zip_code":"0490603","prefecture":"北海道","prefecture_kana":"ホッカイドウ","city":"檜山郡上ノ国町","city_kana":"ヒヤマグンカミノクニチョウ","town":"大崎","town_kana":"オオサキ","prefecture_code":1},"0611":{"zip_code":"0490611","prefecture":"北海道","prefecture_kana":"ホッカイドウ","city":"檜山郡上ノ国町","city_kana":"ヒヤマグンカミノクニチョウ","town":"大留","town_kana":"オオドメ","prefecture_code":1},"0601":{"zip_code":"0490601","prefecture":"北海道","prefecture_kana":"ホッカイドウ","city":"檜山郡上ノ国町","city_kana":"ヒヤマグンカミノクニチョウ","town":"勝山","town_kana":"カツヤマ","prefecture_code":1},"0626":{"zip_code":"0490626","prefecture":"北海道","prefecture_kana":"ホッカイドウ","city":"檜山郡上ノ国町","city_kana":"ヒヤマグンカミノクニチョウ","town":"桂岡","town_kana":"カツラオカ","prefecture_code":1},"0612":{"zip_code":"0490612","prefecture":"北海道","prefecture_kana":"ホッカイドウ","city":"檜山郡上ノ国町","city_kana":"ヒヤマグンカミノクニチョウ","town":"上ノ国","town_kana":"カミノクニ","prefecture_code":1},"0622":{"zip_code":"0490622","prefecture":"北海道","prefecture_kana":"ホッカイドウ","city":"檜山郡上ノ国町","city_kana":"ヒヤマグンカミノクニチョウ","town":"北村","town_kana":"キタムラ","prefecture_code":1},"0606":{"zip_code":"0490606","prefecture":"北海道","prefecture_kana":"ホッカイドウ","city":"檜山郡上ノ国町","city_kana":"ヒヤマグンカミノクニチョウ","town":"木ノ子","town_kana":"キノコ","prefecture_code":1},"0605":{"zip_code":"0490605","prefecture":"北海道","prefecture_kana":"ホッカイドウ","city":"檜山郡上ノ国町","city_kana":"ヒヤマグンカミノクニチョウ","town":"小安在","town_kana":"コアンザイ","prefecture_code":1},"0627":{"zip_code":"0490627","prefecture":"北海道","prefecture_kana":"ホッカイドウ","city":"檜山郡上ノ国町","city_kana":"ヒヤマグンカミノクニチョウ","town":"小森","town_kana":"コモリ","prefecture_code":1},"0608":{"zip_code":"0490608","prefecture":"北海道","prefecture_kana":"ホッカイドウ","city":"檜山郡上ノ国町","city_kana":"ヒヤマグンカミノクニチョウ","town":"汐吹","town_kana":"シオフキ","prefecture_code":1},"0623":{"zip_code":"0490623","prefecture":"北海道","prefecture_kana":"ホッカイドウ","city":"檜山郡上ノ国町","city_kana":"ヒヤマグンカミノクニチョウ","town":"新村","town_kana":"シンムラ","prefecture_code":1},"0561":{"zip_code":"0490561","prefecture":"北海道","prefecture_kana":"ホッカイドウ","city":"檜山郡上ノ国町","city_kana":"ヒヤマグンカミノクニチョウ","town":"神明","town_kana":"シンメイ","prefecture_code":1},"0742":{"zip_code":"0490742","prefecture":"北海道","prefecture_kana":"ホッカイドウ","city":"檜山郡上ノ国町","city_kana":"ヒヤマグンカミノクニチョウ","town":"館野","town_kana":"タテノ","prefecture_code":1},"0743":{"zip_code":"0490743","prefecture":"北海道","prefecture_kana":"ホッカイドウ","city":"檜山郡上ノ国町","city_kana":"ヒヤマグンカミノクニチョウ","town":"小砂子","town_kana":"チイサゴ","prefecture_code":1},"0625":{"zip_code":"0490625","prefecture":"北海道","prefecture_kana":"ホッカイドウ","city":"檜山郡上ノ国町","city_kana":"ヒヤマグンカミノクニチョウ","town":"豊田","town_kana":"トヨタ","prefecture_code":1},"0624":{"zip_code":"0490624","prefecture":"北海道","prefecture_kana":"ホッカイドウ","city":"檜山郡上ノ国町","city_kana":"ヒヤマグンカミノクニチョウ","town":"中須田","town_kana":"ナカスダ","prefecture_code":1},"0744":{"zip_code":"0490744","prefecture":"北海道","prefecture_kana":"ホッカイドウ","city":"檜山郡上ノ国町","city_kana":"ヒヤマグンカミノクニチョウ","town":"早川","town_kana":"ハヤカワ","prefecture_code":1},"0564":{"zip_code":"0490564","prefecture":"北海道","prefecture_kana":"ホッカイドウ","city":"檜山郡上ノ国町","city_kana":"ヒヤマグンカミノクニチョウ","town":"早瀬","town_kana":"ハヤセ","prefecture_code":1},"0602":{"zip_code":"0490602","prefecture":"北海道","prefecture_kana":"ホッカイドウ","city":"檜山郡上ノ国町","city_kana":"ヒヤマグンカミノクニチョウ","town":"原歌","town_kana":"ハラウタ","prefecture_code":1},"0563":{"zip_code":"0490563","prefecture":"北海道","prefecture_kana":"ホッカイドウ","city":"檜山郡上ノ国町","city_kana":"ヒヤマグンカミノクニチョウ","town":"宮越","town_kana":"ミヤコシ","prefecture_code":1},"0613":{"zip_code":"0490613","prefecture":"北海道","prefecture_kana":"ホッカイドウ","city":"檜山郡上ノ国町","city_kana":"ヒヤマグンカミノクニチョウ","town":"向浜","town_kana":"ムカイハマ","prefecture_code":1},"0562":{"zip_code":"0490562","prefecture":"北海道","prefecture_kana":"ホッカイドウ","city":"檜山郡上ノ国町","city_kana":"ヒヤマグンカミノクニチョウ","town":"湯ノ岱","town_kana":"ユノタイ","prefecture_code":1},"4300":{"zip_code":"0494300","prefecture":"北海道","prefecture_kana":"ホッカイドウ","city":"瀬棚郡今金町","city_kana":"セタナグンイマカネチョウ","town":"","town_kana":"","prefecture_code":1},"4303":{"zip_code":"0494303","prefecture":"北海道","prefecture_kana":"ホッカイドウ","city":"瀬棚郡今金町","city_kana":"セタナグンイマカネチョウ","town":"曙町","town_kana":"アケボノチョウ","prefecture_code":1},"4312":{"zip_code":"0494312","prefecture":"北海道","prefecture_kana":"ホッカイドウ","city":"瀬棚郡今金町","city_kana":"セタナグンイマカネチョウ","town":"旭町","town_kana":"アサヒチョウ","prefecture_code":1},"4301":{"zip_code":"0494301","prefecture":"北海道","prefecture_kana":"ホッカイドウ","city":"瀬棚郡今金町","city_kana":"セタナグンイマカネチョウ","town":"東町","town_kana":"アズマチョウ","prefecture_code":1},"4325":{"zip_code":"0494325","prefecture":"北海道","prefecture_kana":"ホッカイドウ","city":"瀬棚郡今金町","city_kana":"セタナグンイマカネチョウ","town":"稲穂","town_kana":"イナホ","prefecture_code":1},"4308":{"zip_code":"0494308","prefecture":"北海道","prefecture_kana":"ホッカイドウ","city":"瀬棚郡今金町","city_kana":"セタナグンイマカネチョウ","town":"今金","town_kana":"イマカネ","prefecture_code":1},"4155":{"zip_code":"0494155","prefecture":"北海道","prefecture_kana":"ホッカイドウ","city":"瀬棚郡今金町","city_kana":"セタナグンイマカネチョウ","town":"奥沢","town_kana":"オクサワ","prefecture_code":1},"4327":{"zip_code":"0494327","prefecture":"北海道","prefecture_kana":"ホッカイドウ","city":"瀬棚郡今金町","city_kana":"セタナグンイマカネチョウ","town":"神丘","town_kana":"カミオカ","prefecture_code":1},"4157":{"zip_code":"0494157","prefecture":"北海道","prefecture_kana":"ホッカイドウ","city":"瀬棚郡今金町","city_kana":"セタナグンイマカネチョウ","town":"上種川","town_kana":"カミタネガワ","prefecture_code":1},"4304":{"zip_code":"0494304","prefecture":"北海道","prefecture_kana":"ホッカイドウ","city":"瀬棚郡今金町","city_kana":"セタナグンイマカネチョウ","town":"寒昇","town_kana":"カンノボリ","prefecture_code":1},"4335":{"zip_code":"0494335","prefecture":"北海道","prefecture_kana":"ホッカイドウ","city":"瀬棚郡今金町","city_kana":"セタナグンイマカネチョウ","town":"金原","town_kana":"キンバラ","prefecture_code":1},"4311":{"zip_code":"0494311","prefecture":"北海道","prefecture_kana":"ホッカイドウ","city":"瀬棚郡今金町","city_kana":"セタナグンイマカネチョウ","town":"栄町","town_kana":"サカエチョウ","prefecture_code":1},"4326":{"zip_code":"0494326","prefecture":"北海道","prefecture_kana":"ホッカイドウ","city":"瀬棚郡今金町","city_kana":"セタナグンイマカネチョウ","town":"商工団地","town_kana":"ショウコウダンチ","prefecture_code":1},"4314":{"zip_code":"0494314","prefecture":"北海道","prefecture_kana":"ホッカイドウ","city":"瀬棚郡今金町","city_kana":"セタナグンイマカネチョウ","town":"昭和町","town_kana":"ショウワチョウ","prefecture_code":1},"4332":{"zip_code":"0494332","prefecture":"北海道","prefecture_kana":"ホッカイドウ","city":"瀬棚郡今金町","city_kana":"セタナグンイマカネチョウ","town":"白石","town_kana":"シライシ","prefecture_code":1},"4315":{"zip_code":"0494315","prefecture":"北海道","prefecture_kana":"ホッカイドウ","city":"瀬棚郡今金町","city_kana":"セタナグンイマカネチョウ","town":"末広町","town_kana":"スエヒロチョウ","prefecture_code":1},"4321":{"zip_code":"0494321","prefecture":"北海道","prefecture_kana":"ホッカイドウ","city":"瀬棚郡今金町","city_kana":"セタナグンイマカネチョウ","town":"鈴岡","town_kana":"スズオカ","prefecture_code":1},"4336":{"zip_code":"0494336","prefecture":"北海道","prefecture_kana":"ホッカイドウ","city":"瀬棚郡今金町","city_kana":"セタナグンイマカネチョウ","town":"鈴金","town_kana":"スズカネ","prefecture_code":1},"4156":{"zip_code":"0494156","prefecture":"北海道","prefecture_kana":"ホッカイドウ","city":"瀬棚郡今金町","city_kana":"セタナグンイマカネチョウ","town":"住吉","town_kana":"スミヨシ","prefecture_code":1},"4306":{"zip_code":"0494306","prefecture":"北海道","prefecture_kana":"ホッカイドウ","city":"瀬棚郡今金町","city_kana":"セタナグンイマカネチョウ","town":"高美町","town_kana":"タカミチョウ","prefecture_code":1},"4331":{"zip_code":"0494331","prefecture":"北海道","prefecture_kana":"ホッカイドウ","city":"瀬棚郡今金町","city_kana":"セタナグンイマカネチョウ","town":"田代","town_kana":"タシロ","prefecture_code":1},"4324":{"zip_code":"0494324","prefecture":"北海道","prefecture_kana":"ホッカイドウ","city":"瀬棚郡今金町","city_kana":"セタナグンイマカネチョウ","town":"種川","town_kana":"タネカワ","prefecture_code":1},"4337":{"zip_code":"0494337","prefecture":"北海道","prefecture_kana":"ホッカイドウ","city":"瀬棚郡今金町","city_kana":"セタナグンイマカネチョウ","town":"豊田","town_kana":"トヨタ","prefecture_code":1},"4154":{"zip_code":"0494154","prefecture":"北海道","prefecture_kana":"ホッカイドウ","city":"瀬棚郡今金町","city_kana":"セタナグンイマカネチョウ","town":"中里","town_kana":"ナカサト","prefecture_code":1},"4305":{"zip_code":"0494305","prefecture":"北海道","prefecture_kana":"ホッカイドウ","city":"瀬棚郡今金町","city_kana":"セタナグンイマカネチョウ","town":"南栄町","town_kana":"ナンエイチョウ","prefecture_code":1},"4333":{"zip_code":"0494333","prefecture":"北海道","prefecture_kana":"ホッカイドウ","city":"瀬棚郡今金町","city_kana":"セタナグンイマカネチョウ","town":"日進","town_kana":"ニッシン","prefecture_code":1},"4307":{"zip_code":"0494307","prefecture":"北海道","prefecture_kana":"ホッカイドウ","city":"瀬棚郡今金町","city_kana":"セタナグンイマカネチョウ","town":"八幡町","town_kana":"ハチマンチョウ","prefecture_code":1},"4153":{"zip_code":"0494153","prefecture":"北海道","prefecture_kana":"ホッカイドウ","city":"瀬棚郡今金町","city_kana":"セタナグンイマカネチョウ","town":"花石","town_kana":"ハナイシ","prefecture_code":1},"4323":{"zip_code":"0494323","prefecture":"北海道","prefecture_kana":"ホッカイドウ","city":"瀬棚郡今金町","city_kana":"セタナグンイマカネチョウ","town":"光台","town_kana":"ヒカリダイ","prefecture_code":1},"4302":{"zip_code":"0494302","prefecture":"北海道","prefecture_kana":"ホッカイドウ","city":"瀬棚郡今金町","city_kana":"セタナグンイマカネチョウ","town":"日の出町","town_kana":"ヒノデチョウ","prefecture_code":1},"4151":{"zip_code":"0494151","prefecture":"北海道","prefecture_kana":"ホッカイドウ","city":"瀬棚郡今金町","city_kana":"セタナグンイマカネチョウ","town":"美利河","town_kana":"ピリカ","prefecture_code":1},"4313":{"zip_code":"0494313","prefecture":"北海道","prefecture_kana":"ホッカイドウ","city":"瀬棚郡今金町","city_kana":"セタナグンイマカネチョウ","town":"本町","town_kana":"ホンチョウ","prefecture_code":1},"4322":{"zip_code":"0494322","prefecture":"北海道","prefecture_kana":"ホッカイドウ","city":"瀬棚郡今金町","city_kana":"セタナグンイマカネチョウ","town":"御影","town_kana":"ミカゲ","prefecture_code":1},"4317":{"zip_code":"0494317","prefecture":"北海道","prefecture_kana":"ホッカイドウ","city":"瀬棚郡今金町","city_kana":"セタナグンイマカネチョウ","town":"緑町","town_kana":"ミドリチョウ","prefecture_code":1},"4316":{"zip_code":"0494316","prefecture":"北海道","prefecture_kana":"ホッカイドウ","city":"瀬棚郡今金町","city_kana":"セタナグンイマカネチョウ","town":"南町","town_kana":"ミナミチョウ","prefecture_code":1},"4152":{"zip_code":"0494152","prefecture":"北海道","prefecture_kana":"ホッカイドウ","city":"瀬棚郡今金町","city_kana":"セタナグンイマカネチョウ","town":"宮島","town_kana":"ミヤジマ","prefecture_code":1},"4334":{"zip_code":"0494334","prefecture":"北海道","prefecture_kana":"ホッカイドウ","city":"瀬棚郡今金町","city_kana":"セタナグンイマカネチョウ","town":"八束","town_kana":"ヤツカ","prefecture_code":1},"4318":{"zip_code":"0494318","prefecture":"北海道","prefecture_kana":"ホッカイドウ","city":"瀬棚郡今金町","city_kana":"セタナグンイマカネチョウ","town":"大和町","town_kana":"ヤマトチョウ","prefecture_code":1},"4500":{"zip_code":"0494500","prefecture":"北海道","prefecture_kana":"ホッカイドウ","city":"久遠郡せたな町","city_kana":"クドウグンセタナチョウ","town":"","town_kana":"","prefecture_code":1},"4513":{"zip_code":"0494513","prefecture":"北海道","prefecture_kana":"ホッカイドウ","city":"久遠郡せたな町","city_kana":"クドウグンセタナチョウ","town":"北檜山区愛知","town_kana":"キタヒヤマクアイチ","prefecture_code":1},"4431":{"zip_code":"0494431","prefecture":"北海道","prefecture_kana":"ホッカイドウ","city":"久遠郡せたな町","city_kana":"クドウグンセタナチョウ","town":"北檜山区小倉山","town_kana":"キタヒヤマクオグラヤマ","prefecture_code":1},"4515":{"zip_code":"0494515","prefecture":"北海道","prefecture_kana":"ホッカイドウ","city":"久遠郡せたな町","city_kana":"クドウグンセタナチョウ","town":"北檜山区兜野","town_kana":"キタヒヤマクカブトノ","prefecture_code":1},"4501":{"zip_code":"0494501","prefecture":"北海道","prefecture_kana":"ホッカイドウ","city":"久遠郡せたな町","city_kana":"クドウグンセタナチョウ","town":"北檜山区北檜山","town_kana":"キタヒヤマクキタヒヤマ","prefecture_code":1},"4516":{"zip_code":"0494516","prefecture":"北海道","prefecture_kana":"ホッカイドウ","city":"久遠郡せたな町","city_kana":"クドウグンセタナチョウ","town":"北檜山区共和","town_kana":"キタヒヤマクキョウワ","prefecture_code":1},"4753":{"zip_code":"0494753","prefecture":"北海道","prefecture_kana":"ホッカイドウ","city":"久遠郡せたな町","city_kana":"クドウグンセタナチョウ","town":"北檜山区小川","town_kana":"キタヒヤマクコガワ","prefecture_code":1},"4751":{"zip_code":"0494751","prefecture":"北海道","prefecture_kana":"ホッカイドウ","city":"久遠郡せたな町","city_kana":"クドウグンセタナチョウ","town":"北檜山区栄","town_kana":"キタヒヤマクサカエ","prefecture_code":1},"4518":{"zip_code":"0494518","prefecture":"北海道","prefecture_kana":"ホッカイドウ","city":"久遠郡せたな町","city_kana":"クドウグンセタナチョウ","town":"北檜山区新成","town_kana":"キタヒヤマクシンセイ","prefecture_code":1},"4512":{"zip_code":"0494512","prefecture":"北海道","prefecture_kana":"ホッカイドウ","city":"久遠郡せたな町","city_kana":"クドウグンセタナチョウ","town":"北檜山区徳島","town_kana":"キタヒヤマクトクシマ","prefecture_code":1},"4755":{"zip_code":"0494755","prefecture":"北海道","prefecture_kana":"ホッカイドウ","city":"久遠郡せたな町","city_kana":"クドウグンセタナチョウ","town":"北檜山区富里","town_kana":"キタヒヤマクトミサト","prefecture_code":1},"4514":{"zip_code":"0494514","prefecture":"北海道","prefecture_kana":"ホッカイドウ","city":"久遠郡せたな町","city_kana":"クドウグンセタナチョウ","town":"北檜山区豊岡","town_kana":"キタヒヤマクトヨオカ","prefecture_code":1},"4434":{"zip_code":"0494434","prefecture":"北海道","prefecture_kana":"ホッカイドウ","city":"久遠郡せたな町","city_kana":"クドウグンセタナチョウ","town":"北檜山区西丹羽","town_kana":"キタヒヤマクニシニワ","prefecture_code":1},"4433":{"zip_code":"0494433","prefecture":"北海道","prefecture_kana":"ホッカイドウ","city":"久遠郡せたな町","city_kana":"クドウグンセタナチョウ","town":"北檜山区丹羽","town_kana":"キタヒヤマクニワ","prefecture_code":1},"4432":{"zip_code":"0494432","prefecture":"北海道","prefecture_kana":"ホッカイドウ","city":"久遠郡せたな町","city_kana":"クドウグンセタナチョウ","town":"北檜山区東丹羽","town_kana":"キタヒヤマクヒガシニワ","prefecture_code":1},"4754":{"zip_code":"0494754","prefecture":"北海道","prefecture_kana":"ホッカイドウ","city":"久遠郡せたな町","city_kana":"クドウグンセタナチョウ","town":"北檜山区二俣","town_kana":"キタヒヤマクフタマタ","prefecture_code":1},"4517":{"zip_code":"0494517","prefecture":"北海道","prefecture_kana":"ホッカイドウ","city":"久遠郡せたな町","city_kana":"クドウグンセタナチョウ","town":"北檜山区太櫓","town_kana":"キタヒヤマクフトロ","prefecture_code":1},"4511":{"zip_code":"0494511","prefecture":"北海道","prefecture_kana":"ホッカイドウ","city":"久遠郡せたな町","city_kana":"クドウグンセタナチョウ","town":"北檜山区松岡","town_kana":"キタヒヤマクマツオカ","prefecture_code":1},"4752":{"zip_code":"0494752","prefecture":"北海道","prefecture_kana":"ホッカイドウ","city":"久遠郡せたな町","city_kana":"クドウグンセタナチョウ","town":"北檜山区若松","town_kana":"キタヒヤマクワカマツ","prefecture_code":1},"4824":{"zip_code":"0494824","prefecture":"北海道","prefecture_kana":"ホッカイドウ","city":"久遠郡せたな町","city_kana":"クドウグンセタナチョウ","town":"瀬棚区北島歌","town_kana":"セタナクキタシマウタ","prefecture_code":1},"4827":{"zip_code":"0494827","prefecture":"北海道","prefecture_kana":"ホッカイドウ","city":"久遠郡せたな町","city_kana":"クドウグンセタナチョウ","town":"瀬棚区共和","town_kana":"セタナクキョウワ","prefecture_code":1},"4821":{"zip_code":"0494821","prefecture":"北海道","prefecture_kana":"ホッカイドウ","city":"久遠郡せたな町","city_kana":"クドウグンセタナチョウ","town":"瀬棚区三本杉","town_kana":"セタナクサンボンスギ","prefecture_code":1},"4823":{"zip_code":"0494823","prefecture":"北海道","prefecture_kana":"ホッカイドウ","city":"久遠郡せたな町","city_kana":"クドウグンセタナチョウ","town":"瀬棚区島歌","town_kana":"セタナクシマウタ","prefecture_code":1},"4825":{"zip_code":"0494825","prefecture":"北海道","prefecture_kana":"ホッカイドウ","city":"久遠郡せたな町","city_kana":"クドウグンセタナチョウ","town":"瀬棚区西大里","town_kana":"セタナクニシオオサト","prefecture_code":1},"4826":{"zip_code":"0494826","prefecture":"北海道","prefecture_kana":"ホッカイドウ","city":"久遠郡せたな町","city_kana":"クドウグンセタナチョウ","town":"瀬棚区東大里","town_kana":"セタナクヒガシオオサト","prefecture_code":1},"4816":{"zip_code":"0494816","prefecture":"北海道","prefecture_kana":"ホッカイドウ","city":"久遠郡せたな町","city_kana":"クドウグンセタナチョウ","town":"瀬棚区本町","town_kana":"セタナクホンチョウ","prefecture_code":1},"4801":{"zip_code":"0494801","prefecture":"北海道","prefecture_kana":"ホッカイドウ","city":"久遠郡せたな町","city_kana":"クドウグンセタナチョウ","town":"瀬棚区本町１区","town_kana":"セタナクホンチョウ1ク","prefecture_code":1},"4802":{"zip_code":"0494802","prefecture":"北海道","prefecture_kana":"ホッカイドウ","city":"久遠郡せたな町","city_kana":"クドウグンセタナチョウ","town":"瀬棚区本町２区","town_kana":"セタナクホンチョウ2ク","prefecture_code":1},"4803":{"zip_code":"0494803","prefecture":"北海道","prefecture_kana":"ホッカイドウ","city":"久遠郡せたな町","city_kana":"クドウグンセタナチョウ","town":"瀬棚区本町３区","town_kana":"セタナクホンチョウ3ク","prefecture_code":1},"4804":{"zip_code":"0494804","prefecture":"北海道","prefecture_kana":"ホッカイドウ","city":"久遠郡せたな町","city_kana":"クドウグンセタナチョウ","town":"瀬棚区本町４区","town_kana":"セタナクホンチョウ4ク","prefecture_code":1},"4805":{"zip_code":"0494805","prefecture":"北海道","prefecture_kana":"ホッカイドウ","city":"久遠郡せたな町","city_kana":"クドウグンセタナチョウ","town":"瀬棚区本町５区","town_kana":"セタナクホンチョウ5ク","prefecture_code":1},"4811":{"zip_code":"0494811","prefecture":"北海道","prefecture_kana":"ホッカイドウ","city":"久遠郡せたな町","city_kana":"クドウグンセタナチョウ","town":"瀬棚区本町６区","town_kana":"セタナクホンチョウ6ク","prefecture_code":1},"4812":{"zip_code":"0494812","prefecture":"北海道","prefecture_kana":"ホッカイドウ","city":"久遠郡せたな町","city_kana":"クドウグンセタナチョウ","town":"瀬棚区本町７区","town_kana":"セタナクホンチョウ7ク","prefecture_code":1},"4813":{"zip_code":"0494813","prefecture":"北海道","prefecture_kana":"ホッカイドウ","city":"久遠郡せたな町","city_kana":"クドウグンセタナチョウ","town":"瀬棚区本町８区","town_kana":"セタナクホンチョウ8ク","prefecture_code":1},"4814":{"zip_code":"0494814","prefecture":"北海道","prefecture_kana":"ホッカイドウ","city":"久遠郡せたな町","city_kana":"クドウグンセタナチョウ","town":"瀬棚区本町９区","town_kana":"セタナクホンチョウ9ク","prefecture_code":1},"4815":{"zip_code":"0494815","prefecture":"北海道","prefecture_kana":"ホッカイドウ","city":"久遠郡せたな町","city_kana":"クドウグンセタナチョウ","town":"瀬棚区本町１０区","town_kana":"セタナクホンチョウ10ク","prefecture_code":1},"4828":{"zip_code":"0494828","prefecture":"北海道","prefecture_kana":"ホッカイドウ","city":"久遠郡せたな町","city_kana":"クドウグンセタナチョウ","town":"瀬棚区南川","town_kana":"セタナクミナミカワ","prefecture_code":1},"4822":{"zip_code":"0494822","prefecture":"北海道","prefecture_kana":"ホッカイドウ","city":"久遠郡せたな町","city_kana":"クドウグンセタナチョウ","town":"瀬棚区元浦","town_kana":"セタナクモトウラ","prefecture_code":1},"5400":{"zip_code":"0495400","prefecture":"北海道","prefecture_kana":"ホッカイドウ","city":"虻田郡豊浦町","city_kana":"アブタグントヨウラチョウ","town":"","town_kana":"","prefecture_code":1},"5412":{"zip_code":"0495412","prefecture":"北海道","prefecture_kana":"ホッカイドウ","city":"虻田郡豊浦町","city_kana":"アブタグントヨウラチョウ","town":"旭町","town_kana":"アサヒチョウ","prefecture_code":1},"5332":{"zip_code":"0495332","prefecture":"北海道","prefecture_kana":"ホッカイドウ","city":"虻田郡豊浦町","city_kana":"アブタグントヨウラチョウ","town":"大岸","town_kana":"オオキシ","prefecture_code":1},"5413":{"zip_code":"0495413","prefecture":"北海道","prefecture_kana":"ホッカイドウ","city":"虻田郡豊浦町","city_kana":"アブタグントヨウラチョウ","town":"海岸町","town_kana":"カイガンチョウ","prefecture_code":1},"5407":{"zip_code":"0495407","prefecture":"北海道","prefecture_kana":"ホッカイドウ","city":"虻田郡豊浦町","city_kana":"アブタグントヨウラチョウ","town":"上泉","town_kana":"カミイズミ","prefecture_code":1},"5414":{"zip_code":"0495414","prefecture":"北海道","prefecture_kana":"ホッカイドウ","city":"虻田郡豊浦町","city_kana":"アブタグントヨウラチョウ","town":"幸町","town_kana":"サイワイチョウ","prefecture_code":1},"5404":{"zip_code":"0495404","prefecture":"北海道","prefecture_kana":"ホッカイドウ","city":"虻田郡豊浦町","city_kana":"アブタグントヨウラチョウ","town":"桜","town_kana":"サクラ","prefecture_code":1},"5411":{"zip_code":"0495411","prefecture":"北海道","prefecture_kana":"ホッカイドウ","city":"虻田郡豊浦町","city_kana":"アブタグントヨウラチョウ","town":"東雲町","town_kana":"シノノメチョウ","prefecture_code":1},"5408":{"zip_code":"0495408","prefecture":"北海道","prefecture_kana":"ホッカイドウ","city":"虻田郡豊浦町","city_kana":"アブタグントヨウラチョウ","town":"新富","town_kana":"シントミ","prefecture_code":1},"5406":{"zip_code":"0495406","prefecture":"北海道","prefecture_kana":"ホッカイドウ","city":"虻田郡豊浦町","city_kana":"アブタグントヨウラチョウ","town":"新山梨","town_kana":"シンヤマナシ","prefecture_code":1},"5405":{"zip_code":"0495405","prefecture":"北海道","prefecture_kana":"ホッカイドウ","city":"虻田郡豊浦町","city_kana":"アブタグントヨウラチョウ","town":"高岡","town_kana":"タカオカ","prefecture_code":1},"5331":{"zip_code":"0495331","prefecture":"北海道","prefecture_kana":"ホッカイドウ","city":"虻田郡豊浦町","city_kana":"アブタグントヨウラチョウ","town":"豊泉","town_kana":"トヨイズミ","prefecture_code":1},"5415":{"zip_code":"0495415","prefecture":"北海道","prefecture_kana":"ホッカイドウ","city":"虻田郡豊浦町","city_kana":"アブタグントヨウラチョウ","town":"浜町","town_kana":"ハマチョウ","prefecture_code":1},"5416":{"zip_code":"0495416","prefecture":"北海道","prefecture_kana":"ホッカイドウ","city":"虻田郡豊浦町","city_kana":"アブタグントヨウラチョウ","town":"船見町","town_kana":"フナミチョウ","prefecture_code":1},"5403":{"zip_code":"0495403","prefecture":"北海道","prefecture_kana":"ホッカイドウ","city":"虻田郡豊浦町","city_kana":"アブタグントヨウラチョウ","town":"美和","town_kana":"ミワ","prefecture_code":1},"5402":{"zip_code":"0495402","prefecture":"北海道","prefecture_kana":"ホッカイドウ","city":"虻田郡豊浦町","city_kana":"アブタグントヨウラチョウ","town":"大和","town_kana":"ヤマト","prefecture_code":1},"5401":{"zip_code":"0495401","prefecture":"北海道","prefecture_kana":"ホッカイドウ","city":"虻田郡豊浦町","city_kana":"アブタグントヨウラチョウ","town":"山梨","town_kana":"ヤマナシ","prefecture_code":1},"5333":{"zip_code":"0495333","prefecture":"北海道","prefecture_kana":"ホッカイドウ","city":"虻田郡豊浦町","city_kana":"アブタグントヨウラチョウ","town":"礼文華","town_kana":"レブンゲ","prefecture_code":1},"5731":{"zip_code":"0495731","prefecture":"北海道","prefecture_kana":"ホッカイドウ","city":"有珠郡壮瞥町","city_kana":"ウスグンソウベツチョウ","town":"洞爺湖温泉","town_kana":"トウヤコオンセン","prefecture_code":1},"5600":{"zip_code":"0495600","prefecture":"北海道","prefecture_kana":"ホッカイドウ","city":"虻田郡洞爺湖町","city_kana":"アブタグントウヤコチョウ","town":"","town_kana":"","prefecture_code":1},"5601":{"zip_code":"0495601","prefecture":"北海道","prefecture_kana":"ホッカイドウ","city":"虻田郡洞爺湖町","city_kana":"アブタグントウヤコチョウ","town":"青葉町","town_kana":"アオバチョウ","prefecture_code":1},"5801":{"zip_code":"0495801","prefecture":"北海道","prefecture_kana":"ホッカイドウ","city":"虻田郡洞爺湖町","city_kana":"アブタグントウヤコチョウ","town":"旭浦","town_kana":"アサヒウラ","prefecture_code":1},"5611":{"zip_code":"0495611","prefecture":"北海道","prefecture_kana":"ホッカイドウ","city":"虻田郡洞爺湖町","city_kana":"アブタグントウヤコチョウ","town":"旭町","town_kana":"アサヒチョウ","prefecture_code":1},"5602":{"zip_code":"0495602","prefecture":"北海道","prefecture_kana":"ホッカイドウ","city":"虻田郡洞爺湖町","city_kana":"アブタグントウヤコチョウ","town":"泉","town_kana":"イズミ","prefecture_code":1},"5603":{"zip_code":"0495603","prefecture":"北海道","prefecture_kana":"ホッカイドウ","city":"虻田郡洞爺湖町","city_kana":"アブタグントウヤコチョウ","town":"入江","town_kana":"イリエ","prefecture_code":1},"5811":{"zip_code":"0495811","prefecture":"北海道","prefecture_kana":"ホッカイドウ","city":"虻田郡洞爺湖町","city_kana":"アブタグントウヤコチョウ","town":"岩屋","town_kana":"イワヤ","prefecture_code":1},"5612":{"zip_code":"0495612","prefecture":"北海道","prefecture_kana":"ホッカイドウ","city":"虻田郡洞爺湖町","city_kana":"アブタグントウヤコチョウ","town":"大磯町","town_kana":"オオイソチョウ","prefecture_code":1},"5821":{"zip_code":"0495821","prefecture":"北海道","prefecture_kana":"ホッカイドウ","city":"虻田郡洞爺湖町","city_kana":"アブタグントウヤコチョウ","town":"大原","town_kana":"オオハラ","prefecture_code":1},"5831":{"zip_code":"0495831","prefecture":"北海道","prefecture_kana":"ホッカイドウ","city":"虻田郡洞爺湖町","city_kana":"アブタグントウヤコチョウ","town":"香川","town_kana":"カガワ","prefecture_code":1},"5812":{"zip_code":"0495812","prefecture":"北海道","prefecture_kana":"ホッカイドウ","city":"虻田郡洞爺湖町","city_kana":"アブタグントウヤコチョウ","town":"川東","town_kana":"カワヒガシ","prefecture_code":1},"5604":{"zip_code":"0495604","prefecture":"北海道","prefecture_kana":"ホッカイドウ","city":"虻田郡洞爺湖町","city_kana":"アブタグントウヤコチョウ","town":"栄町","town_kana":"サカエチョウ","prefecture_code":1},"5722":{"zip_code":"0495722","prefecture":"北海道","prefecture_kana":"ホッカイドウ","city":"虻田郡洞爺湖町","city_kana":"アブタグントウヤコチョウ","town":"清水","town_kana":"シミズ","prefecture_code":1},"5613":{"zip_code":"0495613","prefecture":"北海道","prefecture_kana":"ホッカイドウ","city":"虻田郡洞爺湖町","city_kana":"アブタグントウヤコチョウ","town":"清水","town_kana":"シミズ","prefecture_code":1},"5605":{"zip_code":"0495605","prefecture":"北海道","prefecture_kana":"ホッカイドウ","city":"虻田郡洞爺湖町","city_kana":"アブタグントウヤコチョウ","town":"高砂町","town_kana":"タカサゴチョウ","prefecture_code":1},"5813":{"zip_code":"0495813","prefecture":"北海道","prefecture_kana":"ホッカイドウ","city":"虻田郡洞爺湖町","city_kana":"アブタグントウヤコチョウ","town":"財田","town_kana":"タカラダ","prefecture_code":1},"5723":{"zip_code":"0495723","prefecture":"北海道","prefecture_kana":"ホッカイドウ","city":"虻田郡洞爺湖町","city_kana":"アブタグントウヤコチョウ","town":"月浦","town_kana":"ツキウラ","prefecture_code":1},"5721":{"zip_code":"0495721","prefecture":"北海道","prefecture_kana":"ホッカイドウ","city":"虻田郡洞爺湖町","city_kana":"アブタグントウヤコチョウ","town":"洞爺湖温泉","town_kana":"トウヤコオンセン","prefecture_code":1},"5802":{"zip_code":"0495802","prefecture":"北海道","prefecture_kana":"ホッカイドウ","city":"虻田郡洞爺湖町","city_kana":"アブタグントウヤコチョウ","town":"洞爺町","town_kana":"トウヤマチ","prefecture_code":1},"5822":{"zip_code":"0495822","prefecture":"北海道","prefecture_kana":"ホッカイドウ","city":"虻田郡洞爺湖町","city_kana":"アブタグントウヤコチョウ","town":"富丘","town_kana":"トミオカ","prefecture_code":1},"5832":{"zip_code":"0495832","prefecture":"北海道","prefecture_kana":"ホッカイドウ","city":"虻田郡洞爺湖町","city_kana":"アブタグントウヤコチョウ","town":"成香","town_kana":"ナルカ","prefecture_code":1},"5724":{"zip_code":"0495724","prefecture":"北海道","prefecture_kana":"ホッカイドウ","city":"虻田郡洞爺湖町","city_kana":"アブタグントウヤコチョウ","town":"花和","town_kana":"ハナワ","prefecture_code":1},"5614":{"zip_code":"0495614","prefecture":"北海道","prefecture_kana":"ホッカイドウ","city":"虻田郡洞爺湖町","city_kana":"アブタグントウヤコチョウ","town":"浜町","town_kana":"ハマチョウ","prefecture_code":1},"5814":{"zip_code":"0495814","prefecture":"北海道","prefecture_kana":"ホッカイドウ","city":"虻田郡洞爺湖町","city_kana":"アブタグントウヤコチョウ","town":"早月","town_kana":"ハヤツキ","prefecture_code":1},"5833":{"zip_code":"0495833","prefecture":"北海道","prefecture_kana":"ホッカイドウ","city":"虻田郡洞爺湖町","city_kana":"アブタグントウヤコチョウ","town":"伏見","town_kana":"フシミ","prefecture_code":1},"5615":{"zip_code":"0495615","prefecture":"北海道","prefecture_kana":"ホッカイドウ","city":"虻田郡洞爺湖町","city_kana":"アブタグントウヤコチョウ","town":"本町","town_kana":"ホンチョウ","prefecture_code":1},"5616":{"zip_code":"0495616","prefecture":"北海道","prefecture_kana":"ホッカイドウ","city":"虻田郡洞爺湖町","city_kana":"アブタグントウヤコチョウ","town":"三豊","town_kana":"ミトヨ","prefecture_code":1}}