{"0041":{"zip_code":"0580041","prefecture":"北海道","prefecture_kana":"ホッカイドウ","city":"浦河郡浦河町","city_kana":"ウラカワグンウラカワチョウ","town":"東幌別","town_kana":"ヒガシホロベツ","prefecture_code":1},"0000":{"zip_code":"0580000","prefecture":"北海道","prefecture_kana":"ホッカイドウ","city":"様似郡様似町","city_kana":"サマニグンサマニチョウ","town":"","town_kana":"","prefecture_code":1},"0001":{"zip_code":"0580001","prefecture":"北海道","prefecture_kana":"ホッカイドウ","city":"様似郡様似町","city_kana":"サマニグンサマニチョウ","town":"旭","town_kana":"アサヒ","prefecture_code":1},"0012":{"zip_code":"0580012","prefecture":"北海道","prefecture_kana":"ホッカイドウ","city":"様似郡様似町","city_kana":"サマニグンサマニチョウ","town":"朝日丘","town_kana":"アサヒオカ","prefecture_code":1},"0033":{"zip_code":"0580033","prefecture":"北海道","prefecture_kana":"ホッカイドウ","city":"様似郡様似町","city_kana":"サマニグンサマニチョウ","town":"鵜苫","town_kana":"ウトマ","prefecture_code":1},"0014":{"zip_code":"0580014","prefecture":"北海道","prefecture_kana":"ホッカイドウ","city":"様似郡様似町","city_kana":"サマニグンサマニチョウ","town":"大通","town_kana":"オオドオリ","prefecture_code":1},"0022":{"zip_code":"0580022","prefecture":"北海道","prefecture_kana":"ホッカイドウ","city":"様似郡様似町","city_kana":"サマニグンサマニチョウ","town":"岡田","town_kana":"オカダ","prefecture_code":1},"0024":{"zip_code":"0580024","prefecture":"北海道","prefecture_kana":"ホッカイドウ","city":"様似郡様似町","city_kana":"サマニグンサマニチョウ","town":"会所町","town_kana":"カイショマチ","prefecture_code":1},"0023":{"zip_code":"0580023","prefecture":"北海道","prefecture_kana":"ホッカイドウ","city":"様似郡様似町","city_kana":"サマニグンサマニチョウ","town":"栄町","town_kana":"サカエマチ","prefecture_code":1},"0027":{"zip_code":"0580027","prefecture":"北海道","prefecture_kana":"ホッカイドウ","city":"様似郡様似町","city_kana":"サマニグンサマニチョウ","town":"潮見台","town_kana":"シオミダイ","prefecture_code":1},"0021":{"zip_code":"0580021","prefecture":"北海道","prefecture_kana":"ホッカイドウ","city":"様似郡様似町","city_kana":"サマニグンサマニチョウ","town":"新富","town_kana":"シントミ","prefecture_code":1},"0011":{"zip_code":"0580011","prefecture":"北海道","prefecture_kana":"ホッカイドウ","city":"様似郡様似町","city_kana":"サマニグンサマニチョウ","town":"田代","town_kana":"タシロ","prefecture_code":1},"0015":{"zip_code":"0580015","prefecture":"北海道","prefecture_kana":"ホッカイドウ","city":"様似郡様似町","city_kana":"サマニグンサマニチョウ","town":"錦町","town_kana":"ニシキマチ","prefecture_code":1},"0031":{"zip_code":"0580031","prefecture":"北海道","prefecture_kana":"ホッカイドウ","city":"様似郡様似町","city_kana":"サマニグンサマニチョウ","town":"西様似","town_kana":"ニシサマニ","prefecture_code":1},"0032":{"zip_code":"0580032","prefecture":"北海道","prefecture_kana":"ホッカイドウ","city":"様似郡様似町","city_kana":"サマニグンサマニチョウ","town":"西町","town_kana":"ニシマチ","prefecture_code":1},"0004":{"zip_code":"0580004","prefecture":"北海道","prefecture_kana":"ホッカイドウ","city":"様似郡様似町","city_kana":"サマニグンサマニチョウ","town":"平宇","town_kana":"ヒラウ","prefecture_code":1},"0003":{"zip_code":"0580003","prefecture":"北海道","prefecture_kana":"ホッカイドウ","city":"様似郡様似町","city_kana":"サマニグンサマニチョウ","town":"冬島","town_kana":"フユシマ","prefecture_code":1},"0002":{"zip_code":"0580002","prefecture":"北海道","prefecture_kana":"ホッカイドウ","city":"様似郡様似町","city_kana":"サマニグンサマニチョウ","town":"幌満","town_kana":"ホロマン","prefecture_code":1},"0026":{"zip_code":"0580026","prefecture":"北海道","prefecture_kana":"ホッカイドウ","city":"様似郡様似町","city_kana":"サマニグンサマニチョウ","town":"本町","town_kana":"ホンチョウ","prefecture_code":1},"0013":{"zip_code":"0580013","prefecture":"北海道","prefecture_kana":"ホッカイドウ","city":"様似郡様似町","city_kana":"サマニグンサマニチョウ","town":"緑町","town_kana":"ミドリマチ","prefecture_code":1},"0025":{"zip_code":"0580025","prefecture":"北海道","prefecture_kana":"ホッカイドウ","city":"様似郡様似町","city_kana":"サマニグンサマニチョウ","town":"港町","town_kana":"ミナトマチ","prefecture_code":1},"0200":{"zip_code":"0580200","prefecture":"北海道","prefecture_kana":"ホッカイドウ","city":"幌泉郡えりも町","city_kana":"ホロイズミグンエリモチョウ","town":"","town_kana":"","prefecture_code":1},"0202":{"zip_code":"0580202","prefecture":"北海道","prefecture_kana":"ホッカイドウ","city":"幌泉郡えりも町","city_kana":"ホロイズミグンエリモチョウ","town":"歌別","town_kana":"ウタベツ","prefecture_code":1},"0342":{"zip_code":"0580342","prefecture":"北海道","prefecture_kana":"ホッカイドウ","city":"幌泉郡えりも町","city_kana":"ホロイズミグンエリモチョウ","town":"えりも岬","town_kana":"エリモミサキ","prefecture_code":1},"0421":{"zip_code":"0580421","prefecture":"北海道","prefecture_kana":"ホッカイドウ","city":"幌泉郡えりも町","city_kana":"ホロイズミグンエリモチョウ","town":"庶野","town_kana":"ショヤ","prefecture_code":1},"0203":{"zip_code":"0580203","prefecture":"北海道","prefecture_kana":"ホッカイドウ","city":"幌泉郡えりも町","city_kana":"ホロイズミグンエリモチョウ","town":"新浜","town_kana":"シンハマ","prefecture_code":1},"0207":{"zip_code":"0580207","prefecture":"北海道","prefecture_kana":"ホッカイドウ","city":"幌泉郡えりも町","city_kana":"ホロイズミグンエリモチョウ","town":"近浦","town_kana":"チカウラ","prefecture_code":1},"0343":[{"zip_code":"0580343","prefecture":"北海道","prefecture_kana":"ホッカイドウ","city":"幌泉郡えりも町","city_kana":"ホロイズミグンエリモチョウ","town":"東洋油駒","town_kana":"トウヨウアブラコマ","prefecture_code":1},{"zip_code":"0580343","prefecture":"北海道","prefecture_kana":"ホッカイドウ","city":"幌泉郡えりも町","city_kana":"ホロイズミグンエリモチョウ","town":"東洋南東洋","town_kana":"トウヨウミナミトウヨウ","prefecture_code":1},{"zip_code":"0580343","prefecture":"北海道","prefecture_kana":"ホッカイドウ","city":"幌泉郡えりも町","city_kana":"ホロイズミグンエリモチョウ","town":"東洋","town_kana":"トウヨウ","prefecture_code":1}],"0201":[{"zip_code":"0580201","prefecture":"北海道","prefecture_kana":"ホッカイドウ","city":"幌泉郡えりも町","city_kana":"ホロイズミグンエリモチョウ","town":"東洋歌露","town_kana":"トウヨウウタロ","prefecture_code":1},{"zip_code":"0580201","prefecture":"北海道","prefecture_kana":"ホッカイドウ","city":"幌泉郡えりも町","city_kana":"ホロイズミグンエリモチョウ","town":"東洋坂岸","town_kana":"トウヨウサカギシ","prefecture_code":1},{"zip_code":"0580201","prefecture":"北海道","prefecture_kana":"ホッカイドウ","city":"幌泉郡えりも町","city_kana":"ホロイズミグンエリモチョウ","town":"東洋エンドモ","town_kana":"トウヨウエンドモ","prefecture_code":1},{"zip_code":"0580201","prefecture":"北海道","prefecture_kana":"ホッカイドウ","city":"幌泉郡えりも町","city_kana":"ホロイズミグンエリモチョウ","town":"東洋エンドマカゲ","town_kana":"トウヨウエンドマカゲ","prefecture_code":1}],"0341":{"zip_code":"0580341","prefecture":"北海道","prefecture_kana":"ホッカイドウ","city":"幌泉郡えりも町","city_kana":"ホロイズミグンエリモチョウ","town":"苫別","town_kana":"トマベツ","prefecture_code":1},"0206":{"zip_code":"0580206","prefecture":"北海道","prefecture_kana":"ホッカイドウ","city":"幌泉郡えりも町","city_kana":"ホロイズミグンエリモチョウ","town":"笛舞","town_kana":"フエマイ","prefecture_code":1},"0204":{"zip_code":"0580204","prefecture":"北海道","prefecture_kana":"ホッカイドウ","city":"幌泉郡えりも町","city_kana":"ホロイズミグンエリモチョウ","town":"本町","town_kana":"ホンチョウ","prefecture_code":1},"0422":{"zip_code":"0580422","prefecture":"北海道","prefecture_kana":"ホッカイドウ","city":"幌泉郡えりも町","city_kana":"ホロイズミグンエリモチョウ","town":"目黒","town_kana":"メグロ","prefecture_code":1},"0205":{"zip_code":"0580205","prefecture":"北海道","prefecture_kana":"ホッカイドウ","city":"幌泉郡えりも町","city_kana":"ホロイズミグンエリモチョウ","town":"大和","town_kana":"ヤマト","prefecture_code":1}}