{"8311":{"zip_code":"0788311","prefecture":"北海道","prefecture_kana":"ホッカイドウ","city":"旭川市","city_kana":"アサヒカワシ","town":"神楽岡１条","town_kana":"カグラオカ1ジョウ","prefecture_code":1},"8312":{"zip_code":"0788312","prefecture":"北海道","prefecture_kana":"ホッカイドウ","city":"旭川市","city_kana":"アサヒカワシ","town":"神楽岡２条","town_kana":"カグラオカ2ジョウ","prefecture_code":1},"8313":{"zip_code":"0788313","prefecture":"北海道","prefecture_kana":"ホッカイドウ","city":"旭川市","city_kana":"アサヒカワシ","town":"神楽岡３条","town_kana":"カグラオカ3ジョウ","prefecture_code":1},"8314":{"zip_code":"0788314","prefecture":"北海道","prefecture_kana":"ホッカイドウ","city":"旭川市","city_kana":"アサヒカワシ","town":"神楽岡４条","town_kana":"カグラオカ4ジョウ","prefecture_code":1},"8315":{"zip_code":"0788315","prefecture":"北海道","prefecture_kana":"ホッカイドウ","city":"旭川市","city_kana":"アサヒカワシ","town":"神楽岡５条","town_kana":"カグラオカ5ジョウ","prefecture_code":1},"8316":{"zip_code":"0788316","prefecture":"北海道","prefecture_kana":"ホッカイドウ","city":"旭川市","city_kana":"アサヒカワシ","town":"神楽岡６条","town_kana":"カグラオカ6ジョウ","prefecture_code":1},"8317":{"zip_code":"0788317","prefecture":"北海道","prefecture_kana":"ホッカイドウ","city":"旭川市","city_kana":"アサヒカワシ","town":"神楽岡７条","town_kana":"カグラオカ7ジョウ","prefecture_code":1},"8318":{"zip_code":"0788318","prefecture":"北海道","prefecture_kana":"ホッカイドウ","city":"旭川市","city_kana":"アサヒカワシ","town":"神楽岡８条","town_kana":"カグラオカ8ジョウ","prefecture_code":1},"8319":{"zip_code":"0788319","prefecture":"北海道","prefecture_kana":"ホッカイドウ","city":"旭川市","city_kana":"アサヒカワシ","town":"神楽岡９条","town_kana":"カグラオカ9ジョウ","prefecture_code":1},"8320":{"zip_code":"0788320","prefecture":"北海道","prefecture_kana":"ホッカイドウ","city":"旭川市","city_kana":"アサヒカワシ","town":"神楽岡１０条","town_kana":"カグラオカ10ジョウ","prefecture_code":1},"8321":{"zip_code":"0788321","prefecture":"北海道","prefecture_kana":"ホッカイドウ","city":"旭川市","city_kana":"アサヒカワシ","town":"神楽岡１１条","town_kana":"カグラオカ11ジョウ","prefecture_code":1},"8322":{"zip_code":"0788322","prefecture":"北海道","prefecture_kana":"ホッカイドウ","city":"旭川市","city_kana":"アサヒカワシ","town":"神楽岡１２条","town_kana":"カグラオカ12ジョウ","prefecture_code":1},"8323":{"zip_code":"0788323","prefecture":"北海道","prefecture_kana":"ホッカイドウ","city":"旭川市","city_kana":"アサヒカワシ","town":"神楽岡１３条","town_kana":"カグラオカ13ジョウ","prefecture_code":1},"8324":{"zip_code":"0788324","prefecture":"北海道","prefecture_kana":"ホッカイドウ","city":"旭川市","city_kana":"アサヒカワシ","town":"神楽岡１４条","town_kana":"カグラオカ14ジョウ","prefecture_code":1},"8325":{"zip_code":"0788325","prefecture":"北海道","prefecture_kana":"ホッカイドウ","city":"旭川市","city_kana":"アサヒカワシ","town":"神楽岡１５条","town_kana":"カグラオカ15ジョウ","prefecture_code":1},"8326":{"zip_code":"0788326","prefecture":"北海道","prefecture_kana":"ホッカイドウ","city":"旭川市","city_kana":"アサヒカワシ","town":"神楽岡１６条","town_kana":"カグラオカ16ジョウ","prefecture_code":1},"8327":{"zip_code":"0788327","prefecture":"北海道","prefecture_kana":"ホッカイドウ","city":"旭川市","city_kana":"アサヒカワシ","town":"神楽岡公園","town_kana":"カグラオカコウエン","prefecture_code":1},"0185":{"zip_code":"0780185","prefecture":"北海道","prefecture_kana":"ホッカイドウ","city":"旭川市","city_kana":"アサヒカワシ","town":"神居町神居古潭","town_kana":"カムイチョウカムイコタン","prefecture_code":1},"0186":{"zip_code":"0780186","prefecture":"北海道","prefecture_kana":"ホッカイドウ","city":"旭川市","city_kana":"アサヒカワシ","town":"神居町西丘","town_kana":"カムイチョウニシオカ","prefecture_code":1},"8371":{"zip_code":"0788371","prefecture":"北海道","prefecture_kana":"ホッカイドウ","city":"旭川市","city_kana":"アサヒカワシ","town":"旭神１条","town_kana":"キョクシン1ジョウ","prefecture_code":1},"8372":{"zip_code":"0788372","prefecture":"北海道","prefecture_kana":"ホッカイドウ","city":"旭川市","city_kana":"アサヒカワシ","town":"旭神２条","town_kana":"キョクシン2ジョウ","prefecture_code":1},"8373":{"zip_code":"0788373","prefecture":"北海道","prefecture_kana":"ホッカイドウ","city":"旭川市","city_kana":"アサヒカワシ","town":"旭神３条","town_kana":"キョクシン3ジョウ","prefecture_code":1},"8308":{"zip_code":"0788308","prefecture":"北海道","prefecture_kana":"ホッカイドウ","city":"旭川市","city_kana":"アサヒカワシ","town":"旭神町","town_kana":"キョクシンチョウ","prefecture_code":1},"8271":{"zip_code":"0788271","prefecture":"北海道","prefecture_kana":"ホッカイドウ","city":"旭川市","city_kana":"アサヒカワシ","town":"工業団地１条","town_kana":"コウギョウダンチ1ジョウ","prefecture_code":1},"8272":{"zip_code":"0788272","prefecture":"北海道","prefecture_kana":"ホッカイドウ","city":"旭川市","city_kana":"アサヒカワシ","town":"工業団地２条","town_kana":"コウギョウダンチ2ジョウ","prefecture_code":1},"8273":{"zip_code":"0788273","prefecture":"北海道","prefecture_kana":"ホッカイドウ","city":"旭川市","city_kana":"アサヒカワシ","town":"工業団地３条","town_kana":"コウギョウダンチ3ジョウ","prefecture_code":1},"8274":{"zip_code":"0788274","prefecture":"北海道","prefecture_kana":"ホッカイドウ","city":"旭川市","city_kana":"アサヒカワシ","town":"工業団地４条","town_kana":"コウギョウダンチ4ジョウ","prefecture_code":1},"8275":{"zip_code":"0788275","prefecture":"北海道","prefecture_kana":"ホッカイドウ","city":"旭川市","city_kana":"アサヒカワシ","town":"工業団地５条","town_kana":"コウギョウダンチ5ジョウ","prefecture_code":1},"8341":{"zip_code":"0788341","prefecture":"北海道","prefecture_kana":"ホッカイドウ","city":"旭川市","city_kana":"アサヒカワシ","town":"東光１条","town_kana":"トウコウ1ジョウ","prefecture_code":1},"8342":{"zip_code":"0788342","prefecture":"北海道","prefecture_kana":"ホッカイドウ","city":"旭川市","city_kana":"アサヒカワシ","town":"東光２条","town_kana":"トウコウ2ジョウ","prefecture_code":1},"8343":{"zip_code":"0788343","prefecture":"北海道","prefecture_kana":"ホッカイドウ","city":"旭川市","city_kana":"アサヒカワシ","town":"東光３条","town_kana":"トウコウ3ジョウ","prefecture_code":1},"8344":{"zip_code":"0788344","prefecture":"北海道","prefecture_kana":"ホッカイドウ","city":"旭川市","city_kana":"アサヒカワシ","town":"東光４条","town_kana":"トウコウ4ジョウ","prefecture_code":1},"8345":{"zip_code":"0788345","prefecture":"北海道","prefecture_kana":"ホッカイドウ","city":"旭川市","city_kana":"アサヒカワシ","town":"東光５条","town_kana":"トウコウ5ジョウ","prefecture_code":1},"8346":{"zip_code":"0788346","prefecture":"北海道","prefecture_kana":"ホッカイドウ","city":"旭川市","city_kana":"アサヒカワシ","town":"東光６条","town_kana":"トウコウ6ジョウ","prefecture_code":1},"8347":{"zip_code":"0788347","prefecture":"北海道","prefecture_kana":"ホッカイドウ","city":"旭川市","city_kana":"アサヒカワシ","town":"東光７条","town_kana":"トウコウ7ジョウ","prefecture_code":1},"8348":{"zip_code":"0788348","prefecture":"北海道","prefecture_kana":"ホッカイドウ","city":"旭川市","city_kana":"アサヒカワシ","town":"東光８条","town_kana":"トウコウ8ジョウ","prefecture_code":1},"8349":{"zip_code":"0788349","prefecture":"北海道","prefecture_kana":"ホッカイドウ","city":"旭川市","city_kana":"アサヒカワシ","town":"東光９条","town_kana":"トウコウ9ジョウ","prefecture_code":1},"8350":{"zip_code":"0788350","prefecture":"北海道","prefecture_kana":"ホッカイドウ","city":"旭川市","city_kana":"アサヒカワシ","town":"東光１０条","town_kana":"トウコウ10ジョウ","prefecture_code":1},"8351":{"zip_code":"0788351","prefecture":"北海道","prefecture_kana":"ホッカイドウ","city":"旭川市","city_kana":"アサヒカワシ","town":"東光１１条","town_kana":"トウコウ11ジョウ","prefecture_code":1},"8352":{"zip_code":"0788352","prefecture":"北海道","prefecture_kana":"ホッカイドウ","city":"旭川市","city_kana":"アサヒカワシ","town":"東光１２条","town_kana":"トウコウ12ジョウ","prefecture_code":1},"8353":{"zip_code":"0788353","prefecture":"北海道","prefecture_kana":"ホッカイドウ","city":"旭川市","city_kana":"アサヒカワシ","town":"東光１３条","town_kana":"トウコウ13ジョウ","prefecture_code":1},"8354":{"zip_code":"0788354","prefecture":"北海道","prefecture_kana":"ホッカイドウ","city":"旭川市","city_kana":"アサヒカワシ","town":"東光１４条","town_kana":"トウコウ14ジョウ","prefecture_code":1},"8355":{"zip_code":"0788355","prefecture":"北海道","prefecture_kana":"ホッカイドウ","city":"旭川市","city_kana":"アサヒカワシ","town":"東光１５条","town_kana":"トウコウ15ジョウ","prefecture_code":1},"8356":{"zip_code":"0788356","prefecture":"北海道","prefecture_kana":"ホッカイドウ","city":"旭川市","city_kana":"アサヒカワシ","town":"東光１６条","town_kana":"トウコウ16ジョウ","prefecture_code":1},"8357":{"zip_code":"0788357","prefecture":"北海道","prefecture_kana":"ホッカイドウ","city":"旭川市","city_kana":"アサヒカワシ","town":"東光１７条","town_kana":"トウコウ17ジョウ","prefecture_code":1},"8358":{"zip_code":"0788358","prefecture":"北海道","prefecture_kana":"ホッカイドウ","city":"旭川市","city_kana":"アサヒカワシ","town":"東光１８条","town_kana":"トウコウ18ジョウ","prefecture_code":1},"8359":{"zip_code":"0788359","prefecture":"北海道","prefecture_kana":"ホッカイドウ","city":"旭川市","city_kana":"アサヒカワシ","town":"東光１９条","town_kana":"トウコウ19ジョウ","prefecture_code":1},"8360":{"zip_code":"0788360","prefecture":"北海道","prefecture_kana":"ホッカイドウ","city":"旭川市","city_kana":"アサヒカワシ","town":"東光２０条","town_kana":"トウコウ20ジョウ","prefecture_code":1},"8361":{"zip_code":"0788361","prefecture":"北海道","prefecture_kana":"ホッカイドウ","city":"旭川市","city_kana":"アサヒカワシ","town":"東光２１条","town_kana":"トウコウ21ジョウ","prefecture_code":1},"8362":{"zip_code":"0788362","prefecture":"北海道","prefecture_kana":"ホッカイドウ","city":"旭川市","city_kana":"アサヒカワシ","town":"東光２２条","town_kana":"トウコウ22ジョウ","prefecture_code":1},"8363":{"zip_code":"0788363","prefecture":"北海道","prefecture_kana":"ホッカイドウ","city":"旭川市","city_kana":"アサヒカワシ","town":"東光２３条","town_kana":"トウコウ23ジョウ","prefecture_code":1},"8364":{"zip_code":"0788364","prefecture":"北海道","prefecture_kana":"ホッカイドウ","city":"旭川市","city_kana":"アサヒカワシ","town":"東光２４条","town_kana":"トウコウ24ジョウ","prefecture_code":1},"8365":{"zip_code":"0788365","prefecture":"北海道","prefecture_kana":"ホッカイドウ","city":"旭川市","city_kana":"アサヒカワシ","town":"東光２５条","town_kana":"トウコウ25ジョウ","prefecture_code":1},"8366":{"zip_code":"0788366","prefecture":"北海道","prefecture_kana":"ホッカイドウ","city":"旭川市","city_kana":"アサヒカワシ","town":"東光２６条","town_kana":"トウコウ26ジョウ","prefecture_code":1},"8367":{"zip_code":"0788367","prefecture":"北海道","prefecture_kana":"ホッカイドウ","city":"旭川市","city_kana":"アサヒカワシ","town":"東光２７条","town_kana":"トウコウ27ジョウ","prefecture_code":1},"8231":{"zip_code":"0788231","prefecture":"北海道","prefecture_kana":"ホッカイドウ","city":"旭川市","city_kana":"アサヒカワシ","town":"豊岡１条","town_kana":"トヨオカ1ジョウ","prefecture_code":1},"8232":{"zip_code":"0788232","prefecture":"北海道","prefecture_kana":"ホッカイドウ","city":"旭川市","city_kana":"アサヒカワシ","town":"豊岡２条","town_kana":"トヨオカ2ジョウ","prefecture_code":1},"8233":{"zip_code":"0788233","prefecture":"北海道","prefecture_kana":"ホッカイドウ","city":"旭川市","city_kana":"アサヒカワシ","town":"豊岡３条","town_kana":"トヨオカ3ジョウ","prefecture_code":1},"8234":{"zip_code":"0788234","prefecture":"北海道","prefecture_kana":"ホッカイドウ","city":"旭川市","city_kana":"アサヒカワシ","town":"豊岡４条","town_kana":"トヨオカ4ジョウ","prefecture_code":1},"8235":{"zip_code":"0788235","prefecture":"北海道","prefecture_kana":"ホッカイドウ","city":"旭川市","city_kana":"アサヒカワシ","town":"豊岡５条","town_kana":"トヨオカ5ジョウ","prefecture_code":1},"8236":{"zip_code":"0788236","prefecture":"北海道","prefecture_kana":"ホッカイドウ","city":"旭川市","city_kana":"アサヒカワシ","town":"豊岡６条","town_kana":"トヨオカ6ジョウ","prefecture_code":1},"8237":{"zip_code":"0788237","prefecture":"北海道","prefecture_kana":"ホッカイドウ","city":"旭川市","city_kana":"アサヒカワシ","town":"豊岡７条","town_kana":"トヨオカ7ジョウ","prefecture_code":1},"8238":{"zip_code":"0788238","prefecture":"北海道","prefecture_kana":"ホッカイドウ","city":"旭川市","city_kana":"アサヒカワシ","town":"豊岡８条","town_kana":"トヨオカ8ジョウ","prefecture_code":1},"8239":{"zip_code":"0788239","prefecture":"北海道","prefecture_kana":"ホッカイドウ","city":"旭川市","city_kana":"アサヒカワシ","town":"豊岡９条","town_kana":"トヨオカ9ジョウ","prefecture_code":1},"8240":{"zip_code":"0788240","prefecture":"北海道","prefecture_kana":"ホッカイドウ","city":"旭川市","city_kana":"アサヒカワシ","town":"豊岡１０条","town_kana":"トヨオカ10ジョウ","prefecture_code":1},"8241":{"zip_code":"0788241","prefecture":"北海道","prefecture_kana":"ホッカイドウ","city":"旭川市","city_kana":"アサヒカワシ","town":"豊岡１１条","town_kana":"トヨオカ11ジョウ","prefecture_code":1},"8242":{"zip_code":"0788242","prefecture":"北海道","prefecture_kana":"ホッカイドウ","city":"旭川市","city_kana":"アサヒカワシ","town":"豊岡１２条","town_kana":"トヨオカ12ジョウ","prefecture_code":1},"8243":{"zip_code":"0788243","prefecture":"北海道","prefecture_kana":"ホッカイドウ","city":"旭川市","city_kana":"アサヒカワシ","town":"豊岡１３条","town_kana":"トヨオカ13ジョウ","prefecture_code":1},"8244":{"zip_code":"0788244","prefecture":"北海道","prefecture_kana":"ホッカイドウ","city":"旭川市","city_kana":"アサヒカワシ","town":"豊岡１４条","town_kana":"トヨオカ14ジョウ","prefecture_code":1},"8245":{"zip_code":"0788245","prefecture":"北海道","prefecture_kana":"ホッカイドウ","city":"旭川市","city_kana":"アサヒカワシ","town":"豊岡１５条","town_kana":"トヨオカ15ジョウ","prefecture_code":1},"8246":{"zip_code":"0788246","prefecture":"北海道","prefecture_kana":"ホッカイドウ","city":"旭川市","city_kana":"アサヒカワシ","town":"豊岡１６条","town_kana":"トヨオカ16ジョウ","prefecture_code":1},"8381":{"zip_code":"0788381","prefecture":"北海道","prefecture_kana":"ホッカイドウ","city":"旭川市","city_kana":"アサヒカワシ","town":"西神楽１線","town_kana":"ニシカグラ1セン","prefecture_code":1},"8382":{"zip_code":"0788382","prefecture":"北海道","prefecture_kana":"ホッカイドウ","city":"旭川市","city_kana":"アサヒカワシ","town":"西神楽２線","town_kana":"ニシカグラ2セン","prefecture_code":1},"8383":{"zip_code":"0788383","prefecture":"北海道","prefecture_kana":"ホッカイドウ","city":"旭川市","city_kana":"アサヒカワシ","town":"西神楽３線","town_kana":"ニシカグラ3セン","prefecture_code":1},"8821":{"zip_code":"0788821","prefecture":"北海道","prefecture_kana":"ホッカイドウ","city":"旭川市","city_kana":"アサヒカワシ","town":"西御料１条","town_kana":"ニシゴリョウ1ジョウ","prefecture_code":1},"8822":{"zip_code":"0788822","prefecture":"北海道","prefecture_kana":"ホッカイドウ","city":"旭川市","city_kana":"アサヒカワシ","town":"西御料２条","town_kana":"ニシゴリョウ2ジョウ","prefecture_code":1},"8823":{"zip_code":"0788823","prefecture":"北海道","prefecture_kana":"ホッカイドウ","city":"旭川市","city_kana":"アサヒカワシ","town":"西御料３条","town_kana":"ニシゴリョウ3ジョウ","prefecture_code":1},"8824":{"zip_code":"0788824","prefecture":"北海道","prefecture_kana":"ホッカイドウ","city":"旭川市","city_kana":"アサヒカワシ","town":"西御料４条","town_kana":"ニシゴリョウ4ジョウ","prefecture_code":1},"8825":{"zip_code":"0788825","prefecture":"北海道","prefecture_kana":"ホッカイドウ","city":"旭川市","city_kana":"アサヒカワシ","town":"西御料５条","town_kana":"ニシゴリョウ5ジョウ","prefecture_code":1},"8251":{"zip_code":"0788251","prefecture":"北海道","prefecture_kana":"ホッカイドウ","city":"旭川市","city_kana":"アサヒカワシ","town":"東旭川北１条","town_kana":"ヒガシアサヒカワキタ1ジョウ","prefecture_code":1},"8252":{"zip_code":"0788252","prefecture":"北海道","prefecture_kana":"ホッカイドウ","city":"旭川市","city_kana":"アサヒカワシ","town":"東旭川北２条","town_kana":"ヒガシアサヒカワキタ2ジョウ","prefecture_code":1},"8253":{"zip_code":"0788253","prefecture":"北海道","prefecture_kana":"ホッカイドウ","city":"旭川市","city_kana":"アサヒカワシ","town":"東旭川北３条","town_kana":"ヒガシアサヒカワキタ3ジョウ","prefecture_code":1},"8207":{"zip_code":"0788207","prefecture":"北海道","prefecture_kana":"ホッカイドウ","city":"旭川市","city_kana":"アサヒカワシ","town":"東旭川町上兵村","town_kana":"ヒガシアサヒカワチョウカミヘイソン","prefecture_code":1},"8208":{"zip_code":"0788208","prefecture":"北海道","prefecture_kana":"ホッカイドウ","city":"旭川市","city_kana":"アサヒカワシ","town":"東旭川町下兵村","town_kana":"ヒガシアサヒカワチョウシモヘイソン","prefecture_code":1},"8340":{"zip_code":"0788340","prefecture":"北海道","prefecture_kana":"ホッカイドウ","city":"旭川市","city_kana":"アサヒカワシ","town":"東旭川町共栄","town_kana":"ヒガシアサヒカワチョウキョウエイ","prefecture_code":1},"8368":{"zip_code":"0788368","prefecture":"北海道","prefecture_kana":"ホッカイドウ","city":"旭川市","city_kana":"アサヒカワシ","town":"東旭川町旭正","town_kana":"ヒガシアサヒカワチョウキョクセイ","prefecture_code":1},"8205":{"zip_code":"0788205","prefecture":"北海道","prefecture_kana":"ホッカイドウ","city":"旭川市","city_kana":"アサヒカワシ","town":"東旭川町倉沼","town_kana":"ヒガシアサヒカワチョウクラヌマ","prefecture_code":1},"8204":{"zip_code":"0788204","prefecture":"北海道","prefecture_kana":"ホッカイドウ","city":"旭川市","city_kana":"アサヒカワシ","town":"東旭川町桜岡","town_kana":"ヒガシアサヒカワチョウサクラオカ","prefecture_code":1},"8206":{"zip_code":"0788206","prefecture":"北海道","prefecture_kana":"ホッカイドウ","city":"旭川市","city_kana":"アサヒカワシ","town":"東旭川町忠別","town_kana":"ヒガシアサヒカワチョウチュウベツ","prefecture_code":1},"8202":{"zip_code":"0788202","prefecture":"北海道","prefecture_kana":"ホッカイドウ","city":"旭川市","city_kana":"アサヒカワシ","town":"東旭川町豊田","town_kana":"ヒガシアサヒカワチョウトヨタ","prefecture_code":1},"1272":{"zip_code":"0781272","prefecture":"北海道","prefecture_kana":"ホッカイドウ","city":"旭川市","city_kana":"アサヒカワシ","town":"東旭川町豊田","town_kana":"ヒガシアサヒカワチョウトヨタ","prefecture_code":1},"8201":{"zip_code":"0788201","prefecture":"北海道","prefecture_kana":"ホッカイドウ","city":"旭川市","city_kana":"アサヒカワシ","town":"東旭川町東桜岡","town_kana":"ヒガシアサヒカワチョウヒガシサクラオカ","prefecture_code":1},"1271":{"zip_code":"0781271","prefecture":"北海道","prefecture_kana":"ホッカイドウ","city":"旭川市","city_kana":"アサヒカワシ","town":"東旭川町東桜岡","town_kana":"ヒガシアサヒカワチョウヒガシサクラオカ","prefecture_code":1},"8203":{"zip_code":"0788203","prefecture":"北海道","prefecture_kana":"ホッカイドウ","city":"旭川市","city_kana":"アサヒカワシ","town":"東旭川町日ノ出","town_kana":"ヒガシアサヒカワチョウヒノデ","prefecture_code":1},"1274":{"zip_code":"0781274","prefecture":"北海道","prefecture_kana":"ホッカイドウ","city":"旭川市","city_kana":"アサヒカワシ","town":"東旭川町瑞穂","town_kana":"ヒガシアサヒカワチョウミズホ","prefecture_code":1},"1273":{"zip_code":"0781273","prefecture":"北海道","prefecture_kana":"ホッカイドウ","city":"旭川市","city_kana":"アサヒカワシ","town":"東旭川町米原","town_kana":"ヒガシアサヒカワチョウヨネハラ","prefecture_code":1},"8261":{"zip_code":"0788261","prefecture":"北海道","prefecture_kana":"ホッカイドウ","city":"旭川市","city_kana":"アサヒカワシ","town":"東旭川南１条","town_kana":"ヒガシアサヒカワミナミ1ジョウ","prefecture_code":1},"8262":{"zip_code":"0788262","prefecture":"北海道","prefecture_kana":"ホッカイドウ","city":"旭川市","city_kana":"アサヒカワシ","town":"東旭川南２条","town_kana":"ヒガシアサヒカワミナミ2ジョウ","prefecture_code":1},"8301":{"zip_code":"0788301","prefecture":"北海道","prefecture_kana":"ホッカイドウ","city":"旭川市","city_kana":"アサヒカワシ","town":"緑が丘１条","town_kana":"ミドリガオカ1ジョウ","prefecture_code":1},"8302":{"zip_code":"0788302","prefecture":"北海道","prefecture_kana":"ホッカイドウ","city":"旭川市","city_kana":"アサヒカワシ","town":"緑が丘２条","town_kana":"ミドリガオカ2ジョウ","prefecture_code":1},"8303":{"zip_code":"0788303","prefecture":"北海道","prefecture_kana":"ホッカイドウ","city":"旭川市","city_kana":"アサヒカワシ","town":"緑が丘３条","town_kana":"ミドリガオカ3ジョウ","prefecture_code":1},"8304":{"zip_code":"0788304","prefecture":"北海道","prefecture_kana":"ホッカイドウ","city":"旭川市","city_kana":"アサヒカワシ","town":"緑が丘４条","town_kana":"ミドリガオカ4ジョウ","prefecture_code":1},"8305":{"zip_code":"0788305","prefecture":"北海道","prefecture_kana":"ホッカイドウ","city":"旭川市","city_kana":"アサヒカワシ","town":"緑が丘５条","town_kana":"ミドリガオカ5ジョウ","prefecture_code":1},"8801":{"zip_code":"0788801","prefecture":"北海道","prefecture_kana":"ホッカイドウ","city":"旭川市","city_kana":"アサヒカワシ","town":"緑が丘東１条","town_kana":"ミドリガオカヒガシ1ジョウ","prefecture_code":1},"8802":{"zip_code":"0788802","prefecture":"北海道","prefecture_kana":"ホッカイドウ","city":"旭川市","city_kana":"アサヒカワシ","town":"緑が丘東２条","town_kana":"ミドリガオカヒガシ2ジョウ","prefecture_code":1},"8803":{"zip_code":"0788803","prefecture":"北海道","prefecture_kana":"ホッカイドウ","city":"旭川市","city_kana":"アサヒカワシ","town":"緑が丘東３条","town_kana":"ミドリガオカヒガシ3ジョウ","prefecture_code":1},"8804":{"zip_code":"0788804","prefecture":"北海道","prefecture_kana":"ホッカイドウ","city":"旭川市","city_kana":"アサヒカワシ","town":"緑が丘東４条","town_kana":"ミドリガオカヒガシ4ジョウ","prefecture_code":1},"8805":{"zip_code":"0788805","prefecture":"北海道","prefecture_kana":"ホッカイドウ","city":"旭川市","city_kana":"アサヒカワシ","town":"緑が丘東５条","town_kana":"ミドリガオカヒガシ5ジョウ","prefecture_code":1},"8811":{"zip_code":"0788811","prefecture":"北海道","prefecture_kana":"ホッカイドウ","city":"旭川市","city_kana":"アサヒカワシ","town":"緑が丘南１条","town_kana":"ミドリガオカミナミ1ジョウ","prefecture_code":1},"8812":{"zip_code":"0788812","prefecture":"北海道","prefecture_kana":"ホッカイドウ","city":"旭川市","city_kana":"アサヒカワシ","town":"緑が丘南２条","town_kana":"ミドリガオカミナミ2ジョウ","prefecture_code":1},"8813":{"zip_code":"0788813","prefecture":"北海道","prefecture_kana":"ホッカイドウ","city":"旭川市","city_kana":"アサヒカワシ","town":"緑が丘南３条","town_kana":"ミドリガオカミナミ3ジョウ","prefecture_code":1},"8814":{"zip_code":"0788814","prefecture":"北海道","prefecture_kana":"ホッカイドウ","city":"旭川市","city_kana":"アサヒカワシ","town":"緑が丘南４条","town_kana":"ミドリガオカミナミ4ジョウ","prefecture_code":1},"8815":{"zip_code":"0788815","prefecture":"北海道","prefecture_kana":"ホッカイドウ","city":"旭川市","city_kana":"アサヒカワシ","town":"緑が丘南５条","town_kana":"ミドリガオカミナミ5ジョウ","prefecture_code":1},"8331":{"zip_code":"0788331","prefecture":"北海道","prefecture_kana":"ホッカイドウ","city":"旭川市","city_kana":"アサヒカワシ","town":"南１条通","town_kana":"ミナミ1ジョウドオリ","prefecture_code":1},"8332":{"zip_code":"0788332","prefecture":"北海道","prefecture_kana":"ホッカイドウ","city":"旭川市","city_kana":"アサヒカワシ","town":"南２条通","town_kana":"ミナミ2ジョウドオリ","prefecture_code":1},"8333":{"zip_code":"0788333","prefecture":"北海道","prefecture_kana":"ホッカイドウ","city":"旭川市","city_kana":"アサヒカワシ","town":"南３条通","town_kana":"ミナミ3ジョウドオリ","prefecture_code":1},"8334":{"zip_code":"0788334","prefecture":"北海道","prefecture_kana":"ホッカイドウ","city":"旭川市","city_kana":"アサヒカワシ","town":"南４条通","town_kana":"ミナミ4ジョウドオリ","prefecture_code":1},"8335":{"zip_code":"0788335","prefecture":"北海道","prefecture_kana":"ホッカイドウ","city":"旭川市","city_kana":"アサヒカワシ","town":"南５条通","town_kana":"ミナミ5ジョウドオリ","prefecture_code":1},"8336":{"zip_code":"0788336","prefecture":"北海道","prefecture_kana":"ホッカイドウ","city":"旭川市","city_kana":"アサヒカワシ","town":"南６条通","town_kana":"ミナミ6ジョウドオリ","prefecture_code":1},"8337":{"zip_code":"0788337","prefecture":"北海道","prefecture_kana":"ホッカイドウ","city":"旭川市","city_kana":"アサヒカワシ","town":"南７条通","town_kana":"ミナミ7ジョウドオリ","prefecture_code":1},"8338":{"zip_code":"0788338","prefecture":"北海道","prefecture_kana":"ホッカイドウ","city":"旭川市","city_kana":"アサヒカワシ","town":"南８条通","town_kana":"ミナミ8ジョウドオリ","prefecture_code":1},"8339":{"zip_code":"0788339","prefecture":"北海道","prefecture_kana":"ホッカイドウ","city":"旭川市","city_kana":"アサヒカワシ","town":"南９条通","town_kana":"ミナミ9ジョウドオリ","prefecture_code":1},"8330":{"zip_code":"0788330","prefecture":"北海道","prefecture_kana":"ホッカイドウ","city":"旭川市","city_kana":"アサヒカワシ","town":"宮下通","town_kana":"ミヤシタドオリ","prefecture_code":1},"8391":{"zip_code":"0788391","prefecture":"北海道","prefecture_kana":"ホッカイドウ","city":"旭川市","city_kana":"アサヒカワシ","town":"宮前１条","town_kana":"ミヤマエ1ジョウ","prefecture_code":1},"8392":{"zip_code":"0788392","prefecture":"北海道","prefecture_kana":"ホッカイドウ","city":"旭川市","city_kana":"アサヒカワシ","town":"宮前２条","town_kana":"ミヤマエ2ジョウ","prefecture_code":1},"8211":{"zip_code":"0788211","prefecture":"北海道","prefecture_kana":"ホッカイドウ","city":"旭川市","city_kana":"アサヒカワシ","town":"１条通","town_kana":"1ジョウドオリ","prefecture_code":1},"8212":{"zip_code":"0788212","prefecture":"北海道","prefecture_kana":"ホッカイドウ","city":"旭川市","city_kana":"アサヒカワシ","town":"２条通","town_kana":"2ジョウドオリ","prefecture_code":1},"8213":{"zip_code":"0788213","prefecture":"北海道","prefecture_kana":"ホッカイドウ","city":"旭川市","city_kana":"アサヒカワシ","town":"３条通","town_kana":"3ジョウドオリ","prefecture_code":1},"8214":{"zip_code":"0788214","prefecture":"北海道","prefecture_kana":"ホッカイドウ","city":"旭川市","city_kana":"アサヒカワシ","town":"４条通","town_kana":"4ジョウドオリ","prefecture_code":1},"8215":{"zip_code":"0788215","prefecture":"北海道","prefecture_kana":"ホッカイドウ","city":"旭川市","city_kana":"アサヒカワシ","town":"５条通","town_kana":"5ジョウドオリ","prefecture_code":1},"8216":{"zip_code":"0788216","prefecture":"北海道","prefecture_kana":"ホッカイドウ","city":"旭川市","city_kana":"アサヒカワシ","town":"６条通","town_kana":"6ジョウドオリ","prefecture_code":1},"8217":{"zip_code":"0788217","prefecture":"北海道","prefecture_kana":"ホッカイドウ","city":"旭川市","city_kana":"アサヒカワシ","town":"７条通","town_kana":"7ジョウドオリ","prefecture_code":1},"8218":{"zip_code":"0788218","prefecture":"北海道","prefecture_kana":"ホッカイドウ","city":"旭川市","city_kana":"アサヒカワシ","town":"８条通","town_kana":"8ジョウドオリ","prefecture_code":1},"8219":{"zip_code":"0788219","prefecture":"北海道","prefecture_kana":"ホッカイドウ","city":"旭川市","city_kana":"アサヒカワシ","town":"９条通","town_kana":"9ジョウドオリ","prefecture_code":1},"8220":{"zip_code":"0788220","prefecture":"北海道","prefecture_kana":"ホッカイドウ","city":"旭川市","city_kana":"アサヒカワシ","town":"１０条通","town_kana":"10ジョウドオリ","prefecture_code":1},"8221":{"zip_code":"0788221","prefecture":"北海道","prefecture_kana":"ホッカイドウ","city":"旭川市","city_kana":"アサヒカワシ","town":"１１条通","town_kana":"11ジョウドオリ","prefecture_code":1},"3167":{"zip_code":"0783167","prefecture":"北海道","prefecture_kana":"ホッカイドウ","city":"留萌市","city_kana":"ルモイシ","town":"樽真布町","town_kana":"タルマップチョウ","prefecture_code":1},"3166":{"zip_code":"0783166","prefecture":"北海道","prefecture_kana":"ホッカイドウ","city":"留萌市","city_kana":"ルモイシ","town":"中幌町","town_kana":"ナカホロチョウ","prefecture_code":1},"3162":{"zip_code":"0783162","prefecture":"北海道","prefecture_kana":"ホッカイドウ","city":"留萌市","city_kana":"ルモイシ","town":"東幌町","town_kana":"ヒガシホロチョウ","prefecture_code":1},"3165":[{"zip_code":"0783165","prefecture":"北海道","prefecture_kana":"ホッカイドウ","city":"留萌市","city_kana":"ルモイシ","town":"藤山町","town_kana":"フジヤマチョウ","prefecture_code":1},{"zip_code":"0783165","prefecture":"北海道","prefecture_kana":"ホッカイドウ","city":"留萌市","city_kana":"ルモイシ","town":"留萌原野","town_kana":"ルモイゲンヤ","prefecture_code":1}],"3168":{"zip_code":"0783168","prefecture":"北海道","prefecture_kana":"ホッカイドウ","city":"留萌市","city_kana":"ルモイシ","town":"幌糠町","town_kana":"ホロヌカチョウ","prefecture_code":1},"3163":{"zip_code":"0783163","prefecture":"北海道","prefecture_kana":"ホッカイドウ","city":"留萌市","city_kana":"ルモイシ","town":"南幌町","town_kana":"ミナミホロチョウ","prefecture_code":1},"3161":[{"zip_code":"0783161","prefecture":"北海道","prefecture_kana":"ホッカイドウ","city":"留萌市","city_kana":"ルモイシ","town":"留萌村","town_kana":"ルモイムラ","prefecture_code":1},{"zip_code":"0783161","prefecture":"北海道","prefecture_kana":"ホッカイドウ","city":"留萌市","city_kana":"ルモイシ","town":"留萌村峠下","town_kana":"ルモイムラトウゲシタ","prefecture_code":1}],"3164":[{"zip_code":"0783164","prefecture":"北海道","prefecture_kana":"ホッカイドウ","city":"留萌市","city_kana":"ルモイシ","town":"留萌村","town_kana":"ルモイムラ","prefecture_code":1},{"zip_code":"0783164","prefecture":"北海道","prefecture_kana":"ホッカイドウ","city":"留萌市","city_kana":"ルモイシ","town":"留萌村幌糠","town_kana":"ルモイムラホロヌカ","prefecture_code":1}],"0151":{"zip_code":"0780151","prefecture":"北海道","prefecture_kana":"ホッカイドウ","city":"深川市","city_kana":"フカガワシ","town":"納内町","town_kana":"オサムナイチョウ","prefecture_code":1},"0153":{"zip_code":"0780153","prefecture":"北海道","prefecture_kana":"ホッカイドウ","city":"深川市","city_kana":"フカガワシ","town":"納内町北","town_kana":"オサムナイチョウキタ","prefecture_code":1},"0154":{"zip_code":"0780154","prefecture":"北海道","prefecture_kana":"ホッカイドウ","city":"深川市","city_kana":"フカガワシ","town":"納内町グリーンタウン","town_kana":"オサムナイチョウグリーンタウン","prefecture_code":1},"0152":[{"zip_code":"0780152","prefecture":"北海道","prefecture_kana":"ホッカイドウ","city":"深川市","city_kana":"フカガワシ","town":"音江町","town_kana":"オトエチョウ","prefecture_code":1},{"zip_code":"0780152","prefecture":"北海道","prefecture_kana":"ホッカイドウ","city":"深川市","city_kana":"フカガワシ","town":"音江町内園","town_kana":"オトエチョウウチゾノ","prefecture_code":1}],"2651":{"zip_code":"0782651","prefecture":"北海道","prefecture_kana":"ホッカイドウ","city":"樺戸郡新十津川町","city_kana":"カバトグンシントツカワチョウ","town":"美沢","town_kana":"ミサワ","prefecture_code":1},"2100":{"zip_code":"0782100","prefecture":"北海道","prefecture_kana":"ホッカイドウ","city":"雨竜郡秩父別町","city_kana":"ウリュウグンチップベツチョウ","town":"","town_kana":"","prefecture_code":1},"2121":{"zip_code":"0782121","prefecture":"北海道","prefecture_kana":"ホッカイドウ","city":"雨竜郡秩父別町","city_kana":"ウリュウグンチップベツチョウ","town":"滝の上","town_kana":"タキノカミ","prefecture_code":1},"2122":{"zip_code":"0782122","prefecture":"北海道","prefecture_kana":"ホッカイドウ","city":"雨竜郡秩父別町","city_kana":"ウリュウグンチップベツチョウ","town":"中山","town_kana":"ナカヤマ","prefecture_code":1},"2123":{"zip_code":"0782123","prefecture":"北海道","prefecture_kana":"ホッカイドウ","city":"雨竜郡秩父別町","city_kana":"ウリュウグンチップベツチョウ","town":"東山","town_kana":"ヒガシヤマ","prefecture_code":1},"2124":{"zip_code":"0782124","prefecture":"北海道","prefecture_kana":"ホッカイドウ","city":"雨竜郡秩父別町","city_kana":"ウリュウグンチップベツチョウ","town":"南山","town_kana":"ミナミヤマ","prefecture_code":1},"2111":{"zip_code":"0782111","prefecture":"北海道","prefecture_kana":"ホッカイドウ","city":"雨竜郡秩父別町","city_kana":"ウリュウグンチップベツチョウ","town":"南１条","town_kana":"ミナミ1ジョウ","prefecture_code":1},"2112":{"zip_code":"0782112","prefecture":"北海道","prefecture_kana":"ホッカイドウ","city":"雨竜郡秩父別町","city_kana":"ウリュウグンチップベツチョウ","town":"南２条","town_kana":"ミナミ2ジョウ","prefecture_code":1},"2101":{"zip_code":"0782101","prefecture":"北海道","prefecture_kana":"ホッカイドウ","city":"雨竜郡秩父別町","city_kana":"ウリュウグンチップベツチョウ","town":"１条","town_kana":"1ジョウ","prefecture_code":1},"2102":{"zip_code":"0782102","prefecture":"北海道","prefecture_kana":"ホッカイドウ","city":"雨竜郡秩父別町","city_kana":"ウリュウグンチップベツチョウ","town":"２条","town_kana":"2ジョウ","prefecture_code":1},"2103":{"zip_code":"0782103","prefecture":"北海道","prefecture_kana":"ホッカイドウ","city":"雨竜郡秩父別町","city_kana":"ウリュウグンチップベツチョウ","town":"３条","town_kana":"3ジョウ","prefecture_code":1},"2104":{"zip_code":"0782104","prefecture":"北海道","prefecture_kana":"ホッカイドウ","city":"雨竜郡秩父別町","city_kana":"ウリュウグンチップベツチョウ","town":"４条","town_kana":"4ジョウ","prefecture_code":1},"2105":{"zip_code":"0782105","prefecture":"北海道","prefecture_kana":"ホッカイドウ","city":"雨竜郡秩父別町","city_kana":"ウリュウグンチップベツチョウ","town":"５条","town_kana":"5ジョウ","prefecture_code":1},"2106":{"zip_code":"0782106","prefecture":"北海道","prefecture_kana":"ホッカイドウ","city":"雨竜郡秩父別町","city_kana":"ウリュウグンチップベツチョウ","town":"６条","town_kana":"6ジョウ","prefecture_code":1},"2107":{"zip_code":"0782107","prefecture":"北海道","prefecture_kana":"ホッカイドウ","city":"雨竜郡秩父別町","city_kana":"ウリュウグンチップベツチョウ","town":"７条","town_kana":"7ジョウ","prefecture_code":1},"2108":{"zip_code":"0782108","prefecture":"北海道","prefecture_kana":"ホッカイドウ","city":"雨竜郡秩父別町","city_kana":"ウリュウグンチップベツチョウ","town":"８条","town_kana":"8ジョウ","prefecture_code":1},"2109":{"zip_code":"0782109","prefecture":"北海道","prefecture_kana":"ホッカイドウ","city":"雨竜郡秩父別町","city_kana":"ウリュウグンチップベツチョウ","town":"９条","town_kana":"9ジョウ","prefecture_code":1},"2600":{"zip_code":"0782600","prefecture":"北海道","prefecture_kana":"ホッカイドウ","city":"雨竜郡雨竜町","city_kana":"ウリュウグンウリュウチョウ","town":"","town_kana":"","prefecture_code":1},"2631":{"zip_code":"0782631","prefecture":"北海道","prefecture_kana":"ホッカイドウ","city":"雨竜郡雨竜町","city_kana":"ウリュウグンウリュウチョウ","town":"第１町内","town_kana":"ダイ1チョウナイ","prefecture_code":1},"2632":{"zip_code":"0782632","prefecture":"北海道","prefecture_kana":"ホッカイドウ","city":"雨竜郡雨竜町","city_kana":"ウリュウグンウリュウチョウ","town":"第２町内","town_kana":"ダイ2チョウナイ","prefecture_code":1},"2633":{"zip_code":"0782633","prefecture":"北海道","prefecture_kana":"ホッカイドウ","city":"雨竜郡雨竜町","city_kana":"ウリュウグンウリュウチョウ","town":"第３町内","town_kana":"ダイ3チョウナイ","prefecture_code":1},"2634":{"zip_code":"0782634","prefecture":"北海道","prefecture_kana":"ホッカイドウ","city":"雨竜郡雨竜町","city_kana":"ウリュウグンウリュウチョウ","town":"第４町内","town_kana":"ダイ4チョウナイ","prefecture_code":1},"2531":{"zip_code":"0782531","prefecture":"北海道","prefecture_kana":"ホッカイドウ","city":"雨竜郡雨竜町","city_kana":"ウリュウグンウリュウチョウ","town":"第５町内","town_kana":"ダイ5チョウナイ","prefecture_code":1},"2635":{"zip_code":"0782635","prefecture":"北海道","prefecture_kana":"ホッカイドウ","city":"雨竜郡雨竜町","city_kana":"ウリュウグンウリュウチョウ","town":"第５町内","town_kana":"ダイ5チョウナイ","prefecture_code":1},"2636":{"zip_code":"0782636","prefecture":"北海道","prefecture_kana":"ホッカイドウ","city":"雨竜郡雨竜町","city_kana":"ウリュウグンウリュウチョウ","town":"第６町内","town_kana":"ダイ6チョウナイ","prefecture_code":1},"2637":{"zip_code":"0782637","prefecture":"北海道","prefecture_kana":"ホッカイドウ","city":"雨竜郡雨竜町","city_kana":"ウリュウグンウリュウチョウ","town":"第７町内","town_kana":"ダイ7チョウナイ","prefecture_code":1},"2638":{"zip_code":"0782638","prefecture":"北海道","prefecture_kana":"ホッカイドウ","city":"雨竜郡雨竜町","city_kana":"ウリュウグンウリュウチョウ","town":"第８町内","town_kana":"ダイ8チョウナイ","prefecture_code":1},"2639":{"zip_code":"0782639","prefecture":"北海道","prefecture_kana":"ホッカイドウ","city":"雨竜郡雨竜町","city_kana":"ウリュウグンウリュウチョウ","town":"第９町内","town_kana":"ダイ9チョウナイ","prefecture_code":1},"2641":{"zip_code":"0782641","prefecture":"北海道","prefecture_kana":"ホッカイドウ","city":"雨竜郡雨竜町","city_kana":"ウリュウグンウリュウチョウ","town":"第１０町内","town_kana":"ダイ10チョウナイ","prefecture_code":1},"2642":{"zip_code":"0782642","prefecture":"北海道","prefecture_kana":"ホッカイドウ","city":"雨竜郡雨竜町","city_kana":"ウリュウグンウリュウチョウ","town":"第１１町内","town_kana":"ダイ11チョウナイ","prefecture_code":1},"2500":{"zip_code":"0782500","prefecture":"北海道","prefecture_kana":"ホッカイドウ","city":"雨竜郡北竜町","city_kana":"ウリュウグンホクリュウチョウ","town":"","town_kana":"","prefecture_code":1},"2511":{"zip_code":"0782511","prefecture":"北海道","prefecture_kana":"ホッカイドウ","city":"雨竜郡北竜町","city_kana":"ウリュウグンホクリュウチョウ","town":"板谷","town_kana":"イタヤ","prefecture_code":1},"2502":{"zip_code":"0782502","prefecture":"北海道","prefecture_kana":"ホッカイドウ","city":"雨竜郡北竜町","city_kana":"ウリュウグンホクリュウチョウ","town":"岩村","town_kana":"イワムラ","prefecture_code":1},"2514":{"zip_code":"0782514","prefecture":"北海道","prefecture_kana":"ホッカイドウ","city":"雨竜郡北竜町","city_kana":"ウリュウグンホクリュウチョウ","town":"恵岱別","town_kana":"エタイベツ","prefecture_code":1},"2516":{"zip_code":"0782516","prefecture":"北海道","prefecture_kana":"ホッカイドウ","city":"雨竜郡北竜町","city_kana":"ウリュウグンホクリュウチョウ","town":"西川","town_kana":"ニシカワ","prefecture_code":1},"2501":{"zip_code":"0782501","prefecture":"北海道","prefecture_kana":"ホッカイドウ","city":"雨竜郡北竜町","city_kana":"ウリュウグンホクリュウチョウ","town":"美葉牛","town_kana":"ビバウシ","prefecture_code":1},"2503":{"zip_code":"0782503","prefecture":"北海道","prefecture_kana":"ホッカイドウ","city":"雨竜郡北竜町","city_kana":"ウリュウグンホクリュウチョウ","town":"碧水","town_kana":"ヘキスイ","prefecture_code":1},"2513":{"zip_code":"0782513","prefecture":"北海道","prefecture_kana":"ホッカイドウ","city":"雨竜郡北竜町","city_kana":"ウリュウグンホクリュウチョウ","town":"三谷","town_kana":"ミタニ","prefecture_code":1},"2512":{"zip_code":"0782512","prefecture":"北海道","prefecture_kana":"ホッカイドウ","city":"雨竜郡北竜町","city_kana":"ウリュウグンホクリュウチョウ","town":"和","town_kana":"ヤワラ","prefecture_code":1},"2515":{"zip_code":"0782515","prefecture":"北海道","prefecture_kana":"ホッカイドウ","city":"雨竜郡北竜町","city_kana":"ウリュウグンホクリュウチョウ","town":"竜西","town_kana":"リュウサイ","prefecture_code":1},"2200":{"zip_code":"0782200","prefecture":"北海道","prefecture_kana":"ホッカイドウ","city":"雨竜郡沼田町","city_kana":"ウリュウグンヌマタチョウ","town":"","town_kana":"","prefecture_code":1},"2201":{"zip_code":"0782201","prefecture":"北海道","prefecture_kana":"ホッカイドウ","city":"雨竜郡沼田町","city_kana":"ウリュウグンヌマタチョウ","town":"旭町","town_kana":"アサヒマチ","prefecture_code":1},"2224":{"zip_code":"0782224","prefecture":"北海道","prefecture_kana":"ホッカイドウ","city":"雨竜郡沼田町","city_kana":"ウリュウグンヌマタチョウ","town":"恵比島","town_kana":"エビシマ","prefecture_code":1},"2205":{"zip_code":"0782205","prefecture":"北海道","prefecture_kana":"ホッカイドウ","city":"雨竜郡沼田町","city_kana":"ウリュウグンヌマタチョウ","town":"北一条","town_kana":"キタ1ジョウ","prefecture_code":1},"2213":{"zip_code":"0782213","prefecture":"北海道","prefecture_kana":"ホッカイドウ","city":"雨竜郡沼田町","city_kana":"ウリュウグンヌマタチョウ","town":"共成","town_kana":"キョウセイ","prefecture_code":1},"2211":{"zip_code":"0782211","prefecture":"北海道","prefecture_kana":"ホッカイドウ","city":"雨竜郡沼田町","city_kana":"ウリュウグンヌマタチョウ","town":"更新","town_kana":"コウシン","prefecture_code":1},"2214":{"zip_code":"0782214","prefecture":"北海道","prefecture_kana":"ホッカイドウ","city":"雨竜郡沼田町","city_kana":"ウリュウグンヌマタチョウ","town":"高穂","town_kana":"タカホ","prefecture_code":1},"2212":{"zip_code":"0782212","prefecture":"北海道","prefecture_kana":"ホッカイドウ","city":"雨竜郡沼田町","city_kana":"ウリュウグンヌマタチョウ","town":"東予","town_kana":"トウヨ","prefecture_code":1},"2204":{"zip_code":"0782204","prefecture":"北海道","prefecture_kana":"ホッカイドウ","city":"雨竜郡沼田町","city_kana":"ウリュウグンヌマタチョウ","town":"西町","town_kana":"ニシマチ","prefecture_code":1},"2222":{"zip_code":"0782222","prefecture":"北海道","prefecture_kana":"ホッカイドウ","city":"雨竜郡沼田町","city_kana":"ウリュウグンヌマタチョウ","town":"沼田","town_kana":"ヌマタ","prefecture_code":1},"2223":{"zip_code":"0782223","prefecture":"北海道","prefecture_kana":"ホッカイドウ","city":"雨竜郡沼田町","city_kana":"ウリュウグンヌマタチョウ","town":"北竜","town_kana":"ホクリュウ","prefecture_code":1},"2225":{"zip_code":"0782225","prefecture":"北海道","prefecture_kana":"ホッカイドウ","city":"雨竜郡沼田町","city_kana":"ウリュウグンヌマタチョウ","town":"幌新","town_kana":"ホロシン","prefecture_code":1},"2203":{"zip_code":"0782203","prefecture":"北海道","prefecture_kana":"ホッカイドウ","city":"雨竜郡沼田町","city_kana":"ウリュウグンヌマタチョウ","town":"本通","town_kana":"ホンドオリ","prefecture_code":1},"2221":{"zip_code":"0782221","prefecture":"北海道","prefecture_kana":"ホッカイドウ","city":"雨竜郡沼田町","city_kana":"ウリュウグンヌマタチョウ","town":"真布","town_kana":"マップ","prefecture_code":1},"2206":{"zip_code":"0782206","prefecture":"北海道","prefecture_kana":"ホッカイドウ","city":"雨竜郡沼田町","city_kana":"ウリュウグンヌマタチョウ","town":"緑町","town_kana":"ミドリマチ","prefecture_code":1},"2202":{"zip_code":"0782202","prefecture":"北海道","prefecture_kana":"ホッカイドウ","city":"雨竜郡沼田町","city_kana":"ウリュウグンヌマタチョウ","town":"南一条","town_kana":"ミナミ1ジョウ","prefecture_code":1},"1300":{"zip_code":"0781300","prefecture":"北海道","prefecture_kana":"ホッカイドウ","city":"上川郡当麻町","city_kana":"カミカワグントウマチョウ","town":"","town_kana":"","prefecture_code":1},"1333":{"zip_code":"0781333","prefecture":"北海道","prefecture_kana":"ホッカイドウ","city":"上川郡当麻町","city_kana":"カミカワグントウマチョウ","town":"伊香牛","town_kana":"イカウシ","prefecture_code":1},"1332":{"zip_code":"0781332","prefecture":"北海道","prefecture_kana":"ホッカイドウ","city":"上川郡当麻町","city_kana":"カミカワグントウマチョウ","town":"宇園別","town_kana":"ウエンベツ","prefecture_code":1},"1341":{"zip_code":"0781341","prefecture":"北海道","prefecture_kana":"ホッカイドウ","city":"上川郡当麻町","city_kana":"カミカワグントウマチョウ","town":"開明","town_kana":"カイメイ","prefecture_code":1},"1331":{"zip_code":"0781331","prefecture":"北海道","prefecture_kana":"ホッカイドウ","city":"上川郡当麻町","city_kana":"カミカワグントウマチョウ","town":"中央","town_kana":"チュウオウ","prefecture_code":1},"1337":{"zip_code":"0781337","prefecture":"北海道","prefecture_kana":"ホッカイドウ","city":"上川郡当麻町","city_kana":"カミカワグントウマチョウ","town":"東","town_kana":"ヒガシ","prefecture_code":1},"1334":{"zip_code":"0781334","prefecture":"北海道","prefecture_kana":"ホッカイドウ","city":"上川郡当麻町","city_kana":"カミカワグントウマチョウ","town":"北星","town_kana":"ホクセイ","prefecture_code":1},"1335":{"zip_code":"0781335","prefecture":"北海道","prefecture_kana":"ホッカイドウ","city":"上川郡当麻町","city_kana":"カミカワグントウマチョウ","town":"緑郷","town_kana":"ロクゴウ","prefecture_code":1},"1313":{"zip_code":"0781313","prefecture":"北海道","prefecture_kana":"ホッカイドウ","city":"上川郡当麻町","city_kana":"カミカワグントウマチョウ","town":"三条東","town_kana":"3ジョウヒガシ","prefecture_code":1},"1303":{"zip_code":"0781303","prefecture":"北海道","prefecture_kana":"ホッカイドウ","city":"上川郡当麻町","city_kana":"カミカワグントウマチョウ","town":"三条西","town_kana":"3ジョウニシ","prefecture_code":1},"1314":{"zip_code":"0781314","prefecture":"北海道","prefecture_kana":"ホッカイドウ","city":"上川郡当麻町","city_kana":"カミカワグントウマチョウ","town":"四条東","town_kana":"4ジョウヒガシ","prefecture_code":1},"1304":{"zip_code":"0781304","prefecture":"北海道","prefecture_kana":"ホッカイドウ","city":"上川郡当麻町","city_kana":"カミカワグントウマチョウ","town":"四条西","town_kana":"4ジョウニシ","prefecture_code":1},"1324":{"zip_code":"0781324","prefecture":"北海道","prefecture_kana":"ホッカイドウ","city":"上川郡当麻町","city_kana":"カミカワグントウマチョウ","town":"四条南","town_kana":"4ジョウミナミ","prefecture_code":1},"1315":{"zip_code":"0781315","prefecture":"北海道","prefecture_kana":"ホッカイドウ","city":"上川郡当麻町","city_kana":"カミカワグントウマチョウ","town":"五条東","town_kana":"5ジョウヒガシ","prefecture_code":1},"1305":{"zip_code":"0781305","prefecture":"北海道","prefecture_kana":"ホッカイドウ","city":"上川郡当麻町","city_kana":"カミカワグントウマチョウ","town":"五条西","town_kana":"5ジョウニシ","prefecture_code":1},"1316":{"zip_code":"0781316","prefecture":"北海道","prefecture_kana":"ホッカイドウ","city":"上川郡当麻町","city_kana":"カミカワグントウマチョウ","town":"六条東","town_kana":"6ジョウヒガシ","prefecture_code":1},"1306":{"zip_code":"0781306","prefecture":"北海道","prefecture_kana":"ホッカイドウ","city":"上川郡当麻町","city_kana":"カミカワグントウマチョウ","town":"六条西","town_kana":"6ジョウニシ","prefecture_code":1},"0300":{"zip_code":"0780300","prefecture":"北海道","prefecture_kana":"ホッカイドウ","city":"上川郡比布町","city_kana":"カミカワグンピップチョウ","town":"","town_kana":"","prefecture_code":1},"0310":{"zip_code":"0780310","prefecture":"北海道","prefecture_kana":"ホッカイドウ","city":"上川郡比布町","city_kana":"カミカワグンピップチョウ","town":"基線","town_kana":"キセン","prefecture_code":1},"0348":{"zip_code":"0780348","prefecture":"北海道","prefecture_kana":"ホッカイドウ","city":"上川郡比布町","city_kana":"カミカワグンピップチョウ","town":"北町","town_kana":"キタマチ","prefecture_code":1},"0321":{"zip_code":"0780321","prefecture":"北海道","prefecture_kana":"ホッカイドウ","city":"上川郡比布町","city_kana":"カミカワグンピップチョウ","town":"北１線","town_kana":"キタ1セン","prefecture_code":1},"0322":{"zip_code":"0780322","prefecture":"北海道","prefecture_kana":"ホッカイドウ","city":"上川郡比布町","city_kana":"カミカワグンピップチョウ","town":"北２線","town_kana":"キタ2セン","prefecture_code":1},"0323":{"zip_code":"0780323","prefecture":"北海道","prefecture_kana":"ホッカイドウ","city":"上川郡比布町","city_kana":"カミカワグンピップチョウ","town":"北３線","town_kana":"キタ3セン","prefecture_code":1},"0324":{"zip_code":"0780324","prefecture":"北海道","prefecture_kana":"ホッカイドウ","city":"上川郡比布町","city_kana":"カミカワグンピップチョウ","town":"北４線","town_kana":"キタ4セン","prefecture_code":1},"0325":{"zip_code":"0780325","prefecture":"北海道","prefecture_kana":"ホッカイドウ","city":"上川郡比布町","city_kana":"カミカワグンピップチョウ","town":"北５線","town_kana":"キタ5セン","prefecture_code":1},"0326":{"zip_code":"0780326","prefecture":"北海道","prefecture_kana":"ホッカイドウ","city":"上川郡比布町","city_kana":"カミカワグンピップチョウ","town":"北６線","town_kana":"キタ6セン","prefecture_code":1},"0327":{"zip_code":"0780327","prefecture":"北海道","prefecture_kana":"ホッカイドウ","city":"上川郡比布町","city_kana":"カミカワグンピップチョウ","town":"北７線","town_kana":"キタ7セン","prefecture_code":1},"0328":{"zip_code":"0780328","prefecture":"北海道","prefecture_kana":"ホッカイドウ","city":"上川郡比布町","city_kana":"カミカワグンピップチョウ","town":"北８線","town_kana":"キタ8セン","prefecture_code":1},"0329":{"zip_code":"0780329","prefecture":"北海道","prefecture_kana":"ホッカイドウ","city":"上川郡比布町","city_kana":"カミカワグンピップチョウ","town":"北９線","town_kana":"キタ9セン","prefecture_code":1},"0330":{"zip_code":"0780330","prefecture":"北海道","prefecture_kana":"ホッカイドウ","city":"上川郡比布町","city_kana":"カミカワグンピップチョウ","town":"北１０線","town_kana":"キタ10セン","prefecture_code":1},"0331":{"zip_code":"0780331","prefecture":"北海道","prefecture_kana":"ホッカイドウ","city":"上川郡比布町","city_kana":"カミカワグンピップチョウ","town":"北１１線","town_kana":"キタ11セン","prefecture_code":1},"0332":{"zip_code":"0780332","prefecture":"北海道","prefecture_kana":"ホッカイドウ","city":"上川郡比布町","city_kana":"カミカワグンピップチョウ","town":"北１２線","town_kana":"キタ12セン","prefecture_code":1},"0333":{"zip_code":"0780333","prefecture":"北海道","prefecture_kana":"ホッカイドウ","city":"上川郡比布町","city_kana":"カミカワグンピップチョウ","town":"北１３線","town_kana":"キタ13セン","prefecture_code":1},"0334":{"zip_code":"0780334","prefecture":"北海道","prefecture_kana":"ホッカイドウ","city":"上川郡比布町","city_kana":"カミカワグンピップチョウ","town":"北１４線","town_kana":"キタ14セン","prefecture_code":1},"0335":{"zip_code":"0780335","prefecture":"北海道","prefecture_kana":"ホッカイドウ","city":"上川郡比布町","city_kana":"カミカワグンピップチョウ","town":"北１５線","town_kana":"キタ15セン","prefecture_code":1},"0349":{"zip_code":"0780349","prefecture":"北海道","prefecture_kana":"ホッカイドウ","city":"上川郡比布町","city_kana":"カミカワグンピップチョウ","town":"寿町","town_kana":"コトブキマチ","prefecture_code":1},"0341":{"zip_code":"0780341","prefecture":"北海道","prefecture_kana":"ホッカイドウ","city":"上川郡比布町","city_kana":"カミカワグンピップチョウ","town":"市街地","town_kana":"シガイチ","prefecture_code":1},"0346":{"zip_code":"0780346","prefecture":"北海道","prefecture_kana":"ホッカイドウ","city":"上川郡比布町","city_kana":"カミカワグンピップチョウ","town":"新町","town_kana":"シンマチ","prefecture_code":1},"0343":{"zip_code":"0780343","prefecture":"北海道","prefecture_kana":"ホッカイドウ","city":"上川郡比布町","city_kana":"カミカワグンピップチョウ","town":"中町","town_kana":"ナカマチ","prefecture_code":1},"0342":{"zip_code":"0780342","prefecture":"北海道","prefecture_kana":"ホッカイドウ","city":"上川郡比布町","city_kana":"カミカワグンピップチョウ","town":"西町","town_kana":"ニシマチ","prefecture_code":1},"0347":{"zip_code":"0780347","prefecture":"北海道","prefecture_kana":"ホッカイドウ","city":"上川郡比布町","city_kana":"カミカワグンピップチョウ","town":"東町","town_kana":"ヒガシマチ","prefecture_code":1},"0344":{"zip_code":"0780344","prefecture":"北海道","prefecture_kana":"ホッカイドウ","city":"上川郡比布町","city_kana":"カミカワグンピップチョウ","town":"緑町","town_kana":"ミドリマチ","prefecture_code":1},"0311":{"zip_code":"0780311","prefecture":"北海道","prefecture_kana":"ホッカイドウ","city":"上川郡比布町","city_kana":"カミカワグンピップチョウ","town":"南１線","town_kana":"ミナミ1セン","prefecture_code":1},"0345":{"zip_code":"0780345","prefecture":"北海道","prefecture_kana":"ホッカイドウ","city":"上川郡比布町","city_kana":"カミカワグンピップチョウ","town":"南町","town_kana":"ミナミマチ","prefecture_code":1},"1400":{"zip_code":"0781400","prefecture":"北海道","prefecture_kana":"ホッカイドウ","city":"上川郡愛別町","city_kana":"カミカワグンアイベツチョウ","town":"","town_kana":"","prefecture_code":1},"1653":{"zip_code":"0781653","prefecture":"北海道","prefecture_kana":"ホッカイドウ","city":"上川郡愛別町","city_kana":"カミカワグンアイベツチョウ","town":"愛山","town_kana":"アイザン","prefecture_code":1},"1654":{"zip_code":"0781654","prefecture":"北海道","prefecture_kana":"ホッカイドウ","city":"上川郡愛別町","city_kana":"カミカワグンアイベツチョウ","town":"愛山町","town_kana":"アイザンチョウ","prefecture_code":1},"1401":{"zip_code":"0781401","prefecture":"北海道","prefecture_kana":"ホッカイドウ","city":"上川郡愛別町","city_kana":"カミカワグンアイベツチョウ","town":"愛別","town_kana":"アイベツ","prefecture_code":1},"1411":{"zip_code":"0781411","prefecture":"北海道","prefecture_kana":"ホッカイドウ","city":"上川郡愛別町","city_kana":"カミカワグンアイベツチョウ","town":"金富","town_kana":"カナトミ","prefecture_code":1},"1404":{"zip_code":"0781404","prefecture":"北海道","prefecture_kana":"ホッカイドウ","city":"上川郡愛別町","city_kana":"カミカワグンアイベツチョウ","town":"北町","town_kana":"キタマチ","prefecture_code":1},"1414":{"zip_code":"0781414","prefecture":"北海道","prefecture_kana":"ホッカイドウ","city":"上川郡愛別町","city_kana":"カミカワグンアイベツチョウ","town":"協和","town_kana":"キョウワ","prefecture_code":1},"1412":{"zip_code":"0781412","prefecture":"北海道","prefecture_kana":"ホッカイドウ","city":"上川郡愛別町","city_kana":"カミカワグンアイベツチョウ","town":"厚生","town_kana":"コウセイ","prefecture_code":1},"1652":{"zip_code":"0781652","prefecture":"北海道","prefecture_kana":"ホッカイドウ","city":"上川郡愛別町","city_kana":"カミカワグンアイベツチョウ","town":"中央","town_kana":"チュウオウ","prefecture_code":1},"1415":{"zip_code":"0781415","prefecture":"北海道","prefecture_kana":"ホッカイドウ","city":"上川郡愛別町","city_kana":"カミカワグンアイベツチョウ","town":"徳星","town_kana":"トクセイ","prefecture_code":1},"1651":{"zip_code":"0781651","prefecture":"北海道","prefecture_kana":"ホッカイドウ","city":"上川郡愛別町","city_kana":"カミカワグンアイベツチョウ","town":"豊里","town_kana":"トヨサト","prefecture_code":1},"1402":{"zip_code":"0781402","prefecture":"北海道","prefecture_kana":"ホッカイドウ","city":"上川郡愛別町","city_kana":"カミカワグンアイベツチョウ","town":"東町","town_kana":"ヒガシマチ","prefecture_code":1},"1413":{"zip_code":"0781413","prefecture":"北海道","prefecture_kana":"ホッカイドウ","city":"上川郡愛別町","city_kana":"カミカワグンアイベツチョウ","town":"伏古","town_kana":"フシコ","prefecture_code":1},"1405":{"zip_code":"0781405","prefecture":"北海道","prefecture_kana":"ホッカイドウ","city":"上川郡愛別町","city_kana":"カミカワグンアイベツチョウ","town":"本町","town_kana":"ホンチョウ","prefecture_code":1},"1403":{"zip_code":"0781403","prefecture":"北海道","prefecture_kana":"ホッカイドウ","city":"上川郡愛別町","city_kana":"カミカワグンアイベツチョウ","town":"南町","town_kana":"ミナミマチ","prefecture_code":1},"1700":{"zip_code":"0781700","prefecture":"北海道","prefecture_kana":"ホッカイドウ","city":"上川郡上川町","city_kana":"カミカワグンカミカワチョウ","town":"","town_kana":"","prefecture_code":1},"1761":{"zip_code":"0781761","prefecture":"北海道","prefecture_kana":"ホッカイドウ","city":"上川郡上川町","city_kana":"カミカワグンカミカワチョウ","town":"旭町","town_kana":"アサヒマチ","prefecture_code":1},"1752":{"zip_code":"0781752","prefecture":"北海道","prefecture_kana":"ホッカイドウ","city":"上川郡上川町","city_kana":"カミカワグンカミカワチョウ","town":"川端町","town_kana":"カワバタチョウ","prefecture_code":1},"1721":{"zip_code":"0781721","prefecture":"北海道","prefecture_kana":"ホッカイドウ","city":"上川郡上川町","city_kana":"カミカワグンカミカワチョウ","town":"菊水","town_kana":"キクスイ","prefecture_code":1},"1744":{"zip_code":"0781744","prefecture":"北海道","prefecture_kana":"ホッカイドウ","city":"上川郡上川町","city_kana":"カミカワグンカミカワチョウ","town":"北町","town_kana":"キタマチ","prefecture_code":1},"1732":{"zip_code":"0781732","prefecture":"北海道","prefecture_kana":"ホッカイドウ","city":"上川郡上川町","city_kana":"カミカワグンカミカワチョウ","town":"共進","town_kana":"キョウシン","prefecture_code":1},"1711":{"zip_code":"0781711","prefecture":"北海道","prefecture_kana":"ホッカイドウ","city":"上川郡上川町","city_kana":"カミカワグンカミカワチョウ","town":"清川","town_kana":"キヨカワ","prefecture_code":1},"1775":{"zip_code":"0781775","prefecture":"北海道","prefecture_kana":"ホッカイドウ","city":"上川郡上川町","city_kana":"カミカワグンカミカワチョウ","town":"越路","town_kana":"コシジ","prefecture_code":1},"1733":{"zip_code":"0781733","prefecture":"北海道","prefecture_kana":"ホッカイドウ","city":"上川郡上川町","city_kana":"カミカワグンカミカワチョウ","town":"栄町","town_kana":"サカエマチ","prefecture_code":1},"1712":{"zip_code":"0781712","prefecture":"北海道","prefecture_kana":"ホッカイドウ","city":"上川郡上川町","city_kana":"カミカワグンカミカワチョウ","town":"白川","town_kana":"シラカワ","prefecture_code":1},"1722":{"zip_code":"0781722","prefecture":"北海道","prefecture_kana":"ホッカイドウ","city":"上川郡上川町","city_kana":"カミカワグンカミカワチョウ","town":"新光町","town_kana":"シンコウチョウ","prefecture_code":1},"1762":{"zip_code":"0781762","prefecture":"北海道","prefecture_kana":"ホッカイドウ","city":"上川郡上川町","city_kana":"カミカワグンカミカワチョウ","town":"新町","town_kana":"シンマチ","prefecture_code":1},"1701":{"zip_code":"0781701","prefecture":"北海道","prefecture_kana":"ホッカイドウ","city":"上川郡上川町","city_kana":"カミカワグンカミカワチョウ","town":"層雲峡","town_kana":"ソウウンキョウ","prefecture_code":1},"1741":{"zip_code":"0781741","prefecture":"北海道","prefecture_kana":"ホッカイドウ","city":"上川郡上川町","city_kana":"カミカワグンカミカワチョウ","town":"中央町","town_kana":"チュウオウチョウ","prefecture_code":1},"1772":{"zip_code":"0781772","prefecture":"北海道","prefecture_kana":"ホッカイドウ","city":"上川郡上川町","city_kana":"カミカワグンカミカワチョウ","town":"天幕","town_kana":"テンマク","prefecture_code":1},"1731":{"zip_code":"0781731","prefecture":"北海道","prefecture_kana":"ホッカイドウ","city":"上川郡上川町","city_kana":"カミカワグンカミカワチョウ","town":"東雲","town_kana":"トウウン","prefecture_code":1},"1774":{"zip_code":"0781774","prefecture":"北海道","prefecture_kana":"ホッカイドウ","city":"上川郡上川町","city_kana":"カミカワグンカミカワチョウ","town":"豊原","town_kana":"トヨハラ","prefecture_code":1},"1771":{"zip_code":"0781771","prefecture":"北海道","prefecture_kana":"ホッカイドウ","city":"上川郡上川町","city_kana":"カミカワグンカミカワチョウ","town":"中越","town_kana":"ナカコシ","prefecture_code":1},"1742":{"zip_code":"0781742","prefecture":"北海道","prefecture_kana":"ホッカイドウ","city":"上川郡上川町","city_kana":"カミカワグンカミカワチョウ","town":"西町","town_kana":"ニシマチ","prefecture_code":1},"1773":{"zip_code":"0781773","prefecture":"北海道","prefecture_kana":"ホッカイドウ","city":"上川郡上川町","city_kana":"カミカワグンカミカワチョウ","town":"日東","town_kana":"ニットウ","prefecture_code":1},"1743":{"zip_code":"0781743","prefecture":"北海道","prefecture_kana":"ホッカイドウ","city":"上川郡上川町","city_kana":"カミカワグンカミカワチョウ","town":"花園町","town_kana":"ハナゾノチョウ","prefecture_code":1},"1763":{"zip_code":"0781763","prefecture":"北海道","prefecture_kana":"ホッカイドウ","city":"上川郡上川町","city_kana":"カミカワグンカミカワチョウ","town":"東町","town_kana":"ヒガシマチ","prefecture_code":1},"1751":{"zip_code":"0781751","prefecture":"北海道","prefecture_kana":"ホッカイドウ","city":"上川郡上川町","city_kana":"カミカワグンカミカワチョウ","town":"本町","town_kana":"ホンチョウ","prefecture_code":1},"1753":{"zip_code":"0781753","prefecture":"北海道","prefecture_kana":"ホッカイドウ","city":"上川郡上川町","city_kana":"カミカワグンカミカワチョウ","town":"南町","town_kana":"ミナミマチ","prefecture_code":1},"3300":{"zip_code":"0783300","prefecture":"北海道","prefecture_kana":"ホッカイドウ","city":"留萌郡小平町","city_kana":"ルモイグンオビラチョウ","town":"","town_kana":"","prefecture_code":1},"3302":{"zip_code":"0783302","prefecture":"北海道","prefecture_kana":"ホッカイドウ","city":"留萌郡小平町","city_kana":"ルモイグンオビラチョウ","town":"臼谷","town_kana":"ウスヤ","prefecture_code":1},"3457":{"zip_code":"0783457","prefecture":"北海道","prefecture_kana":"ホッカイドウ","city":"留萌郡小平町","city_kana":"ルモイグンオビラチョウ","town":"大椴","town_kana":"オオトド","prefecture_code":1},"3309":{"zip_code":"0783309","prefecture":"北海道","prefecture_kana":"ホッカイドウ","city":"留萌郡小平町","city_kana":"ルモイグンオビラチョウ","town":"沖内","town_kana":"オキナイ","prefecture_code":1},"3452":{"zip_code":"0783452","prefecture":"北海道","prefecture_kana":"ホッカイドウ","city":"留萌郡小平町","city_kana":"ルモイグンオビラチョウ","town":"鬼鹿千松","town_kana":"オニシカセンマツ","prefecture_code":1},"3442":{"zip_code":"0783442","prefecture":"北海道","prefecture_kana":"ホッカイドウ","city":"留萌郡小平町","city_kana":"ルモイグンオビラチョウ","town":"鬼鹿田代","town_kana":"オニシカタシロ","prefecture_code":1},"3456":{"zip_code":"0783456","prefecture":"北海道","prefecture_kana":"ホッカイドウ","city":"留萌郡小平町","city_kana":"ルモイグンオビラチョウ","town":"鬼鹿富岡","town_kana":"オニシカトミオカ","prefecture_code":1},"3451":{"zip_code":"0783451","prefecture":"北海道","prefecture_kana":"ホッカイドウ","city":"留萌郡小平町","city_kana":"ルモイグンオビラチョウ","town":"鬼鹿豊浜","town_kana":"オニシカトヨハマ","prefecture_code":1},"3455":{"zip_code":"0783455","prefecture":"北海道","prefecture_kana":"ホッカイドウ","city":"留萌郡小平町","city_kana":"ルモイグンオビラチョウ","town":"鬼鹿秀浦","town_kana":"オニシカヒデウラ","prefecture_code":1},"3454":{"zip_code":"0783454","prefecture":"北海道","prefecture_kana":"ホッカイドウ","city":"留萌郡小平町","city_kana":"ルモイグンオビラチョウ","town":"鬼鹿広富","town_kana":"オニシカヒロトミ","prefecture_code":1},"3441":{"zip_code":"0783441","prefecture":"北海道","prefecture_kana":"ホッカイドウ","city":"留萌郡小平町","city_kana":"ルモイグンオビラチョウ","town":"鬼鹿港町","town_kana":"オニシカミナトマチ","prefecture_code":1},"3453":{"zip_code":"0783453","prefecture":"北海道","prefecture_kana":"ホッカイドウ","city":"留萌郡小平町","city_kana":"ルモイグンオビラチョウ","town":"鬼鹿元浜","town_kana":"オニシカモトハマ","prefecture_code":1},"3301":{"zip_code":"0783301","prefecture":"北海道","prefecture_kana":"ホッカイドウ","city":"留萌郡小平町","city_kana":"ルモイグンオビラチョウ","town":"小平町","town_kana":"オビラチョウ","prefecture_code":1},"3306":{"zip_code":"0783306","prefecture":"北海道","prefecture_kana":"ホッカイドウ","city":"留萌郡小平町","city_kana":"ルモイグンオビラチョウ","town":"菊岡","town_kana":"キクオカ","prefecture_code":1},"3308":{"zip_code":"0783308","prefecture":"北海道","prefecture_kana":"ホッカイドウ","city":"留萌郡小平町","city_kana":"ルモイグンオビラチョウ","town":"岐富","town_kana":"キフ","prefecture_code":1},"3305":{"zip_code":"0783305","prefecture":"北海道","prefecture_kana":"ホッカイドウ","city":"留萌郡小平町","city_kana":"ルモイグンオビラチョウ","town":"桑園","town_kana":"ソウエン","prefecture_code":1},"3312":{"zip_code":"0783312","prefecture":"北海道","prefecture_kana":"ホッカイドウ","city":"留萌郡小平町","city_kana":"ルモイグンオビラチョウ","town":"富里","town_kana":"トミサト","prefecture_code":1},"3307":{"zip_code":"0783307","prefecture":"北海道","prefecture_kana":"ホッカイドウ","city":"留萌郡小平町","city_kana":"ルモイグンオビラチョウ","town":"豊岡","town_kana":"トヨオカ","prefecture_code":1},"3303":{"zip_code":"0783303","prefecture":"北海道","prefecture_kana":"ホッカイドウ","city":"留萌郡小平町","city_kana":"ルモイグンオビラチョウ","town":"豊平","town_kana":"トヨヒラ","prefecture_code":1},"3311":{"zip_code":"0783311","prefecture":"北海道","prefecture_kana":"ホッカイドウ","city":"留萌郡小平町","city_kana":"ルモイグンオビラチョウ","town":"花岡","town_kana":"ハナオカ","prefecture_code":1},"3313":[{"zip_code":"0783313","prefecture":"北海道","prefecture_kana":"ホッカイドウ","city":"留萌郡小平町","city_kana":"ルモイグンオビラチョウ","town":"平和","town_kana":"ヘイワ","prefecture_code":1},{"zip_code":"0783313","prefecture":"北海道","prefecture_kana":"ホッカイドウ","city":"留萌郡小平町","city_kana":"ルモイグンオビラチョウ","town":"平和１区","town_kana":"ヘイワ1ク","prefecture_code":1}],"3304":{"zip_code":"0783304","prefecture":"北海道","prefecture_kana":"ホッカイドウ","city":"留萌郡小平町","city_kana":"ルモイグンオビラチョウ","town":"本郷","town_kana":"ホンゴウ","prefecture_code":1},"3700":{"zip_code":"0783700","prefecture":"北海道","prefecture_kana":"ホッカイドウ","city":"苫前郡苫前町","city_kana":"トママエグントママエチョウ","town":"","town_kana":"","prefecture_code":1},"3711":{"zip_code":"0783711","prefecture":"北海道","prefecture_kana":"ホッカイドウ","city":"苫前郡苫前町","city_kana":"トママエグントママエチョウ","town":"旭","town_kana":"アサヒ","prefecture_code":1},"3634":{"zip_code":"0783634","prefecture":"北海道","prefecture_kana":"ホッカイドウ","city":"苫前郡苫前町","city_kana":"トママエグントママエチョウ","town":"岩見","town_kana":"イワミ","prefecture_code":1},"3712":{"zip_code":"0783712","prefecture":"北海道","prefecture_kana":"ホッカイドウ","city":"苫前郡苫前町","city_kana":"トママエグントママエチョウ","town":"上平","town_kana":"ウエヒラ","prefecture_code":1},"3713":{"zip_code":"0783713","prefecture":"北海道","prefecture_kana":"ホッカイドウ","city":"苫前郡苫前町","city_kana":"トママエグントママエチョウ","town":"興津","town_kana":"オコツ","prefecture_code":1},"3631":{"zip_code":"0783631","prefecture":"北海道","prefecture_kana":"ホッカイドウ","city":"苫前郡苫前町","city_kana":"トママエグントママエチョウ","town":"香川","town_kana":"カガワ","prefecture_code":1},"3714":{"zip_code":"0783714","prefecture":"北海道","prefecture_kana":"ホッカイドウ","city":"苫前郡苫前町","city_kana":"トママエグントママエチョウ","town":"香川","town_kana":"カガワ","prefecture_code":1},"3636":{"zip_code":"0783636","prefecture":"北海道","prefecture_kana":"ホッカイドウ","city":"苫前郡苫前町","city_kana":"トママエグントママエチョウ","town":"霧立","town_kana":"キリタチ","prefecture_code":1},"3633":{"zip_code":"0783633","prefecture":"北海道","prefecture_kana":"ホッカイドウ","city":"苫前郡苫前町","city_kana":"トママエグントママエチョウ","town":"小川","town_kana":"コガワ","prefecture_code":1},"3637":{"zip_code":"0783637","prefecture":"北海道","prefecture_kana":"ホッカイドウ","city":"苫前郡苫前町","city_kana":"トママエグントママエチョウ","town":"九重","town_kana":"ココノエ","prefecture_code":1},"3621":{"zip_code":"0783621","prefecture":"北海道","prefecture_kana":"ホッカイドウ","city":"苫前郡苫前町","city_kana":"トママエグントママエチョウ","town":"古丹別","town_kana":"コタンベツ","prefecture_code":1},"3702":{"zip_code":"0783702","prefecture":"北海道","prefecture_kana":"ホッカイドウ","city":"苫前郡苫前町","city_kana":"トママエグントママエチョウ","town":"栄浜","town_kana":"サカエハマ","prefecture_code":1},"3638":{"zip_code":"0783638","prefecture":"北海道","prefecture_kana":"ホッカイドウ","city":"苫前郡苫前町","city_kana":"トママエグントママエチョウ","town":"三渓","town_kana":"サンケイ","prefecture_code":1},"3715":{"zip_code":"0783715","prefecture":"北海道","prefecture_kana":"ホッカイドウ","city":"苫前郡苫前町","city_kana":"トママエグントママエチョウ","town":"昭和","town_kana":"ショウワ","prefecture_code":1},"3701":{"zip_code":"0783701","prefecture":"北海道","prefecture_kana":"ホッカイドウ","city":"苫前郡苫前町","city_kana":"トママエグントママエチョウ","town":"苫前","town_kana":"トママエ","prefecture_code":1},"3716":{"zip_code":"0783716","prefecture":"北海道","prefecture_kana":"ホッカイドウ","city":"苫前郡苫前町","city_kana":"トママエグントママエチョウ","town":"豊浦","town_kana":"トヨウラ","prefecture_code":1},"3632":{"zip_code":"0783632","prefecture":"北海道","prefecture_kana":"ホッカイドウ","city":"苫前郡苫前町","city_kana":"トママエグントママエチョウ","town":"長島","town_kana":"ナガシマ","prefecture_code":1},"3635":{"zip_code":"0783635","prefecture":"北海道","prefecture_kana":"ホッカイドウ","city":"苫前郡苫前町","city_kana":"トママエグントママエチョウ","town":"東川","town_kana":"ヒガシカワ","prefecture_code":1},"3717":{"zip_code":"0783717","prefecture":"北海道","prefecture_kana":"ホッカイドウ","city":"苫前郡苫前町","city_kana":"トママエグントママエチョウ","town":"三豊","town_kana":"ミトヨ","prefecture_code":1},"3541":{"zip_code":"0783541","prefecture":"北海道","prefecture_kana":"ホッカイドウ","city":"苫前郡苫前町","city_kana":"トママエグントママエチョウ","town":"力昼","town_kana":"リキビル","prefecture_code":1},"4100":{"zip_code":"0784100","prefecture":"北海道","prefecture_kana":"ホッカイドウ","city":"苫前郡羽幌町","city_kana":"トママエグンハボロチョウ","town":"","town_kana":"","prefecture_code":1},"4144":{"zip_code":"0784144","prefecture":"北海道","prefecture_kana":"ホッカイドウ","city":"苫前郡羽幌町","city_kana":"トママエグンハボロチョウ","town":"曙","town_kana":"アケボノ","prefecture_code":1},"4117":{"zip_code":"0784117","prefecture":"北海道","prefecture_kana":"ホッカイドウ","city":"苫前郡羽幌町","city_kana":"トママエグンハボロチョウ","town":"朝日","town_kana":"アサヒ","prefecture_code":1},"4142":{"zip_code":"0784142","prefecture":"北海道","prefecture_kana":"ホッカイドウ","city":"苫前郡羽幌町","city_kana":"トママエグンハボロチョウ","town":"上築","town_kana":"カミチク","prefecture_code":1},"4134":{"zip_code":"0784134","prefecture":"北海道","prefecture_kana":"ホッカイドウ","city":"苫前郡羽幌町","city_kana":"トママエグンハボロチョウ","town":"上羽幌","town_kana":"カミハボロ","prefecture_code":1},"4110":{"zip_code":"0784110","prefecture":"北海道","prefecture_kana":"ホッカイドウ","city":"苫前郡羽幌町","city_kana":"トママエグンハボロチョウ","town":"北大通","town_kana":"キタオオドオリ","prefecture_code":1},"4119":{"zip_code":"0784119","prefecture":"北海道","prefecture_kana":"ホッカイドウ","city":"苫前郡羽幌町","city_kana":"トママエグンハボロチョウ","town":"北町","town_kana":"キタマチ","prefecture_code":1},"4111":{"zip_code":"0784111","prefecture":"北海道","prefecture_kana":"ホッカイドウ","city":"苫前郡羽幌町","city_kana":"トママエグンハボロチョウ","town":"北一条","town_kana":"キタ1ジョウ","prefecture_code":1},"4112":{"zip_code":"0784112","prefecture":"北海道","prefecture_kana":"ホッカイドウ","city":"苫前郡羽幌町","city_kana":"トママエグンハボロチョウ","town":"北二条","town_kana":"キタ2ジョウ","prefecture_code":1},"4113":{"zip_code":"0784113","prefecture":"北海道","prefecture_kana":"ホッカイドウ","city":"苫前郡羽幌町","city_kana":"トママエグンハボロチョウ","town":"北三条","town_kana":"キタ3ジョウ","prefecture_code":1},"4114":{"zip_code":"0784114","prefecture":"北海道","prefecture_kana":"ホッカイドウ","city":"苫前郡羽幌町","city_kana":"トママエグンハボロチョウ","town":"北四条","town_kana":"キタ4ジョウ","prefecture_code":1},"4115":{"zip_code":"0784115","prefecture":"北海道","prefecture_kana":"ホッカイドウ","city":"苫前郡羽幌町","city_kana":"トママエグンハボロチョウ","town":"北五条","town_kana":"キタ5ジョウ","prefecture_code":1},"4116":{"zip_code":"0784116","prefecture":"北海道","prefecture_kana":"ホッカイドウ","city":"苫前郡羽幌町","city_kana":"トママエグンハボロチョウ","town":"北六条","town_kana":"キタ6ジョウ","prefecture_code":1},"4131":{"zip_code":"0784131","prefecture":"北海道","prefecture_kana":"ホッカイドウ","city":"苫前郡羽幌町","city_kana":"トママエグンハボロチョウ","town":"寿町","town_kana":"コトブキチョウ","prefecture_code":1},"4121":{"zip_code":"0784121","prefecture":"北海道","prefecture_kana":"ホッカイドウ","city":"苫前郡羽幌町","city_kana":"トママエグンハボロチョウ","town":"幸町","town_kana":"サイワイチョウ","prefecture_code":1},"4123":{"zip_code":"0784123","prefecture":"北海道","prefecture_kana":"ホッカイドウ","city":"苫前郡羽幌町","city_kana":"トママエグンハボロチョウ","town":"栄町","town_kana":"サカエマチ","prefecture_code":1},"4140":{"zip_code":"0784140","prefecture":"北海道","prefecture_kana":"ホッカイドウ","city":"苫前郡羽幌町","city_kana":"トママエグンハボロチョウ","town":"汐見","town_kana":"シオミ","prefecture_code":1},"4133":{"zip_code":"0784133","prefecture":"北海道","prefecture_kana":"ホッカイドウ","city":"苫前郡羽幌町","city_kana":"トママエグンハボロチョウ","town":"平","town_kana":"タイラ","prefecture_code":1},"4143":{"zip_code":"0784143","prefecture":"北海道","prefecture_kana":"ホッカイドウ","city":"苫前郡羽幌町","city_kana":"トママエグンハボロチョウ","town":"高台","town_kana":"タカダイ","prefecture_code":1},"4141":{"zip_code":"0784141","prefecture":"北海道","prefecture_kana":"ホッカイドウ","city":"苫前郡羽幌町","city_kana":"トママエグンハボロチョウ","town":"築別","town_kana":"チクベツ","prefecture_code":1},"4145":{"zip_code":"0784145","prefecture":"北海道","prefecture_kana":"ホッカイドウ","city":"苫前郡羽幌町","city_kana":"トママエグンハボロチョウ","town":"築別炭砿","town_kana":"チクベツタンコウ","prefecture_code":1},"4132":{"zip_code":"0784132","prefecture":"北海道","prefecture_kana":"ホッカイドウ","city":"苫前郡羽幌町","city_kana":"トママエグンハボロチョウ","town":"中央","town_kana":"チュウオウ","prefecture_code":1},"3951":[{"zip_code":"0783951","prefecture":"北海道","prefecture_kana":"ホッカイドウ","city":"苫前郡羽幌町","city_kana":"トママエグンハボロチョウ","town":"天売","town_kana":"テウリ","prefecture_code":1},{"zip_code":"0783951","prefecture":"北海道","prefecture_kana":"ホッカイドウ","city":"苫前郡羽幌町","city_kana":"トママエグンハボロチョウ","town":"天売相影","town_kana":"テウリアイカゲ","prefecture_code":1}],"3953":[{"zip_code":"0783953","prefecture":"北海道","prefecture_kana":"ホッカイドウ","city":"苫前郡羽幌町","city_kana":"トママエグンハボロチョウ","town":"天売","town_kana":"テウリ","prefecture_code":1},{"zip_code":"0783953","prefecture":"北海道","prefecture_kana":"ホッカイドウ","city":"苫前郡羽幌町","city_kana":"トママエグンハボロチョウ","town":"天売和浦","town_kana":"テウリカズウラ","prefecture_code":1}],"3952":[{"zip_code":"0783952","prefecture":"北海道","prefecture_kana":"ホッカイドウ","city":"苫前郡羽幌町","city_kana":"トママエグンハボロチョウ","town":"天売","town_kana":"テウリ","prefecture_code":1},{"zip_code":"0783952","prefecture":"北海道","prefecture_kana":"ホッカイドウ","city":"苫前郡羽幌町","city_kana":"トママエグンハボロチョウ","town":"天売富磯","town_kana":"テウリトミイソ","prefecture_code":1}],"3955":[{"zip_code":"0783955","prefecture":"北海道","prefecture_kana":"ホッカイドウ","city":"苫前郡羽幌町","city_kana":"トママエグンハボロチョウ","town":"天売","town_kana":"テウリ","prefecture_code":1},{"zip_code":"0783955","prefecture":"北海道","prefecture_kana":"ホッカイドウ","city":"苫前郡羽幌町","city_kana":"トママエグンハボロチョウ","town":"天売弁天","town_kana":"テウリベンテン","prefecture_code":1}],"3954":[{"zip_code":"0783954","prefecture":"北海道","prefecture_kana":"ホッカイドウ","city":"苫前郡羽幌町","city_kana":"トママエグンハボロチョウ","town":"天売","town_kana":"テウリ","prefecture_code":1},{"zip_code":"0783954","prefecture":"北海道","prefecture_kana":"ホッカイドウ","city":"苫前郡羽幌町","city_kana":"トママエグンハボロチョウ","town":"天売前浜","town_kana":"テウリマエハマ","prefecture_code":1}],"4118":{"zip_code":"0784118","prefecture":"北海道","prefecture_kana":"ホッカイドウ","city":"苫前郡羽幌町","city_kana":"トママエグンハボロチョウ","town":"浜町","town_kana":"ハママチ","prefecture_code":1},"4130":{"zip_code":"0784130","prefecture":"北海道","prefecture_kana":"ホッカイドウ","city":"苫前郡羽幌町","city_kana":"トママエグンハボロチョウ","town":"緑町","town_kana":"ミドリマチ","prefecture_code":1},"4120":{"zip_code":"0784120","prefecture":"北海道","prefecture_kana":"ホッカイドウ","city":"苫前郡羽幌町","city_kana":"トママエグンハボロチョウ","town":"港町","town_kana":"ミナトマチ","prefecture_code":1},"4108":{"zip_code":"0784108","prefecture":"北海道","prefecture_kana":"ホッカイドウ","city":"苫前郡羽幌町","city_kana":"トママエグンハボロチョウ","town":"南大通","town_kana":"ミナミオオドオリ","prefecture_code":1},"4122":{"zip_code":"0784122","prefecture":"北海道","prefecture_kana":"ホッカイドウ","city":"苫前郡羽幌町","city_kana":"トママエグンハボロチョウ","town":"南町","town_kana":"ミナミマチ","prefecture_code":1},"4101":{"zip_code":"0784101","prefecture":"北海道","prefecture_kana":"ホッカイドウ","city":"苫前郡羽幌町","city_kana":"トママエグンハボロチョウ","town":"南一条","town_kana":"ミナミ1ジョウ","prefecture_code":1},"4102":{"zip_code":"0784102","prefecture":"北海道","prefecture_kana":"ホッカイドウ","city":"苫前郡羽幌町","city_kana":"トママエグンハボロチョウ","town":"南二条","town_kana":"ミナミ2ジョウ","prefecture_code":1},"4103":{"zip_code":"0784103","prefecture":"北海道","prefecture_kana":"ホッカイドウ","city":"苫前郡羽幌町","city_kana":"トママエグンハボロチョウ","town":"南三条","town_kana":"ミナミ3ジョウ","prefecture_code":1},"4104":{"zip_code":"0784104","prefecture":"北海道","prefecture_kana":"ホッカイドウ","city":"苫前郡羽幌町","city_kana":"トママエグンハボロチョウ","town":"南四条","town_kana":"ミナミ4ジョウ","prefecture_code":1},"4105":{"zip_code":"0784105","prefecture":"北海道","prefecture_kana":"ホッカイドウ","city":"苫前郡羽幌町","city_kana":"トママエグンハボロチョウ","town":"南五条","town_kana":"ミナミ5ジョウ","prefecture_code":1},"4106":{"zip_code":"0784106","prefecture":"北海道","prefecture_kana":"ホッカイドウ","city":"苫前郡羽幌町","city_kana":"トママエグンハボロチョウ","town":"南六条","town_kana":"ミナミ6ジョウ","prefecture_code":1},"4107":{"zip_code":"0784107","prefecture":"北海道","prefecture_kana":"ホッカイドウ","city":"苫前郡羽幌町","city_kana":"トママエグンハボロチョウ","town":"南七条","town_kana":"ミナミ7ジョウ","prefecture_code":1},"3871":{"zip_code":"0783871","prefecture":"北海道","prefecture_kana":"ホッカイドウ","city":"苫前郡羽幌町","city_kana":"トママエグンハボロチョウ","town":"焼尻","town_kana":"ヤギシリ","prefecture_code":1},"4400":{"zip_code":"0784400","prefecture":"北海道","prefecture_kana":"ホッカイドウ","city":"苫前郡初山別村","city_kana":"トママエグンショサンベツムラ","town":"","town_kana":"","prefecture_code":1},"4432":{"zip_code":"0784432","prefecture":"北海道","prefecture_kana":"ホッカイドウ","city":"苫前郡初山別村","city_kana":"トママエグンショサンベツムラ","town":"明里","town_kana":"アケサト","prefecture_code":1},"4411":{"zip_code":"0784411","prefecture":"北海道","prefecture_kana":"ホッカイドウ","city":"苫前郡初山別村","city_kana":"トママエグンショサンベツムラ","town":"有明","town_kana":"アリアケ","prefecture_code":1},"4433":{"zip_code":"0784433","prefecture":"北海道","prefecture_kana":"ホッカイドウ","city":"苫前郡初山別村","city_kana":"トママエグンショサンベツムラ","town":"共成","town_kana":"キョウセイ","prefecture_code":1},"4412":{"zip_code":"0784412","prefecture":"北海道","prefecture_kana":"ホッカイドウ","city":"苫前郡初山別村","city_kana":"トママエグンショサンベツムラ","town":"栄","town_kana":"サカエ","prefecture_code":1},"4421":{"zip_code":"0784421","prefecture":"北海道","prefecture_kana":"ホッカイドウ","city":"苫前郡初山別村","city_kana":"トママエグンショサンベツムラ","town":"初山別","town_kana":"ショサンベツ","prefecture_code":1},"4422":{"zip_code":"0784422","prefecture":"北海道","prefecture_kana":"ホッカイドウ","city":"苫前郡初山別村","city_kana":"トママエグンショサンベツムラ","town":"千代田","town_kana":"チヨダ","prefecture_code":1},"4431":{"zip_code":"0784431","prefecture":"北海道","prefecture_kana":"ホッカイドウ","city":"苫前郡初山別村","city_kana":"トママエグンショサンベツムラ","town":"豊岬","town_kana":"トヨサキ","prefecture_code":1}}