{"0000":{"zip_code":"0830000","prefecture":"北海道","prefecture_kana":"ホッカイドウ","city":"中川郡池田町","city_kana":"ナカガワグンイケダチョウ","town":"","town_kana":"","prefecture_code":1},"0044":{"zip_code":"0830044","prefecture":"北海道","prefecture_kana":"ホッカイドウ","city":"中川郡池田町","city_kana":"ナカガワグンイケダチョウ","town":"青山","town_kana":"アオヤマ","prefecture_code":1},"0001":{"zip_code":"0830001","prefecture":"北海道","prefecture_kana":"ホッカイドウ","city":"中川郡池田町","city_kana":"ナカガワグンイケダチョウ","town":"旭町","town_kana":"アサヒマチ","prefecture_code":1},"0090":{"zip_code":"0830090","prefecture":"北海道","prefecture_kana":"ホッカイドウ","city":"中川郡池田町","city_kana":"ナカガワグンイケダチョウ","town":"大通","town_kana":"オオドオリ","prefecture_code":1},"0020":{"zip_code":"0830020","prefecture":"北海道","prefecture_kana":"ホッカイドウ","city":"中川郡池田町","city_kana":"ナカガワグンイケダチョウ","town":"大通南","town_kana":"オオドオリミナミ","prefecture_code":1},"0041":{"zip_code":"0830041","prefecture":"北海道","prefecture_kana":"ホッカイドウ","city":"中川郡池田町","city_kana":"ナカガワグンイケダチョウ","town":"川合","town_kana":"カワイ","prefecture_code":1},"0002":{"zip_code":"0830002","prefecture":"北海道","prefecture_kana":"ホッカイドウ","city":"中川郡池田町","city_kana":"ナカガワグンイケダチョウ","town":"清見","town_kana":"キヨミ","prefecture_code":1},"0003":{"zip_code":"0830003","prefecture":"北海道","prefecture_kana":"ホッカイドウ","city":"中川郡池田町","city_kana":"ナカガワグンイケダチョウ","town":"清見ケ丘","town_kana":"キヨミガオカ","prefecture_code":1},"0004":{"zip_code":"0830004","prefecture":"北海道","prefecture_kana":"ホッカイドウ","city":"中川郡池田町","city_kana":"ナカガワグンイケダチョウ","town":"様舞","town_kana":"サママイ","prefecture_code":1},"0047":{"zip_code":"0830047","prefecture":"北海道","prefecture_kana":"ホッカイドウ","city":"中川郡池田町","city_kana":"ナカガワグンイケダチョウ","town":"昭栄","town_kana":"ショウエイ","prefecture_code":1},"0042":{"zip_code":"0830042","prefecture":"北海道","prefecture_kana":"ホッカイドウ","city":"中川郡池田町","city_kana":"ナカガワグンイケダチョウ","town":"千代田","town_kana":"チヨダ","prefecture_code":1},"0046":{"zip_code":"0830046","prefecture":"北海道","prefecture_kana":"ホッカイドウ","city":"中川郡池田町","city_kana":"ナカガワグンイケダチョウ","town":"東台","town_kana":"トウダイ","prefecture_code":1},"0032":{"zip_code":"0830032","prefecture":"北海道","prefecture_kana":"ホッカイドウ","city":"中川郡池田町","city_kana":"ナカガワグンイケダチョウ","town":"利別東町","town_kana":"トシベツヒガシマチ","prefecture_code":1},"0031":{"zip_code":"0830031","prefecture":"北海道","prefecture_kana":"ホッカイドウ","city":"中川郡池田町","city_kana":"ナカガワグンイケダチョウ","town":"利別西町","town_kana":"トシベツニシマチ","prefecture_code":1},"0033":{"zip_code":"0830033","prefecture":"北海道","prefecture_kana":"ホッカイドウ","city":"中川郡池田町","city_kana":"ナカガワグンイケダチョウ","town":"利別南町","town_kana":"トシベツミナミマチ","prefecture_code":1},"0034":{"zip_code":"0830034","prefecture":"北海道","prefecture_kana":"ホッカイドウ","city":"中川郡池田町","city_kana":"ナカガワグンイケダチョウ","town":"利別本町","town_kana":"トシベツモトマチ","prefecture_code":1},"0045":{"zip_code":"0830045","prefecture":"北海道","prefecture_kana":"ホッカイドウ","city":"中川郡池田町","city_kana":"ナカガワグンイケダチョウ","town":"富岡","town_kana":"トミオカ","prefecture_code":1},"0043":{"zip_code":"0830043","prefecture":"北海道","prefecture_kana":"ホッカイドウ","city":"中川郡池田町","city_kana":"ナカガワグンイケダチョウ","town":"豊田","town_kana":"トヨタ","prefecture_code":1},"0021":{"zip_code":"0830021","prefecture":"北海道","prefecture_kana":"ホッカイドウ","city":"中川郡池田町","city_kana":"ナカガワグンイケダチョウ","town":"西一条","town_kana":"ニシ1ジョウ","prefecture_code":1},"0022":{"zip_code":"0830022","prefecture":"北海道","prefecture_kana":"ホッカイドウ","city":"中川郡池田町","city_kana":"ナカガワグンイケダチョウ","town":"西二条","town_kana":"ニシ2ジョウ","prefecture_code":1},"0023":{"zip_code":"0830023","prefecture":"北海道","prefecture_kana":"ホッカイドウ","city":"中川郡池田町","city_kana":"ナカガワグンイケダチョウ","town":"西三条","town_kana":"ニシ3ジョウ","prefecture_code":1},"0091":{"zip_code":"0830091","prefecture":"北海道","prefecture_kana":"ホッカイドウ","city":"中川郡池田町","city_kana":"ナカガワグンイケダチョウ","town":"東一条","town_kana":"ヒガシ1ジョウ","prefecture_code":1},"0092":{"zip_code":"0830092","prefecture":"北海道","prefecture_kana":"ホッカイドウ","city":"中川郡池田町","city_kana":"ナカガワグンイケダチョウ","town":"東二条","town_kana":"ヒガシ2ジョウ","prefecture_code":1}}