{"0000":{"zip_code":"0850000","prefecture":"北海道","prefecture_kana":"ホッカイドウ","city":"釧路市","city_kana":"クシロシ","town":"","town_kana":"","prefecture_code":1},"0062":{"zip_code":"0850062","prefecture":"北海道","prefecture_kana":"ホッカイドウ","city":"釧路市","city_kana":"クシロシ","town":"愛国","town_kana":"アイコク","prefecture_code":1},"0058":{"zip_code":"0850058","prefecture":"北海道","prefecture_kana":"ホッカイドウ","city":"釧路市","city_kana":"クシロシ","town":"愛国東","town_kana":"アイコクヒガシ","prefecture_code":1},"0057":{"zip_code":"0850057","prefecture":"北海道","prefecture_kana":"ホッカイドウ","city":"釧路市","city_kana":"クシロシ","town":"愛国西","town_kana":"アイコクニシ","prefecture_code":1},"0252":{"zip_code":"0850252","prefecture":"北海道","prefecture_kana":"ホッカイドウ","city":"釧路市","city_kana":"クシロシ","town":"青山","town_kana":"アオヤマ","prefecture_code":1},"0054":{"zip_code":"0850054","prefecture":"北海道","prefecture_kana":"ホッカイドウ","city":"釧路市","city_kana":"クシロシ","town":"暁町","town_kana":"アカツキチョウ","prefecture_code":1},"0467":{"zip_code":"0850467","prefecture":"北海道","prefecture_kana":"ホッカイドウ","city":"釧路市","city_kana":"クシロシ","town":"阿寒町阿寒湖温泉","town_kana":"アカンチョウアカンコオンセン","prefecture_code":1},"0238":{"zip_code":"0850238","prefecture":"北海道","prefecture_kana":"ホッカイドウ","city":"釧路市","city_kana":"クシロシ","town":"阿寒町飽別","town_kana":"アカンチョウアクベツ","prefecture_code":1},"0212":{"zip_code":"0850212","prefecture":"北海道","prefecture_kana":"ホッカイドウ","city":"釧路市","city_kana":"クシロシ","town":"阿寒町旭町","town_kana":"アカンチョウアサヒマチ","prefecture_code":1},"0245":{"zip_code":"0850245","prefecture":"北海道","prefecture_kana":"ホッカイドウ","city":"釧路市","city_kana":"クシロシ","town":"阿寒町上阿寒","town_kana":"アカンチョウカミアカン","prefecture_code":1},"0221":{"zip_code":"0850221","prefecture":"北海道","prefecture_kana":"ホッカイドウ","city":"釧路市","city_kana":"クシロシ","town":"阿寒町上舌辛","town_kana":"アカンチョウカミシタカラ","prefecture_code":1},"0235":{"zip_code":"0850235","prefecture":"北海道","prefecture_kana":"ホッカイドウ","city":"釧路市","city_kana":"クシロシ","town":"阿寒町上徹別","town_kana":"アカンチョウカミテシベツ","prefecture_code":1},"0202":{"zip_code":"0850202","prefecture":"北海道","prefecture_kana":"ホッカイドウ","city":"釧路市","city_kana":"クシロシ","town":"阿寒町上仁々志別","town_kana":"アカンチョウカミニニシベツ","prefecture_code":1},"0216":{"zip_code":"0850216","prefecture":"北海道","prefecture_kana":"ホッカイドウ","city":"釧路市","city_kana":"クシロシ","town":"阿寒町北新町","town_kana":"アカンチョウキタシンマチ","prefecture_code":1},"0217":{"zip_code":"0850217","prefecture":"北海道","prefecture_kana":"ホッカイドウ","city":"釧路市","city_kana":"クシロシ","town":"阿寒町北町","town_kana":"アカンチョウキタマチ","prefecture_code":1},"0244":{"zip_code":"0850244","prefecture":"北海道","prefecture_kana":"ホッカイドウ","city":"釧路市","city_kana":"クシロシ","town":"阿寒町紀ノ丘","town_kana":"アカンチョウキノオカ","prefecture_code":1},"0206":{"zip_code":"0850206","prefecture":"北海道","prefecture_kana":"ホッカイドウ","city":"釧路市","city_kana":"クシロシ","town":"阿寒町共和","town_kana":"アカンチョウキョウワ","prefecture_code":1},"0220":{"zip_code":"0850220","prefecture":"北海道","prefecture_kana":"ホッカイドウ","city":"釧路市","city_kana":"クシロシ","town":"阿寒町舌辛","town_kana":"アカンチョウシタカラ","prefecture_code":1},"0211":{"zip_code":"0850211","prefecture":"北海道","prefecture_kana":"ホッカイドウ","city":"釧路市","city_kana":"クシロシ","town":"阿寒町下舌辛","town_kana":"アカンチョウシモシタカラ","prefecture_code":1},"0231":{"zip_code":"0850231","prefecture":"北海道","prefecture_kana":"ホッカイドウ","city":"釧路市","city_kana":"クシロシ","town":"阿寒町下徹別","town_kana":"アカンチョウシモテシベツ","prefecture_code":1},"0204":{"zip_code":"0850204","prefecture":"北海道","prefecture_kana":"ホッカイドウ","city":"釧路市","city_kana":"クシロシ","town":"阿寒町下仁々志別","town_kana":"アカンチョウシモニニシベツ","prefecture_code":1},"0223":{"zip_code":"0850223","prefecture":"北海道","prefecture_kana":"ホッカイドウ","city":"釧路市","city_kana":"クシロシ","town":"阿寒町下布伏内","town_kana":"アカンチョウシモフブシナイ","prefecture_code":1},"0218":{"zip_code":"0850218","prefecture":"北海道","prefecture_kana":"ホッカイドウ","city":"釧路市","city_kana":"クシロシ","town":"阿寒町新町","town_kana":"アカンチョウシンマチ","prefecture_code":1},"0234":{"zip_code":"0850234","prefecture":"北海道","prefecture_kana":"ホッカイドウ","city":"釧路市","city_kana":"クシロシ","town":"阿寒町蘇牛","town_kana":"アカンチョウソウシ","prefecture_code":1},"0232":{"zip_code":"0850232","prefecture":"北海道","prefecture_kana":"ホッカイドウ","city":"釧路市","city_kana":"クシロシ","town":"阿寒町大正","town_kana":"アカンチョウタイショウ","prefecture_code":1},"0225":{"zip_code":"0850225","prefecture":"北海道","prefecture_kana":"ホッカイドウ","city":"釧路市","city_kana":"クシロシ","town":"阿寒町知茶布","town_kana":"アカンチョウチチャップ","prefecture_code":1},"0215":{"zip_code":"0850215","prefecture":"北海道","prefecture_kana":"ホッカイドウ","city":"釧路市","city_kana":"クシロシ","town":"阿寒町中央","town_kana":"アカンチョウチュウオウ","prefecture_code":1},"0237":{"zip_code":"0850237","prefecture":"北海道","prefecture_kana":"ホッカイドウ","city":"釧路市","city_kana":"クシロシ","town":"阿寒町徹別中央","town_kana":"アカンチョウテシベツチュウオウ","prefecture_code":1},"0205":{"zip_code":"0850205","prefecture":"北海道","prefecture_kana":"ホッカイドウ","city":"釧路市","city_kana":"クシロシ","town":"阿寒町東栄","town_kana":"アカンチョウトウエイ","prefecture_code":1},"0241":{"zip_code":"0850241","prefecture":"北海道","prefecture_kana":"ホッカイドウ","city":"釧路市","city_kana":"クシロシ","town":"阿寒町中阿寒","town_kana":"アカンチョウナカアカン","prefecture_code":1},"0236":{"zip_code":"0850236","prefecture":"北海道","prefecture_kana":"ホッカイドウ","city":"釧路市","city_kana":"クシロシ","town":"阿寒町中徹別","town_kana":"アカンチョウナカテシベツ","prefecture_code":1},"0203":{"zip_code":"0850203","prefecture":"北海道","prefecture_kana":"ホッカイドウ","city":"釧路市","city_kana":"クシロシ","town":"阿寒町中仁々志別","town_kana":"アカンチョウナカニニシベツ","prefecture_code":1},"0213":{"zip_code":"0850213","prefecture":"北海道","prefecture_kana":"ホッカイドウ","city":"釧路市","city_kana":"クシロシ","town":"阿寒町仲町","town_kana":"アカンチョウナカマチ","prefecture_code":1},"0243":{"zip_code":"0850243","prefecture":"北海道","prefecture_kana":"ホッカイドウ","city":"釧路市","city_kana":"クシロシ","town":"阿寒町西阿寒","town_kana":"アカンチョウニシアカン","prefecture_code":1},"0233":{"zip_code":"0850233","prefecture":"北海道","prefecture_kana":"ホッカイドウ","city":"釧路市","city_kana":"クシロシ","town":"阿寒町西徹別","town_kana":"アカンチョウニシテシベツ","prefecture_code":1},"0201":{"zip_code":"0850201","prefecture":"北海道","prefecture_kana":"ホッカイドウ","city":"釧路市","city_kana":"クシロシ","town":"阿寒町仁々志別","town_kana":"アカンチョウニニシベツ","prefecture_code":1},"0242":{"zip_code":"0850242","prefecture":"北海道","prefecture_kana":"ホッカイドウ","city":"釧路市","city_kana":"クシロシ","town":"阿寒町東舌辛","town_kana":"アカンチョウヒガシシタカラ","prefecture_code":1},"0214":{"zip_code":"0850214","prefecture":"北海道","prefecture_kana":"ホッカイドウ","city":"釧路市","city_kana":"クシロシ","town":"阿寒町富士見","town_kana":"アカンチョウフジミ","prefecture_code":1},"0222":{"zip_code":"0850222","prefecture":"北海道","prefecture_kana":"ホッカイドウ","city":"釧路市","city_kana":"クシロシ","town":"阿寒町布伏内","town_kana":"アカンチョウフブシナイ","prefecture_code":1},"0224":{"zip_code":"0850224","prefecture":"北海道","prefecture_kana":"ホッカイドウ","city":"釧路市","city_kana":"クシロシ","town":"阿寒町雄別横山","town_kana":"アカンチョウユウベツヨコヤマ","prefecture_code":1},"0011":{"zip_code":"0850011","prefecture":"北海道","prefecture_kana":"ホッカイドウ","city":"釧路市","city_kana":"クシロシ","town":"旭町","town_kana":"アサヒマチ","prefecture_code":1},"0061":{"zip_code":"0850061","prefecture":"北海道","prefecture_kana":"ホッカイドウ","city":"釧路市","city_kana":"クシロシ","town":"芦野","town_kana":"アシノ","prefecture_code":1},"0008":{"zip_code":"0850008","prefecture":"北海道","prefecture_kana":"ホッカイドウ","city":"釧路市","city_kana":"クシロシ","town":"入江町","town_kana":"イリエチョウ","prefecture_code":1},"0846":{"zip_code":"0850846","prefecture":"北海道","prefecture_kana":"ホッカイドウ","city":"釧路市","city_kana":"クシロシ","town":"入舟","town_kana":"イリフネ","prefecture_code":1},"0835":{"zip_code":"0850835","prefecture":"北海道","prefecture_kana":"ホッカイドウ","city":"釧路市","city_kana":"クシロシ","town":"浦見","town_kana":"ウラミ","prefecture_code":1},"0837":{"zip_code":"0850837","prefecture":"北海道","prefecture_kana":"ホッカイドウ","city":"釧路市","city_kana":"クシロシ","town":"大川町","town_kana":"オオカワチョウ","prefecture_code":1},"0847":{"zip_code":"0850847","prefecture":"北海道","prefecture_kana":"ホッカイドウ","city":"釧路市","city_kana":"クシロシ","town":"大町","town_kana":"オオマチ","prefecture_code":1},"0811":{"zip_code":"0850811","prefecture":"北海道","prefecture_kana":"ホッカイドウ","city":"釧路市","city_kana":"クシロシ","town":"興津","town_kana":"オコツ","prefecture_code":1},"0023":{"zip_code":"0850023","prefecture":"北海道","prefecture_kana":"ホッカイドウ","city":"釧路市","city_kana":"クシロシ","town":"海運","town_kana":"カイウン","prefecture_code":1},"0816":{"zip_code":"0850816","prefecture":"北海道","prefecture_kana":"ホッカイドウ","city":"釧路市","city_kana":"クシロシ","town":"貝塚","town_kana":"カイヅカ","prefecture_code":1},"0824":{"zip_code":"0850824","prefecture":"北海道","prefecture_kana":"ホッカイドウ","city":"釧路市","city_kana":"クシロシ","town":"柏木町","town_kana":"カシワギチョウ","prefecture_code":1},"0041":{"zip_code":"0850041","prefecture":"北海道","prefecture_kana":"ホッカイドウ","city":"釧路市","city_kana":"クシロシ","town":"春日町","town_kana":"カスガチョウ","prefecture_code":1},"0802":{"zip_code":"0850802","prefecture":"北海道","prefecture_kana":"ホッカイドウ","city":"釧路市","city_kana":"クシロシ","town":"桂恋","town_kana":"カツラコイ","prefecture_code":1},"0012":{"zip_code":"0850012","prefecture":"北海道","prefecture_kana":"ホッカイドウ","city":"釧路市","city_kana":"クシロシ","town":"川上町","town_kana":"カワカミチョウ","prefecture_code":1},"0003":{"zip_code":"0850003","prefecture":"北海道","prefecture_kana":"ホッカイドウ","city":"釧路市","city_kana":"クシロシ","town":"川北町","town_kana":"カワキタチョウ","prefecture_code":1},"0044":{"zip_code":"0850044","prefecture":"北海道","prefecture_kana":"ホッカイドウ","city":"釧路市","city_kana":"クシロシ","town":"川端町","town_kana":"カワバタチョウ","prefecture_code":1},"0015":{"zip_code":"0850015","prefecture":"北海道","prefecture_kana":"ホッカイドウ","city":"釧路市","city_kana":"クシロシ","town":"北大通","town_kana":"キタオオドオリ","prefecture_code":1},"0043":{"zip_code":"0850043","prefecture":"北海道","prefecture_kana":"ホッカイドウ","city":"釧路市","city_kana":"クシロシ","town":"喜多町","town_kana":"キタチョウ","prefecture_code":1},"0035":{"zip_code":"0850035","prefecture":"北海道","prefecture_kana":"ホッカイドウ","city":"釧路市","city_kana":"クシロシ","town":"共栄大通","town_kana":"キョウエイオオドオリ","prefecture_code":1},"0018":{"zip_code":"0850018","prefecture":"北海道","prefecture_kana":"ホッカイドウ","city":"釧路市","city_kana":"クシロシ","town":"黒金町","town_kana":"クロガネチョウ","prefecture_code":1},"0051":{"zip_code":"0850051","prefecture":"北海道","prefecture_kana":"ホッカイドウ","city":"釧路市","city_kana":"クシロシ","town":"光陽町","town_kana":"コウヨウチョウ","prefecture_code":1},"0026":{"zip_code":"0850026","prefecture":"北海道","prefecture_kana":"ホッカイドウ","city":"釧路市","city_kana":"クシロシ","town":"寿","town_kana":"コトブキ","prefecture_code":1},"0048":{"zip_code":"0850048","prefecture":"北海道","prefecture_kana":"ホッカイドウ","city":"釧路市","city_kana":"クシロシ","town":"駒場町","town_kana":"コマバチョウ","prefecture_code":1},"0815":{"zip_code":"0850815","prefecture":"北海道","prefecture_kana":"ホッカイドウ","city":"釧路市","city_kana":"クシロシ","town":"材木町","town_kana":"ザイモクチョウ","prefecture_code":1},"0017":{"zip_code":"0850017","prefecture":"北海道","prefecture_kana":"ホッカイドウ","city":"釧路市","city_kana":"クシロシ","town":"幸町","town_kana":"サイワイチョウ","prefecture_code":1},"0013":{"zip_code":"0850013","prefecture":"北海道","prefecture_kana":"ホッカイドウ","city":"釧路市","city_kana":"クシロシ","town":"栄町","town_kana":"サカエマチ","prefecture_code":1},"0805":{"zip_code":"0850805","prefecture":"北海道","prefecture_kana":"ホッカイドウ","city":"釧路市","city_kana":"クシロシ","town":"桜ケ岡","town_kana":"サクラガオカ","prefecture_code":1},"0251":{"zip_code":"0850251","prefecture":"北海道","prefecture_kana":"ホッカイドウ","city":"釧路市","city_kana":"クシロシ","town":"桜田","town_kana":"サクラダ","prefecture_code":1},"0812":{"zip_code":"0850812","prefecture":"北海道","prefecture_kana":"ホッカイドウ","city":"釧路市","city_kana":"クシロシ","town":"紫雲台","town_kana":"シウンダイ","prefecture_code":1},"0055":{"zip_code":"0850055","prefecture":"北海道","prefecture_kana":"ホッカイドウ","city":"釧路市","city_kana":"クシロシ","town":"治水町","town_kana":"ジスイチョウ","prefecture_code":1},"0822":{"zip_code":"0850822","prefecture":"北海道","prefecture_kana":"ホッカイドウ","city":"釧路市","city_kana":"クシロシ","town":"春湖台","town_kana":"シュンコダイ","prefecture_code":1},"0804":{"zip_code":"0850804","prefecture":"北海道","prefecture_kana":"ホッカイドウ","city":"釧路市","city_kana":"クシロシ","town":"白樺台","town_kana":"シラカバダイ","prefecture_code":1},"0844":{"zip_code":"0850844","prefecture":"北海道","prefecture_kana":"ホッカイドウ","city":"釧路市","city_kana":"クシロシ","town":"知人町","town_kana":"シリトチョウ","prefecture_code":1},"0034":{"zip_code":"0850034","prefecture":"北海道","prefecture_kana":"ホッカイドウ","city":"釧路市","city_kana":"クシロシ","town":"白金町","town_kana":"シロガネチョウ","prefecture_code":1},"0826":{"zip_code":"0850826","prefecture":"北海道","prefecture_kana":"ホッカイドウ","city":"釧路市","city_kana":"クシロシ","town":"城山","town_kana":"シロヤマ","prefecture_code":1},"0032":{"zip_code":"0850032","prefecture":"北海道","prefecture_kana":"ホッカイドウ","city":"釧路市","city_kana":"クシロシ","town":"新栄町","town_kana":"シンエイチョウ","prefecture_code":1},"0047":{"zip_code":"0850047","prefecture":"北海道","prefecture_kana":"ホッカイドウ","city":"釧路市","city_kana":"クシロシ","town":"新川町","town_kana":"シンカワチョウ","prefecture_code":1},"0002":{"zip_code":"0850002","prefecture":"北海道","prefecture_kana":"ホッカイドウ","city":"釧路市","city_kana":"クシロシ","town":"新釧路町","town_kana":"シンクシロチョウ","prefecture_code":1},"0004":{"zip_code":"0850004","prefecture":"北海道","prefecture_kana":"ホッカイドウ","city":"釧路市","city_kana":"クシロシ","town":"新富町","town_kana":"シントミチョウ","prefecture_code":1},"0046":{"zip_code":"0850046","prefecture":"北海道","prefecture_kana":"ホッカイドウ","city":"釧路市","city_kana":"クシロシ","town":"新橋大通","town_kana":"シンバシオオドオリ","prefecture_code":1},"0014":{"zip_code":"0850014","prefecture":"北海道","prefecture_kana":"ホッカイドウ","city":"釧路市","city_kana":"クシロシ","town":"末広町","town_kana":"スエヒロチョウ","prefecture_code":1},"0045":{"zip_code":"0850045","prefecture":"北海道","prefecture_kana":"ホッカイドウ","city":"釧路市","city_kana":"クシロシ","town":"住之江町","town_kana":"スミノエチョウ","prefecture_code":1},"0831":{"zip_code":"0850831","prefecture":"北海道","prefecture_kana":"ホッカイドウ","city":"釧路市","city_kana":"クシロシ","town":"住吉","town_kana":"スミヨシ","prefecture_code":1},"0807":{"zip_code":"0850807","prefecture":"北海道","prefecture_kana":"ホッカイドウ","city":"釧路市","city_kana":"クシロシ","town":"高山","town_kana":"タカヤマ","prefecture_code":1},"0025":{"zip_code":"0850025","prefecture":"北海道","prefecture_kana":"ホッカイドウ","city":"釧路市","city_kana":"クシロシ","town":"宝町","town_kana":"タカラマチ","prefecture_code":1},"0825":{"zip_code":"0850825","prefecture":"北海道","prefecture_kana":"ホッカイドウ","city":"釧路市","city_kana":"クシロシ","town":"千歳町","town_kana":"チトセチョウ","prefecture_code":1},"0823":{"zip_code":"0850823","prefecture":"北海道","prefecture_kana":"ホッカイドウ","city":"釧路市","city_kana":"クシロシ","town":"千代ノ浦","town_kana":"チヨノウラ","prefecture_code":1},"0821":{"zip_code":"0850821","prefecture":"北海道","prefecture_kana":"ホッカイドウ","city":"釧路市","city_kana":"クシロシ","town":"鶴ケ岱","town_kana":"ツルガダイ","prefecture_code":1},"0053":{"zip_code":"0850053","prefecture":"北海道","prefecture_kana":"ホッカイドウ","city":"釧路市","city_kana":"クシロシ","town":"豊川町","town_kana":"トヨカワチョウ","prefecture_code":1},"0031":{"zip_code":"0850031","prefecture":"北海道","prefecture_kana":"ホッカイドウ","city":"釧路市","city_kana":"クシロシ","town":"中島町","town_kana":"ナカジマチョウ","prefecture_code":1},"0052":{"zip_code":"0850052","prefecture":"北海道","prefecture_kana":"ホッカイドウ","city":"釧路市","city_kana":"クシロシ","town":"中園町","town_kana":"ナカゾノチョウ","prefecture_code":1},"0027":{"zip_code":"0850027","prefecture":"北海道","prefecture_kana":"ホッカイドウ","city":"釧路市","city_kana":"クシロシ","town":"仲浜町","town_kana":"ナカハマチョウ","prefecture_code":1},"0021":{"zip_code":"0850021","prefecture":"北海道","prefecture_kana":"ホッカイドウ","city":"釧路市","city_kana":"クシロシ","town":"浪花町","town_kana":"ナニワチョウ","prefecture_code":1},"0016":{"zip_code":"0850016","prefecture":"北海道","prefecture_kana":"ホッカイドウ","city":"釧路市","city_kana":"クシロシ","town":"錦町","town_kana":"ニシキチョウ","prefecture_code":1},"0836":{"zip_code":"0850836","prefecture":"北海道","prefecture_kana":"ホッカイドウ","city":"釧路市","city_kana":"クシロシ","town":"幣舞町","town_kana":"ヌサマイチョウ","prefecture_code":1},"0038":{"zip_code":"0850038","prefecture":"北海道","prefecture_kana":"ホッカイドウ","city":"釧路市","city_kana":"クシロシ","town":"花園町","town_kana":"ハナゾノチョウ","prefecture_code":1},"0024":{"zip_code":"0850024","prefecture":"北海道","prefecture_kana":"ホッカイドウ","city":"釧路市","city_kana":"クシロシ","town":"浜町","town_kana":"ハマチョウ","prefecture_code":1},"0813":{"zip_code":"0850813","prefecture":"北海道","prefecture_kana":"ホッカイドウ","city":"釧路市","city_kana":"クシロシ","town":"春採","town_kana":"ハルトリ","prefecture_code":1},"0056":{"zip_code":"0850056","prefecture":"北海道","prefecture_kana":"ホッカイドウ","city":"釧路市","city_kana":"クシロシ","town":"東川町","town_kana":"ヒガシカワチョウ","prefecture_code":1},"0064":{"zip_code":"0850064","prefecture":"北海道","prefecture_kana":"ホッカイドウ","city":"釧路市","city_kana":"クシロシ","town":"広里","town_kana":"ヒロサト","prefecture_code":1},"0832":{"zip_code":"0850832","prefecture":"北海道","prefecture_kana":"ホッカイドウ","city":"釧路市","city_kana":"クシロシ","town":"富士見","town_kana":"フジミ","prefecture_code":1},"0006":{"zip_code":"0850006","prefecture":"北海道","prefecture_kana":"ホッカイドウ","city":"釧路市","city_kana":"クシロシ","town":"双葉町","town_kana":"フタバチョウ","prefecture_code":1},"0063":{"zip_code":"0850063","prefecture":"北海道","prefecture_kana":"ホッカイドウ","city":"釧路市","city_kana":"クシロシ","town":"文苑","town_kana":"フミゾノ","prefecture_code":1},"0001":{"zip_code":"0850001","prefecture":"北海道","prefecture_kana":"ホッカイドウ","city":"釧路市","city_kana":"クシロシ","town":"古川町","town_kana":"フルカワチョウ","prefecture_code":1},"0843":{"zip_code":"0850843","prefecture":"北海道","prefecture_kana":"ホッカイドウ","city":"釧路市","city_kana":"クシロシ","town":"弁天ケ浜","town_kana":"ベンテンガハマ","prefecture_code":1},"0007":{"zip_code":"0850007","prefecture":"北海道","prefecture_kana":"ホッカイドウ","city":"釧路市","city_kana":"クシロシ","town":"堀川町","town_kana":"ホリカワチョウ","prefecture_code":1},"0803":{"zip_code":"0850803","prefecture":"北海道","prefecture_kana":"ホッカイドウ","city":"釧路市","city_kana":"クシロシ","town":"益浦","town_kana":"マスウラ","prefecture_code":1},"0005":{"zip_code":"0850005","prefecture":"北海道","prefecture_kana":"ホッカイドウ","city":"釧路市","city_kana":"クシロシ","town":"松浦町","town_kana":"マツウラチョウ","prefecture_code":1},"0801":{"zip_code":"0850801","prefecture":"北海道","prefecture_kana":"ホッカイドウ","city":"釧路市","city_kana":"クシロシ","town":"三津浦","town_kana":"ミツウラ","prefecture_code":1},"0814":{"zip_code":"0850814","prefecture":"北海道","prefecture_kana":"ホッカイドウ","city":"釧路市","city_kana":"クシロシ","town":"緑ケ岡","town_kana":"ミドリガオカ","prefecture_code":1},"0845":{"zip_code":"0850845","prefecture":"北海道","prefecture_kana":"ホッカイドウ","city":"釧路市","city_kana":"クシロシ","town":"港町","town_kana":"ミナトマチ","prefecture_code":1},"0841":{"zip_code":"0850841","prefecture":"北海道","prefecture_kana":"ホッカイドウ","city":"釧路市","city_kana":"クシロシ","town":"南大通","town_kana":"ミナミオオドオリ","prefecture_code":1},"0022":{"zip_code":"0850022","prefecture":"北海道","prefecture_kana":"ホッカイドウ","city":"釧路市","city_kana":"クシロシ","town":"南浜町","town_kana":"ミナミハマチョウ","prefecture_code":1},"0065":{"zip_code":"0850065","prefecture":"北海道","prefecture_kana":"ホッカイドウ","city":"釧路市","city_kana":"クシロシ","town":"美原","town_kana":"ミハラ","prefecture_code":1},"0833":{"zip_code":"0850833","prefecture":"北海道","prefecture_kana":"ホッカイドウ","city":"釧路市","city_kana":"クシロシ","town":"宮本","town_kana":"ミヤモト","prefecture_code":1},"0806":{"zip_code":"0850806","prefecture":"北海道","prefecture_kana":"ホッカイドウ","city":"釧路市","city_kana":"クシロシ","town":"武佐","town_kana":"ムサ","prefecture_code":1},"0037":{"zip_code":"0850037","prefecture":"北海道","prefecture_kana":"ホッカイドウ","city":"釧路市","city_kana":"クシロシ","town":"柳町","town_kana":"ヤナギマチ","prefecture_code":1},"0834":{"zip_code":"0850834","prefecture":"北海道","prefecture_kana":"ホッカイドウ","city":"釧路市","city_kana":"クシロシ","town":"弥生","town_kana":"ヤヨイ","prefecture_code":1},"0842":{"zip_code":"0850842","prefecture":"北海道","prefecture_kana":"ホッカイドウ","city":"釧路市","city_kana":"クシロシ","town":"米町","town_kana":"ヨネマチ","prefecture_code":1},"0042":{"zip_code":"0850042","prefecture":"北海道","prefecture_kana":"ホッカイドウ","city":"釧路市","city_kana":"クシロシ","town":"若草町","town_kana":"ワカクサチョウ","prefecture_code":1},"0036":{"zip_code":"0850036","prefecture":"北海道","prefecture_kana":"ホッカイドウ","city":"釧路市","city_kana":"クシロシ","town":"若竹町","town_kana":"ワカタケチョウ","prefecture_code":1},"0033":{"zip_code":"0850033","prefecture":"北海道","prefecture_kana":"ホッカイドウ","city":"釧路市","city_kana":"クシロシ","town":"若松町","town_kana":"ワカマツチョウ","prefecture_code":1},"2271":{"zip_code":"0852271","prefecture":"北海道","prefecture_kana":"ホッカイドウ","city":"釧路郡釧路町","city_kana":"クシログンクシロチョウ","town":"跡永賀村","town_kana":"アトエカムラ","prefecture_code":1},"2272":{"zip_code":"0852272","prefecture":"北海道","prefecture_kana":"ホッカイドウ","city":"釧路郡釧路町","city_kana":"クシログンクシロチョウ","town":"昆布森","town_kana":"コンブモリ","prefecture_code":1},"2273":{"zip_code":"0852273","prefecture":"北海道","prefecture_kana":"ホッカイドウ","city":"釧路郡釧路町","city_kana":"クシログンクシロチョウ","town":"昆布森村","town_kana":"コンブモリムラ","prefecture_code":1},"1200":{"zip_code":"0851200","prefecture":"北海道","prefecture_kana":"ホッカイドウ","city":"阿寒郡鶴居村","city_kana":"アカングンツルイムラ","town":"","town_kana":"","prefecture_code":1},"1146":{"zip_code":"0851146","prefecture":"北海道","prefecture_kana":"ホッカイドウ","city":"阿寒郡鶴居村","city_kana":"アカングンツルイムラ","town":"アトコシヤラカ","town_kana":"アトコシャラカ","prefecture_code":1},"1145":{"zip_code":"0851145","prefecture":"北海道","prefecture_kana":"ホッカイドウ","city":"阿寒郡鶴居村","city_kana":"アカングンツルイムラ","town":"温根内","town_kana":"オンネナイ","prefecture_code":1},"1132":{"zip_code":"0851132","prefecture":"北海道","prefecture_kana":"ホッカイドウ","city":"阿寒郡鶴居村","city_kana":"アカングンツルイムラ","town":"上幌呂","town_kana":"カミホロロ","prefecture_code":1},"1212":{"zip_code":"0851212","prefecture":"北海道","prefecture_kana":"ホッカイドウ","city":"阿寒郡鶴居村","city_kana":"アカングンツルイムラ","town":"支雪裡","town_kana":"シセツリ","prefecture_code":1},"1133":{"zip_code":"0851133","prefecture":"北海道","prefecture_kana":"ホッカイドウ","city":"阿寒郡鶴居村","city_kana":"アカングンツルイムラ","town":"支幌呂","town_kana":"シホロロ","prefecture_code":1},"1262":{"zip_code":"0851262","prefecture":"北海道","prefecture_kana":"ホッカイドウ","city":"阿寒郡鶴居村","city_kana":"アカングンツルイムラ","town":"下久著呂","town_kana":"シモクチョロ","prefecture_code":1},"1211":{"zip_code":"0851211","prefecture":"北海道","prefecture_kana":"ホッカイドウ","city":"阿寒郡鶴居村","city_kana":"アカングンツルイムラ","town":"下雪裡","town_kana":"シモセツリ","prefecture_code":1},"1144":{"zip_code":"0851144","prefecture":"北海道","prefecture_kana":"ホッカイドウ","city":"阿寒郡鶴居村","city_kana":"アカングンツルイムラ","town":"下幌呂","town_kana":"シモホロロ","prefecture_code":1},"1131":{"zip_code":"0851131","prefecture":"北海道","prefecture_kana":"ホッカイドウ","city":"阿寒郡鶴居村","city_kana":"アカングンツルイムラ","town":"新幌呂","town_kana":"シンホロロ","prefecture_code":1},"1206":{"zip_code":"0851206","prefecture":"北海道","prefecture_kana":"ホッカイドウ","city":"阿寒郡鶴居村","city_kana":"アカングンツルイムラ","town":"鶴居東","town_kana":"ツルイヒガシ","prefecture_code":1},"1203":{"zip_code":"0851203","prefecture":"北海道","prefecture_kana":"ホッカイドウ","city":"阿寒郡鶴居村","city_kana":"アカングンツルイムラ","town":"鶴居西","town_kana":"ツルイニシ","prefecture_code":1},"1204":{"zip_code":"0851204","prefecture":"北海道","prefecture_kana":"ホッカイドウ","city":"阿寒郡鶴居村","city_kana":"アカングンツルイムラ","town":"鶴居南","town_kana":"ツルイミナミ","prefecture_code":1},"1201":{"zip_code":"0851201","prefecture":"北海道","prefecture_kana":"ホッカイドウ","city":"阿寒郡鶴居村","city_kana":"アカングンツルイムラ","town":"鶴居北","town_kana":"ツルイキタ","prefecture_code":1},"1261":{"zip_code":"0851261","prefecture":"北海道","prefecture_kana":"ホッカイドウ","city":"阿寒郡鶴居村","city_kana":"アカングンツルイムラ","town":"中久著呂","town_kana":"ナカクチョロ","prefecture_code":1},"1207":{"zip_code":"0851207","prefecture":"北海道","prefecture_kana":"ホッカイドウ","city":"阿寒郡鶴居村","city_kana":"アカングンツルイムラ","town":"中雪裡東","town_kana":"ナカセツリヒガシ","prefecture_code":1},"1202":{"zip_code":"0851202","prefecture":"北海道","prefecture_kana":"ホッカイドウ","city":"阿寒郡鶴居村","city_kana":"アカングンツルイムラ","town":"中雪裡西","town_kana":"ナカセツリニシ","prefecture_code":1},"1205":{"zip_code":"0851205","prefecture":"北海道","prefecture_kana":"ホッカイドウ","city":"阿寒郡鶴居村","city_kana":"アカングンツルイムラ","town":"中雪裡南","town_kana":"ナカセツリミナミ","prefecture_code":1},"1143":{"zip_code":"0851143","prefecture":"北海道","prefecture_kana":"ホッカイドウ","city":"阿寒郡鶴居村","city_kana":"アカングンツルイムラ","town":"中幌呂","town_kana":"ナカホロロ","prefecture_code":1},"1147":{"zip_code":"0851147","prefecture":"北海道","prefecture_kana":"ホッカイドウ","city":"阿寒郡鶴居村","city_kana":"アカングンツルイムラ","town":"幌呂","town_kana":"ホロロ","prefecture_code":1},"1142":{"zip_code":"0851142","prefecture":"北海道","prefecture_kana":"ホッカイドウ","city":"阿寒郡鶴居村","city_kana":"アカングンツルイムラ","town":"幌呂東","town_kana":"ホロロヒガシ","prefecture_code":1},"1141":{"zip_code":"0851141","prefecture":"北海道","prefecture_kana":"ホッカイドウ","city":"阿寒郡鶴居村","city_kana":"アカングンツルイムラ","town":"幌呂西","town_kana":"ホロロニシ","prefecture_code":1},"1213":{"zip_code":"0851213","prefecture":"北海道","prefecture_kana":"ホッカイドウ","city":"阿寒郡鶴居村","city_kana":"アカングンツルイムラ","town":"茂雪裡","town_kana":"モセツリ","prefecture_code":1},"1134":{"zip_code":"0851134","prefecture":"北海道","prefecture_kana":"ホッカイドウ","city":"阿寒郡鶴居村","city_kana":"アカングンツルイムラ","town":"茂幌呂","town_kana":"モホロロ","prefecture_code":1}}