{"0122":{"zip_code":"0880122","prefecture":"北海道","prefecture_kana":"ホッカイドウ","city":"釧路市","city_kana":"クシロシ","town":"音別町あけぼの","town_kana":"オンベツチョウアケボノ","prefecture_code":1},"0117":{"zip_code":"0880117","prefecture":"北海道","prefecture_kana":"ホッカイドウ","city":"釧路市","city_kana":"クシロシ","town":"音別町朝日","town_kana":"オンベツチョウアサヒ","prefecture_code":1},"0104":{"zip_code":"0880104","prefecture":"北海道","prefecture_kana":"ホッカイドウ","city":"釧路市","city_kana":"クシロシ","town":"音別町音別原野基線二俣","town_kana":"オンベツチョウオンベツゲンヤキセンフタマタ","prefecture_code":1},"0108":{"zip_code":"0880108","prefecture":"北海道","prefecture_kana":"ホッカイドウ","city":"釧路市","city_kana":"クシロシ","town":"音別町音別原野基線二俣川向","town_kana":"オンベツチョウオンベツゲンヤキセンフタマタカワムカイ","prefecture_code":1},"0126":{"zip_code":"0880126","prefecture":"北海道","prefecture_kana":"ホッカイドウ","city":"釧路市","city_kana":"クシロシ","town":"音別町音別原野西川西","town_kana":"オンベツチョウオンベツゲンヤニシカワニシ","prefecture_code":1},"0109":{"zip_code":"0880109","prefecture":"北海道","prefecture_kana":"ホッカイドウ","city":"釧路市","city_kana":"クシロシ","town":"音別町音別原野東","town_kana":"オンベツチョウオンベツゲンヤヒガシ","prefecture_code":1},"0114":{"zip_code":"0880114","prefecture":"北海道","prefecture_kana":"ホッカイドウ","city":"釧路市","city_kana":"クシロシ","town":"音別町海光","town_kana":"オンベツチョウカイコウ","prefecture_code":1},"0123":{"zip_code":"0880123","prefecture":"北海道","prefecture_kana":"ホッカイドウ","city":"釧路市","city_kana":"クシロシ","town":"音別町川東","town_kana":"オンベツチョウカワヒガシ","prefecture_code":1},"0134":{"zip_code":"0880134","prefecture":"北海道","prefecture_kana":"ホッカイドウ","city":"釧路市","city_kana":"クシロシ","town":"音別町キナシ別","town_kana":"オンベツチョウキナシベツ","prefecture_code":1},"0125":{"zip_code":"0880125","prefecture":"北海道","prefecture_kana":"ホッカイドウ","city":"釧路市","city_kana":"クシロシ","town":"音別町共栄","town_kana":"オンベツチョウキョウエイ","prefecture_code":1},"0133":{"zip_code":"0880133","prefecture":"北海道","prefecture_kana":"ホッカイドウ","city":"釧路市","city_kana":"クシロシ","town":"音別町尺別","town_kana":"オンベツチョウシャクベツ","prefecture_code":1},"0132":{"zip_code":"0880132","prefecture":"北海道","prefecture_kana":"ホッカイドウ","city":"釧路市","city_kana":"クシロシ","town":"音別町尺別岐線","town_kana":"オンベツチョウシャクベツキセン","prefecture_code":1},"0107":{"zip_code":"0880107","prefecture":"北海道","prefecture_kana":"ホッカイドウ","city":"釧路市","city_kana":"クシロシ","town":"音別町チヤンベツ","town_kana":"オンベツチョウチャンベツ","prefecture_code":1},"0135":{"zip_code":"0880135","prefecture":"北海道","prefecture_kana":"ホッカイドウ","city":"釧路市","city_kana":"クシロシ","town":"音別町直別","town_kana":"オンベツチョウチョクベツ","prefecture_code":1},"0102":{"zip_code":"0880102","prefecture":"北海道","prefecture_kana":"ホッカイドウ","city":"釧路市","city_kana":"クシロシ","town":"音別町中音別光和","town_kana":"オンベツチョウナカオンベツコウワ","prefecture_code":1},"0112":{"zip_code":"0880112","prefecture":"北海道","prefecture_kana":"ホッカイドウ","city":"釧路市","city_kana":"クシロシ","town":"音別町中音別チノミ台","town_kana":"オンベツチョウナカオンベツチノミダイ","prefecture_code":1},"0103":{"zip_code":"0880103","prefecture":"北海道","prefecture_kana":"ホッカイドウ","city":"釧路市","city_kana":"クシロシ","town":"音別町中音別北栄","town_kana":"オンベツチョウナカオンベツホクエイ","prefecture_code":1},"0118":{"zip_code":"0880118","prefecture":"北海道","prefecture_kana":"ホッカイドウ","city":"釧路市","city_kana":"クシロシ","town":"音別町中音別","town_kana":"オンベツチョウナカオンベツ","prefecture_code":1},"0116":{"zip_code":"0880116","prefecture":"北海道","prefecture_kana":"ホッカイドウ","city":"釧路市","city_kana":"クシロシ","town":"音別町中園","town_kana":"オンベツチョウナカゾノ","prefecture_code":1},"0106":{"zip_code":"0880106","prefecture":"北海道","prefecture_kana":"ホッカイドウ","city":"釧路市","city_kana":"クシロシ","town":"音別町ヌプキベツ","town_kana":"オンベツチョウヌプキベツ","prefecture_code":1},"0131":{"zip_code":"0880131","prefecture":"北海道","prefecture_kana":"ホッカイドウ","city":"釧路市","city_kana":"クシロシ","town":"音別町ノトロ","town_kana":"オンベツチョウノトロ","prefecture_code":1},"0101":{"zip_code":"0880101","prefecture":"北海道","prefecture_kana":"ホッカイドウ","city":"釧路市","city_kana":"クシロシ","town":"音別町馬主来","town_kana":"オンベツチョウパシクル","prefecture_code":1},"0111":{"zip_code":"0880111","prefecture":"北海道","prefecture_kana":"ホッカイドウ","city":"釧路市","city_kana":"クシロシ","town":"音別町パシクル湖畔","town_kana":"オンベツチョウパシクルコハン","prefecture_code":1},"0113":{"zip_code":"0880113","prefecture":"北海道","prefecture_kana":"ホッカイドウ","city":"釧路市","city_kana":"クシロシ","town":"音別町風連","town_kana":"オンベツチョウフウレン","prefecture_code":1},"0124":{"zip_code":"0880124","prefecture":"北海道","prefecture_kana":"ホッカイドウ","city":"釧路市","city_kana":"クシロシ","town":"音別町緑町","town_kana":"オンベツチョウミドリマチ","prefecture_code":1},"0105":{"zip_code":"0880105","prefecture":"北海道","prefecture_kana":"ホッカイドウ","city":"釧路市","city_kana":"クシロシ","town":"音別町ムリ","town_kana":"オンベツチョウムリ","prefecture_code":1},"0115":{"zip_code":"0880115","prefecture":"北海道","prefecture_kana":"ホッカイドウ","city":"釧路市","city_kana":"クシロシ","town":"音別町本町","town_kana":"オンベツチョウモトマチ","prefecture_code":1},"0121":{"zip_code":"0880121","prefecture":"北海道","prefecture_kana":"ホッカイドウ","city":"釧路市","city_kana":"クシロシ","town":"音別町若草","town_kana":"オンベツチョウワカクサ","prefecture_code":1},"1782":{"zip_code":"0881782","prefecture":"北海道","prefecture_kana":"ホッカイドウ","city":"根室市","city_kana":"ネムロシ","town":"落石東","town_kana":"オチイシヒガシ","prefecture_code":1},"1781":{"zip_code":"0881781","prefecture":"北海道","prefecture_kana":"ホッカイドウ","city":"根室市","city_kana":"ネムロシ","town":"落石西","town_kana":"オチイシニシ","prefecture_code":1},"1784":{"zip_code":"0881784","prefecture":"北海道","prefecture_kana":"ホッカイドウ","city":"根室市","city_kana":"ネムロシ","town":"昆布盛","town_kana":"コンブモリ","prefecture_code":1},"1785":{"zip_code":"0881785","prefecture":"北海道","prefecture_kana":"ホッカイドウ","city":"根室市","city_kana":"ネムロシ","town":"長節","town_kana":"チョウブシ","prefecture_code":1},"1783":{"zip_code":"0881783","prefecture":"北海道","prefecture_kana":"ホッカイドウ","city":"根室市","city_kana":"ネムロシ","town":"浜松","town_kana":"ハママツ","prefecture_code":1},"0181":{"zip_code":"0880181","prefecture":"北海道","prefecture_kana":"ホッカイドウ","city":"十勝郡浦幌町","city_kana":"トカチグンウラホロチョウ","town":"直別","town_kana":"チョクベツ","prefecture_code":1},"0600":{"zip_code":"0880600","prefecture":"北海道","prefecture_kana":"ホッカイドウ","city":"釧路郡釧路町","city_kana":"クシログンクシロチョウ","town":"","town_kana":"","prefecture_code":1},"0616":{"zip_code":"0880616","prefecture":"北海道","prefecture_kana":"ホッカイドウ","city":"釧路郡釧路町","city_kana":"クシログンクシロチョウ","town":"曙","town_kana":"アケボノ","prefecture_code":1},"2154":{"zip_code":"0882154","prefecture":"北海道","prefecture_kana":"ホッカイドウ","city":"釧路郡釧路町","city_kana":"クシログンクシロチョウ","town":"柏東","town_kana":"カシワヒガシ","prefecture_code":1},"2155":{"zip_code":"0882155","prefecture":"北海道","prefecture_kana":"ホッカイドウ","city":"釧路郡釧路町","city_kana":"クシログンクシロチョウ","town":"柏西","town_kana":"カシワニシ","prefecture_code":1},"0626":{"zip_code":"0880626","prefecture":"北海道","prefecture_kana":"ホッカイドウ","city":"釧路郡釧路町","city_kana":"クシログンクシロチョウ","town":"桂","town_kana":"カツラ","prefecture_code":1},"0621":{"zip_code":"0880621","prefecture":"北海道","prefecture_kana":"ホッカイドウ","city":"釧路郡釧路町","city_kana":"クシログンクシロチョウ","town":"桂木","town_kana":"カツラギ","prefecture_code":1},"2143":{"zip_code":"0882143","prefecture":"北海道","prefecture_kana":"ホッカイドウ","city":"釧路郡釧路町","city_kana":"クシログンクシロチョウ","town":"河畔","town_kana":"カハン","prefecture_code":1},"0601":{"zip_code":"0880601","prefecture":"北海道","prefecture_kana":"ホッカイドウ","city":"釧路郡釧路町","city_kana":"クシログンクシロチョウ","town":"上別保原野","town_kana":"カミベッポゲンヤ","prefecture_code":1},"0612":{"zip_code":"0880612","prefecture":"北海道","prefecture_kana":"ホッカイドウ","city":"釧路郡釧路町","city_kana":"クシログンクシロチョウ","town":"雁来","town_kana":"カリキ","prefecture_code":1},"0625":{"zip_code":"0880625","prefecture":"北海道","prefecture_kana":"ホッカイドウ","city":"釧路郡釧路町","city_kana":"クシログンクシロチョウ","town":"北見団地","town_kana":"キタミダンチ","prefecture_code":1},"0622":{"zip_code":"0880622","prefecture":"北海道","prefecture_kana":"ホッカイドウ","city":"釧路郡釧路町","city_kana":"クシログンクシロチョウ","town":"木場","town_kana":"キバ","prefecture_code":1},"0609":{"zip_code":"0880609","prefecture":"北海道","prefecture_kana":"ホッカイドウ","city":"釧路郡釧路町","city_kana":"クシログンクシロチョウ","town":"共和","town_kana":"キョウワ","prefecture_code":1},"0623":{"zip_code":"0880623","prefecture":"北海道","prefecture_kana":"ホッカイドウ","city":"釧路郡釧路町","city_kana":"クシログンクシロチョウ","town":"光和","town_kana":"コウワ","prefecture_code":1},"0614":{"zip_code":"0880614","prefecture":"北海道","prefecture_kana":"ホッカイドウ","city":"釧路郡釧路町","city_kana":"クシログンクシロチョウ","town":"国誉","town_kana":"コクヨ","prefecture_code":1},"0624":{"zip_code":"0880624","prefecture":"北海道","prefecture_kana":"ホッカイドウ","city":"釧路郡釧路町","city_kana":"クシログンクシロチョウ","town":"新開","town_kana":"シンカイ","prefecture_code":1},"0833":{"zip_code":"0880833","prefecture":"北海道","prefecture_kana":"ホッカイドウ","city":"釧路郡釧路町","city_kana":"クシログンクシロチョウ","town":"仙鳳趾村老者舞","town_kana":"センポウシムラオシャマップ","prefecture_code":1},"0835":{"zip_code":"0880835","prefecture":"北海道","prefecture_kana":"ホッカイドウ","city":"釧路郡釧路町","city_kana":"クシログンクシロチョウ","town":"仙鳳趾村オタクパウシ","town_kana":"センポウシムラオタクパウシ","prefecture_code":1},"0834":{"zip_code":"0880834","prefecture":"北海道","prefecture_kana":"ホッカイドウ","city":"釧路郡釧路町","city_kana":"クシログンクシロチョウ","town":"仙鳳趾村汐見","town_kana":"センポウシムラシオミ","prefecture_code":1},"0831":{"zip_code":"0880831","prefecture":"北海道","prefecture_kana":"ホッカイドウ","city":"釧路郡釧路町","city_kana":"クシログンクシロチョウ","town":"仙鳳趾村仙鳳趾","town_kana":"センポウシムラセンポウシ","prefecture_code":1},"0832":{"zip_code":"0880832","prefecture":"北海道","prefecture_kana":"ホッカイドウ","city":"釧路郡釧路町","city_kana":"クシログンクシロチョウ","town":"仙鳳趾村知方学","town_kana":"センポウシムラチッポマナイ","prefecture_code":1},"0608":{"zip_code":"0880608","prefecture":"北海道","prefecture_kana":"ホッカイドウ","city":"釧路郡釧路町","city_kana":"クシログンクシロチョウ","town":"釧望台","town_kana":"センボウダイ","prefecture_code":1},"2141":{"zip_code":"0882141","prefecture":"北海道","prefecture_kana":"ホッカイドウ","city":"釧路郡釧路町","city_kana":"クシログンクシロチョウ","town":"達古武","town_kana":"タッコブ","prefecture_code":1},"0606":{"zip_code":"0880606","prefecture":"北海道","prefecture_kana":"ホッカイドウ","city":"釧路郡釧路町","city_kana":"クシログンクシロチョウ","town":"中央","town_kana":"チュウオウ","prefecture_code":1},"0628":{"zip_code":"0880628","prefecture":"北海道","prefecture_kana":"ホッカイドウ","city":"釧路郡釧路町","city_kana":"クシログンクシロチョウ","town":"東陽大通西","town_kana":"トウヨウオオドオリニシ","prefecture_code":1},"0627":{"zip_code":"0880627","prefecture":"北海道","prefecture_kana":"ホッカイドウ","city":"釧路郡釧路町","city_kana":"クシログンクシロチョウ","town":"東陽西","town_kana":"トウヨウニシ","prefecture_code":1},"2142":{"zip_code":"0882142","prefecture":"北海道","prefecture_kana":"ホッカイドウ","city":"釧路郡釧路町","city_kana":"クシログンクシロチョウ","town":"遠野","town_kana":"トオヤ","prefecture_code":1},"2145":{"zip_code":"0882145","prefecture":"北海道","prefecture_kana":"ホッカイドウ","city":"釧路郡釧路町","city_kana":"クシログンクシロチョウ","town":"遠矢","town_kana":"トオヤ","prefecture_code":1},"2156":{"zip_code":"0882156","prefecture":"北海道","prefecture_kana":"ホッカイドウ","city":"釧路郡釧路町","city_kana":"クシログンクシロチョウ","town":"遠矢南","town_kana":"トオヤミナミ","prefecture_code":1},"0607":{"zip_code":"0880607","prefecture":"北海道","prefecture_kana":"ホッカイドウ","city":"釧路郡釧路町","city_kana":"クシログンクシロチョウ","town":"床丹","town_kana":"トコタン","prefecture_code":1},"0618":{"zip_code":"0880618","prefecture":"北海道","prefecture_kana":"ホッカイドウ","city":"釧路郡釧路町","city_kana":"クシログンクシロチョウ","town":"富原","town_kana":"トミハラ","prefecture_code":1},"0611":{"zip_code":"0880611","prefecture":"北海道","prefecture_kana":"ホッカイドウ","city":"釧路郡釧路町","city_kana":"クシログンクシロチョウ","town":"豊美","town_kana":"トヨミ","prefecture_code":1},"2144":{"zip_code":"0882144","prefecture":"北海道","prefecture_kana":"ホッカイドウ","city":"釧路郡釧路町","city_kana":"クシログンクシロチョウ","town":"鳥里","town_kana":"トリサト","prefecture_code":1},"2148":{"zip_code":"0882148","prefecture":"北海道","prefecture_kana":"ホッカイドウ","city":"釧路郡釧路町","city_kana":"クシログンクシロチョウ","town":"鳥通","town_kana":"トリトウシ","prefecture_code":1},"2147":{"zip_code":"0882147","prefecture":"北海道","prefecture_kana":"ホッカイドウ","city":"釧路郡釧路町","city_kana":"クシログンクシロチョウ","town":"鳥通東","town_kana":"トリトウシヒガシ","prefecture_code":1},"2146":{"zip_code":"0882146","prefecture":"北海道","prefecture_kana":"ホッカイドウ","city":"釧路郡釧路町","city_kana":"クシログンクシロチョウ","town":"鳥通西","town_kana":"トリトウシニシ","prefecture_code":1},"2152":{"zip_code":"0882152","prefecture":"北海道","prefecture_kana":"ホッカイドウ","city":"釧路郡釧路町","city_kana":"クシログンクシロチョウ","town":"南陽台","town_kana":"ナンヨウダイ","prefecture_code":1},"0604":{"zip_code":"0880604","prefecture":"北海道","prefecture_kana":"ホッカイドウ","city":"釧路郡釧路町","city_kana":"クシログンクシロチョウ","town":"別保","town_kana":"ベツホ","prefecture_code":1},"0605":{"zip_code":"0880605","prefecture":"北海道","prefecture_kana":"ホッカイドウ","city":"釧路郡釧路町","city_kana":"クシログンクシロチョウ","town":"別保原野","town_kana":"ベッポゲンヤ","prefecture_code":1},"0602":{"zip_code":"0880602","prefecture":"北海道","prefecture_kana":"ホッカイドウ","city":"釧路郡釧路町","city_kana":"クシログンクシロチョウ","town":"別保東","town_kana":"ベッポヒガシ","prefecture_code":1},"0603":{"zip_code":"0880603","prefecture":"北海道","prefecture_kana":"ホッカイドウ","city":"釧路郡釧路町","city_kana":"クシログンクシロチョウ","town":"別保南","town_kana":"ベッポミナミ","prefecture_code":1},"0617":{"zip_code":"0880617","prefecture":"北海道","prefecture_kana":"ホッカイドウ","city":"釧路郡釧路町","city_kana":"クシログンクシロチョウ","town":"北都","town_kana":"ホクト","prefecture_code":1},"2140":{"zip_code":"0882140","prefecture":"北海道","prefecture_kana":"ホッカイドウ","city":"釧路郡釧路町","city_kana":"クシログンクシロチョウ","town":"細岡","town_kana":"ホソオカ","prefecture_code":1},"2153":{"zip_code":"0882153","prefecture":"北海道","prefecture_kana":"ホッカイドウ","city":"釧路郡釧路町","city_kana":"クシログンクシロチョウ","town":"緑","town_kana":"ミドリ","prefecture_code":1},"0615":{"zip_code":"0880615","prefecture":"北海道","prefecture_kana":"ホッカイドウ","city":"釧路郡釧路町","city_kana":"クシログンクシロチョウ","town":"睦","town_kana":"ムツミ","prefecture_code":1},"2151":{"zip_code":"0882151","prefecture":"北海道","prefecture_kana":"ホッカイドウ","city":"釧路郡釧路町","city_kana":"クシログンクシロチョウ","town":"よし野","town_kana":"ヨシノ","prefecture_code":1},"0613":{"zip_code":"0880613","prefecture":"北海道","prefecture_kana":"ホッカイドウ","city":"釧路郡釧路町","city_kana":"クシログンクシロチョウ","town":"若葉","town_kana":"ワカバ","prefecture_code":1},"2157":{"zip_code":"0882157","prefecture":"北海道","prefecture_kana":"ホッカイドウ","city":"釧路郡釧路町","city_kana":"クシログンクシロチョウ","town":"わらび","town_kana":"ワラビ","prefecture_code":1},"1100":{"zip_code":"0881100","prefecture":"北海道","prefecture_kana":"ホッカイドウ","city":"厚岸郡厚岸町","city_kana":"アッケシグンアッケシチョウ","town":"","town_kana":"","prefecture_code":1},"1113":{"zip_code":"0881113","prefecture":"北海道","prefecture_kana":"ホッカイドウ","city":"厚岸郡厚岸町","city_kana":"アッケシグンアッケシチョウ","town":"愛冠","town_kana":"アイカップ","prefecture_code":1},"1112":{"zip_code":"0881112","prefecture":"北海道","prefecture_kana":"ホッカイドウ","city":"厚岸郡厚岸町","city_kana":"アッケシグンアッケシチョウ","town":"有明","town_kana":"アリアケ","prefecture_code":1},"1101":[{"zip_code":"0881101","prefecture":"北海道","prefecture_kana":"ホッカイドウ","city":"厚岸郡厚岸町","city_kana":"アッケシグンアッケシチョウ","town":"糸魚沢","town_kana":"イトイザワ","prefecture_code":1},{"zip_code":"0881101","prefecture":"北海道","prefecture_kana":"ホッカイドウ","city":"厚岸郡厚岸町","city_kana":"アッケシグンアッケシチョウ","town":"神岩","town_kana":"カムイワ","prefecture_code":1},{"zip_code":"0881101","prefecture":"北海道","prefecture_kana":"ホッカイドウ","city":"厚岸郡厚岸町","city_kana":"アッケシグンアッケシチョウ","town":"チライカリベツ","town_kana":"チライカリベツ","prefecture_code":1},{"zip_code":"0881101","prefecture":"北海道","prefecture_kana":"ホッカイドウ","city":"厚岸郡厚岸町","city_kana":"アッケシグンアッケシチョウ","town":"別寒辺牛","town_kana":"ベカンベウシ","prefecture_code":1},{"zip_code":"0881101","prefecture":"北海道","prefecture_kana":"ホッカイドウ","city":"厚岸郡厚岸町","city_kana":"アッケシグンアッケシチョウ","town":"ホロニタイ","town_kana":"ホロニタイ","prefecture_code":1},{"zip_code":"0881101","prefecture":"北海道","prefecture_kana":"ホッカイドウ","city":"厚岸郡厚岸町","city_kana":"アッケシグンアッケシチョウ","town":"若松","town_kana":"ワカマツ","prefecture_code":1}],"1131":{"zip_code":"0881131","prefecture":"北海道","prefecture_kana":"ホッカイドウ","city":"厚岸郡厚岸町","city_kana":"アッケシグンアッケシチョウ","town":"太田","town_kana":"オオタ","prefecture_code":1},"1133":{"zip_code":"0881133","prefecture":"北海道","prefecture_kana":"ホッカイドウ","city":"厚岸郡厚岸町","city_kana":"アッケシグンアッケシチョウ","town":"太田宏陽","town_kana":"オオタコウヨウ","prefecture_code":1},"1132":{"zip_code":"0881132","prefecture":"北海道","prefecture_kana":"ホッカイドウ","city":"厚岸郡厚岸町","city_kana":"アッケシグンアッケシチョウ","town":"太田東","town_kana":"オオタヒガシ","prefecture_code":1},"1134":{"zip_code":"0881134","prefecture":"北海道","prefecture_kana":"ホッカイドウ","city":"厚岸郡厚岸町","city_kana":"アッケシグンアッケシチョウ","town":"太田西","town_kana":"オオタニシ","prefecture_code":1},"1130":{"zip_code":"0881130","prefecture":"北海道","prefecture_kana":"ホッカイドウ","city":"厚岸郡厚岸町","city_kana":"アッケシグンアッケシチョウ","town":"太田南","town_kana":"オオタミナミ","prefecture_code":1},"1135":{"zip_code":"0881135","prefecture":"北海道","prefecture_kana":"ホッカイドウ","city":"厚岸郡厚岸町","city_kana":"アッケシグンアッケシチョウ","town":"太田北","town_kana":"オオタキタ","prefecture_code":1},"1141":{"zip_code":"0881141","prefecture":"北海道","prefecture_kana":"ホッカイドウ","city":"厚岸郡厚岸町","city_kana":"アッケシグンアッケシチョウ","town":"太田１の通り","town_kana":"オオタ1ノトオリ","prefecture_code":1},"1142":{"zip_code":"0881142","prefecture":"北海道","prefecture_kana":"ホッカイドウ","city":"厚岸郡厚岸町","city_kana":"アッケシグンアッケシチョウ","town":"太田２の通り","town_kana":"オオタ2ノトオリ","prefecture_code":1},"1143":{"zip_code":"0881143","prefecture":"北海道","prefecture_kana":"ホッカイドウ","city":"厚岸郡厚岸町","city_kana":"アッケシグンアッケシチョウ","town":"太田３の通り","town_kana":"オオタ3ノトオリ","prefecture_code":1},"1144":{"zip_code":"0881144","prefecture":"北海道","prefecture_kana":"ホッカイドウ","city":"厚岸郡厚岸町","city_kana":"アッケシグンアッケシチョウ","town":"太田４の通り","town_kana":"オオタ4ノトオリ","prefecture_code":1},"1145":{"zip_code":"0881145","prefecture":"北海道","prefecture_kana":"ホッカイドウ","city":"厚岸郡厚岸町","city_kana":"アッケシグンアッケシチョウ","town":"太田５の通り","town_kana":"オオタ5ノトオリ","prefecture_code":1},"1146":{"zip_code":"0881146","prefecture":"北海道","prefecture_kana":"ホッカイドウ","city":"厚岸郡厚岸町","city_kana":"アッケシグンアッケシチョウ","town":"太田６の通り","town_kana":"オオタ6ノトオリ","prefecture_code":1},"1147":{"zip_code":"0881147","prefecture":"北海道","prefecture_kana":"ホッカイドウ","city":"厚岸郡厚岸町","city_kana":"アッケシグンアッケシチョウ","town":"太田７の通り","town_kana":"オオタ7ノトオリ","prefecture_code":1},"1148":{"zip_code":"0881148","prefecture":"北海道","prefecture_kana":"ホッカイドウ","city":"厚岸郡厚岸町","city_kana":"アッケシグンアッケシチョウ","town":"太田８の通り","town_kana":"オオタ8ノトオリ","prefecture_code":1},"1149":{"zip_code":"0881149","prefecture":"北海道","prefecture_kana":"ホッカイドウ","city":"厚岸郡厚岸町","city_kana":"アッケシグンアッケシチョウ","town":"太田９の通り","town_kana":"オオタ9ノトオリ","prefecture_code":1},"1136":{"zip_code":"0881136","prefecture":"北海道","prefecture_kana":"ホッカイドウ","city":"厚岸郡厚岸町","city_kana":"アッケシグンアッケシチョウ","town":"大別","town_kana":"オオベツ","prefecture_code":1},"0876":{"zip_code":"0880876","prefecture":"北海道","prefecture_kana":"ホッカイドウ","city":"厚岸郡厚岸町","city_kana":"アッケシグンアッケシチョウ","town":"沖万別","town_kana":"オキマンベツ","prefecture_code":1},"1117":{"zip_code":"0881117","prefecture":"北海道","prefecture_kana":"ホッカイドウ","city":"厚岸郡厚岸町","city_kana":"アッケシグンアッケシチョウ","town":"御供","town_kana":"オソナエ","prefecture_code":1},"0873":{"zip_code":"0880873","prefecture":"北海道","prefecture_kana":"ホッカイドウ","city":"厚岸郡厚岸町","city_kana":"アッケシグンアッケシチョウ","town":"乙幌","town_kana":"オッポロ","prefecture_code":1},"0871":{"zip_code":"0880871","prefecture":"北海道","prefecture_kana":"ホッカイドウ","city":"厚岸郡厚岸町","city_kana":"アッケシグンアッケシチョウ","town":"尾幌","town_kana":"オボロ","prefecture_code":1},"1137":{"zip_code":"0881137","prefecture":"北海道","prefecture_kana":"ホッカイドウ","city":"厚岸郡厚岸町","city_kana":"アッケシグンアッケシチョウ","town":"片無去","town_kana":"カタムサリ","prefecture_code":1},"0771":{"zip_code":"0880771","prefecture":"北海道","prefecture_kana":"ホッカイドウ","city":"厚岸郡厚岸町","city_kana":"アッケシグンアッケシチョウ","town":"上尾幌","town_kana":"カミオボロ","prefecture_code":1},"1129":{"zip_code":"0881129","prefecture":"北海道","prefecture_kana":"ホッカイドウ","city":"厚岸郡厚岸町","city_kana":"アッケシグンアッケシチョウ","town":"光栄","town_kana":"コウエイ","prefecture_code":1},"1103":{"zip_code":"0881103","prefecture":"北海道","prefecture_kana":"ホッカイドウ","city":"厚岸郡厚岸町","city_kana":"アッケシグンアッケシチョウ","town":"小島","town_kana":"コジマ","prefecture_code":1},"1139":{"zip_code":"0881139","prefecture":"北海道","prefecture_kana":"ホッカイドウ","city":"厚岸郡厚岸町","city_kana":"アッケシグンアッケシチョウ","town":"サッテベツ","town_kana":"サッテベツ","prefecture_code":1},"1140":{"zip_code":"0881140","prefecture":"北海道","prefecture_kana":"ホッカイドウ","city":"厚岸郡厚岸町","city_kana":"アッケシグンアッケシチョウ","town":"サンヌシ","town_kana":"サンヌシ","prefecture_code":1},"1125":{"zip_code":"0881125","prefecture":"北海道","prefecture_kana":"ホッカイドウ","city":"厚岸郡厚岸町","city_kana":"アッケシグンアッケシチョウ","town":"白浜","town_kana":"シラハマ","prefecture_code":1},"1151":{"zip_code":"0881151","prefecture":"北海道","prefecture_kana":"ホッカイドウ","city":"厚岸郡厚岸町","city_kana":"アッケシグンアッケシチョウ","town":"真栄","town_kana":"シンエイ","prefecture_code":1},"1119":{"zip_code":"0881119","prefecture":"北海道","prefecture_kana":"ホッカイドウ","city":"厚岸郡厚岸町","city_kana":"アッケシグンアッケシチョウ","town":"住の江","town_kana":"スミノエ","prefecture_code":1},"1138":{"zip_code":"0881138","prefecture":"北海道","prefecture_kana":"ホッカイドウ","city":"厚岸郡厚岸町","city_kana":"アッケシグンアッケシチョウ","town":"セタニウシ","town_kana":"セタニウシ","prefecture_code":1},"1104":{"zip_code":"0881104","prefecture":"北海道","prefecture_kana":"ホッカイドウ","city":"厚岸郡厚岸町","city_kana":"アッケシグンアッケシチョウ","town":"大黒島","town_kana":"ダイコクジマ","prefecture_code":1},"1108":{"zip_code":"0881108","prefecture":"北海道","prefecture_kana":"ホッカイドウ","city":"厚岸郡厚岸町","city_kana":"アッケシグンアッケシチョウ","town":"筑紫恋","town_kana":"ツクシコイ","prefecture_code":1},"1106":{"zip_code":"0881106","prefecture":"北海道","prefecture_kana":"ホッカイドウ","city":"厚岸郡厚岸町","city_kana":"アッケシグンアッケシチョウ","town":"東梅","town_kana":"トウバイ","prefecture_code":1},"1102":{"zip_code":"0881102","prefecture":"北海道","prefecture_kana":"ホッカイドウ","city":"厚岸郡厚岸町","city_kana":"アッケシグンアッケシチョウ","town":"登喜岱","town_kana":"トキタイ","prefecture_code":1},"1107":{"zip_code":"0881107","prefecture":"北海道","prefecture_kana":"ホッカイドウ","city":"厚岸郡厚岸町","city_kana":"アッケシグンアッケシチョウ","town":"床潭","town_kana":"トコタン","prefecture_code":1},"0875":{"zip_code":"0880875","prefecture":"北海道","prefecture_kana":"ホッカイドウ","city":"厚岸郡厚岸町","city_kana":"アッケシグンアッケシチョウ","town":"苫多","town_kana":"トマタ","prefecture_code":1},"1389":{"zip_code":"0881389","prefecture":"北海道","prefecture_kana":"ホッカイドウ","city":"厚岸郡厚岸町","city_kana":"アッケシグンアッケシチョウ","town":"トライベツ","town_kana":"トライベツ","prefecture_code":1},"1115":{"zip_code":"0881115","prefecture":"北海道","prefecture_kana":"ホッカイドウ","city":"厚岸郡厚岸町","city_kana":"アッケシグンアッケシチョウ","town":"梅香","town_kana":"バイカ","prefecture_code":1},"0877":{"zip_code":"0880877","prefecture":"北海道","prefecture_kana":"ホッカイドウ","city":"厚岸郡厚岸町","city_kana":"アッケシグンアッケシチョウ","town":"敏内","town_kana":"ビンナイ","prefecture_code":1},"1111":{"zip_code":"0881111","prefecture":"北海道","prefecture_kana":"ホッカイドウ","city":"厚岸郡厚岸町","city_kana":"アッケシグンアッケシチョウ","town":"奔渡","town_kana":"ポント","prefecture_code":1},"1116":{"zip_code":"0881116","prefecture":"北海道","prefecture_kana":"ホッカイドウ","city":"厚岸郡厚岸町","city_kana":"アッケシグンアッケシチョウ","town":"松葉","town_kana":"マツバ","prefecture_code":1},"1105":{"zip_code":"0881105","prefecture":"北海道","prefecture_kana":"ホッカイドウ","city":"厚岸郡厚岸町","city_kana":"アッケシグンアッケシチョウ","town":"末広","town_kana":"マビロ","prefecture_code":1},"1128":{"zip_code":"0881128","prefecture":"北海道","prefecture_kana":"ホッカイドウ","city":"厚岸郡厚岸町","city_kana":"アッケシグンアッケシチョウ","town":"港町","town_kana":"ミナトマチ","prefecture_code":1},"1124":{"zip_code":"0881124","prefecture":"北海道","prefecture_kana":"ホッカイドウ","city":"厚岸郡厚岸町","city_kana":"アッケシグンアッケシチョウ","town":"宮園","town_kana":"ミヤゾノ","prefecture_code":1},"0874":{"zip_code":"0880874","prefecture":"北海道","prefecture_kana":"ホッカイドウ","city":"厚岸郡厚岸町","city_kana":"アッケシグンアッケシチョウ","town":"門静","town_kana":"モンシズ","prefecture_code":1},"1126":{"zip_code":"0881126","prefecture":"北海道","prefecture_kana":"ホッカイドウ","city":"厚岸郡厚岸町","city_kana":"アッケシグンアッケシチョウ","town":"門静","town_kana":"モンシズ","prefecture_code":1},"1120":{"zip_code":"0881120","prefecture":"北海道","prefecture_kana":"ホッカイドウ","city":"厚岸郡厚岸町","city_kana":"アッケシグンアッケシチョウ","town":"山の手","town_kana":"ヤマノテ","prefecture_code":1},"0872":{"zip_code":"0880872","prefecture":"北海道","prefecture_kana":"ホッカイドウ","city":"厚岸郡厚岸町","city_kana":"アッケシグンアッケシチョウ","town":"来別","town_kana":"ライベツ","prefecture_code":1},"0878":{"zip_code":"0880878","prefecture":"北海道","prefecture_kana":"ホッカイドウ","city":"厚岸郡厚岸町","city_kana":"アッケシグンアッケシチョウ","town":"ルークシュポール","town_kana":"ルークシュポール","prefecture_code":1},"1118":[{"zip_code":"0881118","prefecture":"北海道","prefecture_kana":"ホッカイドウ","city":"厚岸郡厚岸町","city_kana":"アッケシグンアッケシチョウ","town":"若竹","town_kana":"ワカタケ","prefecture_code":1},{"zip_code":"0881118","prefecture":"北海道","prefecture_kana":"ホッカイドウ","city":"厚岸郡厚岸町","city_kana":"アッケシグンアッケシチョウ","town":"若竹町","town_kana":"ワカタケチョウ","prefecture_code":1}],"1114":{"zip_code":"0881114","prefecture":"北海道","prefecture_kana":"ホッカイドウ","city":"厚岸郡厚岸町","city_kana":"アッケシグンアッケシチョウ","town":"湾月","town_kana":"ワンゲツ","prefecture_code":1},"1500":{"zip_code":"0881500","prefecture":"北海道","prefecture_kana":"ホッカイドウ","city":"厚岸郡浜中町","city_kana":"アッケシグンハマナカチョウ","town":"","town_kana":"","prefecture_code":1},"1406":[{"zip_code":"0881406","prefecture":"北海道","prefecture_kana":"ホッカイドウ","city":"厚岸郡浜中町","city_kana":"アッケシグンハマナカチョウ","town":"赤泊","town_kana":"アカドマリ","prefecture_code":1},{"zip_code":"0881406","prefecture":"北海道","prefecture_kana":"ホッカイドウ","city":"厚岸郡浜中町","city_kana":"アッケシグンハマナカチョウ","town":"羨古丹","town_kana":"ウラヤコタン","prefecture_code":1}],"1403":[{"zip_code":"0881403","prefecture":"北海道","prefecture_kana":"ホッカイドウ","city":"厚岸郡浜中町","city_kana":"アッケシグンハマナカチョウ","town":"アザラップ","town_kana":"アザラップ","prefecture_code":1},{"zip_code":"0881403","prefecture":"北海道","prefecture_kana":"ホッカイドウ","city":"厚岸郡浜中町","city_kana":"アッケシグンハマナカチョウ","town":"幌戸","town_kana":"ポロト","prefecture_code":1}],"1646":{"zip_code":"0881646","prefecture":"北海道","prefecture_kana":"ホッカイドウ","city":"厚岸郡浜中町","city_kana":"アッケシグンハマナカチョウ","town":"姉別","town_kana":"アネベツ","prefecture_code":1},"1648":{"zip_code":"0881648","prefecture":"北海道","prefecture_kana":"ホッカイドウ","city":"厚岸郡浜中町","city_kana":"アッケシグンハマナカチョウ","town":"姉別北","town_kana":"アネベツキタ","prefecture_code":1},"1647":{"zip_code":"0881647","prefecture":"北海道","prefecture_kana":"ホッカイドウ","city":"厚岸郡浜中町","city_kana":"アッケシグンハマナカチョウ","town":"姉別南","town_kana":"アネベツミナミ","prefecture_code":1},"1649":{"zip_code":"0881649","prefecture":"北海道","prefecture_kana":"ホッカイドウ","city":"厚岸郡浜中町","city_kana":"アッケシグンハマナカチョウ","town":"姉別緑栄","town_kana":"アネベツリョクエイ","prefecture_code":1},"1301":{"zip_code":"0881301","prefecture":"北海道","prefecture_kana":"ホッカイドウ","city":"厚岸郡浜中町","city_kana":"アッケシグンハマナカチョウ","town":"一番沢","town_kana":"イチバンサワ","prefecture_code":1},"1644":{"zip_code":"0881644","prefecture":"北海道","prefecture_kana":"ホッカイドウ","city":"厚岸郡浜中町","city_kana":"アッケシグンハマナカチョウ","town":"恵茶人","town_kana":"エサシト","prefecture_code":1},"1371":{"zip_code":"0881371","prefecture":"北海道","prefecture_kana":"ホッカイドウ","city":"厚岸郡浜中町","city_kana":"アッケシグンハマナカチョウ","town":"円朱別西","town_kana":"エンシュベツニシ","prefecture_code":1},"1408":{"zip_code":"0881408","prefecture":"北海道","prefecture_kana":"ホッカイドウ","city":"厚岸郡浜中町","city_kana":"アッケシグンハマナカチョウ","town":"大津屋沢","town_kana":"オオツヤザワ","prefecture_code":1},"1561":{"zip_code":"0881561","prefecture":"北海道","prefecture_kana":"ホッカイドウ","city":"厚岸郡浜中町","city_kana":"アッケシグンハマナカチョウ","town":"霧多布湿原","town_kana":"キリタップシツゲン","prefecture_code":1},"1551":{"zip_code":"0881551","prefecture":"北海道","prefecture_kana":"ホッカイドウ","city":"厚岸郡浜中町","city_kana":"アッケシグンハマナカチョウ","town":"霧多布西一条","town_kana":"キリタップニシ1ジョウ","prefecture_code":1},"1552":{"zip_code":"0881552","prefecture":"北海道","prefecture_kana":"ホッカイドウ","city":"厚岸郡浜中町","city_kana":"アッケシグンハマナカチョウ","town":"霧多布西二条","town_kana":"キリタップニシ2ジョウ","prefecture_code":1},"1553":{"zip_code":"0881553","prefecture":"北海道","prefecture_kana":"ホッカイドウ","city":"厚岸郡浜中町","city_kana":"アッケシグンハマナカチョウ","town":"霧多布西三条","town_kana":"キリタップニシ3ジョウ","prefecture_code":1},"1554":{"zip_code":"0881554","prefecture":"北海道","prefecture_kana":"ホッカイドウ","city":"厚岸郡浜中町","city_kana":"アッケシグンハマナカチョウ","town":"霧多布西四条","town_kana":"キリタップニシ4ジョウ","prefecture_code":1},"1511":{"zip_code":"0881511","prefecture":"北海道","prefecture_kana":"ホッカイドウ","city":"厚岸郡浜中町","city_kana":"アッケシグンハマナカチョウ","town":"霧多布東一条","town_kana":"キリタップヒガシ1ジョウ","prefecture_code":1},"1512":{"zip_code":"0881512","prefecture":"北海道","prefecture_kana":"ホッカイドウ","city":"厚岸郡浜中町","city_kana":"アッケシグンハマナカチョウ","town":"霧多布東二条","town_kana":"キリタップヒガシ2ジョウ","prefecture_code":1},"1513":{"zip_code":"0881513","prefecture":"北海道","prefecture_kana":"ホッカイドウ","city":"厚岸郡浜中町","city_kana":"アッケシグンハマナカチョウ","town":"霧多布東三条","town_kana":"キリタップヒガシ3ジョウ","prefecture_code":1},"1514":{"zip_code":"0881514","prefecture":"北海道","prefecture_kana":"ホッカイドウ","city":"厚岸郡浜中町","city_kana":"アッケシグンハマナカチョウ","town":"霧多布東四条","town_kana":"キリタップヒガシ4ジョウ","prefecture_code":1},"1486":{"zip_code":"0881486","prefecture":"北海道","prefecture_kana":"ホッカイドウ","city":"厚岸郡浜中町","city_kana":"アッケシグンハマナカチョウ","town":"熊牛","town_kana":"クマウシ","prefecture_code":1},"1401":{"zip_code":"0881401","prefecture":"北海道","prefecture_kana":"ホッカイドウ","city":"厚岸郡浜中町","city_kana":"アッケシグンハマナカチョウ","town":"榊町","town_kana":"サカキマチ","prefecture_code":1},"1407":{"zip_code":"0881407","prefecture":"北海道","prefecture_kana":"ホッカイドウ","city":"厚岸郡浜中町","city_kana":"アッケシグンハマナカチョウ","town":"榊町西","town_kana":"サカキマチニシ","prefecture_code":1},"1303":{"zip_code":"0881303","prefecture":"北海道","prefecture_kana":"ホッカイドウ","city":"厚岸郡浜中町","city_kana":"アッケシグンハマナカチョウ","town":"三番沢","town_kana":"サンバンサワ","prefecture_code":1},"1402":[{"zip_code":"0881402","prefecture":"北海道","prefecture_kana":"ホッカイドウ","city":"厚岸郡浜中町","city_kana":"アッケシグンハマナカチョウ","town":"後静","town_kana":"シリシズ","prefecture_code":1},{"zip_code":"0881402","prefecture":"北海道","prefecture_kana":"ホッカイドウ","city":"厚岸郡浜中町","city_kana":"アッケシグンハマナカチョウ","town":"横浜","town_kana":"ヨコハマ","prefecture_code":1}],"1412":{"zip_code":"0881412","prefecture":"北海道","prefecture_kana":"ホッカイドウ","city":"厚岸郡浜中町","city_kana":"アッケシグンハマナカチョウ","town":"後静村熊牛原野","town_kana":"シリシズムラクマウシゲンヤ","prefecture_code":1},"1526":{"zip_code":"0881526","prefecture":"北海道","prefecture_kana":"ホッカイドウ","city":"厚岸郡浜中町","city_kana":"アッケシグンハマナカチョウ","town":"新川","town_kana":"シンカワ","prefecture_code":1},"1528":{"zip_code":"0881528","prefecture":"北海道","prefecture_kana":"ホッカイドウ","city":"厚岸郡浜中町","city_kana":"アッケシグンハマナカチョウ","town":"新川西","town_kana":"シンカワニシ","prefecture_code":1},"1527":{"zip_code":"0881527","prefecture":"北海道","prefecture_kana":"ホッカイドウ","city":"厚岸郡浜中町","city_kana":"アッケシグンハマナカチョウ","town":"新川東","town_kana":"シンカワヒガシ","prefecture_code":1},"1645":{"zip_code":"0881645","prefecture":"北海道","prefecture_kana":"ホッカイドウ","city":"厚岸郡浜中町","city_kana":"アッケシグンハマナカチョウ","town":"仙鳳趾","town_kana":"センポウジ","prefecture_code":1},"1367":{"zip_code":"0881367","prefecture":"北海道","prefecture_kana":"ホッカイドウ","city":"厚岸郡浜中町","city_kana":"アッケシグンハマナカチョウ","town":"茶内旭","town_kana":"チャナイアサヒ","prefecture_code":1},"1368":[{"zip_code":"0881368","prefecture":"北海道","prefecture_kana":"ホッカイドウ","city":"厚岸郡浜中町","city_kana":"アッケシグンハマナカチョウ","town":"茶内基線","town_kana":"チャナイキセン","prefecture_code":1},{"zip_code":"0881368","prefecture":"北海道","prefecture_kana":"ホッカイドウ","city":"厚岸郡浜中町","city_kana":"アッケシグンハマナカチョウ","town":"茶内東１線","town_kana":"チャナイヒガシ1セン","prefecture_code":1},{"zip_code":"0881368","prefecture":"北海道","prefecture_kana":"ホッカイドウ","city":"厚岸郡浜中町","city_kana":"アッケシグンハマナカチョウ","town":"茶内東２線","town_kana":"チャナイヒガシ2セン","prefecture_code":1}],"1366":{"zip_code":"0881366","prefecture":"北海道","prefecture_kana":"ホッカイドウ","city":"厚岸郡浜中町","city_kana":"アッケシグンハマナカチョウ","town":"茶内橋北西","town_kana":"チャナイキョウホクニシ","prefecture_code":1},"1365":{"zip_code":"0881365","prefecture":"北海道","prefecture_kana":"ホッカイドウ","city":"厚岸郡浜中町","city_kana":"アッケシグンハマナカチョウ","town":"茶内橋北東","town_kana":"チャナイキョウホクヒガシ","prefecture_code":1},"1363":{"zip_code":"0881363","prefecture":"北海道","prefecture_kana":"ホッカイドウ","city":"厚岸郡浜中町","city_kana":"アッケシグンハマナカチョウ","town":"茶内栄","town_kana":"チャナイサカエ","prefecture_code":1},"1369":{"zip_code":"0881369","prefecture":"北海道","prefecture_kana":"ホッカイドウ","city":"厚岸郡浜中町","city_kana":"アッケシグンハマナカチョウ","town":"茶内西","town_kana":"チャナイニシ","prefecture_code":1},"1487":[{"zip_code":"0881487","prefecture":"北海道","prefecture_kana":"ホッカイドウ","city":"厚岸郡浜中町","city_kana":"アッケシグンハマナカチョウ","town":"茶内東３線","town_kana":"チャナイヒガシ3セン","prefecture_code":1},{"zip_code":"0881487","prefecture":"北海道","prefecture_kana":"ホッカイドウ","city":"厚岸郡浜中町","city_kana":"アッケシグンハマナカチョウ","town":"茶内東４線","town_kana":"チャナイヒガシ4セン","prefecture_code":1},{"zip_code":"0881487","prefecture":"北海道","prefecture_kana":"ホッカイドウ","city":"厚岸郡浜中町","city_kana":"アッケシグンハマナカチョウ","town":"茶内東５線","town_kana":"チャナイヒガシ5セン","prefecture_code":1},{"zip_code":"0881487","prefecture":"北海道","prefecture_kana":"ホッカイドウ","city":"厚岸郡浜中町","city_kana":"アッケシグンハマナカチョウ","town":"茶内東６線","town_kana":"チャナイヒガシ6セン","prefecture_code":1}],"1361":{"zip_code":"0881361","prefecture":"北海道","prefecture_kana":"ホッカイドウ","city":"厚岸郡浜中町","city_kana":"アッケシグンハマナカチョウ","town":"茶内緑","town_kana":"チャナイミドリ","prefecture_code":1},"1362":{"zip_code":"0881362","prefecture":"北海道","prefecture_kana":"ホッカイドウ","city":"厚岸郡浜中町","city_kana":"アッケシグンハマナカチョウ","town":"茶内本町","town_kana":"チャナイモトマチ","prefecture_code":1},"1364":{"zip_code":"0881364","prefecture":"北海道","prefecture_kana":"ホッカイドウ","city":"厚岸郡浜中町","city_kana":"アッケシグンハマナカチョウ","town":"茶内若葉","town_kana":"チャナイワカバ","prefecture_code":1},"1360":{"zip_code":"0881360","prefecture":"北海道","prefecture_kana":"ホッカイドウ","city":"厚岸郡浜中町","city_kana":"アッケシグンハマナカチョウ","town":"散布村北の沢","town_kana":"チリップムラキタノサワ","prefecture_code":1},"1522":{"zip_code":"0881522","prefecture":"北海道","prefecture_kana":"ホッカイドウ","city":"厚岸郡浜中町","city_kana":"アッケシグンハマナカチョウ","town":"湯沸","town_kana":"トウフツ","prefecture_code":1},"1571":{"zip_code":"0881571","prefecture":"北海道","prefecture_kana":"ホッカイドウ","city":"厚岸郡浜中町","city_kana":"アッケシグンハマナカチョウ","town":"道有林","town_kana":"ドウユウリン","prefecture_code":1},"1531":{"zip_code":"0881531","prefecture":"北海道","prefecture_kana":"ホッカイドウ","city":"厚岸郡浜中町","city_kana":"アッケシグンハマナカチョウ","town":"仲の浜","town_kana":"ナカノハマ","prefecture_code":1},"1370":{"zip_code":"0881370","prefecture":"北海道","prefecture_kana":"ホッカイドウ","city":"厚岸郡浜中町","city_kana":"アッケシグンハマナカチョウ","town":"西円朱別西","town_kana":"ニシエンシュベツニシ","prefecture_code":1},"1302":{"zip_code":"0881302","prefecture":"北海道","prefecture_kana":"ホッカイドウ","city":"厚岸郡浜中町","city_kana":"アッケシグンハマナカチョウ","town":"二番沢","town_kana":"ニバンサワ","prefecture_code":1},"1409":{"zip_code":"0881409","prefecture":"北海道","prefecture_kana":"ホッカイドウ","city":"厚岸郡浜中町","city_kana":"アッケシグンハマナカチョウ","town":"走古潭","town_kana":"ハシリコタン","prefecture_code":1},"1485":{"zip_code":"0881485","prefecture":"北海道","prefecture_kana":"ホッカイドウ","city":"厚岸郡浜中町","city_kana":"アッケシグンハマナカチョウ","town":"浜中","town_kana":"ハマナカ","prefecture_code":1},"1536":{"zip_code":"0881536","prefecture":"北海道","prefecture_kana":"ホッカイドウ","city":"厚岸郡浜中町","city_kana":"アッケシグンハマナカチョウ","town":"火散布","town_kana":"ヒチリップ","prefecture_code":1},"1532":{"zip_code":"0881532","prefecture":"北海道","prefecture_kana":"ホッカイドウ","city":"厚岸郡浜中町","city_kana":"アッケシグンハマナカチョウ","town":"琵琶瀬","town_kana":"ビワセ","prefecture_code":1},"1525":{"zip_code":"0881525","prefecture":"北海道","prefecture_kana":"ホッカイドウ","city":"厚岸郡浜中町","city_kana":"アッケシグンハマナカチョウ","town":"暮帰別西","town_kana":"ボキベツニシ","prefecture_code":1},"1524":{"zip_code":"0881524","prefecture":"北海道","prefecture_kana":"ホッカイドウ","city":"厚岸郡浜中町","city_kana":"アッケシグンハマナカチョウ","town":"暮帰別東","town_kana":"ボキベツヒガシ","prefecture_code":1},"1405":{"zip_code":"0881405","prefecture":"北海道","prefecture_kana":"ホッカイドウ","city":"厚岸郡浜中町","city_kana":"アッケシグンハマナカチョウ","town":"奔幌戸","town_kana":"ポンポロト","prefecture_code":1},"1537":{"zip_code":"0881537","prefecture":"北海道","prefecture_kana":"ホッカイドウ","city":"厚岸郡浜中町","city_kana":"アッケシグンハマナカチョウ","town":"丸山散布","town_kana":"マルヤマチリップ","prefecture_code":1},"1404":{"zip_code":"0881404","prefecture":"北海道","prefecture_kana":"ホッカイドウ","city":"厚岸郡浜中町","city_kana":"アッケシグンハマナカチョウ","town":"ムギカラシナイ","town_kana":"ムギカラシナイ","prefecture_code":1},"1643":{"zip_code":"0881643","prefecture":"北海道","prefecture_kana":"ホッカイドウ","city":"厚岸郡浜中町","city_kana":"アッケシグンハマナカチョウ","town":"貰人","town_kana":"モウライト","prefecture_code":1},"1538":{"zip_code":"0881538","prefecture":"北海道","prefecture_kana":"ホッカイドウ","city":"厚岸郡浜中町","city_kana":"アッケシグンハマナカチョウ","town":"藻散布","town_kana":"モチリップ","prefecture_code":1},"1535":{"zip_code":"0881535","prefecture":"北海道","prefecture_kana":"ホッカイドウ","city":"厚岸郡浜中町","city_kana":"アッケシグンハマナカチョウ","town":"養老散布","town_kana":"ヨウロウチリップ","prefecture_code":1},"1304":{"zip_code":"0881304","prefecture":"北海道","prefecture_kana":"ホッカイドウ","city":"厚岸郡浜中町","city_kana":"アッケシグンハマナカチョウ","town":"四番沢","town_kana":"ヨバンサワ","prefecture_code":1},"1306":{"zip_code":"0881306","prefecture":"北海道","prefecture_kana":"ホッカイドウ","city":"厚岸郡浜中町","city_kana":"アッケシグンハマナカチョウ","town":"六番沢","town_kana":"ロクバンサワ","prefecture_code":1},"1534":{"zip_code":"0881534","prefecture":"北海道","prefecture_kana":"ホッカイドウ","city":"厚岸郡浜中町","city_kana":"アッケシグンハマナカチョウ","town":"渡散布","town_kana":"ワタリチリップ","prefecture_code":1},"2300":{"zip_code":"0882300","prefecture":"北海道","prefecture_kana":"ホッカイドウ","city":"川上郡標茶町","city_kana":"カワカミグンシベチャチョウ","town":"","town_kana":"","prefecture_code":1},"2301":{"zip_code":"0882301","prefecture":"北海道","prefecture_kana":"ホッカイドウ","city":"川上郡標茶町","city_kana":"カワカミグンシベチャチョウ","town":"旭","town_kana":"アサヒ","prefecture_code":1},"2305":{"zip_code":"0882305","prefecture":"北海道","prefecture_kana":"ホッカイドウ","city":"川上郡標茶町","city_kana":"カワカミグンシベチャチョウ","town":"麻生","town_kana":"アザブ","prefecture_code":1},"2271":{"zip_code":"0882271","prefecture":"北海道","prefecture_kana":"ホッカイドウ","city":"川上郡標茶町","city_kana":"カワカミグンシベチャチョウ","town":"阿歴内","town_kana":"アレキナイ","prefecture_code":1},"2272":{"zip_code":"0882272","prefecture":"北海道","prefecture_kana":"ホッカイドウ","city":"川上郡標茶町","city_kana":"カワカミグンシベチャチョウ","town":"阿歴内原野","town_kana":"アレキナイゲンヤ","prefecture_code":1},"3157":{"zip_code":"0883157","prefecture":"北海道","prefecture_kana":"ホッカイドウ","city":"川上郡標茶町","city_kana":"カワカミグンシベチャチョウ","town":"磯分内憩","town_kana":"イソブンナイコイ","prefecture_code":1},"3149":{"zip_code":"0883149","prefecture":"北海道","prefecture_kana":"ホッカイドウ","city":"川上郡標茶町","city_kana":"カワカミグンシベチャチョウ","town":"磯分内乙西","town_kana":"イソブンナイオツニシ","prefecture_code":1},"3151":{"zip_code":"0883151","prefecture":"北海道","prefecture_kana":"ホッカイドウ","city":"川上郡標茶町","city_kana":"カワカミグンシベチャチョウ","town":"磯分内上","town_kana":"イソブンナイカミ","prefecture_code":1},"3152":{"zip_code":"0883152","prefecture":"北海道","prefecture_kana":"ホッカイドウ","city":"川上郡標茶町","city_kana":"カワカミグンシベチャチョウ","town":"磯分内協盛","town_kana":"イソブンナイキョウセイ","prefecture_code":1},"3153":{"zip_code":"0883153","prefecture":"北海道","prefecture_kana":"ホッカイドウ","city":"川上郡標茶町","city_kana":"カワカミグンシベチャチョウ","town":"磯分内小林","town_kana":"イソブンナイコバヤシ","prefecture_code":1},"3147":{"zip_code":"0883147","prefecture":"北海道","prefecture_kana":"ホッカイドウ","city":"川上郡標茶町","city_kana":"カワカミグンシベチャチョウ","town":"磯分内市街","town_kana":"イソブンナイシガイ","prefecture_code":1},"3146":{"zip_code":"0883146","prefecture":"北海道","prefecture_kana":"ホッカイドウ","city":"川上郡標茶町","city_kana":"カワカミグンシベチャチョウ","town":"磯分内下","town_kana":"イソブンナイシモ","prefecture_code":1},"3143":{"zip_code":"0883143","prefecture":"北海道","prefecture_kana":"ホッカイドウ","city":"川上郡標茶町","city_kana":"カワカミグンシベチャチョウ","town":"磯分内美幌","town_kana":"イソブンナイビホロ","prefecture_code":1},"3155":{"zip_code":"0883155","prefecture":"北海道","prefecture_kana":"ホッカイドウ","city":"川上郡標茶町","city_kana":"カワカミグンシベチャチョウ","town":"磯分内平泉","town_kana":"イソブンナイヒライズミ","prefecture_code":1},"3148":{"zip_code":"0883148","prefecture":"北海道","prefecture_kana":"ホッカイドウ","city":"川上郡標茶町","city_kana":"カワカミグンシベチャチョウ","town":"磯分内福島","town_kana":"イソブンナイフクシマ","prefecture_code":1},"3156":{"zip_code":"0883156","prefecture":"北海道","prefecture_kana":"ホッカイドウ","city":"川上郡標茶町","city_kana":"カワカミグンシベチャチョウ","town":"磯分内平和","town_kana":"イソブンナイヘイワ","prefecture_code":1},"2262":{"zip_code":"0882262","prefecture":"北海道","prefecture_kana":"ホッカイドウ","city":"川上郡標茶町","city_kana":"カワカミグンシベチャチョウ","town":"ウライヤ","town_kana":"ウライヤ","prefecture_code":1},"2331":[{"zip_code":"0882331","prefecture":"北海道","prefecture_kana":"ホッカイドウ","city":"川上郡標茶町","city_kana":"カワカミグンシベチャチョウ","town":"オソツベツ","town_kana":"オソツベツ","prefecture_code":1},{"zip_code":"0882331","prefecture":"北海道","prefecture_kana":"ホッカイドウ","city":"川上郡標茶町","city_kana":"カワカミグンシベチャチョウ","town":"下オソツベツ","town_kana":"シモオソツベツ","prefecture_code":1}],"2311":{"zip_code":"0882311","prefecture":"北海道","prefecture_kana":"ホッカイドウ","city":"川上郡標茶町","city_kana":"カワカミグンシベチャチョウ","town":"開運","town_kana":"カイウン","prefecture_code":1},"3142":{"zip_code":"0883142","prefecture":"北海道","prefecture_kana":"ホッカイドウ","city":"川上郡標茶町","city_kana":"カワカミグンシベチャチョウ","town":"上磯分内","town_kana":"カミイソブンナイ","prefecture_code":1},"2333":{"zip_code":"0882333","prefecture":"北海道","prefecture_kana":"ホッカイドウ","city":"川上郡標茶町","city_kana":"カワカミグンシベチャチョウ","town":"上オソツベツ","town_kana":"カミオソツベツ","prefecture_code":1},"2339":[{"zip_code":"0882339","prefecture":"北海道","prefecture_kana":"ホッカイドウ","city":"川上郡標茶町","city_kana":"カワカミグンシベチャチョウ","town":"上多和","town_kana":"カミタワ","prefecture_code":1},{"zip_code":"0882339","prefecture":"北海道","prefecture_kana":"ホッカイドウ","city":"川上郡標茶町","city_kana":"カワカミグンシベチャチョウ","town":"多和","town_kana":"タワ","prefecture_code":1}],"2321":{"zip_code":"0882321","prefecture":"北海道","prefecture_kana":"ホッカイドウ","city":"川上郡標茶町","city_kana":"カワカミグンシベチャチョウ","town":"上チャンベツ","town_kana":"カミチャンベツ","prefecture_code":1},"2266":[{"zip_code":"0882266","prefecture":"北海道","prefecture_kana":"ホッカイドウ","city":"川上郡標茶町","city_kana":"カワカミグンシベチャチョウ","town":"茅沼","town_kana":"カヤヌマ","prefecture_code":1},{"zip_code":"0882266","prefecture":"北海道","prefecture_kana":"ホッカイドウ","city":"川上郡標茶町","city_kana":"カワカミグンシベチャチョウ","town":"コツタロ原野","town_kana":"コツタロゲンヤ","prefecture_code":1}],"2312":{"zip_code":"0882312","prefecture":"北海道","prefecture_kana":"ホッカイドウ","city":"川上郡標茶町","city_kana":"カワカミグンシベチャチョウ","town":"川上","town_kana":"カワカミ","prefecture_code":1},"2275":{"zip_code":"0882275","prefecture":"北海道","prefecture_kana":"ホッカイドウ","city":"川上郡標茶町","city_kana":"カワカミグンシベチャチョウ","town":"北片無去","town_kana":"キタカタムサリ","prefecture_code":1},"2337":[{"zip_code":"0882337","prefecture":"北海道","prefecture_kana":"ホッカイドウ","city":"川上郡標茶町","city_kana":"カワカミグンシベチャチョウ","town":"北標茶","town_kana":"キタシベチャ","prefecture_code":1},{"zip_code":"0882337","prefecture":"北海道","prefecture_kana":"ホッカイドウ","city":"川上郡標茶町","city_kana":"カワカミグンシベチャチョウ","town":"栄","town_kana":"サカエ","prefecture_code":1}],"2380":{"zip_code":"0882380","prefecture":"北海道","prefecture_kana":"ホッカイドウ","city":"川上郡標茶町","city_kana":"カワカミグンシベチャチョウ","town":"クチョロ原野","town_kana":"クチョロゲンヤ","prefecture_code":1},"3145":{"zip_code":"0883145","prefecture":"北海道","prefecture_kana":"ホッカイドウ","city":"川上郡標茶町","city_kana":"カワカミグンシベチャチョウ","town":"熊牛原野","town_kana":"クマウシゲンヤ","prefecture_code":1},"2334":{"zip_code":"0882334","prefecture":"北海道","prefecture_kana":"ホッカイドウ","city":"川上郡標茶町","city_kana":"カワカミグンシベチャチョウ","town":"厚生","town_kana":"コウセイ","prefecture_code":1},"2335":{"zip_code":"0882335","prefecture":"北海道","prefecture_kana":"ホッカイドウ","city":"川上郡標茶町","city_kana":"カワカミグンシベチャチョウ","town":"五十石","town_kana":"ゴジュウコク","prefecture_code":1},"2388":{"zip_code":"0882388","prefecture":"北海道","prefecture_kana":"ホッカイドウ","city":"川上郡標茶町","city_kana":"カワカミグンシベチャチョウ","town":"コッタロ","town_kana":"コッタロ","prefecture_code":1},"3154":{"zip_code":"0883154","prefecture":"北海道","prefecture_kana":"ホッカイドウ","city":"川上郡標茶町","city_kana":"カワカミグンシベチャチョウ","town":"栄","town_kana":"サカエ","prefecture_code":1},"2303":{"zip_code":"0882303","prefecture":"北海道","prefecture_kana":"ホッカイドウ","city":"川上郡標茶町","city_kana":"カワカミグンシベチャチョウ","town":"桜","town_kana":"サクラ","prefecture_code":1},"2314":{"zip_code":"0882314","prefecture":"北海道","prefecture_kana":"ホッカイドウ","city":"川上郡標茶町","city_kana":"カワカミグンシベチャチョウ","town":"標茶","town_kana":"シベチャ","prefecture_code":1},"2323":{"zip_code":"0882323","prefecture":"北海道","prefecture_kana":"ホッカイドウ","city":"川上郡標茶町","city_kana":"カワカミグンシベチャチョウ","town":"下チャンベツ","town_kana":"シモチャンベツ","prefecture_code":1},"2265":[{"zip_code":"0882265","prefecture":"北海道","prefecture_kana":"ホッカイドウ","city":"川上郡標茶町","city_kana":"カワカミグンシベチャチョウ","town":"シラルトロ","town_kana":"シラルトロ","prefecture_code":1},{"zip_code":"0882265","prefecture":"北海道","prefecture_kana":"ホッカイドウ","city":"川上郡標茶町","city_kana":"カワカミグンシベチャチョウ","town":"塘路","town_kana":"トウロ","prefecture_code":1}],"2273":{"zip_code":"0882273","prefecture":"北海道","prefecture_kana":"ホッカイドウ","city":"川上郡標茶町","city_kana":"カワカミグンシベチャチョウ","town":"西和","town_kana":"セイワ","prefecture_code":1},"3141":{"zip_code":"0883141","prefecture":"北海道","prefecture_kana":"ホッカイドウ","city":"川上郡標茶町","city_kana":"カワカミグンシベチャチョウ","town":"多和","town_kana":"タワ","prefecture_code":1},"2261":{"zip_code":"0882261","prefecture":"北海道","prefecture_kana":"ホッカイドウ","city":"川上郡標茶町","city_kana":"カワカミグンシベチャチョウ","town":"塘路","town_kana":"トウロ","prefecture_code":1},"2264":{"zip_code":"0882264","prefecture":"北海道","prefecture_kana":"ホッカイドウ","city":"川上郡標茶町","city_kana":"カワカミグンシベチャチョウ","town":"塘路原野","town_kana":"トウロゲンヤ","prefecture_code":1},"2313":{"zip_code":"0882313","prefecture":"北海道","prefecture_kana":"ホッカイドウ","city":"川上郡標茶町","city_kana":"カワカミグンシベチャチョウ","town":"常盤","town_kana":"トキワ","prefecture_code":1},"2332":{"zip_code":"0882332","prefecture":"北海道","prefecture_kana":"ホッカイドウ","city":"川上郡標茶町","city_kana":"カワカミグンシベチャチョウ","town":"中オソツベツ","town_kana":"ナカオソツベツ","prefecture_code":1},"2382":{"zip_code":"0882382","prefecture":"北海道","prefecture_kana":"ホッカイドウ","city":"川上郡標茶町","city_kana":"カワカミグンシベチャチョウ","town":"中久著呂","town_kana":"ナカクチョロ","prefecture_code":1},"2381":{"zip_code":"0882381","prefecture":"北海道","prefecture_kana":"ホッカイドウ","city":"川上郡標茶町","city_kana":"カワカミグンシベチャチョウ","town":"中久著呂市街","town_kana":"ナカクチョロシガイ","prefecture_code":1},"3144":{"zip_code":"0883144","prefecture":"北海道","prefecture_kana":"ホッカイドウ","city":"川上郡標茶町","city_kana":"カワカミグンシベチャチョウ","town":"中多和","town_kana":"ナカタワ","prefecture_code":1},"2322":{"zip_code":"0882322","prefecture":"北海道","prefecture_kana":"ホッカイドウ","city":"川上郡標茶町","city_kana":"カワカミグンシベチャチョウ","town":"中チャンベツ","town_kana":"ナカチャンベツ","prefecture_code":1},"2462":{"zip_code":"0882462","prefecture":"北海道","prefecture_kana":"ホッカイドウ","city":"川上郡標茶町","city_kana":"カワカミグンシベチャチョウ","town":"虹別","town_kana":"ニジベツ","prefecture_code":1},"2463":{"zip_code":"0882463","prefecture":"北海道","prefecture_kana":"ホッカイドウ","city":"川上郡標茶町","city_kana":"カワカミグンシベチャチョウ","town":"虹別上虹","town_kana":"ニジベツカミニジ","prefecture_code":1},"2464":{"zip_code":"0882464","prefecture":"北海道","prefecture_kana":"ホッカイドウ","city":"川上郡標茶町","city_kana":"カワカミグンシベチャチョウ","town":"虹別中虹","town_kana":"ニジベツナカニジ","prefecture_code":1},"2465":{"zip_code":"0882465","prefecture":"北海道","prefecture_kana":"ホッカイドウ","city":"川上郡標茶町","city_kana":"カワカミグンシベチャチョウ","town":"虹別萩野","town_kana":"ニジベツハギノ","prefecture_code":1},"2461":{"zip_code":"0882461","prefecture":"北海道","prefecture_kana":"ホッカイドウ","city":"川上郡標茶町","city_kana":"カワカミグンシベチャチョウ","town":"虹別市街","town_kana":"ニジベツシガイ","prefecture_code":1},"2389":{"zip_code":"0882389","prefecture":"北海道","prefecture_kana":"ホッカイドウ","city":"川上郡標茶町","city_kana":"カワカミグンシベチャチョウ","town":"ヌマオロ原野","town_kana":"ヌマオロゲンヤ","prefecture_code":1},"2263":{"zip_code":"0882263","prefecture":"北海道","prefecture_kana":"ホッカイドウ","city":"川上郡標茶町","city_kana":"カワカミグンシベチャチョウ","town":"沼ノ上","town_kana":"ヌマノカミ","prefecture_code":1},"2274":{"zip_code":"0882274","prefecture":"北海道","prefecture_kana":"ホッカイドウ","city":"川上郡標茶町","city_kana":"カワカミグンシベチャチョウ","town":"東阿歴内","town_kana":"ヒガシアレキナイ","prefecture_code":1},"2302":{"zip_code":"0882302","prefecture":"北海道","prefecture_kana":"ホッカイドウ","city":"川上郡標茶町","city_kana":"カワカミグンシベチャチョウ","town":"富士","town_kana":"フジ","prefecture_code":1},"2304":{"zip_code":"0882304","prefecture":"北海道","prefecture_kana":"ホッカイドウ","city":"川上郡標茶町","city_kana":"カワカミグンシベチャチョウ","town":"平和","town_kana":"ヘイワ","prefecture_code":1},"2338":{"zip_code":"0882338","prefecture":"北海道","prefecture_kana":"ホッカイドウ","city":"川上郡標茶町","city_kana":"カワカミグンシベチャチョウ","town":"南標茶","town_kana":"ミナミシベチャ","prefecture_code":1},"2324":{"zip_code":"0882324","prefecture":"北海道","prefecture_kana":"ホッカイドウ","city":"川上郡標茶町","city_kana":"カワカミグンシベチャチョウ","town":"雷別","town_kana":"ライベツ","prefecture_code":1},"2336":{"zip_code":"0882336","prefecture":"北海道","prefecture_kana":"ホッカイドウ","city":"川上郡標茶町","city_kana":"カワカミグンシベチャチョウ","town":"ルルラン","town_kana":"ルルラン","prefecture_code":1},"3200":{"zip_code":"0883200","prefecture":"北海道","prefecture_kana":"ホッカイドウ","city":"川上郡弟子屈町","city_kana":"カワカミグンテシカガチョウ","town":"","town_kana":"","prefecture_code":1},"3204":{"zip_code":"0883204","prefecture":"北海道","prefecture_kana":"ホッカイドウ","city":"川上郡弟子屈町","city_kana":"カワカミグンテシカガチョウ","town":"朝日","town_kana":"アサヒ","prefecture_code":1},"3463":{"zip_code":"0883463","prefecture":"北海道","prefecture_kana":"ホッカイドウ","city":"川上郡弟子屈町","city_kana":"カワカミグンテシカガチョウ","town":"アトサヌプリ原野","town_kana":"アトサヌプリゲンヤ","prefecture_code":1},"3461":[{"zip_code":"0883461","prefecture":"北海道","prefecture_kana":"ホッカイドウ","city":"川上郡弟子屈町","city_kana":"カワカミグンテシカガチョウ","town":"跡佐登","town_kana":"アトサノボリ","prefecture_code":1},{"zip_code":"0883461","prefecture":"北海道","prefecture_kana":"ホッカイドウ","city":"川上郡弟子屈町","city_kana":"カワカミグンテシカガチョウ","town":"跡佐登原野","town_kana":"アトサノボリゲンヤ","prefecture_code":1}],"3351":[{"zip_code":"0883351","prefecture":"北海道","prefecture_kana":"ホッカイドウ","city":"川上郡弟子屈町","city_kana":"カワカミグンテシカガチョウ","town":"池の湯","town_kana":"イケノユ","prefecture_code":1},{"zip_code":"0883351","prefecture":"北海道","prefecture_kana":"ホッカイドウ","city":"川上郡弟子屈町","city_kana":"カワカミグンテシカガチョウ","town":"屈斜路市街地","town_kana":"クッシヤロシガイチ","prefecture_code":1},{"zip_code":"0883351","prefecture":"北海道","prefecture_kana":"ホッカイドウ","city":"川上郡弟子屈町","city_kana":"カワカミグンテシカガチョウ","town":"古丹","town_kana":"コタン","prefecture_code":1},{"zip_code":"0883351","prefecture":"北海道","prefecture_kana":"ホッカイドウ","city":"川上郡弟子屈町","city_kana":"カワカミグンテシカガチョウ","town":"砂湯","town_kana":"スナユ","prefecture_code":1}],"3212":{"zip_code":"0883212","prefecture":"北海道","prefecture_kana":"ホッカイドウ","city":"川上郡弟子屈町","city_kana":"カワカミグンテシカガチョウ","town":"泉","town_kana":"イズミ","prefecture_code":1},"3226":{"zip_code":"0883226","prefecture":"北海道","prefecture_kana":"ホッカイドウ","city":"川上郡弟子屈町","city_kana":"カワカミグンテシカガチョウ","town":"奥オソベツ","town_kana":"オクオソベツ","prefecture_code":1},"3228":{"zip_code":"0883228","prefecture":"北海道","prefecture_kana":"ホッカイドウ","city":"川上郡弟子屈町","city_kana":"カワカミグンテシカガチョウ","town":"奥春別","town_kana":"オクシュンベツ","prefecture_code":1},"3227":{"zip_code":"0883227","prefecture":"北海道","prefecture_kana":"ホッカイドウ","city":"川上郡弟子屈町","city_kana":"カワカミグンテシカガチョウ","town":"重内","town_kana":"オモナイ","prefecture_code":1},"3462":{"zip_code":"0883462","prefecture":"北海道","prefecture_kana":"ホッカイドウ","city":"川上郡弟子屈町","city_kana":"カワカミグンテシカガチョウ","town":"川湯駅前","town_kana":"カワユエキマエ","prefecture_code":1},"3465":{"zip_code":"0883465","prefecture":"北海道","prefecture_kana":"ホッカイドウ","city":"川上郡弟子屈町","city_kana":"カワカミグンテシカガチョウ","town":"川湯温泉","town_kana":"カワユオンセン","prefecture_code":1},"3341":[{"zip_code":"0883341","prefecture":"北海道","prefecture_kana":"ホッカイドウ","city":"川上郡弟子屈町","city_kana":"カワカミグンテシカガチョウ","town":"屈斜路","town_kana":"クッシヤロ","prefecture_code":1},{"zip_code":"0883341","prefecture":"北海道","prefecture_kana":"ホッカイドウ","city":"川上郡弟子屈町","city_kana":"カワカミグンテシカガチョウ","town":"屈斜路原野","town_kana":"クッシヤロゲンヤ","prefecture_code":1}],"3214":{"zip_code":"0883214","prefecture":"北海道","prefecture_kana":"ホッカイドウ","city":"川上郡弟子屈町","city_kana":"カワカミグンテシカガチョウ","town":"高栄","town_kana":"コウエイ","prefecture_code":1},"3213":{"zip_code":"0883213","prefecture":"北海道","prefecture_kana":"ホッカイドウ","city":"川上郡弟子屈町","city_kana":"カワカミグンテシカガチョウ","town":"桜丘","town_kana":"サクラオカ","prefecture_code":1},"3332":[{"zip_code":"0883332","prefecture":"北海道","prefecture_kana":"ホッカイドウ","city":"川上郡弟子屈町","city_kana":"カワカミグンテシカガチョウ","town":"札友内","town_kana":"サツトモナイ","prefecture_code":1},{"zip_code":"0883332","prefecture":"北海道","prefecture_kana":"ホッカイドウ","city":"川上郡弟子屈町","city_kana":"カワカミグンテシカガチョウ","town":"札友内原野","town_kana":"サツトモナイゲンヤ","prefecture_code":1}],"3464":{"zip_code":"0883464","prefecture":"北海道","prefecture_kana":"ホッカイドウ","city":"川上郡弟子屈町","city_kana":"カワカミグンテシカガチョウ","town":"サワンチサップ","town_kana":"サワンチサップ","prefecture_code":1},"3202":{"zip_code":"0883202","prefecture":"北海道","prefecture_kana":"ホッカイドウ","city":"川上郡弟子屈町","city_kana":"カワカミグンテシカガチョウ","town":"鈴蘭","town_kana":"スズラン","prefecture_code":1},"3211":{"zip_code":"0883211","prefecture":"北海道","prefecture_kana":"ホッカイドウ","city":"川上郡弟子屈町","city_kana":"カワカミグンテシカガチョウ","town":"中央","town_kana":"チュウオウ","prefecture_code":1},"3222":{"zip_code":"0883222","prefecture":"北海道","prefecture_kana":"ホッカイドウ","city":"川上郡弟子屈町","city_kana":"カワカミグンテシカガチョウ","town":"弟子屈原野","town_kana":"テシカガゲンヤ","prefecture_code":1},"3221":[{"zip_code":"0883221","prefecture":"北海道","prefecture_kana":"ホッカイドウ","city":"川上郡弟子屈町","city_kana":"カワカミグンテシカガチョウ","town":"鐺別","town_kana":"トウベツ","prefecture_code":1},{"zip_code":"0883221","prefecture":"北海道","prefecture_kana":"ホッカイドウ","city":"川上郡弟子屈町","city_kana":"カワカミグンテシカガチョウ","town":"鐺別原野","town_kana":"トウベツゲンヤ","prefecture_code":1}],"3223":{"zip_code":"0883223","prefecture":"北海道","prefecture_kana":"ホッカイドウ","city":"川上郡弟子屈町","city_kana":"カワカミグンテシカガチョウ","town":"仁多","town_kana":"ニタ","prefecture_code":1},"3331":[{"zip_code":"0883331","prefecture":"北海道","prefecture_kana":"ホッカイドウ","city":"川上郡弟子屈町","city_kana":"カワカミグンテシカガチョウ","town":"美留和","town_kana":"ビルワ","prefecture_code":1},{"zip_code":"0883331","prefecture":"北海道","prefecture_kana":"ホッカイドウ","city":"川上郡弟子屈町","city_kana":"カワカミグンテシカガチョウ","town":"美留和原野","town_kana":"ビルワゲンヤ","prefecture_code":1}],"3224":{"zip_code":"0883224","prefecture":"北海道","prefecture_kana":"ホッカイドウ","city":"川上郡弟子屈町","city_kana":"カワカミグンテシカガチョウ","town":"平和","town_kana":"ヘイワ","prefecture_code":1},"3201":{"zip_code":"0883201","prefecture":"北海道","prefecture_kana":"ホッカイドウ","city":"川上郡弟子屈町","city_kana":"カワカミグンテシカガチョウ","town":"摩周","town_kana":"マシュウ","prefecture_code":1},"3215":{"zip_code":"0883215","prefecture":"北海道","prefecture_kana":"ホッカイドウ","city":"川上郡弟子屈町","city_kana":"カワカミグンテシカガチョウ","town":"美里","town_kana":"ミサト","prefecture_code":1},"3271":{"zip_code":"0883271","prefecture":"北海道","prefecture_kana":"ホッカイドウ","city":"川上郡弟子屈町","city_kana":"カワカミグンテシカガチョウ","town":"南弟子屈","town_kana":"ミナミテシカガ","prefecture_code":1},"3225":{"zip_code":"0883225","prefecture":"北海道","prefecture_kana":"ホッカイドウ","city":"川上郡弟子屈町","city_kana":"カワカミグンテシカガチョウ","town":"最栄利別","town_kana":"モエリベツ","prefecture_code":1},"3203":{"zip_code":"0883203","prefecture":"北海道","prefecture_kana":"ホッカイドウ","city":"川上郡弟子屈町","city_kana":"カワカミグンテシカガチョウ","town":"湯の島","town_kana":"ユノシマ","prefecture_code":1},"0300":{"zip_code":"0880300","prefecture":"北海道","prefecture_kana":"ホッカイドウ","city":"白糠郡白糠町","city_kana":"シラヌカグンシラヌカチョウ","town":"","town_kana":"","prefecture_code":1},"0585":{"zip_code":"0880585","prefecture":"北海道","prefecture_kana":"ホッカイドウ","city":"白糠郡白糠町","city_kana":"シラヌカグンシラヌカチョウ","town":"暁","town_kana":"アカツキ","prefecture_code":1},"0353":[{"zip_code":"0880353","prefecture":"北海道","prefecture_kana":"ホッカイドウ","city":"白糠郡白糠町","city_kana":"シラヌカグンシラヌカチョウ","town":"大沢","town_kana":"オオサワ","prefecture_code":1},{"zip_code":"0880353","prefecture":"北海道","prefecture_kana":"ホッカイドウ","city":"白糠郡白糠町","city_kana":"シラヌカグンシラヌカチョウ","town":"大平","town_kana":"オオヒラ","prefecture_code":1},{"zip_code":"0880353","prefecture":"北海道","prefecture_kana":"ホッカイドウ","city":"白糠郡白糠町","city_kana":"シラヌカグンシラヌカチョウ","town":"河原","town_kana":"カワハラ","prefecture_code":1},{"zip_code":"0880353","prefecture":"北海道","prefecture_kana":"ホッカイドウ","city":"白糠郡白糠町","city_kana":"シラヌカグンシラヌカチョウ","town":"恋隠","town_kana":"コイカクシ","prefecture_code":1},{"zip_code":"0880353","prefecture":"北海道","prefecture_kana":"ホッカイドウ","city":"白糠郡白糠町","city_kana":"シラヌカグンシラヌカチョウ","town":"中和天別","town_kana":"ナカワテンベツ","prefecture_code":1},{"zip_code":"0880353","prefecture":"北海道","prefecture_kana":"ホッカイドウ","city":"白糠郡白糠町","city_kana":"シラヌカグンシラヌカチョウ","town":"本郷","town_kana":"ホンゴウ","prefecture_code":1}],"0341":[{"zip_code":"0880341","prefecture":"北海道","prefecture_kana":"ホッカイドウ","city":"白糠郡白糠町","city_kana":"シラヌカグンシラヌカチョウ","town":"大苗","town_kana":"オオナエ","prefecture_code":1},{"zip_code":"0880341","prefecture":"北海道","prefecture_kana":"ホッカイドウ","city":"白糠郡白糠町","city_kana":"シラヌカグンシラヌカチョウ","town":"下茶路","town_kana":"シモチャロ","prefecture_code":1},{"zip_code":"0880341","prefecture":"北海道","prefecture_kana":"ホッカイドウ","city":"白糠郡白糠町","city_kana":"シラヌカグンシラヌカチョウ","town":"相互","town_kana":"ソウゴ","prefecture_code":1},{"zip_code":"0880341","prefecture":"北海道","prefecture_kana":"ホッカイドウ","city":"白糠郡白糠町","city_kana":"シラヌカグンシラヌカチョウ","town":"西茶路","town_kana":"ニシチャロ","prefecture_code":1},{"zip_code":"0880341","prefecture":"北海道","prefecture_kana":"ホッカイドウ","city":"白糠郡白糠町","city_kana":"シラヌカグンシラヌカチョウ","town":"東茶路","town_kana":"ヒガシチャロ","prefecture_code":1}],"0561":{"zip_code":"0880561","prefecture":"北海道","prefecture_kana":"ホッカイドウ","city":"白糠郡白糠町","city_kana":"シラヌカグンシラヌカチョウ","town":"大楽毛","town_kana":"オタノシケ","prefecture_code":1},"0342":[{"zip_code":"0880342","prefecture":"北海道","prefecture_kana":"ホッカイドウ","city":"白糠郡白糠町","city_kana":"シラヌカグンシラヌカチョウ","town":"御札部","town_kana":"オサッペ","prefecture_code":1},{"zip_code":"0880342","prefecture":"北海道","prefecture_kana":"ホッカイドウ","city":"白糠郡白糠町","city_kana":"シラヌカグンシラヌカチョウ","town":"御仁田","town_kana":"オニタ","prefecture_code":1},{"zip_code":"0880342","prefecture":"北海道","prefecture_kana":"ホッカイドウ","city":"白糠郡白糠町","city_kana":"シラヌカグンシラヌカチョウ","town":"川西","town_kana":"カワニシ","prefecture_code":1},{"zip_code":"0880342","prefecture":"北海道","prefecture_kana":"ホッカイドウ","city":"白糠郡白糠町","city_kana":"シラヌカグンシラヌカチョウ","town":"高台","town_kana":"タカダイ","prefecture_code":1},{"zip_code":"0880342","prefecture":"北海道","prefecture_kana":"ホッカイドウ","city":"白糠郡白糠町","city_kana":"シラヌカグンシラヌカチョウ","town":"鍛高","town_kana":"タンタカ","prefecture_code":1},{"zip_code":"0880342","prefecture":"北海道","prefecture_kana":"ホッカイドウ","city":"白糠郡白糠町","city_kana":"シラヌカグンシラヌカチョウ","town":"茶路共栄","town_kana":"チャロキョウエイ","prefecture_code":1},{"zip_code":"0880342","prefecture":"北海道","prefecture_kana":"ホッカイドウ","city":"白糠郡白糠町","city_kana":"シラヌカグンシラヌカチョウ","town":"中茶路","town_kana":"ナカチャロ","prefecture_code":1},{"zip_code":"0880342","prefecture":"北海道","prefecture_kana":"ホッカイドウ","city":"白糠郡白糠町","city_kana":"シラヌカグンシラヌカチョウ","town":"松川","town_kana":"マツカワ","prefecture_code":1}],"0583":{"zip_code":"0880583","prefecture":"北海道","prefecture_kana":"ホッカイドウ","city":"白糠郡白糠町","city_kana":"シラヌカグンシラヌカチョウ","town":"上庶路","town_kana":"カミショロ","prefecture_code":1},"0343":[{"zip_code":"0880343","prefecture":"北海道","prefecture_kana":"ホッカイドウ","city":"白糠郡白糠町","city_kana":"シラヌカグンシラヌカチョウ","town":"上茶路","town_kana":"カミチャロ","prefecture_code":1},{"zip_code":"0880343","prefecture":"北海道","prefecture_kana":"ホッカイドウ","city":"白糠郡白糠町","city_kana":"シラヌカグンシラヌカチョウ","town":"新縫別","town_kana":"シンヌイベツ","prefecture_code":1},{"zip_code":"0880343","prefecture":"北海道","prefecture_kana":"ホッカイドウ","city":"白糠郡白糠町","city_kana":"シラヌカグンシラヌカチョウ","town":"縫別","town_kana":"ヌイベツ","prefecture_code":1},{"zip_code":"0880343","prefecture":"北海道","prefecture_kana":"ホッカイドウ","city":"白糠郡白糠町","city_kana":"シラヌカグンシラヌカチョウ","town":"南大曲","town_kana":"ミナミオオマガリ","prefecture_code":1},{"zip_code":"0880343","prefecture":"北海道","prefecture_kana":"ホッカイドウ","city":"白糠郡白糠町","city_kana":"シラヌカグンシラヌカチョウ","town":"南上茶路","town_kana":"ミナミカミチャロ","prefecture_code":1}],"0352":[{"zip_code":"0880352","prefecture":"北海道","prefecture_kana":"ホッカイドウ","city":"白糠郡白糠町","city_kana":"シラヌカグンシラヌカチョウ","town":"川島","town_kana":"カワシマ","prefecture_code":1},{"zip_code":"0880352","prefecture":"北海道","prefecture_kana":"ホッカイドウ","city":"白糠郡白糠町","city_kana":"シラヌカグンシラヌカチョウ","town":"大秋","town_kana":"タイシュウ","prefecture_code":1},{"zip_code":"0880352","prefecture":"北海道","prefecture_kana":"ホッカイドウ","city":"白糠郡白糠町","city_kana":"シラヌカグンシラヌカチョウ","town":"馬主来","town_kana":"パシクル","prefecture_code":1},{"zip_code":"0880352","prefecture":"北海道","prefecture_kana":"ホッカイドウ","city":"白糠郡白糠町","city_kana":"シラヌカグンシラヌカチョウ","town":"緑","town_kana":"ミドリ","prefecture_code":1}],"0351":[{"zip_code":"0880351","prefecture":"北海道","prefecture_kana":"ホッカイドウ","city":"白糠郡白糠町","city_kana":"シラヌカグンシラヌカチョウ","town":"橋西","town_kana":"キョウセイ","prefecture_code":1},{"zip_code":"0880351","prefecture":"北海道","prefecture_kana":"ホッカイドウ","city":"白糠郡白糠町","city_kana":"シラヌカグンシラヌカチョウ","town":"坂の丘","town_kana":"サカノオカ","prefecture_code":1},{"zip_code":"0880351","prefecture":"北海道","prefecture_kana":"ホッカイドウ","city":"白糠郡白糠町","city_kana":"シラヌカグンシラヌカチョウ","town":"下和天別","town_kana":"シモワテンベツ","prefecture_code":1},{"zip_code":"0880351","prefecture":"北海道","prefecture_kana":"ホッカイドウ","city":"白糠郡白糠町","city_kana":"シラヌカグンシラヌカチョウ","town":"和天別","town_kana":"ワテンベツ","prefecture_code":1}],"0562":{"zip_code":"0880562","prefecture":"北海道","prefecture_kana":"ホッカイドウ","city":"白糠郡白糠町","city_kana":"シラヌカグンシラヌカチョウ","town":"コイトイ","town_kana":"コイトイ","prefecture_code":1},"0305":{"zip_code":"0880305","prefecture":"北海道","prefecture_kana":"ホッカイドウ","city":"白糠郡白糠町","city_kana":"シラヌカグンシラヌカチョウ","town":"刺牛","town_kana":"サシウシ","prefecture_code":1},"0567":{"zip_code":"0880567","prefecture":"北海道","prefecture_kana":"ホッカイドウ","city":"白糠郡白糠町","city_kana":"シラヌカグンシラヌカチョウ","town":"庶路","town_kana":"ショロ","prefecture_code":1},"0566":{"zip_code":"0880566","prefecture":"北海道","prefecture_kana":"ホッカイドウ","city":"白糠郡白糠町","city_kana":"シラヌカグンシラヌカチョウ","town":"庶路宮下","town_kana":"ショロミヤシタ","prefecture_code":1},"0564":{"zip_code":"0880564","prefecture":"北海道","prefecture_kana":"ホッカイドウ","city":"白糠郡白糠町","city_kana":"シラヌカグンシラヌカチョウ","town":"庶路１区","town_kana":"ショロ1ク","prefecture_code":1},"0565":{"zip_code":"0880565","prefecture":"北海道","prefecture_kana":"ホッカイドウ","city":"白糠郡白糠町","city_kana":"シラヌカグンシラヌカチョウ","town":"庶路２区","town_kana":"ショロ2ク","prefecture_code":1},"0563":{"zip_code":"0880563","prefecture":"北海道","prefecture_kana":"ホッカイドウ","city":"白糠郡白糠町","city_kana":"シラヌカグンシラヌカチョウ","town":"庶路甲区","town_kana":"ショロコウク","prefecture_code":1},"0568":{"zip_code":"0880568","prefecture":"北海道","prefecture_kana":"ホッカイドウ","city":"白糠郡白糠町","city_kana":"シラヌカグンシラヌカチョウ","town":"庶路乙区","town_kana":"ショロオツク","prefecture_code":1},"0586":{"zip_code":"0880586","prefecture":"北海道","prefecture_kana":"ホッカイドウ","city":"白糠郡白糠町","city_kana":"シラヌカグンシラヌカチョウ","town":"庶路東","town_kana":"ショロヒガシ","prefecture_code":1},"0587":{"zip_code":"0880587","prefecture":"北海道","prefecture_kana":"ホッカイドウ","city":"白糠郡白糠町","city_kana":"シラヌカグンシラヌカチョウ","town":"庶路西","town_kana":"ショロニシ","prefecture_code":1},"0581":{"zip_code":"0880581","prefecture":"北海道","prefecture_kana":"ホッカイドウ","city":"白糠郡白糠町","city_kana":"シラヌカグンシラヌカチョウ","town":"乳呑","town_kana":"チノミ","prefecture_code":1},"0584":{"zip_code":"0880584","prefecture":"北海道","prefecture_kana":"ホッカイドウ","city":"白糠郡白糠町","city_kana":"シラヌカグンシラヌカチョウ","town":"泊別","town_kana":"トマリベツ","prefecture_code":1},"0582":{"zip_code":"0880582","prefecture":"北海道","prefecture_kana":"ホッカイドウ","city":"白糠郡白糠町","city_kana":"シラヌカグンシラヌカチョウ","town":"中庶路","town_kana":"ナカショロ","prefecture_code":1},"0572":[{"zip_code":"0880572","prefecture":"北海道","prefecture_kana":"ホッカイドウ","city":"白糠郡白糠町","city_kana":"シラヌカグンシラヌカチョウ","town":"西庶路西一条南","town_kana":"ニシショロニシ1ジョウミナミ","prefecture_code":1},{"zip_code":"0880572","prefecture":"北海道","prefecture_kana":"ホッカイドウ","city":"白糠郡白糠町","city_kana":"シラヌカグンシラヌカチョウ","town":"西庶路西二条南","town_kana":"ニシショロニシ2ジョウミナミ","prefecture_code":1},{"zip_code":"0880572","prefecture":"北海道","prefecture_kana":"ホッカイドウ","city":"白糠郡白糠町","city_kana":"シラヌカグンシラヌカチョウ","town":"西庶路西三条南","town_kana":"ニシショロニシ3ジョウミナミ","prefecture_code":1},{"zip_code":"0880572","prefecture":"北海道","prefecture_kana":"ホッカイドウ","city":"白糠郡白糠町","city_kana":"シラヌカグンシラヌカチョウ","town":"西庶路西四条南","town_kana":"ニシショロニシ4ジョウミナミ","prefecture_code":1},{"zip_code":"0880572","prefecture":"北海道","prefecture_kana":"ホッカイドウ","city":"白糠郡白糠町","city_kana":"シラヌカグンシラヌカチョウ","town":"西庶路西五条南","town_kana":"ニシショロニシ5ジョウミナミ","prefecture_code":1}],"0571":[{"zip_code":"0880571","prefecture":"北海道","prefecture_kana":"ホッカイドウ","city":"白糠郡白糠町","city_kana":"シラヌカグンシラヌカチョウ","town":"西庶路西一条北","town_kana":"ニシショロニシ1ジョウキタ","prefecture_code":1},{"zip_code":"0880571","prefecture":"北海道","prefecture_kana":"ホッカイドウ","city":"白糠郡白糠町","city_kana":"シラヌカグンシラヌカチョウ","town":"西庶路西二条北","town_kana":"ニシショロニシ2ジョウキタ","prefecture_code":1},{"zip_code":"0880571","prefecture":"北海道","prefecture_kana":"ホッカイドウ","city":"白糠郡白糠町","city_kana":"シラヌカグンシラヌカチョウ","town":"西庶路西三条北","town_kana":"ニシショロニシ3ジョウキタ","prefecture_code":1}],"0574":[{"zip_code":"0880574","prefecture":"北海道","prefecture_kana":"ホッカイドウ","city":"白糠郡白糠町","city_kana":"シラヌカグンシラヌカチョウ","town":"西庶路東一条南","town_kana":"ニシショロヒガシ1ジョウミナミ","prefecture_code":1},{"zip_code":"0880574","prefecture":"北海道","prefecture_kana":"ホッカイドウ","city":"白糠郡白糠町","city_kana":"シラヌカグンシラヌカチョウ","town":"西庶路東二条南","town_kana":"ニシショロヒガシ2ジョウミナミ","prefecture_code":1},{"zip_code":"0880574","prefecture":"北海道","prefecture_kana":"ホッカイドウ","city":"白糠郡白糠町","city_kana":"シラヌカグンシラヌカチョウ","town":"西庶路東三条南","town_kana":"ニシショロヒガシ3ジョウミナミ","prefecture_code":1}],"0573":[{"zip_code":"0880573","prefecture":"北海道","prefecture_kana":"ホッカイドウ","city":"白糠郡白糠町","city_kana":"シラヌカグンシラヌカチョウ","town":"西庶路東一条北","town_kana":"ニシショロヒガシ1ジョウキタ","prefecture_code":1},{"zip_code":"0880573","prefecture":"北海道","prefecture_kana":"ホッカイドウ","city":"白糠郡白糠町","city_kana":"シラヌカグンシラヌカチョウ","town":"西庶路東二条北","town_kana":"ニシショロヒガシ2ジョウキタ","prefecture_code":1},{"zip_code":"0880573","prefecture":"北海道","prefecture_kana":"ホッカイドウ","city":"白糠郡白糠町","city_kana":"シラヌカグンシラヌカチョウ","town":"西庶路東三条北","town_kana":"ニシショロヒガシ3ジョウキタ","prefecture_code":1}],"0311":{"zip_code":"0880311","prefecture":"北海道","prefecture_kana":"ホッカイドウ","city":"白糠郡白糠町","city_kana":"シラヌカグンシラヌカチョウ","town":"西一条南","town_kana":"ニシ1ジョウミナミ","prefecture_code":1},"0321":{"zip_code":"0880321","prefecture":"北海道","prefecture_kana":"ホッカイドウ","city":"白糠郡白糠町","city_kana":"シラヌカグンシラヌカチョウ","town":"西一条北","town_kana":"ニシ1ジョウキタ","prefecture_code":1},"0312":{"zip_code":"0880312","prefecture":"北海道","prefecture_kana":"ホッカイドウ","city":"白糠郡白糠町","city_kana":"シラヌカグンシラヌカチョウ","town":"西二条南","town_kana":"ニシ2ジョウミナミ","prefecture_code":1},"0322":{"zip_code":"0880322","prefecture":"北海道","prefecture_kana":"ホッカイドウ","city":"白糠郡白糠町","city_kana":"シラヌカグンシラヌカチョウ","town":"西二条北","town_kana":"ニシ2ジョウキタ","prefecture_code":1},"0323":{"zip_code":"0880323","prefecture":"北海道","prefecture_kana":"ホッカイドウ","city":"白糠郡白糠町","city_kana":"シラヌカグンシラヌカチョウ","town":"西四条北","town_kana":"ニシ4ジョウキタ","prefecture_code":1},"0324":{"zip_code":"0880324","prefecture":"北海道","prefecture_kana":"ホッカイドウ","city":"白糠郡白糠町","city_kana":"シラヌカグンシラヌカチョウ","town":"西五条北","town_kana":"ニシ5ジョウキタ","prefecture_code":1},"0301":{"zip_code":"0880301","prefecture":"北海道","prefecture_kana":"ホッカイドウ","city":"白糠郡白糠町","city_kana":"シラヌカグンシラヌカチョウ","town":"東一条南","town_kana":"ヒガシ1ジョウミナミ","prefecture_code":1},"0331":{"zip_code":"0880331","prefecture":"北海道","prefecture_kana":"ホッカイドウ","city":"白糠郡白糠町","city_kana":"シラヌカグンシラヌカチョウ","town":"東一条北","town_kana":"ヒガシ1ジョウキタ","prefecture_code":1},"0302":{"zip_code":"0880302","prefecture":"北海道","prefecture_kana":"ホッカイドウ","city":"白糠郡白糠町","city_kana":"シラヌカグンシラヌカチョウ","town":"東二条南","town_kana":"ヒガシ2ジョウミナミ","prefecture_code":1},"0332":{"zip_code":"0880332","prefecture":"北海道","prefecture_kana":"ホッカイドウ","city":"白糠郡白糠町","city_kana":"シラヌカグンシラヌカチョウ","town":"東二条北","town_kana":"ヒガシ2ジョウキタ","prefecture_code":1},"0303":{"zip_code":"0880303","prefecture":"北海道","prefecture_kana":"ホッカイドウ","city":"白糠郡白糠町","city_kana":"シラヌカグンシラヌカチョウ","town":"東三条南","town_kana":"ヒガシ3ジョウミナミ","prefecture_code":1},"0333":{"zip_code":"0880333","prefecture":"北海道","prefecture_kana":"ホッカイドウ","city":"白糠郡白糠町","city_kana":"シラヌカグンシラヌカチョウ","town":"東三条北","town_kana":"ヒガシ3ジョウキタ","prefecture_code":1},"0344":[{"zip_code":"0880344","prefecture":"北海道","prefecture_kana":"ホッカイドウ","city":"白糠郡白糠町","city_kana":"シラヌカグンシラヌカチョウ","town":"左股","town_kana":"ヒダリマタ","prefecture_code":1},{"zip_code":"0880344","prefecture":"北海道","prefecture_kana":"ホッカイドウ","city":"白糠郡白糠町","city_kana":"シラヌカグンシラヌカチョウ","town":"二股","town_kana":"フタマタ","prefecture_code":1},{"zip_code":"0880344","prefecture":"北海道","prefecture_kana":"ホッカイドウ","city":"白糠郡白糠町","city_kana":"シラヌカグンシラヌカチョウ","town":"右股","town_kana":"ミギマタ","prefecture_code":1}],"0304":{"zip_code":"0880304","prefecture":"北海道","prefecture_kana":"ホッカイドウ","city":"白糠郡白糠町","city_kana":"シラヌカグンシラヌカチョウ","town":"岬","town_kana":"ミサキ","prefecture_code":1},"2578":{"zip_code":"0882578","prefecture":"北海道","prefecture_kana":"ホッカイドウ","city":"野付郡別海町","city_kana":"ノツケグンベツカイチョウ","town":"泉川","town_kana":"イズミカワ","prefecture_code":1},"2725":{"zip_code":"0882725","prefecture":"北海道","prefecture_kana":"ホッカイドウ","city":"野付郡別海町","city_kana":"ノツケグンベツカイチョウ","town":"上春別","town_kana":"カミシュンベツ","prefecture_code":1},"2722":{"zip_code":"0882722","prefecture":"北海道","prefecture_kana":"ホッカイドウ","city":"野付郡別海町","city_kana":"ノツケグンベツカイチョウ","town":"上春別旭町","town_kana":"カミシュンベツアサヒチョウ","prefecture_code":1},"2724":{"zip_code":"0882724","prefecture":"北海道","prefecture_kana":"ホッカイドウ","city":"野付郡別海町","city_kana":"ノツケグンベツカイチョウ","town":"上春別栄町","town_kana":"カミシュンベツサカエチョウ","prefecture_code":1},"2721":{"zip_code":"0882721","prefecture":"北海道","prefecture_kana":"ホッカイドウ","city":"野付郡別海町","city_kana":"ノツケグンベツカイチョウ","town":"上春別緑町","town_kana":"カミシュンベツミドリチョウ","prefecture_code":1},"2723":{"zip_code":"0882723","prefecture":"北海道","prefecture_kana":"ホッカイドウ","city":"野付郡別海町","city_kana":"ノツケグンベツカイチョウ","town":"上春別南町","town_kana":"カミシュンベツミナミチョウ","prefecture_code":1},"2601":{"zip_code":"0882601","prefecture":"北海道","prefecture_kana":"ホッカイドウ","city":"野付郡別海町","city_kana":"ノツケグンベツカイチョウ","town":"大成","town_kana":"タイセイ","prefecture_code":1},"2576":{"zip_code":"0882576","prefecture":"北海道","prefecture_kana":"ホッカイドウ","city":"野付郡別海町","city_kana":"ノツケグンベツカイチョウ","town":"西春別","town_kana":"ニシシュンベツ","prefecture_code":1},"2566":{"zip_code":"0882566","prefecture":"北海道","prefecture_kana":"ホッカイドウ","city":"野付郡別海町","city_kana":"ノツケグンベツカイチョウ","town":"西春別駅前曙町","town_kana":"ニシシュンベツエキマエアケボノチョウ","prefecture_code":1},"2561":{"zip_code":"0882561","prefecture":"北海道","prefecture_kana":"ホッカイドウ","city":"野付郡別海町","city_kana":"ノツケグンベツカイチョウ","town":"西春別駅前柏町","town_kana":"ニシシュンベツエキマエカシワチョウ","prefecture_code":1},"2565":{"zip_code":"0882565","prefecture":"北海道","prefecture_kana":"ホッカイドウ","city":"野付郡別海町","city_kana":"ノツケグンベツカイチョウ","town":"西春別駅前寿町","town_kana":"ニシシュンベツエキマエコトブキチョウ","prefecture_code":1},"2562":{"zip_code":"0882562","prefecture":"北海道","prefecture_kana":"ホッカイドウ","city":"野付郡別海町","city_kana":"ノツケグンベツカイチョウ","town":"西春別駅前栄町","town_kana":"ニシシュンベツエキマエサカエチョウ","prefecture_code":1},"2563":{"zip_code":"0882563","prefecture":"北海道","prefecture_kana":"ホッカイドウ","city":"野付郡別海町","city_kana":"ノツケグンベツカイチョウ","town":"西春別駅前錦町","town_kana":"ニシシュンベツエキマエニシキチョウ","prefecture_code":1},"2564":{"zip_code":"0882564","prefecture":"北海道","prefecture_kana":"ホッカイドウ","city":"野付郡別海町","city_kana":"ノツケグンベツカイチョウ","town":"西春別駅前西町","town_kana":"ニシシュンベツエキマエニシチョウ","prefecture_code":1},"2572":{"zip_code":"0882572","prefecture":"北海道","prefecture_kana":"ホッカイドウ","city":"野付郡別海町","city_kana":"ノツケグンベツカイチョウ","town":"西春別清川町","town_kana":"ニシシュンベツキヨカワチョウ","prefecture_code":1},"2571":{"zip_code":"0882571","prefecture":"北海道","prefecture_kana":"ホッカイドウ","city":"野付郡別海町","city_kana":"ノツケグンベツカイチョウ","town":"西春別幸町","town_kana":"ニシシュンベツサイワイチョウ","prefecture_code":1},"2574":{"zip_code":"0882574","prefecture":"北海道","prefecture_kana":"ホッカイドウ","city":"野付郡別海町","city_kana":"ノツケグンベツカイチョウ","town":"西春別昭栄町","town_kana":"ニシシュンベツショウエイチョウ","prefecture_code":1},"2573":{"zip_code":"0882573","prefecture":"北海道","prefecture_kana":"ホッカイドウ","city":"野付郡別海町","city_kana":"ノツケグンベツカイチョウ","town":"西春別本久町","town_kana":"ニシシュンベツホンキュウチョウ","prefecture_code":1},"2575":{"zip_code":"0882575","prefecture":"北海道","prefecture_kana":"ホッカイドウ","city":"野付郡別海町","city_kana":"ノツケグンベツカイチョウ","town":"西春別宮園町","town_kana":"ニシシュンベツミヤゾノチョウ","prefecture_code":1},"2602":{"zip_code":"0882602","prefecture":"北海道","prefecture_kana":"ホッカイドウ","city":"野付郡別海町","city_kana":"ノツケグンベツカイチョウ","town":"本別","town_kana":"ホンベツ","prefecture_code":1},"2577":{"zip_code":"0882577","prefecture":"北海道","prefecture_kana":"ホッカイドウ","city":"野付郡別海町","city_kana":"ノツケグンベツカイチョウ","town":"矢臼別","town_kana":"ヤウスベツ","prefecture_code":1},"2683":{"zip_code":"0882683","prefecture":"北海道","prefecture_kana":"ホッカイドウ","city":"標津郡中標津町","city_kana":"シベツグンナカシベツチョウ","town":"上標津","town_kana":"カミシベツ","prefecture_code":1},"2682":{"zip_code":"0882682","prefecture":"北海道","prefecture_kana":"ホッカイドウ","city":"標津郡中標津町","city_kana":"シベツグンナカシベツチョウ","town":"計根別","town_kana":"ケネベツ","prefecture_code":1},"2681":{"zip_code":"0882681","prefecture":"北海道","prefecture_kana":"ホッカイドウ","city":"標津郡中標津町","city_kana":"シベツグンナカシベツチョウ","town":"当幌","town_kana":"トウホロ","prefecture_code":1},"2685":{"zip_code":"0882685","prefecture":"北海道","prefecture_kana":"ホッカイドウ","city":"標津郡中標津町","city_kana":"シベツグンナカシベツチョウ","town":"西竹","town_kana":"ニシタケ","prefecture_code":1},"2686":{"zip_code":"0882686","prefecture":"北海道","prefecture_kana":"ホッカイドウ","city":"標津郡中標津町","city_kana":"シベツグンナカシベツチョウ","town":"俣落","town_kana":"マタオチ","prefecture_code":1},"2684":{"zip_code":"0882684","prefecture":"北海道","prefecture_kana":"ホッカイドウ","city":"標津郡中標津町","city_kana":"シベツグンナカシベツチョウ","town":"養老牛","town_kana":"ヨウロウウシ","prefecture_code":1}}