{"6642":[{"zip_code":"0986642","prefecture":"北海道","prefecture_kana":"ホッカイドウ","city":"稚内市","city_kana":"ワッカナイシ","town":"声問","town_kana":"コエトイ","prefecture_code":1},{"zip_code":"0986642","prefecture":"北海道","prefecture_kana":"ホッカイドウ","city":"稚内市","city_kana":"ワッカナイシ","town":"声問村声問","town_kana":"コエトイムラコエトイ","prefecture_code":1}],"6565":{"zip_code":"0986565","prefecture":"北海道","prefecture_kana":"ホッカイドウ","city":"稚内市","city_kana":"ワッカナイシ","town":"声問村曙","town_kana":"コエトイムラアケボノ","prefecture_code":1},"6572":{"zip_code":"0986572","prefecture":"北海道","prefecture_kana":"ホッカイドウ","city":"稚内市","city_kana":"ワッカナイシ","town":"声問村開進","town_kana":"コエトイムラカイシン","prefecture_code":1},"6561":{"zip_code":"0986561","prefecture":"北海道","prefecture_kana":"ホッカイドウ","city":"稚内市","city_kana":"ワッカナイシ","town":"声問村樺岡","town_kana":"コエトイムラカバオカ","prefecture_code":1},"6562":{"zip_code":"0986562","prefecture":"北海道","prefecture_kana":"ホッカイドウ","city":"稚内市","city_kana":"ワッカナイシ","town":"声問村上声問","town_kana":"コエトイムラカミコエトイ","prefecture_code":1},"6574":{"zip_code":"0986574","prefecture":"北海道","prefecture_kana":"ホッカイドウ","city":"稚内市","city_kana":"ワッカナイシ","town":"声問村上豊別","town_kana":"コエトイムラカミトヨベツ","prefecture_code":1},"6564":{"zip_code":"0986564","prefecture":"北海道","prefecture_kana":"ホッカイドウ","city":"稚内市","city_kana":"ワッカナイシ","town":"声問村川西","town_kana":"コエトイムラカワニシ","prefecture_code":1},"6576":{"zip_code":"0986576","prefecture":"北海道","prefecture_kana":"ホッカイドウ","city":"稚内市","city_kana":"ワッカナイシ","town":"声問村川南","town_kana":"コエトイムラカワミナミ","prefecture_code":1},"6645":{"zip_code":"0986645","prefecture":"北海道","prefecture_kana":"ホッカイドウ","city":"稚内市","city_kana":"ワッカナイシ","town":"声問村恵北","town_kana":"コエトイムラケイホク","prefecture_code":1},"4582":{"zip_code":"0984582","prefecture":"北海道","prefecture_kana":"ホッカイドウ","city":"稚内市","city_kana":"ワッカナイシ","town":"声問村更喜苫内","town_kana":"コエトイムラサラキトマナイ","prefecture_code":1},"6573":{"zip_code":"0986573","prefecture":"北海道","prefecture_kana":"ホッカイドウ","city":"稚内市","city_kana":"ワッカナイシ","town":"声問村下豊別","town_kana":"コエトイムラシモトヨベツ","prefecture_code":1},"6575":{"zip_code":"0986575","prefecture":"北海道","prefecture_kana":"ホッカイドウ","city":"稚内市","city_kana":"ワッカナイシ","town":"声問村天興","town_kana":"コエトイムラテンコウ","prefecture_code":1},"6563":{"zip_code":"0986563","prefecture":"北海道","prefecture_kana":"ホッカイドウ","city":"稚内市","city_kana":"ワッカナイシ","town":"声問村沼川","town_kana":"コエトイムラヌマカワ","prefecture_code":1},"6571":{"zip_code":"0986571","prefecture":"北海道","prefecture_kana":"ホッカイドウ","city":"稚内市","city_kana":"ワッカナイシ","town":"声問村曲渕","town_kana":"コエトイムラマガリフチ","prefecture_code":1},"6643":{"zip_code":"0986643","prefecture":"北海道","prefecture_kana":"ホッカイドウ","city":"稚内市","city_kana":"ワッカナイシ","town":"声問村メクマ","town_kana":"コエトイムラメクマ","prefecture_code":1},"6758":{"zip_code":"0986758","prefecture":"北海道","prefecture_kana":"ホッカイドウ","city":"稚内市","city_kana":"ワッカナイシ","town":"宗谷岬","town_kana":"ソウヤミサキ","prefecture_code":1},"6754":{"zip_code":"0986754","prefecture":"北海道","prefecture_kana":"ホッカイドウ","city":"稚内市","city_kana":"ワッカナイシ","town":"宗谷村清浜","town_kana":"ソウヤムラキヨハマ","prefecture_code":1},"6755":{"zip_code":"0986755","prefecture":"北海道","prefecture_kana":"ホッカイドウ","city":"稚内市","city_kana":"ワッカナイシ","town":"宗谷村宗谷","town_kana":"ソウヤムラソウヤ","prefecture_code":1},"6756":{"zip_code":"0986756","prefecture":"北海道","prefecture_kana":"ホッカイドウ","city":"稚内市","city_kana":"ワッカナイシ","town":"宗谷村富磯","town_kana":"ソウヤムラトミイソ","prefecture_code":1},"6751":{"zip_code":"0986751","prefecture":"北海道","prefecture_kana":"ホッカイドウ","city":"稚内市","city_kana":"ワッカナイシ","town":"宗谷村豊岩","town_kana":"ソウヤムラトヨイワ","prefecture_code":1},"6385":{"zip_code":"0986385","prefecture":"北海道","prefecture_kana":"ホッカイドウ","city":"稚内市","city_kana":"ワッカナイシ","town":"宗谷村東浦","town_kana":"ソウヤムラヒガシウラ","prefecture_code":1},"6644":{"zip_code":"0986644","prefecture":"北海道","prefecture_kana":"ホッカイドウ","city":"稚内市","city_kana":"ワッカナイシ","town":"宗谷村増幌","town_kana":"ソウヤムラマスホロ","prefecture_code":1},"6757":{"zip_code":"0986757","prefecture":"北海道","prefecture_kana":"ホッカイドウ","city":"稚内市","city_kana":"ワッカナイシ","town":"宗谷村増幌浜","town_kana":"ソウヤムラマスホロハマ","prefecture_code":1},"6384":{"zip_code":"0986384","prefecture":"北海道","prefecture_kana":"ホッカイドウ","city":"稚内市","city_kana":"ワッカナイシ","town":"宗谷村峰岡","town_kana":"ソウヤムラミネオカ","prefecture_code":1},"4581":[{"zip_code":"0984581","prefecture":"北海道","prefecture_kana":"ホッカイドウ","city":"稚内市","city_kana":"ワッカナイシ","town":"抜海村上勇知","town_kana":"バッカイムラカミユウチ","prefecture_code":1},{"zip_code":"0984581","prefecture":"北海道","prefecture_kana":"ホッカイドウ","city":"稚内市","city_kana":"ワッカナイシ","town":"抜海村下勇知","town_kana":"バッカイムラシモユウチ","prefecture_code":1},{"zip_code":"0984581","prefecture":"北海道","prefecture_kana":"ホッカイドウ","city":"稚内市","city_kana":"ワッカナイシ","town":"抜海村夕来","town_kana":"バッカイムラユウクル","prefecture_code":1},{"zip_code":"0984581","prefecture":"北海道","prefecture_kana":"ホッカイドウ","city":"稚内市","city_kana":"ワッカナイシ","town":"抜海村オネトマナイ","town_kana":"バッカイムラオネトマナイ","prefecture_code":1}],"0475":{"zip_code":"0980475","prefecture":"北海道","prefecture_kana":"ホッカイドウ","city":"士別市","city_kana":"シベツシ","town":"多寄町","town_kana":"タヨロチョウ","prefecture_code":1},"2181":{"zip_code":"0982181","prefecture":"北海道","prefecture_kana":"ホッカイドウ","city":"名寄市","city_kana":"ナヨロシ","town":"智恵文","town_kana":"チエブン","prefecture_code":1},"0514":{"zip_code":"0980514","prefecture":"北海道","prefecture_kana":"ホッカイドウ","city":"名寄市","city_kana":"ナヨロシ","town":"風連町旭","town_kana":"フウレンチョウアサヒ","prefecture_code":1},"0513":{"zip_code":"0980513","prefecture":"北海道","prefecture_kana":"ホッカイドウ","city":"名寄市","city_kana":"ナヨロシ","town":"風連町池の上","town_kana":"フウレンチョウイケノウエ","prefecture_code":1},"0503":{"zip_code":"0980503","prefecture":"北海道","prefecture_kana":"ホッカイドウ","city":"名寄市","city_kana":"ナヨロシ","town":"風連町大町","town_kana":"フウレンチョウオオマチ","prefecture_code":1},"0511":{"zip_code":"0980511","prefecture":"北海道","prefecture_kana":"ホッカイドウ","city":"名寄市","city_kana":"ナヨロシ","town":"風連町新生町","town_kana":"フウレンチョウシンセイチョウ","prefecture_code":1},"0508":{"zip_code":"0980508","prefecture":"北海道","prefecture_kana":"ホッカイドウ","city":"名寄市","city_kana":"ナヨロシ","town":"風連町瑞生","town_kana":"フウレンチョウズイショウ","prefecture_code":1},"0515":{"zip_code":"0980515","prefecture":"北海道","prefecture_kana":"ホッカイドウ","city":"名寄市","city_kana":"ナヨロシ","town":"風連町中央","town_kana":"フウレンチョウチュウオウ","prefecture_code":1},"0632":{"zip_code":"0980632","prefecture":"北海道","prefecture_kana":"ホッカイドウ","city":"名寄市","city_kana":"ナヨロシ","town":"風連町東生","town_kana":"フウレンチョウトウセイ","prefecture_code":1},"0501":{"zip_code":"0980501","prefecture":"北海道","prefecture_kana":"ホッカイドウ","city":"名寄市","city_kana":"ナヨロシ","town":"風連町豊里","town_kana":"フウレンチョウトヨサト","prefecture_code":1},"0506":{"zip_code":"0980506","prefecture":"北海道","prefecture_kana":"ホッカイドウ","city":"名寄市","city_kana":"ナヨロシ","town":"風連町仲町","town_kana":"フウレンチョウナカマチ","prefecture_code":1},"0509":{"zip_code":"0980509","prefecture":"北海道","prefecture_kana":"ホッカイドウ","city":"名寄市","city_kana":"ナヨロシ","town":"風連町西風連","town_kana":"フウレンチョウニシフウレン","prefecture_code":1},"0507":{"zip_code":"0980507","prefecture":"北海道","prefecture_kana":"ホッカイドウ","city":"名寄市","city_kana":"ナヨロシ","town":"風連町西町","town_kana":"フウレンチョウニシマチ","prefecture_code":1},"0631":{"zip_code":"0980631","prefecture":"北海道","prefecture_kana":"ホッカイドウ","city":"名寄市","city_kana":"ナヨロシ","town":"風連町日進","town_kana":"フウレンチョウニッシン","prefecture_code":1},"0512":{"zip_code":"0980512","prefecture":"北海道","prefecture_kana":"ホッカイドウ","city":"名寄市","city_kana":"ナヨロシ","town":"風連町東風連","town_kana":"フウレンチョウヒガシフウレン","prefecture_code":1},"0502":{"zip_code":"0980502","prefecture":"北海道","prefecture_kana":"ホッカイドウ","city":"名寄市","city_kana":"ナヨロシ","town":"風連町北栄町","town_kana":"フウレンチョウホクエイチョウ","prefecture_code":1},"0516":{"zip_code":"0980516","prefecture":"北海道","prefecture_kana":"ホッカイドウ","city":"名寄市","city_kana":"ナヨロシ","town":"風連町緑町","town_kana":"フウレンチョウミドリマチ","prefecture_code":1},"0505":{"zip_code":"0980505","prefecture":"北海道","prefecture_kana":"ホッカイドウ","city":"名寄市","city_kana":"ナヨロシ","town":"風連町南町","town_kana":"フウレンチョウミナミマチ","prefecture_code":1},"0504":{"zip_code":"0980504","prefecture":"北海道","prefecture_kana":"ホッカイドウ","city":"名寄市","city_kana":"ナヨロシ","town":"風連町本町","town_kana":"フウレンチョウモトマチ","prefecture_code":1},"0100":{"zip_code":"0980100","prefecture":"北海道","prefecture_kana":"ホッカイドウ","city":"上川郡和寒町","city_kana":"カミカワグンワッサムチョウ","town":"","town_kana":"","prefecture_code":1},"0126":{"zip_code":"0980126","prefecture":"北海道","prefecture_kana":"ホッカイドウ","city":"上川郡和寒町","city_kana":"カミカワグンワッサムチョウ","town":"朝日","town_kana":"アサヒ","prefecture_code":1},"0121":{"zip_code":"0980121","prefecture":"北海道","prefecture_kana":"ホッカイドウ","city":"上川郡和寒町","city_kana":"カミカワグンワッサムチョウ","town":"川西","town_kana":"カワニシ","prefecture_code":1},"0113":{"zip_code":"0980113","prefecture":"北海道","prefecture_kana":"ホッカイドウ","city":"上川郡和寒町","city_kana":"カミカワグンワッサムチョウ","town":"菊野","town_kana":"キクノ","prefecture_code":1},"0103":{"zip_code":"0980103","prefecture":"北海道","prefecture_kana":"ホッカイドウ","city":"上川郡和寒町","city_kana":"カミカワグンワッサムチョウ","town":"北原","town_kana":"キタハラ","prefecture_code":1},"0133":{"zip_code":"0980133","prefecture":"北海道","prefecture_kana":"ホッカイドウ","city":"上川郡和寒町","city_kana":"カミカワグンワッサムチョウ","town":"北町","town_kana":"キタマチ","prefecture_code":1},"0112":{"zip_code":"0980112","prefecture":"北海道","prefecture_kana":"ホッカイドウ","city":"上川郡和寒町","city_kana":"カミカワグンワッサムチョウ","town":"三和","town_kana":"サンワ","prefecture_code":1},"0125":{"zip_code":"0980125","prefecture":"北海道","prefecture_kana":"ホッカイドウ","city":"上川郡和寒町","city_kana":"カミカワグンワッサムチョウ","town":"塩狩","town_kana":"シオカリ","prefecture_code":1},"0114":{"zip_code":"0980114","prefecture":"北海道","prefecture_kana":"ホッカイドウ","city":"上川郡和寒町","city_kana":"カミカワグンワッサムチョウ","town":"西和","town_kana":"セイワ","prefecture_code":1},"0102":{"zip_code":"0980102","prefecture":"北海道","prefecture_kana":"ホッカイドウ","city":"上川郡和寒町","city_kana":"カミカワグンワッサムチョウ","town":"大成","town_kana":"タイセイ","prefecture_code":1},"0122":{"zip_code":"0980122","prefecture":"北海道","prefecture_kana":"ホッカイドウ","city":"上川郡和寒町","city_kana":"カミカワグンワッサムチョウ","town":"中和","town_kana":"チュウワ","prefecture_code":1},"0135":{"zip_code":"0980135","prefecture":"北海道","prefecture_kana":"ホッカイドウ","city":"上川郡和寒町","city_kana":"カミカワグンワッサムチョウ","town":"東和","town_kana":"トウワ","prefecture_code":1},"0132":{"zip_code":"0980132","prefecture":"北海道","prefecture_kana":"ホッカイドウ","city":"上川郡和寒町","city_kana":"カミカワグンワッサムチョウ","town":"西町","town_kana":"ニシマチ","prefecture_code":1},"0123":{"zip_code":"0980123","prefecture":"北海道","prefecture_kana":"ホッカイドウ","city":"上川郡和寒町","city_kana":"カミカワグンワッサムチョウ","town":"東丘","town_kana":"ヒガシオカ","prefecture_code":1},"0134":{"zip_code":"0980134","prefecture":"北海道","prefecture_kana":"ホッカイドウ","city":"上川郡和寒町","city_kana":"カミカワグンワッサムチョウ","town":"東町","town_kana":"ヒガシマチ","prefecture_code":1},"0101":{"zip_code":"0980101","prefecture":"北海道","prefecture_kana":"ホッカイドウ","city":"上川郡和寒町","city_kana":"カミカワグンワッサムチョウ","town":"日ノ出","town_kana":"ヒノデ","prefecture_code":1},"0115":{"zip_code":"0980115","prefecture":"北海道","prefecture_kana":"ホッカイドウ","city":"上川郡和寒町","city_kana":"カミカワグンワッサムチョウ","town":"福原","town_kana":"フクハラ","prefecture_code":1},"0104":{"zip_code":"0980104","prefecture":"北海道","prefecture_kana":"ホッカイドウ","city":"上川郡和寒町","city_kana":"カミカワグンワッサムチョウ","town":"松岡","town_kana":"マツオカ","prefecture_code":1},"0111":{"zip_code":"0980111","prefecture":"北海道","prefecture_kana":"ホッカイドウ","city":"上川郡和寒町","city_kana":"カミカワグンワッサムチョウ","town":"三笠","town_kana":"ミカサ","prefecture_code":1},"0124":{"zip_code":"0980124","prefecture":"北海道","prefecture_kana":"ホッカイドウ","city":"上川郡和寒町","city_kana":"カミカワグンワッサムチョウ","town":"南丘","town_kana":"ミナミオカ","prefecture_code":1},"0131":{"zip_code":"0980131","prefecture":"北海道","prefecture_kana":"ホッカイドウ","city":"上川郡和寒町","city_kana":"カミカワグンワッサムチョウ","town":"南町","town_kana":"ミナミマチ","prefecture_code":1},"0300":{"zip_code":"0980300","prefecture":"北海道","prefecture_kana":"ホッカイドウ","city":"上川郡剣淵町","city_kana":"カミカワグンケンブチチョウ","town":"","town_kana":"","prefecture_code":1},"0336":{"zip_code":"0980336","prefecture":"北海道","prefecture_kana":"ホッカイドウ","city":"上川郡剣淵町","city_kana":"カミカワグンケンブチチョウ","town":"旭町","town_kana":"アサヒマチ","prefecture_code":1},"0334":{"zip_code":"0980334","prefecture":"北海道","prefecture_kana":"ホッカイドウ","city":"上川郡剣淵町","city_kana":"カミカワグンケンブチチョウ","town":"屯田町","town_kana":"トンデンマチ","prefecture_code":1},"0338":{"zip_code":"0980338","prefecture":"北海道","prefecture_kana":"ホッカイドウ","city":"上川郡剣淵町","city_kana":"カミカワグンケンブチチョウ","town":"仲町","town_kana":"ナカマチ","prefecture_code":1},"0335":{"zip_code":"0980335","prefecture":"北海道","prefecture_kana":"ホッカイドウ","city":"上川郡剣淵町","city_kana":"カミカワグンケンブチチョウ","town":"南桜町","town_kana":"ナンオウマチ","prefecture_code":1},"0337":{"zip_code":"0980337","prefecture":"北海道","prefecture_kana":"ホッカイドウ","city":"上川郡剣淵町","city_kana":"カミカワグンケンブチチョウ","town":"西岡町","town_kana":"ニシオカマチ","prefecture_code":1},"0339":{"zip_code":"0980339","prefecture":"北海道","prefecture_kana":"ホッカイドウ","city":"上川郡剣淵町","city_kana":"カミカワグンケンブチチョウ","town":"西原町","town_kana":"ニシハラマチ","prefecture_code":1},"0331":{"zip_code":"0980331","prefecture":"北海道","prefecture_kana":"ホッカイドウ","city":"上川郡剣淵町","city_kana":"カミカワグンケンブチチョウ","town":"西町","town_kana":"ニシマチ","prefecture_code":1},"0341":{"zip_code":"0980341","prefecture":"北海道","prefecture_kana":"ホッカイドウ","city":"上川郡剣淵町","city_kana":"カミカワグンケンブチチョウ","town":"東町","town_kana":"ヒガシマチ","prefecture_code":1},"0342":{"zip_code":"0980342","prefecture":"北海道","prefecture_kana":"ホッカイドウ","city":"上川郡剣淵町","city_kana":"カミカワグンケンブチチョウ","town":"藤本町","town_kana":"フジモトマチ","prefecture_code":1},"0332":{"zip_code":"0980332","prefecture":"北海道","prefecture_kana":"ホッカイドウ","city":"上川郡剣淵町","city_kana":"カミカワグンケンブチチョウ","town":"緑町","town_kana":"ミドリマチ","prefecture_code":1},"0333":{"zip_code":"0980333","prefecture":"北海道","prefecture_kana":"ホッカイドウ","city":"上川郡剣淵町","city_kana":"カミカワグンケンブチチョウ","town":"元町","town_kana":"モトマチ","prefecture_code":1},"1200":{"zip_code":"0981200","prefecture":"北海道","prefecture_kana":"ホッカイドウ","city":"上川郡下川町","city_kana":"カミカワグンシモカワチョウ","town":"","town_kana":"","prefecture_code":1},"1201":{"zip_code":"0981201","prefecture":"北海道","prefecture_kana":"ホッカイドウ","city":"上川郡下川町","city_kana":"カミカワグンシモカワチョウ","town":"旭町","town_kana":"アサヒマチ","prefecture_code":1},"1331":{"zip_code":"0981331","prefecture":"北海道","prefecture_kana":"ホッカイドウ","city":"上川郡下川町","city_kana":"カミカワグンシモカワチョウ","town":"一の橋","town_kana":"イチノハシ","prefecture_code":1},"1216":{"zip_code":"0981216","prefecture":"北海道","prefecture_kana":"ホッカイドウ","city":"上川郡下川町","city_kana":"カミカワグンシモカワチョウ","town":"上名寄","town_kana":"カミナヨロ","prefecture_code":1},"1212":{"zip_code":"0981212","prefecture":"北海道","prefecture_kana":"ホッカイドウ","city":"上川郡下川町","city_kana":"カミカワグンシモカワチョウ","town":"北町","town_kana":"キタマチ","prefecture_code":1},"1203":{"zip_code":"0981203","prefecture":"北海道","prefecture_kana":"ホッカイドウ","city":"上川郡下川町","city_kana":"カミカワグンシモカワチョウ","town":"共栄町","town_kana":"キョウエイマチ","prefecture_code":1},"1214":{"zip_code":"0981214","prefecture":"北海道","prefecture_kana":"ホッカイドウ","city":"上川郡下川町","city_kana":"カミカワグンシモカワチョウ","town":"渓和","town_kana":"ケイワ","prefecture_code":1},"1206":{"zip_code":"0981206","prefecture":"北海道","prefecture_kana":"ホッカイドウ","city":"上川郡下川町","city_kana":"カミカワグンシモカワチョウ","town":"幸町","town_kana":"サイワイマチ","prefecture_code":1},"1213":{"zip_code":"0981213","prefecture":"北海道","prefecture_kana":"ホッカイドウ","city":"上川郡下川町","city_kana":"カミカワグンシモカワチョウ","town":"三の橋","town_kana":"サンノハシ","prefecture_code":1},"1211":{"zip_code":"0981211","prefecture":"北海道","prefecture_kana":"ホッカイドウ","city":"上川郡下川町","city_kana":"カミカワグンシモカワチョウ","town":"珊瑠","town_kana":"サンル","prefecture_code":1},"1207":{"zip_code":"0981207","prefecture":"北海道","prefecture_kana":"ホッカイドウ","city":"上川郡下川町","city_kana":"カミカワグンシモカワチョウ","town":"錦町","town_kana":"ニシキマチ","prefecture_code":1},"1205":{"zip_code":"0981205","prefecture":"北海道","prefecture_kana":"ホッカイドウ","city":"上川郡下川町","city_kana":"カミカワグンシモカワチョウ","town":"西町","town_kana":"ニシマチ","prefecture_code":1},"1332":{"zip_code":"0981332","prefecture":"北海道","prefecture_kana":"ホッカイドウ","city":"上川郡下川町","city_kana":"カミカワグンシモカワチョウ","town":"二の橋","town_kana":"ニノハシ","prefecture_code":1},"1215":{"zip_code":"0981215","prefecture":"北海道","prefecture_kana":"ホッカイドウ","city":"上川郡下川町","city_kana":"カミカワグンシモカワチョウ","town":"班渓","town_kana":"パンケ","prefecture_code":1},"1202":{"zip_code":"0981202","prefecture":"北海道","prefecture_kana":"ホッカイドウ","city":"上川郡下川町","city_kana":"カミカワグンシモカワチョウ","town":"緑町","town_kana":"ミドリマチ","prefecture_code":1},"1204":{"zip_code":"0981204","prefecture":"北海道","prefecture_kana":"ホッカイドウ","city":"上川郡下川町","city_kana":"カミカワグンシモカワチョウ","town":"南町","town_kana":"ミナミマチ","prefecture_code":1},"2200":{"zip_code":"0982200","prefecture":"北海道","prefecture_kana":"ホッカイドウ","city":"中川郡美深町","city_kana":"ナカガワグンビフカチョウ","town":"","town_kana":"","prefecture_code":1},"2201":{"zip_code":"0982201","prefecture":"北海道","prefecture_kana":"ホッカイドウ","city":"中川郡美深町","city_kana":"ナカガワグンビフカチョウ","town":"泉","town_kana":"イズミ","prefecture_code":1},"2362":{"zip_code":"0982362","prefecture":"北海道","prefecture_kana":"ホッカイドウ","city":"中川郡美深町","city_kana":"ナカガワグンビフカチョウ","town":"大手","town_kana":"オオテ","prefecture_code":1},"2230":{"zip_code":"0982230","prefecture":"北海道","prefecture_kana":"ホッカイドウ","city":"中川郡美深町","city_kana":"ナカガワグンビフカチョウ","town":"大通南","town_kana":"オオドオリミナミ","prefecture_code":1},"2220":{"zip_code":"0982220","prefecture":"北海道","prefecture_kana":"ホッカイドウ","city":"中川郡美深町","city_kana":"ナカガワグンビフカチョウ","town":"大通北","town_kana":"オオドオリキタ","prefecture_code":1},"2363":{"zip_code":"0982363","prefecture":"北海道","prefecture_kana":"ホッカイドウ","city":"中川郡美深町","city_kana":"ナカガワグンビフカチョウ","town":"小車","town_kana":"オグルマ","prefecture_code":1},"2361":{"zip_code":"0982361","prefecture":"北海道","prefecture_kana":"ホッカイドウ","city":"中川郡美深町","city_kana":"ナカガワグンビフカチョウ","town":"恩根内","town_kana":"オンネナイ","prefecture_code":1},"2238":{"zip_code":"0982238","prefecture":"北海道","prefecture_kana":"ホッカイドウ","city":"中川郡美深町","city_kana":"ナカガワグンビフカチョウ","town":"開運町","town_kana":"カイウンチョウ","prefecture_code":1},"2204":{"zip_code":"0982204","prefecture":"北海道","prefecture_kana":"ホッカイドウ","city":"中川郡美深町","city_kana":"ナカガワグンビフカチョウ","town":"川西","town_kana":"カワニシ","prefecture_code":1},"2206":{"zip_code":"0982206","prefecture":"北海道","prefecture_kana":"ホッカイドウ","city":"中川郡美深町","city_kana":"ナカガワグンビフカチョウ","town":"菊丘","town_kana":"キクオカ","prefecture_code":1},"2227":{"zip_code":"0982227","prefecture":"北海道","prefecture_kana":"ホッカイドウ","city":"中川郡美深町","city_kana":"ナカガワグンビフカチョウ","town":"北町","town_kana":"キタマチ","prefecture_code":1},"2367":{"zip_code":"0982367","prefecture":"北海道","prefecture_kana":"ホッカイドウ","city":"中川郡美深町","city_kana":"ナカガワグンビフカチョウ","town":"楠","town_kana":"クスノキ","prefecture_code":1},"2214":{"zip_code":"0982214","prefecture":"北海道","prefecture_kana":"ホッカイドウ","city":"中川郡美深町","city_kana":"ナカガワグンビフカチョウ","town":"敷島","town_kana":"シキシマ","prefecture_code":1},"2368":{"zip_code":"0982368","prefecture":"北海道","prefecture_kana":"ホッカイドウ","city":"中川郡美深町","city_kana":"ナカガワグンビフカチョウ","town":"清水","town_kana":"シミズ","prefecture_code":1},"2202":{"zip_code":"0982202","prefecture":"北海道","prefecture_kana":"ホッカイドウ","city":"中川郡美深町","city_kana":"ナカガワグンビフカチョウ","town":"玉川","town_kana":"タマカワ","prefecture_code":1},"2211":{"zip_code":"0982211","prefecture":"北海道","prefecture_kana":"ホッカイドウ","city":"中川郡美深町","city_kana":"ナカガワグンビフカチョウ","town":"富岡","town_kana":"トミオカ","prefecture_code":1},"2208":{"zip_code":"0982208","prefecture":"北海道","prefecture_kana":"ホッカイドウ","city":"中川郡美深町","city_kana":"ナカガワグンビフカチョウ","town":"仁宇布","town_kana":"ニウプ","prefecture_code":1},"2365":{"zip_code":"0982365","prefecture":"北海道","prefecture_kana":"ホッカイドウ","city":"中川郡美深町","city_kana":"ナカガワグンビフカチョウ","town":"西里","town_kana":"ニシサト","prefecture_code":1},"2252":{"zip_code":"0982252","prefecture":"北海道","prefecture_kana":"ホッカイドウ","city":"中川郡美深町","city_kana":"ナカガワグンビフカチョウ","town":"西町","town_kana":"ニシマチ","prefecture_code":1},"2241":{"zip_code":"0982241","prefecture":"北海道","prefecture_kana":"ホッカイドウ","city":"中川郡美深町","city_kana":"ナカガワグンビフカチョウ","town":"西一条南","town_kana":"ニシ1ジョウミナミ","prefecture_code":1},"2251":{"zip_code":"0982251","prefecture":"北海道","prefecture_kana":"ホッカイドウ","city":"中川郡美深町","city_kana":"ナカガワグンビフカチョウ","town":"西一条北","town_kana":"ニシ1ジョウキタ","prefecture_code":1},"2242":{"zip_code":"0982242","prefecture":"北海道","prefecture_kana":"ホッカイドウ","city":"中川郡美深町","city_kana":"ナカガワグンビフカチョウ","town":"西二条南","town_kana":"ニシ2ジョウミナミ","prefecture_code":1},"2243":{"zip_code":"0982243","prefecture":"北海道","prefecture_kana":"ホッカイドウ","city":"中川郡美深町","city_kana":"ナカガワグンビフカチョウ","town":"西三条南","town_kana":"ニシ3ジョウミナミ","prefecture_code":1},"2253":{"zip_code":"0982253","prefecture":"北海道","prefecture_kana":"ホッカイドウ","city":"中川郡美深町","city_kana":"ナカガワグンビフカチョウ","town":"西三条北","town_kana":"ニシ3ジョウキタ","prefecture_code":1},"2212":{"zip_code":"0982212","prefecture":"北海道","prefecture_kana":"ホッカイドウ","city":"中川郡美深町","city_kana":"ナカガワグンビフカチョウ","town":"班渓","town_kana":"パンケ","prefecture_code":1},"2231":{"zip_code":"0982231","prefecture":"北海道","prefecture_kana":"ホッカイドウ","city":"中川郡美深町","city_kana":"ナカガワグンビフカチョウ","town":"東一条南","town_kana":"ヒガシ1ジョウミナミ","prefecture_code":1},"2221":{"zip_code":"0982221","prefecture":"北海道","prefecture_kana":"ホッカイドウ","city":"中川郡美深町","city_kana":"ナカガワグンビフカチョウ","town":"東一条北","town_kana":"ヒガシ1ジョウキタ","prefecture_code":1},"2232":{"zip_code":"0982232","prefecture":"北海道","prefecture_kana":"ホッカイドウ","city":"中川郡美深町","city_kana":"ナカガワグンビフカチョウ","town":"東二条南","town_kana":"ヒガシ2ジョウミナミ","prefecture_code":1},"2222":{"zip_code":"0982222","prefecture":"北海道","prefecture_kana":"ホッカイドウ","city":"中川郡美深町","city_kana":"ナカガワグンビフカチョウ","town":"東二条北","town_kana":"ヒガシ2ジョウキタ","prefecture_code":1},"2233":{"zip_code":"0982233","prefecture":"北海道","prefecture_kana":"ホッカイドウ","city":"中川郡美深町","city_kana":"ナカガワグンビフカチョウ","town":"東三条南","town_kana":"ヒガシ3ジョウミナミ","prefecture_code":1},"2223":{"zip_code":"0982223","prefecture":"北海道","prefecture_kana":"ホッカイドウ","city":"中川郡美深町","city_kana":"ナカガワグンビフカチョウ","town":"東三条北","town_kana":"ヒガシ3ジョウキタ","prefecture_code":1},"2234":{"zip_code":"0982234","prefecture":"北海道","prefecture_kana":"ホッカイドウ","city":"中川郡美深町","city_kana":"ナカガワグンビフカチョウ","town":"東四条南","town_kana":"ヒガシ4ジョウミナミ","prefecture_code":1},"2224":{"zip_code":"0982224","prefecture":"北海道","prefecture_kana":"ホッカイドウ","city":"中川郡美深町","city_kana":"ナカガワグンビフカチョウ","town":"東四条北","town_kana":"ヒガシ4ジョウキタ","prefecture_code":1},"2225":{"zip_code":"0982225","prefecture":"北海道","prefecture_kana":"ホッカイドウ","city":"中川郡美深町","city_kana":"ナカガワグンビフカチョウ","town":"東五条北","town_kana":"ヒガシ5ジョウキタ","prefecture_code":1},"2236":{"zip_code":"0982236","prefecture":"北海道","prefecture_kana":"ホッカイドウ","city":"中川郡美深町","city_kana":"ナカガワグンビフカチョウ","town":"東六条南","town_kana":"ヒガシ6ジョウミナミ","prefecture_code":1},"2226":{"zip_code":"0982226","prefecture":"北海道","prefecture_kana":"ホッカイドウ","city":"中川郡美深町","city_kana":"ナカガワグンビフカチョウ","town":"東六条北","town_kana":"ヒガシ6ジョウキタ","prefecture_code":1},"2205":{"zip_code":"0982205","prefecture":"北海道","prefecture_kana":"ホッカイドウ","city":"中川郡美深町","city_kana":"ナカガワグンビフカチョウ","town":"美深","town_kana":"ビフカ","prefecture_code":1},"2207":{"zip_code":"0982207","prefecture":"北海道","prefecture_kana":"ホッカイドウ","city":"中川郡美深町","city_kana":"ナカガワグンビフカチョウ","town":"辺渓","town_kana":"ペンケ","prefecture_code":1},"2364":{"zip_code":"0982364","prefecture":"北海道","prefecture_kana":"ホッカイドウ","city":"中川郡美深町","city_kana":"ナカガワグンビフカチョウ","town":"報徳","town_kana":"ホウトク","prefecture_code":1},"2235":{"zip_code":"0982235","prefecture":"北海道","prefecture_kana":"ホッカイドウ","city":"中川郡美深町","city_kana":"ナカガワグンビフカチョウ","town":"南町","town_kana":"ミナミマチ","prefecture_code":1},"2366":{"zip_code":"0982366","prefecture":"北海道","prefecture_kana":"ホッカイドウ","city":"中川郡美深町","city_kana":"ナカガワグンビフカチョウ","town":"紋穂内","town_kana":"モンポナイ","prefecture_code":1},"2213":{"zip_code":"0982213","prefecture":"北海道","prefecture_kana":"ホッカイドウ","city":"中川郡美深町","city_kana":"ナカガワグンビフカチョウ","town":"吉野","town_kana":"ヨシノ","prefecture_code":1},"2203":{"zip_code":"0982203","prefecture":"北海道","prefecture_kana":"ホッカイドウ","city":"中川郡美深町","city_kana":"ナカガワグンビフカチョウ","town":"六郷","town_kana":"ロクゴウ","prefecture_code":1},"2237":{"zip_code":"0982237","prefecture":"北海道","prefecture_kana":"ホッカイドウ","city":"中川郡美深町","city_kana":"ナカガワグンビフカチョウ","town":"若松町","town_kana":"ワカマツチョウ","prefecture_code":1},"2500":{"zip_code":"0982500","prefecture":"北海道","prefecture_kana":"ホッカイドウ","city":"中川郡音威子府村","city_kana":"ナカガワグンオトイネップムラ","town":"","town_kana":"","prefecture_code":1},"2501":{"zip_code":"0982501","prefecture":"北海道","prefecture_kana":"ホッカイドウ","city":"中川郡音威子府村","city_kana":"ナカガワグンオトイネップムラ","town":"音威子府","town_kana":"オトイネップ","prefecture_code":1},"2502":{"zip_code":"0982502","prefecture":"北海道","prefecture_kana":"ホッカイドウ","city":"中川郡音威子府村","city_kana":"ナカガワグンオトイネップムラ","town":"咲来","town_kana":"サツクル","prefecture_code":1},"2800":{"zip_code":"0982800","prefecture":"北海道","prefecture_kana":"ホッカイドウ","city":"中川郡中川町","city_kana":"ナカガワグンナカガワチョウ","town":"","town_kana":"","prefecture_code":1},"2801":{"zip_code":"0982801","prefecture":"北海道","prefecture_kana":"ホッカイドウ","city":"中川郡中川町","city_kana":"ナカガワグンナカガワチョウ","town":"歌内","town_kana":"ウタナイ","prefecture_code":1},"2804":{"zip_code":"0982804","prefecture":"北海道","prefecture_kana":"ホッカイドウ","city":"中川郡中川町","city_kana":"ナカガワグンナカガワチョウ","town":"大富","town_kana":"オオトミ","prefecture_code":1},"2621":{"zip_code":"0982621","prefecture":"北海道","prefecture_kana":"ホッカイドウ","city":"中川郡中川町","city_kana":"ナカガワグンナカガワチョウ","town":"共和","town_kana":"キョウワ","prefecture_code":1},"2806":{"zip_code":"0982806","prefecture":"北海道","prefecture_kana":"ホッカイドウ","city":"中川郡中川町","city_kana":"ナカガワグンナカガワチョウ","town":"国府","town_kana":"コクフ","prefecture_code":1},"2803":{"zip_code":"0982803","prefecture":"北海道","prefecture_kana":"ホッカイドウ","city":"中川郡中川町","city_kana":"ナカガワグンナカガワチョウ","town":"琴平","town_kana":"コトヒラ","prefecture_code":1},"2622":{"zip_code":"0982622","prefecture":"北海道","prefecture_kana":"ホッカイドウ","city":"中川郡中川町","city_kana":"ナカガワグンナカガワチョウ","town":"佐久","town_kana":"サク","prefecture_code":1},"2623":{"zip_code":"0982623","prefecture":"北海道","prefecture_kana":"ホッカイドウ","city":"中川郡中川町","city_kana":"ナカガワグンナカガワチョウ","town":"富和","town_kana":"トミワ","prefecture_code":1},"2624":{"zip_code":"0982624","prefecture":"北海道","prefecture_kana":"ホッカイドウ","city":"中川郡中川町","city_kana":"ナカガワグンナカガワチョウ","town":"豊里","town_kana":"トヨサト","prefecture_code":1},"2802":{"zip_code":"0982802","prefecture":"北海道","prefecture_kana":"ホッカイドウ","city":"中川郡中川町","city_kana":"ナカガワグンナカガワチョウ","town":"中川","town_kana":"ナカガワ","prefecture_code":1},"2805":{"zip_code":"0982805","prefecture":"北海道","prefecture_kana":"ホッカイドウ","city":"中川郡中川町","city_kana":"ナカガワグンナカガワチョウ","town":"誉","town_kana":"ホマレ","prefecture_code":1},"2625":{"zip_code":"0982625","prefecture":"北海道","prefecture_kana":"ホッカイドウ","city":"中川郡中川町","city_kana":"ナカガワグンナカガワチョウ","town":"安川","town_kana":"ヤスカワ","prefecture_code":1},"2626":{"zip_code":"0982626","prefecture":"北海道","prefecture_kana":"ホッカイドウ","city":"中川郡中川町","city_kana":"ナカガワグンナカガワチョウ","town":"安川","town_kana":"ヤスカワ","prefecture_code":1},"3500":{"zip_code":"0983500","prefecture":"北海道","prefecture_kana":"ホッカイドウ","city":"天塩郡遠別町","city_kana":"テシオグンエンベツチョウ","town":"","town_kana":"","prefecture_code":1},"3531":{"zip_code":"0983531","prefecture":"北海道","prefecture_kana":"ホッカイドウ","city":"天塩郡遠別町","city_kana":"テシオグンエンベツチョウ","town":"旭","town_kana":"アサヒ","prefecture_code":1},"3532":{"zip_code":"0983532","prefecture":"北海道","prefecture_kana":"ホッカイドウ","city":"天塩郡遠別町","city_kana":"テシオグンエンベツチョウ","town":"歌越","town_kana":"ウタコシ","prefecture_code":1},"3533":{"zip_code":"0983533","prefecture":"北海道","prefecture_kana":"ホッカイドウ","city":"天塩郡遠別町","city_kana":"テシオグンエンベツチョウ","town":"金浦","town_kana":"カナウラ","prefecture_code":1},"3361":{"zip_code":"0983361","prefecture":"北海道","prefecture_kana":"ホッカイドウ","city":"天塩郡遠別町","city_kana":"テシオグンエンベツチョウ","town":"北里","town_kana":"キタサト","prefecture_code":1},"3501":{"zip_code":"0983501","prefecture":"北海道","prefecture_kana":"ホッカイドウ","city":"天塩郡遠別町","city_kana":"テシオグンエンベツチョウ","town":"北里","town_kana":"キタサト","prefecture_code":1},"3541":{"zip_code":"0983541","prefecture":"北海道","prefecture_kana":"ホッカイドウ","city":"天塩郡遠別町","city_kana":"テシオグンエンベツチョウ","town":"北浜","town_kana":"キタハマ","prefecture_code":1},"3511":{"zip_code":"0983511","prefecture":"北海道","prefecture_kana":"ホッカイドウ","city":"天塩郡遠別町","city_kana":"テシオグンエンベツチョウ","town":"久光","town_kana":"キュウコウ","prefecture_code":1},"3521":{"zip_code":"0983521","prefecture":"北海道","prefecture_kana":"ホッカイドウ","city":"天塩郡遠別町","city_kana":"テシオグンエンベツチョウ","town":"共栄","town_kana":"キョウエイ","prefecture_code":1},"3502":{"zip_code":"0983502","prefecture":"北海道","prefecture_kana":"ホッカイドウ","city":"天塩郡遠別町","city_kana":"テシオグンエンベツチョウ","town":"清川","town_kana":"キヨカワ","prefecture_code":1},"3503":{"zip_code":"0983503","prefecture":"北海道","prefecture_kana":"ホッカイドウ","city":"天塩郡遠別町","city_kana":"テシオグンエンベツチョウ","town":"啓明","town_kana":"ケイメイ","prefecture_code":1},"3542":{"zip_code":"0983542","prefecture":"北海道","prefecture_kana":"ホッカイドウ","city":"天塩郡遠別町","city_kana":"テシオグンエンベツチョウ","town":"幸和","town_kana":"コウワ","prefecture_code":1},"3522":{"zip_code":"0983522","prefecture":"北海道","prefecture_kana":"ホッカイドウ","city":"天塩郡遠別町","city_kana":"テシオグンエンベツチョウ","town":"大成","town_kana":"タイセイ","prefecture_code":1},"3512":{"zip_code":"0983512","prefecture":"北海道","prefecture_kana":"ホッカイドウ","city":"天塩郡遠別町","city_kana":"テシオグンエンベツチョウ","town":"中央","town_kana":"チュウオウ","prefecture_code":1},"3523":{"zip_code":"0983523","prefecture":"北海道","prefecture_kana":"ホッカイドウ","city":"天塩郡遠別町","city_kana":"テシオグンエンベツチョウ","town":"東野","town_kana":"ヒガシノ","prefecture_code":1},"3534":{"zip_code":"0983534","prefecture":"北海道","prefecture_kana":"ホッカイドウ","city":"天塩郡遠別町","city_kana":"テシオグンエンベツチョウ","town":"富士見","town_kana":"フジミ","prefecture_code":1},"3543":{"zip_code":"0983543","prefecture":"北海道","prefecture_kana":"ホッカイドウ","city":"天塩郡遠別町","city_kana":"テシオグンエンベツチョウ","town":"本町","town_kana":"ホンチョウ","prefecture_code":1},"3504":{"zip_code":"0983504","prefecture":"北海道","prefecture_kana":"ホッカイドウ","city":"天塩郡遠別町","city_kana":"テシオグンエンベツチョウ","town":"丸松","town_kana":"マルマツ","prefecture_code":1},"3300":{"zip_code":"0983300","prefecture":"北海道","prefecture_kana":"ホッカイドウ","city":"天塩郡天塩町","city_kana":"テシオグンテシオチョウ","town":"","town_kana":"","prefecture_code":1},"3311":{"zip_code":"0983311","prefecture":"北海道","prefecture_kana":"ホッカイドウ","city":"天塩郡天塩町","city_kana":"テシオグンテシオチョウ","town":"産士","town_kana":"ウブシ","prefecture_code":1},"3133":[{"zip_code":"0983133","prefecture":"北海道","prefecture_kana":"ホッカイドウ","city":"天塩郡天塩町","city_kana":"テシオグンテシオチョウ","town":"オヌプナイ","town_kana":"オヌプナイ","prefecture_code":1},{"zip_code":"0983133","prefecture":"北海道","prefecture_kana":"ホッカイドウ","city":"天塩郡天塩町","city_kana":"テシオグンテシオチョウ","town":"雄信内","town_kana":"オノブナイ","prefecture_code":1}],"3306":{"zip_code":"0983306","prefecture":"北海道","prefecture_kana":"ホッカイドウ","city":"天塩郡天塩町","city_kana":"テシオグンテシオチョウ","town":"海岸通","town_kana":"カイガンドオリ","prefecture_code":1},"3312":{"zip_code":"0983312","prefecture":"北海道","prefecture_kana":"ホッカイドウ","city":"天塩郡天塩町","city_kana":"テシオグンテシオチョウ","town":"川口","town_kana":"カワグチ","prefecture_code":1},"3313":{"zip_code":"0983313","prefecture":"北海道","prefecture_kana":"ホッカイドウ","city":"天塩郡天塩町","city_kana":"テシオグンテシオチョウ","town":"作返","town_kana":"サクカエシ","prefecture_code":1},"3314":{"zip_code":"0983314","prefecture":"北海道","prefecture_kana":"ホッカイドウ","city":"天塩郡天塩町","city_kana":"テシオグンテシオチョウ","town":"更岸","town_kana":"サラキシ","prefecture_code":1},"2951":{"zip_code":"0982951","prefecture":"北海道","prefecture_kana":"ホッカイドウ","city":"天塩郡天塩町","city_kana":"テシオグンテシオチョウ","town":"下コクネップ","town_kana":"シモコクネップ","prefecture_code":1},"3303":{"zip_code":"0983303","prefecture":"北海道","prefecture_kana":"ホッカイドウ","city":"天塩郡天塩町","city_kana":"テシオグンテシオチョウ","town":"新栄通","town_kana":"シンエイドオリ","prefecture_code":1},"3305":{"zip_code":"0983305","prefecture":"北海道","prefecture_kana":"ホッカイドウ","city":"天塩郡天塩町","city_kana":"テシオグンテシオチョウ","town":"新開通","town_kana":"シンカイドオリ","prefecture_code":1},"3142":{"zip_code":"0983142","prefecture":"北海道","prefecture_kana":"ホッカイドウ","city":"天塩郡天塩町","city_kana":"テシオグンテシオチョウ","town":"新成","town_kana":"シンセイ","prefecture_code":1},"3304":{"zip_code":"0983304","prefecture":"北海道","prefecture_kana":"ホッカイドウ","city":"天塩郡天塩町","city_kana":"テシオグンテシオチョウ","town":"新地通","town_kana":"シンチドオリ","prefecture_code":1},"3143":{"zip_code":"0983143","prefecture":"北海道","prefecture_kana":"ホッカイドウ","city":"天塩郡天塩町","city_kana":"テシオグンテシオチョウ","town":"泉源","town_kana":"センゲン","prefecture_code":1},"3131":{"zip_code":"0983131","prefecture":"北海道","prefecture_kana":"ホッカイドウ","city":"天塩郡天塩町","city_kana":"テシオグンテシオチョウ","town":"タツネウシ","town_kana":"タツネウシ","prefecture_code":1},"3144":{"zip_code":"0983144","prefecture":"北海道","prefecture_kana":"ホッカイドウ","city":"天塩郡天塩町","city_kana":"テシオグンテシオチョウ","town":"男能富","town_kana":"ダンノップ","prefecture_code":1},"3315":{"zip_code":"0983315","prefecture":"北海道","prefecture_kana":"ホッカイドウ","city":"天塩郡天塩町","city_kana":"テシオグンテシオチョウ","town":"天塩","town_kana":"テシオ","prefecture_code":1},"3141":{"zip_code":"0983141","prefecture":"北海道","prefecture_kana":"ホッカイドウ","city":"天塩郡天塩町","city_kana":"テシオグンテシオチョウ","town":"西雄信内","town_kana":"ニシオノブナイ","prefecture_code":1},"3135":{"zip_code":"0983135","prefecture":"北海道","prefecture_kana":"ホッカイドウ","city":"天塩郡天塩町","city_kana":"テシオグンテシオチョウ","town":"東産士","town_kana":"ヒガシウブシ","prefecture_code":1},"3132":{"zip_code":"0983132","prefecture":"北海道","prefecture_kana":"ホッカイドウ","city":"天塩郡天塩町","city_kana":"テシオグンテシオチョウ","town":"東雄信内","town_kana":"ヒガシオノブナイ","prefecture_code":1},"3316":{"zip_code":"0983316","prefecture":"北海道","prefecture_kana":"ホッカイドウ","city":"天塩郡天塩町","city_kana":"テシオグンテシオチョウ","town":"振老","town_kana":"フラオイ","prefecture_code":1},"3134":{"zip_code":"0983134","prefecture":"北海道","prefecture_kana":"ホッカイドウ","city":"天塩郡天塩町","city_kana":"テシオグンテシオチョウ","town":"円山","town_kana":"マルヤマ","prefecture_code":1},"3302":{"zip_code":"0983302","prefecture":"北海道","prefecture_kana":"ホッカイドウ","city":"天塩郡天塩町","city_kana":"テシオグンテシオチョウ","town":"山手裏通","town_kana":"ヤマテウラドオリ","prefecture_code":1},"3301":{"zip_code":"0983301","prefecture":"北海道","prefecture_kana":"ホッカイドウ","city":"天塩郡天塩町","city_kana":"テシオグンテシオチョウ","town":"山手通","town_kana":"ヤマテドオリ","prefecture_code":1},"6200":{"zip_code":"0986200","prefecture":"北海道","prefecture_kana":"ホッカイドウ","city":"宗谷郡猿払村","city_kana":"ソウヤグンサルフツムラ","town":"","town_kana":"","prefecture_code":1},"6101":{"zip_code":"0986101","prefecture":"北海道","prefecture_kana":"ホッカイドウ","city":"宗谷郡猿払村","city_kana":"ソウヤグンサルフツムラ","town":"浅茅野","town_kana":"アサチノ","prefecture_code":1},"6102":{"zip_code":"0986102","prefecture":"北海道","prefecture_kana":"ホッカイドウ","city":"宗谷郡猿払村","city_kana":"ソウヤグンサルフツムラ","town":"浅茅野台地","town_kana":"アサチノダイチ","prefecture_code":1},"6225":{"zip_code":"0986225","prefecture":"北海道","prefecture_kana":"ホッカイドウ","city":"宗谷郡猿払村","city_kana":"ソウヤグンサルフツムラ","town":"芦野","town_kana":"アシノ","prefecture_code":1},"6234":{"zip_code":"0986234","prefecture":"北海道","prefecture_kana":"ホッカイドウ","city":"宗谷郡猿払村","city_kana":"ソウヤグンサルフツムラ","town":"鬼志別北町","town_kana":"オニシベツキタマチ","prefecture_code":1},"6232":{"zip_code":"0986232","prefecture":"北海道","prefecture_kana":"ホッカイドウ","city":"宗谷郡猿払村","city_kana":"ソウヤグンサルフツムラ","town":"鬼志別西町","town_kana":"オニシベツニシマチ","prefecture_code":1},"6231":{"zip_code":"0986231","prefecture":"北海道","prefecture_kana":"ホッカイドウ","city":"宗谷郡猿払村","city_kana":"ソウヤグンサルフツムラ","town":"鬼志別東町","town_kana":"オニシベツヒガシマチ","prefecture_code":1},"6233":{"zip_code":"0986233","prefecture":"北海道","prefecture_kana":"ホッカイドウ","city":"宗谷郡猿払村","city_kana":"ソウヤグンサルフツムラ","town":"鬼志別南町","town_kana":"オニシベツミナミマチ","prefecture_code":1},"6106":{"zip_code":"0986106","prefecture":"北海道","prefecture_kana":"ホッカイドウ","city":"宗谷郡猿払村","city_kana":"ソウヤグンサルフツムラ","town":"上猿払","town_kana":"カミサルフツ","prefecture_code":1},"6103":{"zip_code":"0986103","prefecture":"北海道","prefecture_kana":"ホッカイドウ","city":"宗谷郡猿払村","city_kana":"ソウヤグンサルフツムラ","town":"狩別","town_kana":"カリベツ","prefecture_code":1},"6228":{"zip_code":"0986228","prefecture":"北海道","prefecture_kana":"ホッカイドウ","city":"宗谷郡猿払村","city_kana":"ソウヤグンサルフツムラ","town":"小石","town_kana":"コイシ","prefecture_code":1},"6104":{"zip_code":"0986104","prefecture":"北海道","prefecture_kana":"ホッカイドウ","city":"宗谷郡猿払村","city_kana":"ソウヤグンサルフツムラ","town":"猿払","town_kana":"サルフツ","prefecture_code":1},"6341":{"zip_code":"0986341","prefecture":"北海道","prefecture_kana":"ホッカイドウ","city":"宗谷郡猿払村","city_kana":"ソウヤグンサルフツムラ","town":"知来別","town_kana":"チライベツ","prefecture_code":1},"6226":{"zip_code":"0986226","prefecture":"北海道","prefecture_kana":"ホッカイドウ","city":"宗谷郡猿払村","city_kana":"ソウヤグンサルフツムラ","town":"豊里","town_kana":"トヨサト","prefecture_code":1},"6222":{"zip_code":"0986222","prefecture":"北海道","prefecture_kana":"ホッカイドウ","city":"宗谷郡猿払村","city_kana":"ソウヤグンサルフツムラ","town":"浜鬼志別","town_kana":"ハマオニシベツ","prefecture_code":1},"6105":{"zip_code":"0986105","prefecture":"北海道","prefecture_kana":"ホッカイドウ","city":"宗谷郡猿払村","city_kana":"ソウヤグンサルフツムラ","town":"浜猿払","town_kana":"ハマサルフツ","prefecture_code":1},"5700":{"zip_code":"0985700","prefecture":"北海道","prefecture_kana":"ホッカイドウ","city":"枝幸郡浜頓別町","city_kana":"エサシグンハマトンベツチョウ","town":"","town_kana":"","prefecture_code":1},"5741":{"zip_code":"0985741","prefecture":"北海道","prefecture_kana":"ホッカイドウ","city":"枝幸郡浜頓別町","city_kana":"エサシグンハマトンベツチョウ","town":"旭ケ丘","town_kana":"アサヒガオカ","prefecture_code":1},"5744":{"zip_code":"0985744","prefecture":"北海道","prefecture_kana":"ホッカイドウ","city":"枝幸郡浜頓別町","city_kana":"エサシグンハマトンベツチョウ","town":"宇曽丹","town_kana":"ウソタン","prefecture_code":1},"5754":{"zip_code":"0985754","prefecture":"北海道","prefecture_kana":"ホッカイドウ","city":"枝幸郡浜頓別町","city_kana":"エサシグンハマトンベツチョウ","town":"宇津内","town_kana":"ウツナイ","prefecture_code":1},"5701":[{"zip_code":"0985701","prefecture":"北海道","prefecture_kana":"ホッカイドウ","city":"枝幸郡浜頓別町","city_kana":"エサシグンハマトンベツチョウ","town":"栄和","town_kana":"エイワ","prefecture_code":1},{"zip_code":"0985701","prefecture":"北海道","prefecture_kana":"ホッカイドウ","city":"枝幸郡浜頓別町","city_kana":"エサシグンハマトンベツチョウ","town":"頓別","town_kana":"トンベツ","prefecture_code":1}],"5725":{"zip_code":"0985725","prefecture":"北海道","prefecture_kana":"ホッカイドウ","city":"枝幸郡浜頓別町","city_kana":"エサシグンハマトンベツチョウ","town":"大通","town_kana":"オオドオリ","prefecture_code":1},"5743":{"zip_code":"0985743","prefecture":"北海道","prefecture_kana":"ホッカイドウ","city":"枝幸郡浜頓別町","city_kana":"エサシグンハマトンベツチョウ","town":"楓","town_kana":"カエデ","prefecture_code":1},"5751":{"zip_code":"0985751","prefecture":"北海道","prefecture_kana":"ホッカイドウ","city":"枝幸郡浜頓別町","city_kana":"エサシグンハマトンベツチョウ","town":"金ヶ丘","town_kana":"カネガオカ","prefecture_code":1},"5711":{"zip_code":"0985711","prefecture":"北海道","prefecture_kana":"ホッカイドウ","city":"枝幸郡浜頓別町","city_kana":"エサシグンハマトンベツチョウ","town":"北１条","town_kana":"キタ1ジョウ","prefecture_code":1},"5712":{"zip_code":"0985712","prefecture":"北海道","prefecture_kana":"ホッカイドウ","city":"枝幸郡浜頓別町","city_kana":"エサシグンハマトンベツチョウ","town":"北２条","town_kana":"キタ2ジョウ","prefecture_code":1},"5713":{"zip_code":"0985713","prefecture":"北海道","prefecture_kana":"ホッカイドウ","city":"枝幸郡浜頓別町","city_kana":"エサシグンハマトンベツチョウ","town":"北３条","town_kana":"キタ3ジョウ","prefecture_code":1},"5714":{"zip_code":"0985714","prefecture":"北海道","prefecture_kana":"ホッカイドウ","city":"枝幸郡浜頓別町","city_kana":"エサシグンハマトンベツチョウ","town":"北４条","town_kana":"キタ4ジョウ","prefecture_code":1},"5765":{"zip_code":"0985765","prefecture":"北海道","prefecture_kana":"ホッカイドウ","city":"枝幸郡浜頓別町","city_kana":"エサシグンハマトンベツチョウ","town":"共和","town_kana":"キョウワ","prefecture_code":1},"5739":{"zip_code":"0985739","prefecture":"北海道","prefecture_kana":"ホッカイドウ","city":"枝幸郡浜頓別町","city_kana":"エサシグンハマトンベツチョウ","town":"クッチャロ湖畔","town_kana":"クッチャロコハン","prefecture_code":1},"5752":{"zip_code":"0985752","prefecture":"北海道","prefecture_kana":"ホッカイドウ","city":"枝幸郡浜頓別町","city_kana":"エサシグンハマトンベツチョウ","town":"下頓別","town_kana":"シモトンベツ","prefecture_code":1},"5703":[{"zip_code":"0985703","prefecture":"北海道","prefecture_kana":"ホッカイドウ","city":"枝幸郡浜頓別町","city_kana":"エサシグンハマトンベツチョウ","town":"斜内","town_kana":"シャナイ","prefecture_code":1},{"zip_code":"0985703","prefecture":"北海道","prefecture_kana":"ホッカイドウ","city":"枝幸郡浜頓別町","city_kana":"エサシグンハマトンベツチョウ","town":"豊浜","town_kana":"トヨハマ","prefecture_code":1}],"5753":{"zip_code":"0985753","prefecture":"北海道","prefecture_kana":"ホッカイドウ","city":"枝幸郡浜頓別町","city_kana":"エサシグンハマトンベツチョウ","town":"高砂","town_kana":"タカサゴ","prefecture_code":1},"5761":[{"zip_code":"0985761","prefecture":"北海道","prefecture_kana":"ホッカイドウ","city":"枝幸郡浜頓別町","city_kana":"エサシグンハマトンベツチョウ","town":"智福","town_kana":"チフク","prefecture_code":1},{"zip_code":"0985761","prefecture":"北海道","prefecture_kana":"ホッカイドウ","city":"枝幸郡浜頓別町","city_kana":"エサシグンハマトンベツチョウ","town":"山軽","town_kana":"ヤマガル","prefecture_code":1}],"5705":{"zip_code":"0985705","prefecture":"北海道","prefecture_kana":"ホッカイドウ","city":"枝幸郡浜頓別町","city_kana":"エサシグンハマトンベツチョウ","town":"中央南","town_kana":"チュウオウミナミ","prefecture_code":1},"5704":{"zip_code":"0985704","prefecture":"北海道","prefecture_kana":"ホッカイドウ","city":"枝幸郡浜頓別町","city_kana":"エサシグンハマトンベツチョウ","town":"中央北","town_kana":"チュウオウキタ","prefecture_code":1},"5742":{"zip_code":"0985742","prefecture":"北海道","prefecture_kana":"ホッカイドウ","city":"枝幸郡浜頓別町","city_kana":"エサシグンハマトンベツチョウ","town":"戸出","town_kana":"トイデ","prefecture_code":1},"5745":{"zip_code":"0985745","prefecture":"北海道","prefecture_kana":"ホッカイドウ","city":"枝幸郡浜頓別町","city_kana":"エサシグンハマトンベツチョウ","town":"常盤","town_kana":"トキワ","prefecture_code":1},"5702":[{"zip_code":"0985702","prefecture":"北海道","prefecture_kana":"ホッカイドウ","city":"枝幸郡浜頓別町","city_kana":"エサシグンハマトンベツチョウ","town":"豊牛","town_kana":"トヨウシ","prefecture_code":1},{"zip_code":"0985702","prefecture":"北海道","prefecture_kana":"ホッカイドウ","city":"枝幸郡浜頓別町","city_kana":"エサシグンハマトンベツチョウ","town":"豊寒別","town_kana":"トヨカンベツ","prefecture_code":1}],"5763":{"zip_code":"0985763","prefecture":"北海道","prefecture_kana":"ホッカイドウ","city":"枝幸郡浜頓別町","city_kana":"エサシグンハマトンベツチョウ","town":"仁達内","town_kana":"ニタチナイ","prefecture_code":1},"5717":{"zip_code":"0985717","prefecture":"北海道","prefecture_kana":"ホッカイドウ","city":"枝幸郡浜頓別町","city_kana":"エサシグンハマトンベツチョウ","town":"浜頓別","town_kana":"ハマトンベツ","prefecture_code":1},"5734":{"zip_code":"0985734","prefecture":"北海道","prefecture_kana":"ホッカイドウ","city":"枝幸郡浜頓別町","city_kana":"エサシグンハマトンベツチョウ","town":"日の出","town_kana":"ヒノデ","prefecture_code":1},"5762":{"zip_code":"0985762","prefecture":"北海道","prefecture_kana":"ホッカイドウ","city":"枝幸郡浜頓別町","city_kana":"エサシグンハマトンベツチョウ","town":"ポン仁達内","town_kana":"ポンニタチナイ","prefecture_code":1},"5738":{"zip_code":"0985738","prefecture":"北海道","prefecture_kana":"ホッカイドウ","city":"枝幸郡浜頓別町","city_kana":"エサシグンハマトンベツチョウ","town":"緑ケ丘","town_kana":"ミドリガオカ","prefecture_code":1},"5721":{"zip_code":"0985721","prefecture":"北海道","prefecture_kana":"ホッカイドウ","city":"枝幸郡浜頓別町","city_kana":"エサシグンハマトンベツチョウ","town":"南１条","town_kana":"ミナミ1ジョウ","prefecture_code":1},"5722":{"zip_code":"0985722","prefecture":"北海道","prefecture_kana":"ホッカイドウ","city":"枝幸郡浜頓別町","city_kana":"エサシグンハマトンベツチョウ","town":"南２条","town_kana":"ミナミ2ジョウ","prefecture_code":1},"5723":{"zip_code":"0985723","prefecture":"北海道","prefecture_kana":"ホッカイドウ","city":"枝幸郡浜頓別町","city_kana":"エサシグンハマトンベツチョウ","town":"南３条","town_kana":"ミナミ3ジョウ","prefecture_code":1},"5755":{"zip_code":"0985755","prefecture":"北海道","prefecture_kana":"ホッカイドウ","city":"枝幸郡浜頓別町","city_kana":"エサシグンハマトンベツチョウ","town":"茂宇津内","town_kana":"モウツナイ","prefecture_code":1},"5764":{"zip_code":"0985764","prefecture":"北海道","prefecture_kana":"ホッカイドウ","city":"枝幸郡浜頓別町","city_kana":"エサシグンハマトンベツチョウ","town":"安別","town_kana":"ヤスベツ","prefecture_code":1},"5500":{"zip_code":"0985500","prefecture":"北海道","prefecture_kana":"ホッカイドウ","city":"枝幸郡中頓別町","city_kana":"エサシグンナカトンベツチョウ","town":"","town_kana":"","prefecture_code":1},"5103":{"zip_code":"0985103","prefecture":"北海道","prefecture_kana":"ホッカイドウ","city":"枝幸郡中頓別町","city_kana":"エサシグンナカトンベツチョウ","town":"秋田","town_kana":"アキタ","prefecture_code":1},"5554":{"zip_code":"0985554","prefecture":"北海道","prefecture_kana":"ホッカイドウ","city":"枝幸郡中頓別町","city_kana":"エサシグンナカトンベツチョウ","town":"旭台","town_kana":"アサヒダイ","prefecture_code":1},"5101":{"zip_code":"0985101","prefecture":"北海道","prefecture_kana":"ホッカイドウ","city":"枝幸郡中頓別町","city_kana":"エサシグンナカトンベツチョウ","town":"岩手","town_kana":"イワテ","prefecture_code":1},"5564":{"zip_code":"0985564","prefecture":"北海道","prefecture_kana":"ホッカイドウ","city":"枝幸郡中頓別町","city_kana":"エサシグンナカトンベツチョウ","town":"上駒","town_kana":"カミコマ","prefecture_code":1},"5111":{"zip_code":"0985111","prefecture":"北海道","prefecture_kana":"ホッカイドウ","city":"枝幸郡中頓別町","city_kana":"エサシグンナカトンベツチョウ","town":"上頓別","town_kana":"カミトンベツ","prefecture_code":1},"5562":{"zip_code":"0985562","prefecture":"北海道","prefecture_kana":"ホッカイドウ","city":"枝幸郡中頓別町","city_kana":"エサシグンナカトンベツチョウ","town":"神崎","town_kana":"カンザキ","prefecture_code":1},"5552":{"zip_code":"0985552","prefecture":"北海道","prefecture_kana":"ホッカイドウ","city":"枝幸郡中頓別町","city_kana":"エサシグンナカトンベツチョウ","town":"寿","town_kana":"コトブキ","prefecture_code":1},"5102":{"zip_code":"0985102","prefecture":"北海道","prefecture_kana":"ホッカイドウ","city":"枝幸郡中頓別町","city_kana":"エサシグンナカトンベツチョウ","town":"小頓別","town_kana":"ショウトンベツ","prefecture_code":1},"5555":{"zip_code":"0985555","prefecture":"北海道","prefecture_kana":"ホッカイドウ","city":"枝幸郡中頓別町","city_kana":"エサシグンナカトンベツチョウ","town":"豊泉","town_kana":"トヨイズミ","prefecture_code":1},"5112":{"zip_code":"0985112","prefecture":"北海道","prefecture_kana":"ホッカイドウ","city":"枝幸郡中頓別町","city_kana":"エサシグンナカトンベツチョウ","town":"豊平","town_kana":"トヨヒラ","prefecture_code":1},"5551":{"zip_code":"0985551","prefecture":"北海道","prefecture_kana":"ホッカイドウ","city":"枝幸郡中頓別町","city_kana":"エサシグンナカトンベツチョウ","town":"中頓別","town_kana":"ナカトンベツ","prefecture_code":1},"5113":{"zip_code":"0985113","prefecture":"北海道","prefecture_kana":"ホッカイドウ","city":"枝幸郡中頓別町","city_kana":"エサシグンナカトンベツチョウ","town":"敏音知","town_kana":"ピンネシリ","prefecture_code":1},"5563":{"zip_code":"0985563","prefecture":"北海道","prefecture_kana":"ホッカイドウ","city":"枝幸郡中頓別町","city_kana":"エサシグンナカトンベツチョウ","town":"藤井","town_kana":"フジイ","prefecture_code":1},"5561":{"zip_code":"0985561","prefecture":"北海道","prefecture_kana":"ホッカイドウ","city":"枝幸郡中頓別町","city_kana":"エサシグンナカトンベツチョウ","town":"兵安","town_kana":"ヘイアン","prefecture_code":1},"5565":{"zip_code":"0985565","prefecture":"北海道","prefecture_kana":"ホッカイドウ","city":"枝幸郡中頓別町","city_kana":"エサシグンナカトンベツチョウ","town":"松音知","town_kana":"マツネシリ","prefecture_code":1},"5553":{"zip_code":"0985553","prefecture":"北海道","prefecture_kana":"ホッカイドウ","city":"枝幸郡中頓別町","city_kana":"エサシグンナカトンベツチョウ","town":"弥生","town_kana":"ヤヨイ","prefecture_code":1},"5800":{"zip_code":"0985800","prefecture":"北海道","prefecture_kana":"ホッカイドウ","city":"枝幸郡枝幸町","city_kana":"エサシグンエサシチョウ","town":"","town_kana":"","prefecture_code":1},"5827":{"zip_code":"0985827","prefecture":"北海道","prefecture_kana":"ホッカイドウ","city":"枝幸郡枝幸町","city_kana":"エサシグンエサシチョウ","town":"宇遠内","town_kana":"ウエンナイ","prefecture_code":1},"5445":{"zip_code":"0985445","prefecture":"北海道","prefecture_kana":"ホッカイドウ","city":"枝幸郡枝幸町","city_kana":"エサシグンエサシチョウ","town":"歌登大曲","town_kana":"ウタノボリオオマガリ","prefecture_code":1},"5444":{"zip_code":"0985444","prefecture":"北海道","prefecture_kana":"ホッカイドウ","city":"枝幸郡枝幸町","city_kana":"エサシグンエサシチョウ","town":"歌登大奮","town_kana":"ウタノボリオフン","prefecture_code":1},"5443":{"zip_code":"0985443","prefecture":"北海道","prefecture_kana":"ホッカイドウ","city":"枝幸郡枝幸町","city_kana":"エサシグンエサシチョウ","town":"歌登上徳志別","town_kana":"ウタノボリカミトクシベツ","prefecture_code":1},"5221":{"zip_code":"0985221","prefecture":"北海道","prefecture_kana":"ホッカイドウ","city":"枝幸郡枝幸町","city_kana":"エサシグンエサシチョウ","town":"歌登毛登別","town_kana":"ウタノボリケトベツ","prefecture_code":1},"5441":{"zip_code":"0985441","prefecture":"北海道","prefecture_kana":"ホッカイドウ","city":"枝幸郡枝幸町","city_kana":"エサシグンエサシチョウ","town":"歌登志美宇丹","town_kana":"ウタノボリシビウタン","prefecture_code":1},"5212":{"zip_code":"0985212","prefecture":"北海道","prefecture_kana":"ホッカイドウ","city":"枝幸郡枝幸町","city_kana":"エサシグンエサシチョウ","town":"歌登中央","town_kana":"ウタノボリチュウオウ","prefecture_code":1},"5211":{"zip_code":"0985211","prefecture":"北海道","prefecture_kana":"ホッカイドウ","city":"枝幸郡枝幸町","city_kana":"エサシグンエサシチョウ","town":"歌登西歌登","town_kana":"ウタノボリニシウタノボリ","prefecture_code":1},"5206":{"zip_code":"0985206","prefecture":"北海道","prefecture_kana":"ホッカイドウ","city":"枝幸郡枝幸町","city_kana":"エサシグンエサシチョウ","town":"歌登西町","town_kana":"ウタノボリニシマチ","prefecture_code":1},"5201":{"zip_code":"0985201","prefecture":"北海道","prefecture_kana":"ホッカイドウ","city":"枝幸郡枝幸町","city_kana":"エサシグンエサシチョウ","town":"歌登パンケナイ","town_kana":"ウタノボリパンケナイ","prefecture_code":1},"5205":{"zip_code":"0985205","prefecture":"北海道","prefecture_kana":"ホッカイドウ","city":"枝幸郡枝幸町","city_kana":"エサシグンエサシチョウ","town":"歌登桧垣町","town_kana":"ウタノボリヒガキマチ","prefecture_code":1},"5202":{"zip_code":"0985202","prefecture":"北海道","prefecture_kana":"ホッカイドウ","city":"枝幸郡枝幸町","city_kana":"エサシグンエサシチョウ","town":"歌登東歌登","town_kana":"ウタノボリヒガシウタノボリ","prefecture_code":1},"5207":{"zip_code":"0985207","prefecture":"北海道","prefecture_kana":"ホッカイドウ","city":"枝幸郡枝幸町","city_kana":"エサシグンエサシチョウ","town":"歌登東町","town_kana":"ウタノボリヒガシマチ","prefecture_code":1},"5203":{"zip_code":"0985203","prefecture":"北海道","prefecture_kana":"ホッカイドウ","city":"枝幸郡枝幸町","city_kana":"エサシグンエサシチョウ","town":"歌登辺毛内","town_kana":"ウタノボリペンケナイ","prefecture_code":1},"5442":{"zip_code":"0985442","prefecture":"北海道","prefecture_kana":"ホッカイドウ","city":"枝幸郡枝幸町","city_kana":"エサシグンエサシチョウ","town":"歌登豊沃","town_kana":"ウタノボリホウヨク","prefecture_code":1},"5213":{"zip_code":"0985213","prefecture":"北海道","prefecture_kana":"ホッカイドウ","city":"枝幸郡枝幸町","city_kana":"エサシグンエサシチョウ","town":"歌登本幌別","town_kana":"ウタノボリホンホロベツ","prefecture_code":1},"5204":{"zip_code":"0985204","prefecture":"北海道","prefecture_kana":"ホッカイドウ","city":"枝幸郡枝幸町","city_kana":"エサシグンエサシチョウ","town":"歌登南町","town_kana":"ウタノボリミナミマチ","prefecture_code":1},"5806":{"zip_code":"0985806","prefecture":"北海道","prefecture_kana":"ホッカイドウ","city":"枝幸郡枝幸町","city_kana":"エサシグンエサシチョウ","town":"梅ケ枝町","town_kana":"ウメガエチョウ","prefecture_code":1},"5802":{"zip_code":"0985802","prefecture":"北海道","prefecture_kana":"ホッカイドウ","city":"枝幸郡枝幸町","city_kana":"エサシグンエサシチョウ","town":"岡島","town_kana":"オカシマ","prefecture_code":1},"5952":{"zip_code":"0985952","prefecture":"北海道","prefecture_kana":"ホッカイドウ","city":"枝幸郡枝幸町","city_kana":"エサシグンエサシチョウ","town":"乙忠部","town_kana":"オツチュウベ","prefecture_code":1},"5955":{"zip_code":"0985955","prefecture":"北海道","prefecture_kana":"ホッカイドウ","city":"枝幸郡枝幸町","city_kana":"エサシグンエサシチョウ","town":"音標","town_kana":"オトシベ","prefecture_code":1},"5954":{"zip_code":"0985954","prefecture":"北海道","prefecture_kana":"ホッカイドウ","city":"枝幸郡枝幸町","city_kana":"エサシグンエサシチョウ","town":"上音標","town_kana":"カミオトシベ","prefecture_code":1},"5826":{"zip_code":"0985826","prefecture":"北海道","prefecture_kana":"ホッカイドウ","city":"枝幸郡枝幸町","city_kana":"エサシグンエサシチョウ","town":"北浜町","town_kana":"キタハマチョウ","prefecture_code":1},"5805":{"zip_code":"0985805","prefecture":"北海道","prefecture_kana":"ホッカイドウ","city":"枝幸郡枝幸町","city_kana":"エサシグンエサシチョウ","town":"幸町","town_kana":"サイワイチョウ","prefecture_code":1},"5821":{"zip_code":"0985821","prefecture":"北海道","prefecture_kana":"ホッカイドウ","city":"枝幸郡枝幸町","city_kana":"エサシグンエサシチョウ","town":"栄町","town_kana":"サカエマチ","prefecture_code":1},"5803":{"zip_code":"0985803","prefecture":"北海道","prefecture_kana":"ホッカイドウ","city":"枝幸郡枝幸町","city_kana":"エサシグンエサシチョウ","town":"下幌別","town_kana":"シモホロベツ","prefecture_code":1},"5808":{"zip_code":"0985808","prefecture":"北海道","prefecture_kana":"ホッカイドウ","city":"枝幸郡枝幸町","city_kana":"エサシグンエサシチョウ","town":"新港町","town_kana":"シンコウチョウ","prefecture_code":1},"5825":{"zip_code":"0985825","prefecture":"北海道","prefecture_kana":"ホッカイドウ","city":"枝幸郡枝幸町","city_kana":"エサシグンエサシチョウ","town":"新栄町","town_kana":"シンサカエマチ","prefecture_code":1},"5815":{"zip_code":"0985815","prefecture":"北海道","prefecture_kana":"ホッカイドウ","city":"枝幸郡枝幸町","city_kana":"エサシグンエサシチョウ","town":"問牧","town_kana":"トイマキ","prefecture_code":1},"5801":{"zip_code":"0985801","prefecture":"北海道","prefecture_kana":"ホッカイドウ","city":"枝幸郡枝幸町","city_kana":"エサシグンエサシチョウ","town":"徳志別","town_kana":"トクシベツ","prefecture_code":1},"5953":{"zip_code":"0985953","prefecture":"北海道","prefecture_kana":"ホッカイドウ","city":"枝幸郡枝幸町","city_kana":"エサシグンエサシチョウ","town":"風烈布","town_kana":"フウレップ","prefecture_code":1},"5824":{"zip_code":"0985824","prefecture":"北海道","prefecture_kana":"ホッカイドウ","city":"枝幸郡枝幸町","city_kana":"エサシグンエサシチョウ","town":"北栄町","town_kana":"ホクエイチョウ","prefecture_code":1},"5822":{"zip_code":"0985822","prefecture":"北海道","prefecture_kana":"ホッカイドウ","city":"枝幸郡枝幸町","city_kana":"エサシグンエサシチョウ","town":"北幸町","town_kana":"ホッコウチョウ","prefecture_code":1},"5807":{"zip_code":"0985807","prefecture":"北海道","prefecture_kana":"ホッカイドウ","city":"枝幸郡枝幸町","city_kana":"エサシグンエサシチョウ","town":"本町","town_kana":"ホンチョウ","prefecture_code":1},"5823":{"zip_code":"0985823","prefecture":"北海道","prefecture_kana":"ホッカイドウ","city":"枝幸郡枝幸町","city_kana":"エサシグンエサシチョウ","town":"三笠町","town_kana":"ミカサチョウ","prefecture_code":1},"5814":{"zip_code":"0985814","prefecture":"北海道","prefecture_kana":"ホッカイドウ","city":"枝幸郡枝幸町","city_kana":"エサシグンエサシチョウ","town":"岬町","town_kana":"ミサキチョウ","prefecture_code":1},"5804":{"zip_code":"0985804","prefecture":"北海道","prefecture_kana":"ホッカイドウ","city":"枝幸郡枝幸町","city_kana":"エサシグンエサシチョウ","town":"南浜町","town_kana":"ミナミハマチョウ","prefecture_code":1},"5816":{"zip_code":"0985816","prefecture":"北海道","prefecture_kana":"ホッカイドウ","city":"枝幸郡枝幸町","city_kana":"エサシグンエサシチョウ","town":"目梨泊","town_kana":"メナシドマリ","prefecture_code":1},"5951":{"zip_code":"0985951","prefecture":"北海道","prefecture_kana":"ホッカイドウ","city":"枝幸郡枝幸町","city_kana":"エサシグンエサシチョウ","town":"山臼","town_kana":"ヤマウス","prefecture_code":1},"4100":{"zip_code":"0984100","prefecture":"北海道","prefecture_kana":"ホッカイドウ","city":"天塩郡豊富町","city_kana":"テシオグントヨトミチョウ","town":"","town_kana":"","prefecture_code":1},"4462":{"zip_code":"0984462","prefecture":"北海道","prefecture_kana":"ホッカイドウ","city":"天塩郡豊富町","city_kana":"テシオグントヨトミチョウ","town":"阿沙流","town_kana":"アサル","prefecture_code":1},"4455":{"zip_code":"0984455","prefecture":"北海道","prefecture_kana":"ホッカイドウ","city":"天塩郡豊富町","city_kana":"テシオグントヨトミチョウ","town":"芦川","town_kana":"アシカワ","prefecture_code":1},"4103":{"zip_code":"0984103","prefecture":"北海道","prefecture_kana":"ホッカイドウ","city":"天塩郡豊富町","city_kana":"テシオグントヨトミチョウ","town":"有明","town_kana":"アリアケ","prefecture_code":1},"4138":{"zip_code":"0984138","prefecture":"北海道","prefecture_kana":"ホッカイドウ","city":"天塩郡豊富町","city_kana":"テシオグントヨトミチョウ","town":"駅前通","town_kana":"エキマエドオリ","prefecture_code":1},"4110":{"zip_code":"0984110","prefecture":"北海道","prefecture_kana":"ホッカイドウ","city":"天塩郡豊富町","city_kana":"テシオグントヨトミチョウ","town":"大通り","town_kana":"オオドオリ","prefecture_code":1},"4468":{"zip_code":"0984468","prefecture":"北海道","prefecture_kana":"ホッカイドウ","city":"天塩郡豊富町","city_kana":"テシオグントヨトミチョウ","town":"落合","town_kana":"オチアイ","prefecture_code":1},"4117":{"zip_code":"0984117","prefecture":"北海道","prefecture_kana":"ホッカイドウ","city":"天塩郡豊富町","city_kana":"テシオグントヨトミチョウ","town":"落合","town_kana":"オチアイ","prefecture_code":1},"4132":{"zip_code":"0984132","prefecture":"北海道","prefecture_kana":"ホッカイドウ","city":"天塩郡豊富町","city_kana":"テシオグントヨトミチョウ","town":"温泉","town_kana":"オンセン","prefecture_code":1},"4456":{"zip_code":"0984456","prefecture":"北海道","prefecture_kana":"ホッカイドウ","city":"天塩郡豊富町","city_kana":"テシオグントヨトミチョウ","town":"開源","town_kana":"カイゲン","prefecture_code":1},"4451":{"zip_code":"0984451","prefecture":"北海道","prefecture_kana":"ホッカイドウ","city":"天塩郡豊富町","city_kana":"テシオグントヨトミチョウ","town":"兜沼","town_kana":"カブトヌマ","prefecture_code":1},"4141":{"zip_code":"0984141","prefecture":"北海道","prefecture_kana":"ホッカイドウ","city":"天塩郡豊富町","city_kana":"テシオグントヨトミチョウ","town":"三条通り","town_kana":"サンジョウドオリ","prefecture_code":1},"4104":{"zip_code":"0984104","prefecture":"北海道","prefecture_kana":"ホッカイドウ","city":"天塩郡豊富町","city_kana":"テシオグントヨトミチョウ","town":"修徳","town_kana":"シュウトク","prefecture_code":1},"4136":{"zip_code":"0984136","prefecture":"北海道","prefecture_kana":"ホッカイドウ","city":"天塩郡豊富町","city_kana":"テシオグントヨトミチョウ","town":"新生","town_kana":"シンセイ","prefecture_code":1},"4466":{"zip_code":"0984466","prefecture":"北海道","prefecture_kana":"ホッカイドウ","city":"天塩郡豊富町","city_kana":"テシオグントヨトミチョウ","town":"清明","town_kana":"セイメイ","prefecture_code":1},"4140":{"zip_code":"0984140","prefecture":"北海道","prefecture_kana":"ホッカイドウ","city":"天塩郡豊富町","city_kana":"テシオグントヨトミチョウ","town":"停車場通","town_kana":"テイシャバドオリ","prefecture_code":1},"4137":{"zip_code":"0984137","prefecture":"北海道","prefecture_kana":"ホッカイドウ","city":"天塩郡豊富町","city_kana":"テシオグントヨトミチョウ","town":"徳満","town_kana":"トクミツ","prefecture_code":1},"4135":{"zip_code":"0984135","prefecture":"北海道","prefecture_kana":"ホッカイドウ","city":"天塩郡豊富町","city_kana":"テシオグントヨトミチョウ","town":"豊川","town_kana":"トヨカワ","prefecture_code":1},"4467":{"zip_code":"0984467","prefecture":"北海道","prefecture_kana":"ホッカイドウ","city":"天塩郡豊富町","city_kana":"テシオグントヨトミチョウ","town":"豊里","town_kana":"トヨサト","prefecture_code":1},"4134":{"zip_code":"0984134","prefecture":"北海道","prefecture_kana":"ホッカイドウ","city":"天塩郡豊富町","city_kana":"テシオグントヨトミチョウ","town":"豊幌","town_kana":"トヨホロ","prefecture_code":1},"4139":{"zip_code":"0984139","prefecture":"北海道","prefecture_kana":"ホッカイドウ","city":"天塩郡豊富町","city_kana":"テシオグントヨトミチョウ","town":"仲通り","town_kana":"ナカドオリ","prefecture_code":1},"4116":{"zip_code":"0984116","prefecture":"北海道","prefecture_kana":"ホッカイドウ","city":"天塩郡豊富町","city_kana":"テシオグントヨトミチョウ","town":"西豊富","town_kana":"ニシトヨトミ","prefecture_code":1},"4111":{"zip_code":"0984111","prefecture":"北海道","prefecture_kana":"ホッカイドウ","city":"天塩郡豊富町","city_kana":"テシオグントヨトミチョウ","town":"西一条","town_kana":"ニシ1ジョウ","prefecture_code":1},"4112":{"zip_code":"0984112","prefecture":"北海道","prefecture_kana":"ホッカイドウ","city":"天塩郡豊富町","city_kana":"テシオグントヨトミチョウ","town":"西二条","town_kana":"ニシ2ジョウ","prefecture_code":1},"4113":{"zip_code":"0984113","prefecture":"北海道","prefecture_kana":"ホッカイドウ","city":"天塩郡豊富町","city_kana":"テシオグントヨトミチョウ","town":"西三条","town_kana":"ニシ3ジョウ","prefecture_code":1},"4114":{"zip_code":"0984114","prefecture":"北海道","prefecture_kana":"ホッカイドウ","city":"天塩郡豊富町","city_kana":"テシオグントヨトミチョウ","town":"西四条","town_kana":"ニシ4ジョウ","prefecture_code":1},"4115":{"zip_code":"0984115","prefecture":"北海道","prefecture_kana":"ホッカイドウ","city":"天塩郡豊富町","city_kana":"テシオグントヨトミチョウ","town":"西五条","town_kana":"ニシ5ジョウ","prefecture_code":1},"4457":{"zip_code":"0984457","prefecture":"北海道","prefecture_kana":"ホッカイドウ","city":"天塩郡豊富町","city_kana":"テシオグントヨトミチョウ","town":"沼向","town_kana":"ヌマムカイ","prefecture_code":1},"4131":{"zip_code":"0984131","prefecture":"北海道","prefecture_kana":"ホッカイドウ","city":"天塩郡豊富町","city_kana":"テシオグントヨトミチョウ","town":"東豊富","town_kana":"ヒガシトヨトミ","prefecture_code":1},"4121":{"zip_code":"0984121","prefecture":"北海道","prefecture_kana":"ホッカイドウ","city":"天塩郡豊富町","city_kana":"テシオグントヨトミチョウ","town":"東一条","town_kana":"ヒガシ1ジョウ","prefecture_code":1},"4122":{"zip_code":"0984122","prefecture":"北海道","prefecture_kana":"ホッカイドウ","city":"天塩郡豊富町","city_kana":"テシオグントヨトミチョウ","town":"東二条","town_kana":"ヒガシ2ジョウ","prefecture_code":1},"4123":{"zip_code":"0984123","prefecture":"北海道","prefecture_kana":"ホッカイドウ","city":"天塩郡豊富町","city_kana":"テシオグントヨトミチョウ","town":"東三条","town_kana":"ヒガシ3ジョウ","prefecture_code":1},"4124":{"zip_code":"0984124","prefecture":"北海道","prefecture_kana":"ホッカイドウ","city":"天塩郡豊富町","city_kana":"テシオグントヨトミチョウ","town":"東四条","town_kana":"ヒガシ4ジョウ","prefecture_code":1},"4125":{"zip_code":"0984125","prefecture":"北海道","prefecture_kana":"ホッカイドウ","city":"天塩郡豊富町","city_kana":"テシオグントヨトミチョウ","town":"東五条","town_kana":"ヒガシ5ジョウ","prefecture_code":1},"4126":{"zip_code":"0984126","prefecture":"北海道","prefecture_kana":"ホッカイドウ","city":"天塩郡豊富町","city_kana":"テシオグントヨトミチョウ","town":"東六条","town_kana":"ヒガシ6ジョウ","prefecture_code":1},"4101":{"zip_code":"0984101","prefecture":"北海道","prefecture_kana":"ホッカイドウ","city":"天塩郡豊富町","city_kana":"テシオグントヨトミチョウ","town":"福永","town_kana":"フクナガ","prefecture_code":1},"4464":{"zip_code":"0984464","prefecture":"北海道","prefecture_kana":"ホッカイドウ","city":"天塩郡豊富町","city_kana":"テシオグントヨトミチョウ","town":"豊栄","town_kana":"ホウエイ","prefecture_code":1},"4465":{"zip_code":"0984465","prefecture":"北海道","prefecture_kana":"ホッカイドウ","city":"天塩郡豊富町","city_kana":"テシオグントヨトミチョウ","town":"豊田","town_kana":"ホウデン","prefecture_code":1},"4106":{"zip_code":"0984106","prefecture":"北海道","prefecture_kana":"ホッカイドウ","city":"天塩郡豊富町","city_kana":"テシオグントヨトミチョウ","town":"豊徳","town_kana":"ホウトク","prefecture_code":1},"4105":{"zip_code":"0984105","prefecture":"北海道","prefecture_kana":"ホッカイドウ","city":"天塩郡豊富町","city_kana":"テシオグントヨトミチョウ","town":"幌加","town_kana":"ホロカ","prefecture_code":1},"4133":{"zip_code":"0984133","prefecture":"北海道","prefecture_kana":"ホッカイドウ","city":"天塩郡豊富町","city_kana":"テシオグントヨトミチョウ","town":"本流","town_kana":"ホンリュウ","prefecture_code":1},"4461":{"zip_code":"0984461","prefecture":"北海道","prefecture_kana":"ホッカイドウ","city":"天塩郡豊富町","city_kana":"テシオグントヨトミチョウ","town":"瑞穂東","town_kana":"ミズホヒガシ","prefecture_code":1},"4463":{"zip_code":"0984463","prefecture":"北海道","prefecture_kana":"ホッカイドウ","city":"天塩郡豊富町","city_kana":"テシオグントヨトミチョウ","town":"瑞穂南","town_kana":"ミズホミナミ","prefecture_code":1},"4102":{"zip_code":"0984102","prefecture":"北海道","prefecture_kana":"ホッカイドウ","city":"天塩郡豊富町","city_kana":"テシオグントヨトミチョウ","town":"目梨別","town_kana":"メナシベツ","prefecture_code":1},"4107":{"zip_code":"0984107","prefecture":"北海道","prefecture_kana":"ホッカイドウ","city":"天塩郡豊富町","city_kana":"テシオグントヨトミチョウ","town":"稚咲内","town_kana":"ワカサカナイ","prefecture_code":1},"3200":{"zip_code":"0983200","prefecture":"北海道","prefecture_kana":"ホッカイドウ","city":"天塩郡幌延町","city_kana":"テシオグンホロノベチョウ","town":"","town_kana":"","prefecture_code":1},"3226":{"zip_code":"0983226","prefecture":"北海道","prefecture_kana":"ホッカイドウ","city":"天塩郡幌延町","city_kana":"テシオグンホロノベチョウ","town":"開進","town_kana":"カイシン","prefecture_code":1},"2941":{"zip_code":"0982941","prefecture":"北海道","prefecture_kana":"ホッカイドウ","city":"天塩郡幌延町","city_kana":"テシオグンホロノベチョウ","town":"上問寒","town_kana":"カミトイカン","prefecture_code":1},"3225":{"zip_code":"0983225","prefecture":"北海道","prefecture_kana":"ホッカイドウ","city":"天塩郡幌延町","city_kana":"テシオグンホロノベチョウ","town":"上幌延","town_kana":"カミホロノベ","prefecture_code":1},"3221":{"zip_code":"0983221","prefecture":"北海道","prefecture_kana":"ホッカイドウ","city":"天塩郡幌延町","city_kana":"テシオグンホロノベチョウ","town":"栄町","town_kana":"サカエマチ","prefecture_code":1},"3228":{"zip_code":"0983228","prefecture":"北海道","prefecture_kana":"ホッカイドウ","city":"天塩郡幌延町","city_kana":"テシオグンホロノベチョウ","town":"下沼","town_kana":"シモヌマ","prefecture_code":1},"2943":{"zip_code":"0982943","prefecture":"北海道","prefecture_kana":"ホッカイドウ","city":"天塩郡幌延町","city_kana":"テシオグンホロノベチョウ","town":"問寒別","town_kana":"トイカンベツ","prefecture_code":1},"2942":{"zip_code":"0982942","prefecture":"北海道","prefecture_kana":"ホッカイドウ","city":"天塩郡幌延町","city_kana":"テシオグンホロノベチョウ","town":"中問寒","town_kana":"ナカトイカン","prefecture_code":1},"3227":{"zip_code":"0983227","prefecture":"北海道","prefecture_kana":"ホッカイドウ","city":"天塩郡幌延町","city_kana":"テシオグンホロノベチョウ","town":"浜里","town_kana":"ハマサト","prefecture_code":1},"3222":{"zip_code":"0983222","prefecture":"北海道","prefecture_kana":"ホッカイドウ","city":"天塩郡幌延町","city_kana":"テシオグンホロノベチョウ","town":"東町","town_kana":"ヒガシマチ","prefecture_code":1},"3224":{"zip_code":"0983224","prefecture":"北海道","prefecture_kana":"ホッカイドウ","city":"天塩郡幌延町","city_kana":"テシオグンホロノベチョウ","town":"北進","town_kana":"ホクシン","prefecture_code":1},"3223":{"zip_code":"0983223","prefecture":"北海道","prefecture_kana":"ホッカイドウ","city":"天塩郡幌延町","city_kana":"テシオグンホロノベチョウ","town":"幌延","town_kana":"ホロノベ","prefecture_code":1},"3207":{"zip_code":"0983207","prefecture":"北海道","prefecture_kana":"ホッカイドウ","city":"天塩郡幌延町","city_kana":"テシオグンホロノベチョウ","town":"宮園町","town_kana":"ミヤゾノマチ","prefecture_code":1},"3217":{"zip_code":"0983217","prefecture":"北海道","prefecture_kana":"ホッカイドウ","city":"天塩郡幌延町","city_kana":"テシオグンホロノベチョウ","town":"元町","town_kana":"モトマチ","prefecture_code":1},"3151":{"zip_code":"0983151","prefecture":"北海道","prefecture_kana":"ホッカイドウ","city":"天塩郡幌延町","city_kana":"テシオグンホロノベチョウ","town":"雄興","town_kana":"ユウコウ","prefecture_code":1},"3211":{"zip_code":"0983211","prefecture":"北海道","prefecture_kana":"ホッカイドウ","city":"天塩郡幌延町","city_kana":"テシオグンホロノベチョウ","town":"一条南","town_kana":"1ジョウミナミ","prefecture_code":1},"3201":{"zip_code":"0983201","prefecture":"北海道","prefecture_kana":"ホッカイドウ","city":"天塩郡幌延町","city_kana":"テシオグンホロノベチョウ","town":"一条北","town_kana":"1ジョウキタ","prefecture_code":1},"3212":{"zip_code":"0983212","prefecture":"北海道","prefecture_kana":"ホッカイドウ","city":"天塩郡幌延町","city_kana":"テシオグンホロノベチョウ","town":"二条南","town_kana":"2ジョウミナミ","prefecture_code":1},"3202":{"zip_code":"0983202","prefecture":"北海道","prefecture_kana":"ホッカイドウ","city":"天塩郡幌延町","city_kana":"テシオグンホロノベチョウ","town":"二条北","town_kana":"2ジョウキタ","prefecture_code":1},"3213":{"zip_code":"0983213","prefecture":"北海道","prefecture_kana":"ホッカイドウ","city":"天塩郡幌延町","city_kana":"テシオグンホロノベチョウ","town":"三条南","town_kana":"3ジョウミナミ","prefecture_code":1},"3203":{"zip_code":"0983203","prefecture":"北海道","prefecture_kana":"ホッカイドウ","city":"天塩郡幌延町","city_kana":"テシオグンホロノベチョウ","town":"三条北","town_kana":"3ジョウキタ","prefecture_code":1},"3214":{"zip_code":"0983214","prefecture":"北海道","prefecture_kana":"ホッカイドウ","city":"天塩郡幌延町","city_kana":"テシオグンホロノベチョウ","town":"四条南","town_kana":"4ジョウミナミ","prefecture_code":1},"3204":{"zip_code":"0983204","prefecture":"北海道","prefecture_kana":"ホッカイドウ","city":"天塩郡幌延町","city_kana":"テシオグンホロノベチョウ","town":"四条北","town_kana":"4ジョウキタ","prefecture_code":1},"3215":{"zip_code":"0983215","prefecture":"北海道","prefecture_kana":"ホッカイドウ","city":"天塩郡幌延町","city_kana":"テシオグンホロノベチョウ","town":"五条南","town_kana":"5ジョウミナミ","prefecture_code":1},"3205":{"zip_code":"0983205","prefecture":"北海道","prefecture_kana":"ホッカイドウ","city":"天塩郡幌延町","city_kana":"テシオグンホロノベチョウ","town":"五条北","town_kana":"5ジョウキタ","prefecture_code":1},"3216":{"zip_code":"0983216","prefecture":"北海道","prefecture_kana":"ホッカイドウ","city":"天塩郡幌延町","city_kana":"テシオグンホロノベチョウ","town":"六条南","town_kana":"6ジョウミナミ","prefecture_code":1},"3206":{"zip_code":"0983206","prefecture":"北海道","prefecture_kana":"ホッカイドウ","city":"天塩郡幌延町","city_kana":"テシオグンホロノベチョウ","town":"六条北","town_kana":"6ジョウキタ","prefecture_code":1},"1600":{"zip_code":"0981600","prefecture":"北海道","prefecture_kana":"ホッカイドウ","city":"紋別郡興部町","city_kana":"モンベツグンオコッペチョウ","town":"","town_kana":"","prefecture_code":1},"1621":{"zip_code":"0981621","prefecture":"北海道","prefecture_kana":"ホッカイドウ","city":"紋別郡興部町","city_kana":"モンベツグンオコッペチョウ","town":"秋里","town_kana":"アキサト","prefecture_code":1},"1624":{"zip_code":"0981624","prefecture":"北海道","prefecture_kana":"ホッカイドウ","city":"紋別郡興部町","city_kana":"モンベツグンオコッペチョウ","town":"宇津","town_kana":"ウツ","prefecture_code":1},"1607":{"zip_code":"0981607","prefecture":"北海道","prefecture_kana":"ホッカイドウ","city":"紋別郡興部町","city_kana":"モンベツグンオコッペチョウ","town":"興部旭町","town_kana":"オコッペアサヒマチ","prefecture_code":1},"1604":{"zip_code":"0981604","prefecture":"北海道","prefecture_kana":"ホッカイドウ","city":"紋別郡興部町","city_kana":"モンベツグンオコッペチョウ","town":"興部春日町","town_kana":"オコッペカスガチョウ","prefecture_code":1},"1614":{"zip_code":"0981614","prefecture":"北海道","prefecture_kana":"ホッカイドウ","city":"紋別郡興部町","city_kana":"モンベツグンオコッペチョウ","town":"興部幸町","town_kana":"オコッペサイワイチョウ","prefecture_code":1},"1606":{"zip_code":"0981606","prefecture":"北海道","prefecture_kana":"ホッカイドウ","city":"紋別郡興部町","city_kana":"モンベツグンオコッペチョウ","town":"興部栄町","town_kana":"オコッペサカエマチ","prefecture_code":1},"1612":{"zip_code":"0981612","prefecture":"北海道","prefecture_kana":"ホッカイドウ","city":"紋別郡興部町","city_kana":"モンベツグンオコッペチョウ","town":"興部新泉町","town_kana":"オコッペシンイズミマチ","prefecture_code":1},"1613":{"zip_code":"0981613","prefecture":"北海道","prefecture_kana":"ホッカイドウ","city":"紋別郡興部町","city_kana":"モンベツグンオコッペチョウ","town":"興部新町","town_kana":"オコッペシンマチ","prefecture_code":1},"1615":{"zip_code":"0981615","prefecture":"北海道","prefecture_kana":"ホッカイドウ","city":"紋別郡興部町","city_kana":"モンベツグンオコッペチョウ","town":"興部仲町","town_kana":"オコッペナカマチ","prefecture_code":1},"1602":{"zip_code":"0981602","prefecture":"北海道","prefecture_kana":"ホッカイドウ","city":"紋別郡興部町","city_kana":"モンベツグンオコッペチョウ","town":"興部浜町","town_kana":"オコッペハマチョウ","prefecture_code":1},"1603":{"zip_code":"0981603","prefecture":"北海道","prefecture_kana":"ホッカイドウ","city":"紋別郡興部町","city_kana":"モンベツグンオコッペチョウ","town":"興部東町","town_kana":"オコッペヒガシマチ","prefecture_code":1},"1616":{"zip_code":"0981616","prefecture":"北海道","prefecture_kana":"ホッカイドウ","city":"紋別郡興部町","city_kana":"モンベツグンオコッペチョウ","town":"興部本町","town_kana":"オコッペホンチョウ","prefecture_code":1},"1605":{"zip_code":"0981605","prefecture":"北海道","prefecture_kana":"ホッカイドウ","city":"紋別郡興部町","city_kana":"モンベツグンオコッペチョウ","town":"興部緑ケ丘","town_kana":"オコッペミドリガオカ","prefecture_code":1},"1623":{"zip_code":"0981623","prefecture":"北海道","prefecture_kana":"ホッカイドウ","city":"紋別郡興部町","city_kana":"モンベツグンオコッペチョウ","town":"興部宮下町","town_kana":"オコッペミヤシタチョウ","prefecture_code":1},"1601":{"zip_code":"0981601","prefecture":"北海道","prefecture_kana":"ホッカイドウ","city":"紋別郡興部町","city_kana":"モンベツグンオコッペチョウ","town":"興部元町","town_kana":"オコッペモトマチ","prefecture_code":1},"1611":{"zip_code":"0981611","prefecture":"北海道","prefecture_kana":"ホッカイドウ","city":"紋別郡興部町","city_kana":"モンベツグンオコッペチョウ","town":"興部泉町","town_kana":"オコッペイズミマチ","prefecture_code":1},"1941":{"zip_code":"0981941","prefecture":"北海道","prefecture_kana":"ホッカイドウ","city":"紋別郡興部町","city_kana":"モンベツグンオコッペチョウ","town":"沙留","town_kana":"サルル","prefecture_code":1},"1943":{"zip_code":"0981943","prefecture":"北海道","prefecture_kana":"ホッカイドウ","city":"紋別郡興部町","city_kana":"モンベツグンオコッペチョウ","town":"住吉","town_kana":"スミヨシ","prefecture_code":1},"1942":{"zip_code":"0981942","prefecture":"北海道","prefecture_kana":"ホッカイドウ","city":"紋別郡興部町","city_kana":"モンベツグンオコッペチョウ","town":"富丘","town_kana":"トミオカ","prefecture_code":1},"1944":{"zip_code":"0981944","prefecture":"北海道","prefecture_kana":"ホッカイドウ","city":"紋別郡興部町","city_kana":"モンベツグンオコッペチョウ","town":"豊野","town_kana":"トヨノ","prefecture_code":1},"1622":{"zip_code":"0981622","prefecture":"北海道","prefecture_kana":"ホッカイドウ","city":"紋別郡興部町","city_kana":"モンベツグンオコッペチョウ","town":"北興","town_kana":"ホッコウ","prefecture_code":1},"1500":{"zip_code":"0981500","prefecture":"北海道","prefecture_kana":"ホッカイドウ","city":"紋別郡西興部村","city_kana":"モンベツグンニシオコッペムラ","town":"","town_kana":"","prefecture_code":1},"1424":{"zip_code":"0981424","prefecture":"北海道","prefecture_kana":"ホッカイドウ","city":"紋別郡西興部村","city_kana":"モンベツグンニシオコッペムラ","town":"奥興部","town_kana":"オクオコッペ","prefecture_code":1},"1504":{"zip_code":"0981504","prefecture":"北海道","prefecture_kana":"ホッカイドウ","city":"紋別郡西興部村","city_kana":"モンベツグンニシオコッペムラ","town":"忍路子","town_kana":"オショロッコ","prefecture_code":1},"1421":{"zip_code":"0981421","prefecture":"北海道","prefecture_kana":"ホッカイドウ","city":"紋別郡西興部村","city_kana":"モンベツグンニシオコッペムラ","town":"上興部","town_kana":"カミオコッペ","prefecture_code":1},"1505":{"zip_code":"0981505","prefecture":"北海道","prefecture_kana":"ホッカイドウ","city":"紋別郡西興部村","city_kana":"モンベツグンニシオコッペムラ","town":"上藻","town_kana":"カミモ","prefecture_code":1},"1423":{"zip_code":"0981423","prefecture":"北海道","prefecture_kana":"ホッカイドウ","city":"紋別郡西興部村","city_kana":"モンベツグンニシオコッペムラ","town":"札滑","town_kana":"サッコツ","prefecture_code":1},"1422":{"zip_code":"0981422","prefecture":"北海道","prefecture_kana":"ホッカイドウ","city":"紋別郡西興部村","city_kana":"モンベツグンニシオコッペムラ","town":"東興","town_kana":"トウコウ","prefecture_code":1},"1503":{"zip_code":"0981503","prefecture":"北海道","prefecture_kana":"ホッカイドウ","city":"紋別郡西興部村","city_kana":"モンベツグンニシオコッペムラ","town":"中興部","town_kana":"ナカオコッペ","prefecture_code":1},"1506":{"zip_code":"0981506","prefecture":"北海道","prefecture_kana":"ホッカイドウ","city":"紋別郡西興部村","city_kana":"モンベツグンニシオコッペムラ","town":"中藻","town_kana":"ナカモ","prefecture_code":1},"1501":{"zip_code":"0981501","prefecture":"北海道","prefecture_kana":"ホッカイドウ","city":"紋別郡西興部村","city_kana":"モンベツグンニシオコッペムラ","town":"西興部","town_kana":"ニシオコッペ","prefecture_code":1},"1502":{"zip_code":"0981502","prefecture":"北海道","prefecture_kana":"ホッカイドウ","city":"紋別郡西興部村","city_kana":"モンベツグンニシオコッペムラ","town":"六興","town_kana":"ロッコウ","prefecture_code":1},"1700":{"zip_code":"0981700","prefecture":"北海道","prefecture_kana":"ホッカイドウ","city":"紋別郡雄武町","city_kana":"モンベツグンオウムチョウ","town":"","town_kana":"","prefecture_code":1},"1702":{"zip_code":"0981702","prefecture":"北海道","prefecture_kana":"ホッカイドウ","city":"紋別郡雄武町","city_kana":"モンベツグンオウムチョウ","town":"雄武","town_kana":"オウム","prefecture_code":1},"1707":{"zip_code":"0981707","prefecture":"北海道","prefecture_kana":"ホッカイドウ","city":"紋別郡雄武町","city_kana":"モンベツグンオウムチョウ","town":"上雄武","town_kana":"カミオウム","prefecture_code":1},"1704":{"zip_code":"0981704","prefecture":"北海道","prefecture_kana":"ホッカイドウ","city":"紋別郡雄武町","city_kana":"モンベツグンオウムチョウ","town":"上沢木","town_kana":"カミサワキ","prefecture_code":1},"1708":{"zip_code":"0981708","prefecture":"北海道","prefecture_kana":"ホッカイドウ","city":"紋別郡雄武町","city_kana":"モンベツグンオウムチョウ","town":"上幌内","town_kana":"カミホロナイ","prefecture_code":1},"1701":{"zip_code":"0981701","prefecture":"北海道","prefecture_kana":"ホッカイドウ","city":"紋別郡雄武町","city_kana":"モンベツグンオウムチョウ","town":"北雄武","town_kana":"キタオウム","prefecture_code":1},"1821":[{"zip_code":"0981821","prefecture":"北海道","prefecture_kana":"ホッカイドウ","city":"紋別郡雄武町","city_kana":"モンベツグンオウムチョウ","town":"北幌内","town_kana":"キタホロナイ","prefecture_code":1},{"zip_code":"0981821","prefecture":"北海道","prefecture_kana":"ホッカイドウ","city":"紋別郡雄武町","city_kana":"モンベツグンオウムチョウ","town":"中幌内","town_kana":"ナカホロナイ","prefecture_code":1},{"zip_code":"0981821","prefecture":"北海道","prefecture_kana":"ホッカイドウ","city":"紋別郡雄武町","city_kana":"モンベツグンオウムチョウ","town":"幌内","town_kana":"ホロナイ","prefecture_code":1}],"1703":{"zip_code":"0981703","prefecture":"北海道","prefecture_kana":"ホッカイドウ","city":"紋別郡雄武町","city_kana":"モンベツグンオウムチョウ","town":"沢木","town_kana":"サワキ","prefecture_code":1},"1706":{"zip_code":"0981706","prefecture":"北海道","prefecture_kana":"ホッカイドウ","city":"紋別郡雄武町","city_kana":"モンベツグンオウムチョウ","town":"中雄武","town_kana":"ナカオウム","prefecture_code":1},"1705":{"zip_code":"0981705","prefecture":"北海道","prefecture_kana":"ホッカイドウ","city":"紋別郡雄武町","city_kana":"モンベツグンオウムチョウ","town":"南雄武","town_kana":"ミナミオウム","prefecture_code":1}}