{"0000":{"zip_code":"3260000","prefecture":"栃木県","prefecture_kana":"トチギケン","city":"足利市","city_kana":"アシカガシ","town":"","town_kana":"","prefecture_code":9},"0052":{"zip_code":"3260052","prefecture":"栃木県","prefecture_kana":"トチギケン","city":"足利市","city_kana":"アシカガシ","town":"相生町","town_kana":"アイオイチョウ","prefecture_code":9},"0062":{"zip_code":"3260062","prefecture":"栃木県","prefecture_kana":"トチギケン","city":"足利市","city_kana":"アシカガシ","town":"赤松台","town_kana":"アカマツダイ","prefecture_code":9},"0328":{"zip_code":"3260328","prefecture":"栃木県","prefecture_kana":"トチギケン","city":"足利市","city_kana":"アシカガシ","town":"県町","town_kana":"アガタチョウ","prefecture_code":9},"0823":{"zip_code":"3260823","prefecture":"栃木県","prefecture_kana":"トチギケン","city":"足利市","city_kana":"アシカガシ","town":"朝倉町","town_kana":"アサクラチョウ","prefecture_code":9},"0802":{"zip_code":"3260802","prefecture":"栃木県","prefecture_kana":"トチギケン","city":"足利市","city_kana":"アシカガシ","town":"旭町","town_kana":"アサヒチョウ","prefecture_code":9},"0832":{"zip_code":"3260832","prefecture":"栃木県","prefecture_kana":"トチギケン","city":"足利市","city_kana":"アシカガシ","town":"荒金町","town_kana":"アラカネチョウ","prefecture_code":9},"0834":{"zip_code":"3260834","prefecture":"栃木県","prefecture_kana":"トチギケン","city":"足利市","city_kana":"アシカガシ","town":"新宿町","town_kana":"アラジュクチョウ","prefecture_code":9},"0103":{"zip_code":"3260103","prefecture":"栃木県","prefecture_kana":"トチギケン","city":"足利市","city_kana":"アシカガシ","town":"粟谷町","town_kana":"アワノヤチョウ","prefecture_code":9},"0803":{"zip_code":"3260803","prefecture":"栃木県","prefecture_kana":"トチギケン","city":"足利市","city_kana":"アシカガシ","town":"家富町","town_kana":"イエトミチョウ","prefecture_code":9},"0014":{"zip_code":"3260014","prefecture":"栃木県","prefecture_kana":"トチギケン","city":"足利市","city_kana":"アシカガシ","town":"鵤木町","town_kana":"イカルギチョウ","prefecture_code":9},"0811":{"zip_code":"3260811","prefecture":"栃木県","prefecture_kana":"トチギケン","city":"足利市","city_kana":"アシカガシ","town":"井草町","town_kana":"イグサチョウ","prefecture_code":9},"0053":{"zip_code":"3260053","prefecture":"栃木県","prefecture_kana":"トチギケン","city":"足利市","city_kana":"アシカガシ","town":"伊勢町","town_kana":"イセチョウ","prefecture_code":9},"0054":{"zip_code":"3260054","prefecture":"栃木県","prefecture_kana":"トチギケン","city":"足利市","city_kana":"アシカガシ","town":"伊勢南町","town_kana":"イセミナミチョウ","prefecture_code":9},"0102":{"zip_code":"3260102","prefecture":"栃木県","prefecture_kana":"トチギケン","city":"足利市","city_kana":"アシカガシ","town":"板倉町","town_kana":"イタクラチョウ","prefecture_code":9},"0842":{"zip_code":"3260842","prefecture":"栃木県","prefecture_kana":"トチギケン","city":"足利市","city_kana":"アシカガシ","town":"今福町","town_kana":"イマフクチョウ","prefecture_code":9},"0046":{"zip_code":"3260046","prefecture":"栃木県","prefecture_kana":"トチギケン","city":"足利市","city_kana":"アシカガシ","town":"岩井町","town_kana":"イワイチョウ","prefecture_code":9},"0055":{"zip_code":"3260055","prefecture":"栃木県","prefecture_kana":"トチギケン","city":"足利市","city_kana":"アシカガシ","town":"永楽町","town_kana":"エイラクチョウ","prefecture_code":9},"0067":{"zip_code":"3260067","prefecture":"栃木県","prefecture_kana":"トチギケン","city":"足利市","city_kana":"アシカガシ","town":"江川町","town_kana":"エガワチョウ","prefecture_code":9},"0841":{"zip_code":"3260841","prefecture":"栃木県","prefecture_kana":"トチギケン","city":"足利市","city_kana":"アシカガシ","town":"大岩町","town_kana":"オオイワチョウ","prefecture_code":9},"0012":{"zip_code":"3260012","prefecture":"栃木県","prefecture_kana":"トチギケン","city":"足利市","city_kana":"アシカガシ","town":"大久保町","town_kana":"オオクボチョウ","prefecture_code":9},"0005":{"zip_code":"3260005","prefecture":"栃木県","prefecture_kana":"トチギケン","city":"足利市","city_kana":"アシカガシ","town":"大月町","town_kana":"オオツキチョウ","prefecture_code":9},"0011":{"zip_code":"3260011","prefecture":"栃木県","prefecture_kana":"トチギケン","city":"足利市","city_kana":"アシカガシ","town":"大沼田町","town_kana":"オオヌマタチョウ","prefecture_code":9},"0051":{"zip_code":"3260051","prefecture":"栃木県","prefecture_kana":"トチギケン","city":"足利市","city_kana":"アシカガシ","town":"大橋町","town_kana":"オオハシチョウ","prefecture_code":9},"0845":{"zip_code":"3260845","prefecture":"栃木県","prefecture_kana":"トチギケン","city":"足利市","city_kana":"アシカガシ","town":"大前町","town_kana":"オオマエチョウ","prefecture_code":9},"0326":{"zip_code":"3260326","prefecture":"栃木県","prefecture_kana":"トチギケン","city":"足利市","city_kana":"アシカガシ","town":"小曽根町","town_kana":"オゾネチョウ","prefecture_code":9},"0141":{"zip_code":"3260141","prefecture":"栃木県","prefecture_kana":"トチギケン","city":"足利市","city_kana":"アシカガシ","town":"小俣町","town_kana":"オマタチョウ","prefecture_code":9},"0142":{"zip_code":"3260142","prefecture":"栃木県","prefecture_kana":"トチギケン","city":"足利市","city_kana":"アシカガシ","town":"小俣南町","town_kana":"オマタミナミチョウ","prefecture_code":9},"0006":{"zip_code":"3260006","prefecture":"栃木県","prefecture_kana":"トチギケン","city":"足利市","city_kana":"アシカガシ","town":"利保町","town_kana":"カカボチョウ","prefecture_code":9},"0844":{"zip_code":"3260844","prefecture":"栃木県","prefecture_kana":"トチギケン","city":"足利市","city_kana":"アシカガシ","town":"鹿島町","town_kana":"カシマチョウ","prefecture_code":9},"0004":{"zip_code":"3260004","prefecture":"栃木県","prefecture_kana":"トチギケン","city":"足利市","city_kana":"アシカガシ","town":"樺崎町","town_kana":"カバサキチョウ","prefecture_code":9},"0335":{"zip_code":"3260335","prefecture":"栃木県","prefecture_kana":"トチギケン","city":"足利市","city_kana":"アシカガシ","town":"上渋垂町","town_kana":"カミシブタレチョウ","prefecture_code":9},"0826":{"zip_code":"3260826","prefecture":"栃木県","prefecture_kana":"トチギケン","city":"足利市","city_kana":"アシカガシ","town":"借宿町","town_kana":"カリヤドチョウ","prefecture_code":9},"0013":{"zip_code":"3260013","prefecture":"栃木県","prefecture_kana":"トチギケン","city":"足利市","city_kana":"アシカガシ","town":"川崎町","town_kana":"カワサキチョウ","prefecture_code":9},"0324":{"zip_code":"3260324","prefecture":"栃木県","prefecture_kana":"トチギケン","city":"足利市","city_kana":"アシカガシ","town":"久保田町","town_kana":"クボタチョウ","prefecture_code":9},"0016":{"zip_code":"3260016","prefecture":"栃木県","prefecture_kana":"トチギケン","city":"足利市","city_kana":"アシカガシ","town":"毛野新町","town_kana":"ケノシンマチ","prefecture_code":9},"0025":{"zip_code":"3260025","prefecture":"栃木県","prefecture_kana":"トチギケン","city":"足利市","city_kana":"アシカガシ","town":"寿町","town_kana":"コトブキチョウ","prefecture_code":9},"0815":{"zip_code":"3260815","prefecture":"栃木県","prefecture_kana":"トチギケン","city":"足利市","city_kana":"アシカガシ","town":"栄町","town_kana":"サカエチョウ","prefecture_code":9},"0835":{"zip_code":"3260835","prefecture":"栃木県","prefecture_kana":"トチギケン","city":"足利市","city_kana":"アシカガシ","town":"里矢場町","town_kana":"サトヤバチョウ","prefecture_code":9},"0023":{"zip_code":"3260023","prefecture":"栃木県","prefecture_kana":"トチギケン","city":"足利市","city_kana":"アシカガシ","town":"猿田町","town_kana":"サルタチョウ","prefecture_code":9},"0337":{"zip_code":"3260337","prefecture":"栃木県","prefecture_kana":"トチギケン","city":"足利市","city_kana":"アシカガシ","town":"島田町","town_kana":"シマダチョウ","prefecture_code":9},"0334":{"zip_code":"3260334","prefecture":"栃木県","prefecture_kana":"トチギケン","city":"足利市","city_kana":"アシカガシ","town":"下渋垂町","town_kana":"シモシブタレチョウ","prefecture_code":9},"0813":{"zip_code":"3260813","prefecture":"栃木県","prefecture_kana":"トチギケン","city":"足利市","city_kana":"アシカガシ","town":"昌平町","town_kana":"ショウヘイチョウ","prefecture_code":9},"0063":{"zip_code":"3260063","prefecture":"栃木県","prefecture_kana":"トチギケン","city":"足利市","city_kana":"アシカガシ","town":"新山町","town_kana":"シンヤマチョウ","prefecture_code":9},"0031":{"zip_code":"3260031","prefecture":"栃木県","prefecture_kana":"トチギケン","city":"足利市","city_kana":"アシカガシ","town":"末広町","town_kana":"スエヒロチョウ","prefecture_code":9},"0044":{"zip_code":"3260044","prefecture":"栃木県","prefecture_kana":"トチギケン","city":"足利市","city_kana":"アシカガシ","town":"助戸","town_kana":"スケド","prefecture_code":9},"0048":{"zip_code":"3260048","prefecture":"栃木県","prefecture_kana":"トチギケン","city":"足利市","city_kana":"アシカガシ","town":"助戸大橋町","town_kana":"スケドオオハシチョウ","prefecture_code":9},"0041":{"zip_code":"3260041","prefecture":"栃木県","prefecture_kana":"トチギケン","city":"足利市","city_kana":"アシカガシ","town":"助戸新山町","town_kana":"スケドシンヤマチョウ","prefecture_code":9},"0043":{"zip_code":"3260043","prefecture":"栃木県","prefecture_kana":"トチギケン","city":"足利市","city_kana":"アシカガシ","town":"助戸仲町","town_kana":"スケドナカチョウ","prefecture_code":9},"0042":{"zip_code":"3260042","prefecture":"栃木県","prefecture_kana":"トチギケン","city":"足利市","city_kana":"アシカガシ","town":"助戸東山町","town_kana":"スケドヒガシヤマチョウ","prefecture_code":9},"0007":{"zip_code":"3260007","prefecture":"栃木県","prefecture_kana":"トチギケン","city":"足利市","city_kana":"アシカガシ","town":"菅田町","town_kana":"スゲタチョウ","prefecture_code":9},"0807":{"zip_code":"3260807","prefecture":"栃木県","prefecture_kana":"トチギケン","city":"足利市","city_kana":"アシカガシ","town":"大正町","town_kana":"タイショウチョウ","prefecture_code":9},"0056":{"zip_code":"3260056","prefecture":"栃木県","prefecture_kana":"トチギケン","city":"足利市","city_kana":"アシカガシ","town":"大町","town_kana":"ダイチョウ","prefecture_code":9},"0812":{"zip_code":"3260812","prefecture":"栃木県","prefecture_kana":"トチギケン","city":"足利市","city_kana":"アシカガシ","town":"大門通","town_kana":"ダイモンドオリ","prefecture_code":9},"0325":{"zip_code":"3260325","prefecture":"栃木県","prefecture_kana":"トチギケン","city":"足利市","city_kana":"アシカガシ","town":"高松町","town_kana":"タカマツチョウ","prefecture_code":9},"0061":{"zip_code":"3260061","prefecture":"栃木県","prefecture_kana":"トチギケン","city":"足利市","city_kana":"アシカガシ","town":"田島町","town_kana":"タジマチョウ","prefecture_code":9},"0066":{"zip_code":"3260066","prefecture":"栃木県","prefecture_kana":"トチギケン","city":"足利市","city_kana":"アシカガシ","town":"田所町","town_kana":"タドコロチョウ","prefecture_code":9},"0822":{"zip_code":"3260822","prefecture":"栃木県","prefecture_kana":"トチギケン","city":"足利市","city_kana":"アシカガシ","town":"田中町","town_kana":"タナカチョウ","prefecture_code":9},"0045":{"zip_code":"3260045","prefecture":"栃木県","prefecture_kana":"トチギケン","city":"足利市","city_kana":"アシカガシ","town":"千歳町","town_kana":"チトセチョウ","prefecture_code":9},"0068":{"zip_code":"3260068","prefecture":"栃木県","prefecture_kana":"トチギケン","city":"足利市","city_kana":"アシカガシ","town":"月谷町","town_kana":"ツキヤチョウ","prefecture_code":9},"0022":{"zip_code":"3260022","prefecture":"栃木県","prefecture_kana":"トチギケン","city":"足利市","city_kana":"アシカガシ","town":"常見町","town_kana":"ツネミチョウ","prefecture_code":9},"0814":{"zip_code":"3260814","prefecture":"栃木県","prefecture_kana":"トチギケン","city":"足利市","city_kana":"アシカガシ","town":"通","town_kana":"トオリ","prefecture_code":9},"0026":{"zip_code":"3260026","prefecture":"栃木県","prefecture_kana":"トチギケン","city":"足利市","city_kana":"アシカガシ","town":"常盤町","town_kana":"トキワチョウ","prefecture_code":9},"0805":{"zip_code":"3260805","prefecture":"栃木県","prefecture_kana":"トチギケン","city":"足利市","city_kana":"アシカガシ","town":"巴町","town_kana":"トモエチョウ","prefecture_code":9},"0333":{"zip_code":"3260333","prefecture":"栃木県","prefecture_kana":"トチギケン","city":"足利市","city_kana":"アシカガシ","town":"問屋町","town_kana":"トンヤチョウ","prefecture_code":9},"0825":{"zip_code":"3260825","prefecture":"栃木県","prefecture_kana":"トチギケン","city":"足利市","city_kana":"アシカガシ","town":"中川町","town_kana":"ナカガワチョウ","prefecture_code":9},"0001":{"zip_code":"3260001","prefecture":"栃木県","prefecture_kana":"トチギケン","city":"足利市","city_kana":"アシカガシ","town":"名草上町","town_kana":"ナグサカミチョウ","prefecture_code":9},"0002":{"zip_code":"3260002","prefecture":"栃木県","prefecture_kana":"トチギケン","city":"足利市","city_kana":"アシカガシ","town":"名草中町","town_kana":"ナグサナカチョウ","prefecture_code":9},"0003":{"zip_code":"3260003","prefecture":"栃木県","prefecture_kana":"トチギケン","city":"足利市","city_kana":"アシカガシ","town":"名草下町","town_kana":"ナグサシモチョウ","prefecture_code":9},"0837":{"zip_code":"3260837","prefecture":"栃木県","prefecture_kana":"トチギケン","city":"足利市","city_kana":"アシカガシ","town":"西新井町","town_kana":"ニシアライチョウ","prefecture_code":9},"0047":{"zip_code":"3260047","prefecture":"栃木県","prefecture_kana":"トチギケン","city":"足利市","city_kana":"アシカガシ","town":"錦町","town_kana":"ニシキチョウ","prefecture_code":9},"0065":{"zip_code":"3260065","prefecture":"栃木県","prefecture_kana":"トチギケン","city":"足利市","city_kana":"アシカガシ","town":"西砂原後町","town_kana":"ニシサワラゴチョウ","prefecture_code":9},"0817":{"zip_code":"3260817","prefecture":"栃木県","prefecture_kana":"トチギケン","city":"足利市","city_kana":"アシカガシ","town":"西宮町","town_kana":"ニシノミヤチョウ","prefecture_code":9},"0322":{"zip_code":"3260322","prefecture":"栃木県","prefecture_kana":"トチギケン","city":"足利市","city_kana":"アシカガシ","town":"野田町","town_kana":"ノダチョウ","prefecture_code":9},"0327":{"zip_code":"3260327","prefecture":"栃木県","prefecture_kana":"トチギケン","city":"足利市","city_kana":"アシカガシ","town":"羽刈町","town_kana":"ハカリチョウ","prefecture_code":9},"0143":{"zip_code":"3260143","prefecture":"栃木県","prefecture_kana":"トチギケン","city":"足利市","city_kana":"アシカガシ","town":"葉鹿町","town_kana":"ハジカチョウ","prefecture_code":9},"0144":{"zip_code":"3260144","prefecture":"栃木県","prefecture_kana":"トチギケン","city":"足利市","city_kana":"アシカガシ","town":"葉鹿南町","town_kana":"ハジカミナミチョウ","prefecture_code":9},"0033":{"zip_code":"3260033","prefecture":"栃木県","prefecture_kana":"トチギケン","city":"足利市","city_kana":"アシカガシ","town":"花園町","town_kana":"ハナゾノチョウ","prefecture_code":9},"0064":{"zip_code":"3260064","prefecture":"栃木県","prefecture_kana":"トチギケン","city":"足利市","city_kana":"アシカガシ","town":"東砂原後町","town_kana":"ヒガシサワラゴチョウ","prefecture_code":9},"0034":{"zip_code":"3260034","prefecture":"栃木県","prefecture_kana":"トチギケン","city":"足利市","city_kana":"アシカガシ","town":"久松町","town_kana":"ヒサマツチョウ","prefecture_code":9},"0338":{"zip_code":"3260338","prefecture":"栃木県","prefecture_kana":"トチギケン","city":"足利市","city_kana":"アシカガシ","town":"福居町","town_kana":"フクイチョウ","prefecture_code":9},"0332":{"zip_code":"3260332","prefecture":"栃木県","prefecture_kana":"トチギケン","city":"足利市","city_kana":"アシカガシ","town":"福富新町","town_kana":"フクトミシンチョウ","prefecture_code":9},"0331":{"zip_code":"3260331","prefecture":"栃木県","prefecture_kana":"トチギケン","city":"足利市","city_kana":"アシカガシ","town":"福富町","town_kana":"フクトミチョウ","prefecture_code":9},"0037":{"zip_code":"3260037","prefecture":"栃木県","prefecture_kana":"トチギケン","city":"足利市","city_kana":"アシカガシ","town":"富士見町","town_kana":"フジミチョウ","prefecture_code":9},"0833":{"zip_code":"3260833","prefecture":"栃木県","prefecture_kana":"トチギケン","city":"足利市","city_kana":"アシカガシ","town":"藤本町","town_kana":"フジモトチョウ","prefecture_code":9},"0831":{"zip_code":"3260831","prefecture":"栃木県","prefecture_kana":"トチギケン","city":"足利市","city_kana":"アシカガシ","town":"堀込町","town_kana":"ホリゴメチョウ","prefecture_code":9},"0808":{"zip_code":"3260808","prefecture":"栃木県","prefecture_kana":"トチギケン","city":"足利市","city_kana":"アシカガシ","town":"本城","town_kana":"ホンジョウ","prefecture_code":9},"0032":{"zip_code":"3260032","prefecture":"栃木県","prefecture_kana":"トチギケン","city":"足利市","city_kana":"アシカガシ","town":"真砂町","town_kana":"マサゴチョウ","prefecture_code":9},"0101":{"zip_code":"3260101","prefecture":"栃木県","prefecture_kana":"トチギケン","city":"足利市","city_kana":"アシカガシ","town":"松田町","town_kana":"マツダチョウ","prefecture_code":9},"0057":{"zip_code":"3260057","prefecture":"栃木県","prefecture_kana":"トチギケン","city":"足利市","city_kana":"アシカガシ","town":"丸山町","town_kana":"マルヤマチョウ","prefecture_code":9},"0323":{"zip_code":"3260323","prefecture":"栃木県","prefecture_kana":"トチギケン","city":"足利市","city_kana":"アシカガシ","town":"瑞穂野町","town_kana":"ミズホノチョウ","prefecture_code":9},"0816":{"zip_code":"3260816","prefecture":"栃木県","prefecture_kana":"トチギケン","city":"足利市","city_kana":"アシカガシ","town":"緑町","town_kana":"ミドリチョウ","prefecture_code":9},"0836":{"zip_code":"3260836","prefecture":"栃木県","prefecture_kana":"トチギケン","city":"足利市","city_kana":"アシカガシ","town":"南大町","town_kana":"ミナミオオマチ","prefecture_code":9},"0821":{"zip_code":"3260821","prefecture":"栃木県","prefecture_kana":"トチギケン","city":"足利市","city_kana":"アシカガシ","town":"南町","town_kana":"ミナミチョウ","prefecture_code":9},"0027":{"zip_code":"3260027","prefecture":"栃木県","prefecture_kana":"トチギケン","city":"足利市","city_kana":"アシカガシ","town":"宮北町","town_kana":"ミヤキタチョウ","prefecture_code":9},"0058":{"zip_code":"3260058","prefecture":"栃木県","prefecture_kana":"トチギケン","city":"足利市","city_kana":"アシカガシ","town":"元学町","town_kana":"モトガクチョウ","prefecture_code":9},"0336":{"zip_code":"3260336","prefecture":"栃木県","prefecture_kana":"トチギケン","city":"足利市","city_kana":"アシカガシ","town":"百頭町","town_kana":"モモガシラチョウ","prefecture_code":9},"0015":{"zip_code":"3260015","prefecture":"栃木県","prefecture_kana":"トチギケン","city":"足利市","city_kana":"アシカガシ","town":"八椚町","town_kana":"ヤツクヌギチョウ","prefecture_code":9},"0806":{"zip_code":"3260806","prefecture":"栃木県","prefecture_kana":"トチギケン","city":"足利市","city_kana":"アシカガシ","town":"柳原町","town_kana":"ヤナギワラチョウ","prefecture_code":9},"0321":{"zip_code":"3260321","prefecture":"栃木県","prefecture_kana":"トチギケン","city":"足利市","city_kana":"アシカガシ","town":"梁田町","town_kana":"ヤナダチョウ","prefecture_code":9},"0021":{"zip_code":"3260021","prefecture":"栃木県","prefecture_kana":"トチギケン","city":"足利市","city_kana":"アシカガシ","town":"山川町","town_kana":"ヤマガワチョウ","prefecture_code":9},"0846":{"zip_code":"3260846","prefecture":"栃木県","prefecture_kana":"トチギケン","city":"足利市","city_kana":"アシカガシ","town":"山下町","town_kana":"ヤマシタチョウ","prefecture_code":9},"0036":{"zip_code":"3260036","prefecture":"栃木県","prefecture_kana":"トチギケン","city":"足利市","city_kana":"アシカガシ","town":"弥生町","town_kana":"ヤヨイチョウ","prefecture_code":9},"0824":{"zip_code":"3260824","prefecture":"栃木県","prefecture_kana":"トチギケン","city":"足利市","city_kana":"アシカガシ","town":"八幡町","town_kana":"ヤワタチョウ","prefecture_code":9},"0801":{"zip_code":"3260801","prefecture":"栃木県","prefecture_kana":"トチギケン","city":"足利市","city_kana":"アシカガシ","town":"有楽町","town_kana":"ユウラクチョウ","prefecture_code":9},"0804":{"zip_code":"3260804","prefecture":"栃木県","prefecture_kana":"トチギケン","city":"足利市","city_kana":"アシカガシ","town":"雪輪町","town_kana":"ユキワチョウ","prefecture_code":9},"0035":{"zip_code":"3260035","prefecture":"栃木県","prefecture_kana":"トチギケン","city":"足利市","city_kana":"アシカガシ","town":"芳町","town_kana":"ヨシチョウ","prefecture_code":9},"0843":{"zip_code":"3260843","prefecture":"栃木県","prefecture_kana":"トチギケン","city":"足利市","city_kana":"アシカガシ","town":"五十部町","town_kana":"ヨベチョウ","prefecture_code":9},"0024":{"zip_code":"3260024","prefecture":"栃木県","prefecture_kana":"トチギケン","city":"足利市","city_kana":"アシカガシ","town":"若草町","town_kana":"ワカクサチョウ","prefecture_code":9}}