{"0918":{"zip_code":"3800918","prefecture":"長野県","prefecture_kana":"ナガノケン","city":"長野市","city_kana":"ナガノシ","town":"アークス","town_kana":"アークス","prefecture_code":20},"0838":{"zip_code":"3800838","prefecture":"長野県","prefecture_kana":"ナガノケン","city":"長野市","city_kana":"ナガノシ","town":"県町","town_kana":"アガタマチ","prefecture_code":20},"0888":{"zip_code":"3800888","prefecture":"長野県","prefecture_kana":"ナガノケン","city":"長野市","city_kana":"ナガノシ","town":"上ケ屋","town_kana":"アゲヤ","prefecture_code":20},"0846":{"zip_code":"3800846","prefecture":"長野県","prefecture_kana":"ナガノケン","city":"長野市","city_kana":"ナガノシ","town":"旭町","town_kana":"アサヒマチ","prefecture_code":20},"0941":{"zip_code":"3800941","prefecture":"長野県","prefecture_kana":"ナガノケン","city":"長野市","city_kana":"ナガノシ","town":"安茂里","town_kana":"アモリ","prefecture_code":20},"0945":{"zip_code":"3800945","prefecture":"長野県","prefecture_kana":"ナガノケン","city":"長野市","city_kana":"ナガノシ","town":"安茂里杏花台","town_kana":"アモリキョウカダイ","prefecture_code":20},"0961":{"zip_code":"3800961","prefecture":"長野県","prefecture_kana":"ナガノケン","city":"長野市","city_kana":"ナガノシ","town":"安茂里小市","town_kana":"アモリコイチ","prefecture_code":20},"0956":{"zip_code":"3800956","prefecture":"長野県","prefecture_kana":"ナガノケン","city":"長野市","city_kana":"ナガノシ","town":"安茂里小路","town_kana":"アモリコウジ","prefecture_code":20},"0944":{"zip_code":"3800944","prefecture":"長野県","prefecture_kana":"ナガノケン","city":"長野市","city_kana":"ナガノシ","town":"安茂里米村","town_kana":"アモリコメムラ","prefecture_code":20},"0953":{"zip_code":"3800953","prefecture":"長野県","prefecture_kana":"ナガノケン","city":"長野市","city_kana":"ナガノシ","town":"安茂里犀北","town_kana":"アモリサイホク","prefecture_code":20},"0954":{"zip_code":"3800954","prefecture":"長野県","prefecture_kana":"ナガノケン","city":"長野市","city_kana":"ナガノシ","town":"安茂里犀北団地","town_kana":"アモリサイホクダンチ","prefecture_code":20},"0943":{"zip_code":"3800943","prefecture":"長野県","prefecture_kana":"ナガノケン","city":"長野市","city_kana":"ナガノシ","town":"安茂里差出","town_kana":"アモリサシデ","prefecture_code":20},"0957":{"zip_code":"3800957","prefecture":"長野県","prefecture_kana":"ナガノケン","city":"長野市","city_kana":"ナガノシ","town":"安茂里大門","town_kana":"アモリダイモン","prefecture_code":20},"0955":{"zip_code":"3800955","prefecture":"長野県","prefecture_kana":"ナガノケン","city":"長野市","city_kana":"ナガノシ","town":"安茂里西河原","town_kana":"アモリニシガワラ","prefecture_code":20},"0804":{"zip_code":"3800804","prefecture":"長野県","prefecture_kana":"ナガノケン","city":"長野市","city_kana":"ナガノシ","town":"荒屋","town_kana":"アラヤ","prefecture_code":20},"0883":{"zip_code":"3800883","prefecture":"長野県","prefecture_kana":"ナガノケン","city":"長野市","city_kana":"ナガノシ","town":"泉平","town_kana":"イズミダイラ","prefecture_code":20},"0854":{"zip_code":"3800854","prefecture":"長野県","prefecture_kana":"ナガノケン","city":"長野市","city_kana":"ナガノシ","town":"伊勢町","town_kana":"イセマチ","prefecture_code":20},"0958":{"zip_code":"3800958","prefecture":"長野県","prefecture_kana":"ナガノケン","city":"長野市","city_kana":"ナガノシ","town":"伊勢宮","town_kana":"イセミヤ","prefecture_code":20},"0911":{"zip_code":"3800911","prefecture":"長野県","prefecture_kana":"ナガノケン","city":"長野市","city_kana":"ナガノシ","town":"稲葉","town_kana":"イナバ","prefecture_code":20},"0915":{"zip_code":"3800915","prefecture":"長野県","prefecture_kana":"ナガノケン","city":"長野市","city_kana":"ナガノシ","town":"稲葉上千田","town_kana":"イナバカミセンダ","prefecture_code":20},"0916":{"zip_code":"3800916","prefecture":"長野県","prefecture_kana":"ナガノケン","city":"長野市","city_kana":"ナガノシ","town":"稲葉中千田","town_kana":"イナバナカセンダ","prefecture_code":20},"0912":{"zip_code":"3800912","prefecture":"長野県","prefecture_kana":"ナガノケン","city":"長野市","city_kana":"ナガノシ","town":"稲葉日詰","town_kana":"イナバヒヅメ","prefecture_code":20},"0917":{"zip_code":"3800917","prefecture":"長野県","prefecture_kana":"ナガノケン","city":"長野市","city_kana":"ナガノシ","town":"稲葉南俣","town_kana":"イナバミナミマタ","prefecture_code":20},"0914":{"zip_code":"3800914","prefecture":"長野県","prefecture_kana":"ナガノケン","city":"長野市","city_kana":"ナガノシ","town":"稲葉母袋","town_kana":"イナバモタイ","prefecture_code":20},"0901":[{"zip_code":"3800901","prefecture":"長野県","prefecture_kana":"ナガノケン","city":"長野市","city_kana":"ナガノシ","town":"居町","town_kana":"イマチ","prefecture_code":20},{"zip_code":"3800901","prefecture":"長野県","prefecture_kana":"ナガノケン","city":"長野市","city_kana":"ナガノシ","town":"鶴賀居町","town_kana":"ツルガイマチ","prefecture_code":20}],"0887":{"zip_code":"3800887","prefecture":"長野県","prefecture_kana":"ナガノケン","city":"長野市","city_kana":"ナガノシ","town":"入山","town_kana":"イリヤマ","prefecture_code":20},"0802":{"zip_code":"3800802","prefecture":"長野県","prefecture_kana":"ナガノケン","city":"長野市","city_kana":"ナガノシ","town":"上松","town_kana":"ウエマツ","prefecture_code":20},"0867":{"zip_code":"3800867","prefecture":"長野県","prefecture_kana":"ナガノケン","city":"長野市","city_kana":"ナガノシ","town":"往生地","town_kana":"オウショウジ","prefecture_code":20},"0936":{"zip_code":"3800936","prefecture":"長野県","prefecture_kana":"ナガノケン","city":"長野市","city_kana":"ナガノシ","town":"岡田町","town_kana":"オカダマチ","prefecture_code":20},"0881":{"zip_code":"3800881","prefecture":"長野県","prefecture_kana":"ナガノケン","city":"長野市","city_kana":"ナガノシ","town":"門沢","town_kana":"カドサワ","prefecture_code":20},"0821":[{"zip_code":"3800821","prefecture":"長野県","prefecture_kana":"ナガノケン","city":"長野市","city_kana":"ナガノシ","town":"上千歳町","town_kana":"カミチトセマチ","prefecture_code":20},{"zip_code":"3800821","prefecture":"長野県","prefecture_kana":"ナガノケン","city":"長野市","city_kana":"ナガノシ","town":"鶴賀上千歳町","town_kana":"ツルガカミチトセマチ","prefecture_code":20}],"0858":{"zip_code":"3800858","prefecture":"長野県","prefecture_kana":"ナガノケン","city":"長野市","city_kana":"ナガノシ","town":"上西之門町","town_kana":"カミニシノモンチョウ","prefecture_code":20},"0913":{"zip_code":"3800913","prefecture":"長野県","prefecture_kana":"ナガノケン","city":"長野市","city_kana":"ナガノシ","town":"川合新田","town_kana":"カワイシンデン","prefecture_code":20},"0855":{"zip_code":"3800855","prefecture":"長野県","prefecture_kana":"ナガノケン","city":"長野市","city_kana":"ナガノシ","town":"岩石町","town_kana":"ガンゼキチョウ","prefecture_code":20},"0826":{"zip_code":"3800826","prefecture":"長野県","prefecture_kana":"ナガノケン","city":"長野市","city_kana":"ナガノシ","town":"北石堂町","town_kana":"キタイシドウチョウ","prefecture_code":20},"0866":{"zip_code":"3800866","prefecture":"長野県","prefecture_kana":"ナガノケン","city":"長野市","city_kana":"ナガノシ","town":"狐池","town_kana":"キツネイケ","prefecture_code":20},"0921":{"zip_code":"3800921","prefecture":"長野県","prefecture_kana":"ナガノケン","city":"長野市","city_kana":"ナガノシ","town":"栗田","town_kana":"クリタ","prefecture_code":20},"0927":{"zip_code":"3800927","prefecture":"長野県","prefecture_kana":"ナガノケン","city":"長野市","city_kana":"ナガノシ","town":"栗田北中","town_kana":"クリタキタナカ","prefecture_code":20},"0942":{"zip_code":"3800942","prefecture":"長野県","prefecture_kana":"ナガノケン","city":"長野市","city_kana":"ナガノシ","town":"小柴見","town_kana":"コシバミ","prefecture_code":20},"0875":{"zip_code":"3800875","prefecture":"長野県","prefecture_kana":"ナガノケン","city":"長野市","city_kana":"ナガノシ","town":"小鍋","town_kana":"コナベ","prefecture_code":20},"0833":[{"zip_code":"3800833","prefecture":"長野県","prefecture_kana":"ナガノケン","city":"長野市","city_kana":"ナガノシ","town":"権堂町","town_kana":"ゴンドウチョウ","prefecture_code":20},{"zip_code":"3800833","prefecture":"長野県","prefecture_kana":"ナガノケン","city":"長野市","city_kana":"ナガノシ","town":"鶴賀権堂町","town_kana":"ツルガゴンドウチョウ","prefecture_code":20}],"0863":{"zip_code":"3800863","prefecture":"長野県","prefecture_kana":"ナガノケン","city":"長野市","city_kana":"ナガノシ","town":"栄町","town_kana":"サカエチョウ","prefecture_code":20},"0885":{"zip_code":"3800885","prefecture":"長野県","prefecture_kana":"ナガノケン","city":"長野市","city_kana":"ナガノシ","town":"桜","town_kana":"サクラ","prefecture_code":20},"0862":{"zip_code":"3800862","prefecture":"長野県","prefecture_kana":"ナガノケン","city":"長野市","city_kana":"ナガノシ","town":"桜枝町","town_kana":"サクラエチョウ","prefecture_code":20},"0948":{"zip_code":"3800948","prefecture":"長野県","prefecture_kana":"ナガノケン","city":"長野市","city_kana":"ナガノシ","town":"差出南","town_kana":"サシデミナミ","prefecture_code":20},"0812":[{"zip_code":"3800812","prefecture":"長野県","prefecture_kana":"ナガノケン","city":"長野市","city_kana":"ナガノシ","town":"早苗町","town_kana":"サナエチョウ","prefecture_code":20},{"zip_code":"3800812","prefecture":"長野県","prefecture_kana":"ナガノケン","city":"長野市","city_kana":"ナガノシ","town":"鶴賀早苗町","town_kana":"ツルガサナエチョウ","prefecture_code":20}],"0877":{"zip_code":"3800877","prefecture":"長野県","prefecture_kana":"ナガノケン","city":"長野市","city_kana":"ナガノシ","town":"塩生","town_kana":"ショウブ","prefecture_code":20},"0873":[{"zip_code":"3800873","prefecture":"長野県","prefecture_kana":"ナガノケン","city":"長野市","city_kana":"ナガノシ","town":"新諏訪","town_kana":"シンスワ","prefecture_code":20},{"zip_code":"3800873","prefecture":"長野県","prefecture_kana":"ナガノケン","city":"長野市","city_kana":"ナガノシ","town":"新諏訪町","town_kana":"シンスワチョウ","prefecture_code":20}],"0835":{"zip_code":"3800835","prefecture":"長野県","prefecture_kana":"ナガノケン","city":"長野市","city_kana":"ナガノシ","town":"新田町","town_kana":"シンデンチョウ","prefecture_code":20},"0853":{"zip_code":"3800853","prefecture":"長野県","prefecture_kana":"ナガノケン","city":"長野市","city_kana":"ナガノシ","town":"新町","town_kana":"シンマチ","prefecture_code":20},"0825":{"zip_code":"3800825","prefecture":"長野県","prefecture_kana":"ナガノケン","city":"長野市","city_kana":"ナガノシ","town":"末広町","town_kana":"スエヒロチョウ","prefecture_code":20},"0844":{"zip_code":"3800844","prefecture":"長野県","prefecture_kana":"ナガノケン","city":"長野市","city_kana":"ナガノシ","town":"諏訪町","town_kana":"スワチョウ","prefecture_code":20},"0841":{"zip_code":"3800841","prefecture":"長野県","prefecture_kana":"ナガノケン","city":"長野市","city_kana":"ナガノシ","town":"大門町","town_kana":"ダイモンチョウ","prefecture_code":20},"0884":{"zip_code":"3800884","prefecture":"長野県","prefecture_kana":"ナガノケン","city":"長野市","city_kana":"ナガノシ","town":"鑪","town_kana":"タタラ","prefecture_code":20},"0864":{"zip_code":"3800864","prefecture":"長野県","prefecture_kana":"ナガノケン","city":"長野市","city_kana":"ナガノシ","town":"立町","town_kana":"タツマチ","prefecture_code":20},"0815":[{"zip_code":"3800815","prefecture":"長野県","prefecture_kana":"ナガノケン","city":"長野市","city_kana":"ナガノシ","town":"田町","town_kana":"タマチ","prefecture_code":20},{"zip_code":"3800815","prefecture":"長野県","prefecture_kana":"ナガノケン","city":"長野市","city_kana":"ナガノシ","town":"鶴賀田町","town_kana":"ツルガタマチ","prefecture_code":20}],"0872":{"zip_code":"3800872","prefecture":"長野県","prefecture_kana":"ナガノケン","city":"長野市","city_kana":"ナガノシ","town":"妻科","town_kana":"ツマシナ","prefecture_code":20},"0834":[{"zip_code":"3800834","prefecture":"長野県","prefecture_kana":"ナガノケン","city":"長野市","city_kana":"ナガノシ","town":"鶴賀問御所町","town_kana":"ツルガトイゴショマチ","prefecture_code":20},{"zip_code":"3800834","prefecture":"長野県","prefecture_kana":"ナガノケン","city":"長野市","city_kana":"ナガノシ","town":"問御所町","town_kana":"トイゴショマチ","prefecture_code":20}],"0902":{"zip_code":"3800902","prefecture":"長野県","prefecture_kana":"ナガノケン","city":"長野市","city_kana":"ナガノシ","town":"鶴賀中堰","town_kana":"ツルガナカゼキ","prefecture_code":20},"0906":[{"zip_code":"3800906","prefecture":"長野県","prefecture_kana":"ナガノケン","city":"長野市","city_kana":"ナガノシ","town":"鶴賀七瀬","town_kana":"ツルガナナセ","prefecture_code":20},{"zip_code":"3800906","prefecture":"長野県","prefecture_kana":"ナガノケン","city":"長野市","city_kana":"ナガノシ","town":"七瀬","town_kana":"ナナセ","prefecture_code":20}],"0904":[{"zip_code":"3800904","prefecture":"長野県","prefecture_kana":"ナガノケン","city":"長野市","city_kana":"ナガノシ","town":"鶴賀七瀬中町","town_kana":"ツルガナナセナカマチ","prefecture_code":20},{"zip_code":"3800904","prefecture":"長野県","prefecture_kana":"ナガノケン","city":"長野市","city_kana":"ナガノシ","town":"七瀬中町","town_kana":"ナナセナカマチ","prefecture_code":20}],"0905":[{"zip_code":"3800905","prefecture":"長野県","prefecture_kana":"ナガノケン","city":"長野市","city_kana":"ナガノシ","town":"鶴賀七瀬南部","town_kana":"ツルガナナセナンブ","prefecture_code":20},{"zip_code":"3800905","prefecture":"長野県","prefecture_kana":"ナガノケン","city":"長野市","city_kana":"ナガノシ","town":"七瀬南部","town_kana":"ナナセナンブ","prefecture_code":20}],"0814":[{"zip_code":"3800814","prefecture":"長野県","prefecture_kana":"ナガノケン","city":"長野市","city_kana":"ナガノシ","town":"鶴賀西鶴賀町","town_kana":"ツルガニシツルガマチ","prefecture_code":20},{"zip_code":"3800814","prefecture":"長野県","prefecture_kana":"ナガノケン","city":"長野市","city_kana":"ナガノシ","town":"西鶴賀町","town_kana":"ニシツルガマチ","prefecture_code":20}],"0811":[{"zip_code":"3800811","prefecture":"長野県","prefecture_kana":"ナガノケン","city":"長野市","city_kana":"ナガノシ","town":"鶴賀東鶴賀町","town_kana":"ツルガヒガシツルガマチ","prefecture_code":20},{"zip_code":"3800811","prefecture":"長野県","prefecture_kana":"ナガノケン","city":"長野市","city_kana":"ナガノシ","town":"東鶴賀町","town_kana":"ヒガシツルガマチ","prefecture_code":20}],"0813":[{"zip_code":"3800813","prefecture":"長野県","prefecture_kana":"ナガノケン","city":"長野市","city_kana":"ナガノシ","town":"鶴賀緑町","town_kana":"ツルガミドリチョウ","prefecture_code":20},{"zip_code":"3800813","prefecture":"長野県","prefecture_kana":"ナガノケン","city":"長野市","city_kana":"ナガノシ","town":"緑町","town_kana":"ミドリチョウ","prefecture_code":20}],"0822":[{"zip_code":"3800822","prefecture":"長野県","prefecture_kana":"ナガノケン","city":"長野市","city_kana":"ナガノシ","town":"鶴賀南千歳町","town_kana":"ツルガミナミチトセマチ","prefecture_code":20},{"zip_code":"3800822","prefecture":"長野県","prefecture_kana":"ナガノケン","city":"長野市","city_kana":"ナガノシ","town":"南千歳町","town_kana":"ミナミチトセマチ","prefecture_code":20}],"0903":{"zip_code":"3800903","prefecture":"長野県","prefecture_kana":"ナガノケン","city":"長野市","city_kana":"ナガノシ","town":"鶴賀峰村","town_kana":"ツルガミネムラ","prefecture_code":20},"0882":{"zip_code":"3800882","prefecture":"長野県","prefecture_kana":"ナガノケン","city":"長野市","city_kana":"ナガノシ","town":"富田","town_kana":"トミダ","prefecture_code":20},"0935":{"zip_code":"3800935","prefecture":"長野県","prefecture_kana":"ナガノケン","city":"長野市","city_kana":"ナガノシ","town":"中御所","town_kana":"ナカゴショ","prefecture_code":20},"0934":{"zip_code":"3800934","prefecture":"長野県","prefecture_kana":"ナガノケン","city":"長野市","city_kana":"ナガノシ","town":"中御所町","town_kana":"ナカゴショマチ","prefecture_code":20},"0843":{"zip_code":"3800843","prefecture":"長野県","prefecture_kana":"ナガノケン","city":"長野市","city_kana":"ナガノシ","town":"長門町","town_kana":"ナガトチョウ","prefecture_code":20},"0845":{"zip_code":"3800845","prefecture":"長野県","prefecture_kana":"ナガノケン","city":"長野市","city_kana":"ナガノシ","town":"西後町","town_kana":"ニシゴチョウ","prefecture_code":20},"0871":{"zip_code":"3800871","prefecture":"長野県","prefecture_kana":"ナガノケン","city":"長野市","city_kana":"ナガノシ","town":"西長野町","town_kana":"ニシナガノチョウ","prefecture_code":20},"0857":{"zip_code":"3800857","prefecture":"長野県","prefecture_kana":"ナガノケン","city":"長野市","city_kana":"ナガノシ","town":"西之門町","town_kana":"ニシノモンチョウ","prefecture_code":20},"0842":{"zip_code":"3800842","prefecture":"長野県","prefecture_kana":"ナガノケン","city":"長野市","city_kana":"ナガノシ","town":"西町","town_kana":"ニシマチ","prefecture_code":20},"0801":{"zip_code":"3800801","prefecture":"長野県","prefecture_kana":"ナガノケン","city":"長野市","city_kana":"ナガノシ","town":"箱清水","town_kana":"ハコシミズ","prefecture_code":20},"0865":{"zip_code":"3800865","prefecture":"長野県","prefecture_kana":"ナガノケン","city":"長野市","city_kana":"ナガノシ","town":"花咲町","town_kana":"ハナサキチョウ","prefecture_code":20},"0832":{"zip_code":"3800832","prefecture":"長野県","prefecture_kana":"ナガノケン","city":"長野市","city_kana":"ナガノシ","town":"東後町","town_kana":"ヒガシゴチョウ","prefecture_code":20},"0852":{"zip_code":"3800852","prefecture":"長野県","prefecture_kana":"ナガノケン","city":"長野市","city_kana":"ナガノシ","town":"東之門町","town_kana":"ヒガシノモンチョウ","prefecture_code":20},"0831":{"zip_code":"3800831","prefecture":"長野県","prefecture_kana":"ナガノケン","city":"長野市","city_kana":"ナガノシ","town":"東町","town_kana":"ヒガシマチ","prefecture_code":20},"0947":{"zip_code":"3800947","prefecture":"長野県","prefecture_kana":"ナガノケン","city":"長野市","city_kana":"ナガノシ","town":"平柴","town_kana":"ヒラシバ","prefecture_code":20},"0946":{"zip_code":"3800946","prefecture":"長野県","prefecture_kana":"ナガノケン","city":"長野市","city_kana":"ナガノシ","town":"平柴台","town_kana":"ヒラシバダイ","prefecture_code":20},"0886":{"zip_code":"3800886","prefecture":"長野県","prefecture_kana":"ナガノケン","city":"長野市","city_kana":"ナガノシ","town":"広瀬","town_kana":"ヒロセ","prefecture_code":20},"0836":{"zip_code":"3800836","prefecture":"長野県","prefecture_kana":"ナガノケン","city":"長野市","city_kana":"ナガノシ","town":"南県町","town_kana":"ミナミアガタマチ","prefecture_code":20},"0824":{"zip_code":"3800824","prefecture":"長野県","prefecture_kana":"ナガノケン","city":"長野市","city_kana":"ナガノシ","town":"南石堂町","town_kana":"ミナミイシドウチョウ","prefecture_code":20},"0823":{"zip_code":"3800823","prefecture":"長野県","prefecture_kana":"ナガノケン","city":"長野市","city_kana":"ナガノシ","town":"南千歳","town_kana":"ミナミチトセ","prefecture_code":20},"0837":{"zip_code":"3800837","prefecture":"長野県","prefecture_kana":"ナガノケン","city":"長野市","city_kana":"ナガノシ","town":"南長野幅下","town_kana":"ミナミナガノハバシタ","prefecture_code":20},"0952":{"zip_code":"3800952","prefecture":"長野県","prefecture_kana":"ナガノケン","city":"長野市","city_kana":"ナガノシ","town":"宮沖","town_kana":"ミヤオキ","prefecture_code":20},"0803":{"zip_code":"3800803","prefecture":"長野県","prefecture_kana":"ナガノケン","city":"長野市","city_kana":"ナガノシ","town":"三輪","town_kana":"ミワ","prefecture_code":20},"0816":{"zip_code":"3800816","prefecture":"長野県","prefecture_kana":"ナガノケン","city":"長野市","city_kana":"ナガノシ","town":"三輪田町","town_kana":"ミワタマチ","prefecture_code":20},"0874":{"zip_code":"3800874","prefecture":"長野県","prefecture_kana":"ナガノケン","city":"長野市","city_kana":"ナガノシ","town":"茂菅","town_kana":"モスゲ","prefecture_code":20},"0851":{"zip_code":"3800851","prefecture":"長野県","prefecture_kana":"ナガノケン","city":"長野市","city_kana":"ナガノシ","town":"元善町","town_kana":"モトヨシチョウ","prefecture_code":20},"0805":{"zip_code":"3800805","prefecture":"長野県","prefecture_kana":"ナガノケン","city":"長野市","city_kana":"ナガノシ","town":"柳町","town_kana":"ヤナギマチ","prefecture_code":20},"0876":{"zip_code":"3800876","prefecture":"長野県","prefecture_kana":"ナガノケン","city":"長野市","city_kana":"ナガノシ","town":"山田中","town_kana":"ヤマダナカ","prefecture_code":20},"0861":{"zip_code":"3800861","prefecture":"長野県","prefecture_kana":"ナガノケン","city":"長野市","city_kana":"ナガノシ","town":"横沢町","town_kana":"ヨコサワチョウ","prefecture_code":20},"0856":{"zip_code":"3800856","prefecture":"長野県","prefecture_kana":"ナガノケン","city":"長野市","city_kana":"ナガノシ","town":"横町","town_kana":"ヨコマチ","prefecture_code":20},"0807":{"zip_code":"3800807","prefecture":"長野県","prefecture_kana":"ナガノケン","city":"長野市","city_kana":"ナガノシ","town":"横山","town_kana":"ヨコヤマ","prefecture_code":20},"0806":{"zip_code":"3800806","prefecture":"長野県","prefecture_kana":"ナガノケン","city":"長野市","city_kana":"ナガノシ","town":"淀ケ橋","town_kana":"ヨドガバシ","prefecture_code":20},"0928":{"zip_code":"3800928","prefecture":"長野県","prefecture_kana":"ナガノケン","city":"長野市","city_kana":"ナガノシ","town":"若里","town_kana":"ワカサト","prefecture_code":20},"0847":{"zip_code":"3800847","prefecture":"長野県","prefecture_kana":"ナガノケン","city":"長野市","city_kana":"ナガノシ","town":"若松町","town_kana":"ワカマツチョウ","prefecture_code":20}}