{"0000":{"zip_code":"3820000","prefecture":"長野県","prefecture_kana":"ナガノケン","city":"須坂市","city_kana":"スザカシ","town":"","town_kana":"","prefecture_code":20},"0065":{"zip_code":"3820065","prefecture":"長野県","prefecture_kana":"ナガノケン","city":"須坂市","city_kana":"スザカシ","town":"相之島","town_kana":"アイノシマ","prefecture_code":20},"0003":{"zip_code":"3820003","prefecture":"長野県","prefecture_kana":"ナガノケン","city":"須坂市","city_kana":"スザカシ","town":"旭ケ丘","town_kana":"アサヒガオカ","prefecture_code":20},"0045":{"zip_code":"3820045","prefecture":"長野県","prefecture_kana":"ナガノケン","city":"須坂市","city_kana":"スザカシ","town":"井上","town_kana":"イノウエ","prefecture_code":20},"0017":{"zip_code":"3820017","prefecture":"長野県","prefecture_kana":"ナガノケン","city":"須坂市","city_kana":"スザカシ","town":"相森町","town_kana":"オオモリマチ","prefecture_code":20},"0012":{"zip_code":"3820012","prefecture":"長野県","prefecture_kana":"ナガノケン","city":"須坂市","city_kana":"スザカシ","town":"大谷町","town_kana":"オオヤマチ","prefecture_code":20},"0071":{"zip_code":"3820071","prefecture":"長野県","prefecture_kana":"ナガノケン","city":"須坂市","city_kana":"スザカシ","town":"小河原町","town_kana":"オガワラチョウ","prefecture_code":20},"0025":{"zip_code":"3820025","prefecture":"長野県","prefecture_kana":"ナガノケン","city":"須坂市","city_kana":"スザカシ","town":"大日向町","town_kana":"オビナタマチ","prefecture_code":20},"0083":{"zip_code":"3820083","prefecture":"長野県","prefecture_kana":"ナガノケン","city":"須坂市","city_kana":"スザカシ","town":"上中町","town_kana":"カミナカマチ","prefecture_code":20},"0044":{"zip_code":"3820044","prefecture":"長野県","prefecture_kana":"ナガノケン","city":"須坂市","city_kana":"スザカシ","town":"上八町","town_kana":"カミハッチョウ","prefecture_code":20},"0033":{"zip_code":"3820033","prefecture":"長野県","prefecture_kana":"ナガノケン","city":"須坂市","city_kana":"スザカシ","town":"亀倉町","town_kana":"カメクラチョウ","prefecture_code":20},"0028":{"zip_code":"3820028","prefecture":"長野県","prefecture_kana":"ナガノケン","city":"須坂市","city_kana":"スザカシ","town":"臥竜","town_kana":"ガリュウ","prefecture_code":20},"0084":{"zip_code":"3820084","prefecture":"長野県","prefecture_kana":"ナガノケン","city":"須坂市","city_kana":"スザカシ","town":"上町","town_kana":"カンマチ","prefecture_code":20},"0061":{"zip_code":"3820061","prefecture":"長野県","prefecture_kana":"ナガノケン","city":"須坂市","city_kana":"スザカシ","town":"北相之島町","town_kana":"キタアイノシマチョウ","prefecture_code":20},"0002":{"zip_code":"3820002","prefecture":"長野県","prefecture_kana":"ナガノケン","city":"須坂市","city_kana":"スザカシ","town":"北旭ケ丘町","town_kana":"キタアサヒガオカチョウ","prefecture_code":20},"0092":{"zip_code":"3820092","prefecture":"長野県","prefecture_kana":"ナガノケン","city":"須坂市","city_kana":"スザカシ","town":"北原町","town_kana":"キタハラチョウ","prefecture_code":20},"0077":{"zip_code":"3820077","prefecture":"長野県","prefecture_kana":"ナガノケン","city":"須坂市","city_kana":"スザカシ","town":"北横町","town_kana":"キタヨコマチ","prefecture_code":20},"0048":{"zip_code":"3820048","prefecture":"長野県","prefecture_kana":"ナガノケン","city":"須坂市","city_kana":"スザカシ","town":"九反田町","town_kana":"クタンダマチ","prefecture_code":20},"0047":{"zip_code":"3820047","prefecture":"長野県","prefecture_kana":"ナガノケン","city":"須坂市","city_kana":"スザカシ","town":"幸高町","town_kana":"コウタカマチ","prefecture_code":20},"0053":{"zip_code":"3820053","prefecture":"長野県","prefecture_kana":"ナガノケン","city":"須坂市","city_kana":"スザカシ","town":"五閑町","town_kana":"ゴカンマチ","prefecture_code":20},"0085":{"zip_code":"3820085","prefecture":"長野県","prefecture_kana":"ナガノケン","city":"須坂市","city_kana":"スザカシ","town":"穀町","town_kana":"コクマチ","prefecture_code":20},"0062":{"zip_code":"3820062","prefecture":"長野県","prefecture_kana":"ナガノケン","city":"須坂市","city_kana":"スザカシ","town":"小島町","town_kana":"コジママチ","prefecture_code":20},"0026":{"zip_code":"3820026","prefecture":"長野県","prefecture_kana":"ナガノケン","city":"須坂市","city_kana":"スザカシ","town":"坂田町","town_kana":"サカダマチ","prefecture_code":20},"0052":{"zip_code":"3820052","prefecture":"長野県","prefecture_kana":"ナガノケン","city":"須坂市","city_kana":"スザカシ","town":"塩川町","town_kana":"シオガワマチ","prefecture_code":20},"0024":{"zip_code":"3820024","prefecture":"長野県","prefecture_kana":"ナガノケン","city":"須坂市","city_kana":"スザカシ","town":"塩野町","town_kana":"シオノマチ","prefecture_code":20},"0043":{"zip_code":"3820043","prefecture":"長野県","prefecture_kana":"ナガノケン","city":"須坂市","city_kana":"スザカシ","town":"下八町","town_kana":"シモハッチョウ","prefecture_code":20},"0005":{"zip_code":"3820005","prefecture":"長野県","prefecture_kana":"ナガノケン","city":"須坂市","city_kana":"スザカシ","town":"新田町","town_kana":"シンデンチョウ","prefecture_code":20},"0014":{"zip_code":"3820014","prefecture":"長野県","prefecture_kana":"ナガノケン","city":"須坂市","city_kana":"スザカシ","town":"新町","town_kana":"シンマチ","prefecture_code":20},"0075":{"zip_code":"3820075","prefecture":"長野県","prefecture_kana":"ナガノケン","city":"須坂市","city_kana":"スザカシ","town":"須坂ハイランド町","town_kana":"スザカハイランドマチ","prefecture_code":20},"0099":{"zip_code":"3820099","prefecture":"長野県","prefecture_kana":"ナガノケン","city":"須坂市","city_kana":"スザカシ","town":"墨坂","town_kana":"スミサカ","prefecture_code":20},"0098":{"zip_code":"3820098","prefecture":"長野県","prefecture_kana":"ナガノケン","city":"須坂市","city_kana":"スザカシ","town":"墨坂南","town_kana":"スミサカミナミ","prefecture_code":20},"0015":{"zip_code":"3820015","prefecture":"長野県","prefecture_kana":"ナガノケン","city":"須坂市","city_kana":"スザカシ","town":"太子町","town_kana":"タイシマチ","prefecture_code":20},"0054":{"zip_code":"3820054","prefecture":"長野県","prefecture_kana":"ナガノケン","city":"須坂市","city_kana":"スザカシ","town":"高梨町","town_kana":"タカナシマチ","prefecture_code":20},"0016":{"zip_code":"3820016","prefecture":"長野県","prefecture_kana":"ナガノケン","city":"須坂市","city_kana":"スザカシ","town":"高橋町","town_kana":"タカハシマチ","prefecture_code":20},"0004":{"zip_code":"3820004","prefecture":"長野県","prefecture_kana":"ナガノケン","city":"須坂市","city_kana":"スザカシ","town":"高畑町","town_kana":"タカバタマチ","prefecture_code":20},"0091":{"zip_code":"3820091","prefecture":"長野県","prefecture_kana":"ナガノケン","city":"須坂市","city_kana":"スザカシ","town":"立町","town_kana":"タツマチ","prefecture_code":20},"0073":{"zip_code":"3820073","prefecture":"長野県","prefecture_kana":"ナガノケン","city":"須坂市","city_kana":"スザカシ","town":"田の神町","town_kana":"タノカミマチ","prefecture_code":20},"0013":{"zip_code":"3820013","prefecture":"長野県","prefecture_kana":"ナガノケン","city":"須坂市","city_kana":"スザカシ","town":"常盤町","town_kana":"トキワチョウ","prefecture_code":20},"0022":{"zip_code":"3820022","prefecture":"長野県","prefecture_kana":"ナガノケン","city":"須坂市","city_kana":"スザカシ","town":"豊丘上町","town_kana":"トヨオカカミマチ","prefecture_code":20},"0021":{"zip_code":"3820021","prefecture":"長野県","prefecture_kana":"ナガノケン","city":"須坂市","city_kana":"スザカシ","town":"豊丘町","town_kana":"トヨオカマチ","prefecture_code":20},"0066":{"zip_code":"3820066","prefecture":"長野県","prefecture_kana":"ナガノケン","city":"須坂市","city_kana":"スザカシ","town":"豊島町","town_kana":"トヨシママチ","prefecture_code":20},"0055":{"zip_code":"3820055","prefecture":"長野県","prefecture_kana":"ナガノケン","city":"須坂市","city_kana":"スザカシ","town":"中島町","town_kana":"ナカジママチ","prefecture_code":20},"0082":{"zip_code":"3820082","prefecture":"長野県","prefecture_kana":"ナガノケン","city":"須坂市","city_kana":"スザカシ","town":"中町","town_kana":"ナカマチ","prefecture_code":20},"0032":{"zip_code":"3820032","prefecture":"長野県","prefecture_kana":"ナガノケン","city":"須坂市","city_kana":"スザカシ","town":"夏端町","town_kana":"ナツバタチョウ","prefecture_code":20},"0063":{"zip_code":"3820063","prefecture":"長野県","prefecture_kana":"ナガノケン","city":"須坂市","city_kana":"スザカシ","town":"西町","town_kana":"ニシマチ","prefecture_code":20},"0046":{"zip_code":"3820046","prefecture":"長野県","prefecture_kana":"ナガノケン","city":"須坂市","city_kana":"スザカシ","town":"二睦町","town_kana":"ニボクマチ","prefecture_code":20},"0034":{"zip_code":"3820034","prefecture":"長野県","prefecture_kana":"ナガノケン","city":"須坂市","city_kana":"スザカシ","town":"仁礼町","town_kana":"ニレイマチ","prefecture_code":20},"0064":{"zip_code":"3820064","prefecture":"長野県","prefecture_kana":"ナガノケン","city":"須坂市","city_kana":"スザカシ","town":"沼目町","town_kana":"ヌマメマチ","prefecture_code":20},"0037":{"zip_code":"3820037","prefecture":"長野県","prefecture_kana":"ナガノケン","city":"須坂市","city_kana":"スザカシ","town":"野辺町","town_kana":"ノベマチ","prefecture_code":20},"0076":{"zip_code":"3820076","prefecture":"長野県","prefecture_kana":"ナガノケン","city":"須坂市","city_kana":"スザカシ","town":"馬場町","town_kana":"ババチョウ","prefecture_code":20},"0074":{"zip_code":"3820074","prefecture":"長野県","prefecture_kana":"ナガノケン","city":"須坂市","city_kana":"スザカシ","town":"春木町","town_kana":"ハルキマチ","prefecture_code":20},"0006":{"zip_code":"3820006","prefecture":"長野県","prefecture_kana":"ナガノケン","city":"須坂市","city_kana":"スザカシ","town":"光ケ丘ニュータウン","town_kana":"ヒカリガオカニュータウン","prefecture_code":20},"0087":{"zip_code":"3820087","prefecture":"長野県","prefecture_kana":"ナガノケン","city":"須坂市","city_kana":"スザカシ","town":"東横町","town_kana":"ヒガシヨコマチ","prefecture_code":20},"0056":{"zip_code":"3820056","prefecture":"長野県","prefecture_kana":"ナガノケン","city":"須坂市","city_kana":"スザカシ","town":"福島町","town_kana":"フクジママチ","prefecture_code":20},"0042":{"zip_code":"3820042","prefecture":"長野県","prefecture_kana":"ナガノケン","city":"須坂市","city_kana":"スザカシ","town":"望岳台","town_kana":"ボウガクダイ","prefecture_code":20},"0086":{"zip_code":"3820086","prefecture":"長野県","prefecture_kana":"ナガノケン","city":"須坂市","city_kana":"スザカシ","town":"本上町","town_kana":"ホンカンマチ","prefecture_code":20},"0011":{"zip_code":"3820011","prefecture":"長野県","prefecture_kana":"ナガノケン","city":"須坂市","city_kana":"スザカシ","town":"本郷町","town_kana":"ホンゴウマチ","prefecture_code":20},"0001":{"zip_code":"3820001","prefecture":"長野県","prefecture_kana":"ナガノケン","city":"須坂市","city_kana":"スザカシ","town":"松川町","town_kana":"マツカワマチ","prefecture_code":20},"0072":{"zip_code":"3820072","prefecture":"長野県","prefecture_kana":"ナガノケン","city":"須坂市","city_kana":"スザカシ","town":"南小河原町","town_kana":"ミナミオガワラマチ","prefecture_code":20},"0027":{"zip_code":"3820027","prefecture":"長野県","prefecture_kana":"ナガノケン","city":"須坂市","city_kana":"スザカシ","town":"南原町","town_kana":"ミナミハラマチ","prefecture_code":20},"0097":{"zip_code":"3820097","prefecture":"長野県","prefecture_kana":"ナガノケン","city":"須坂市","city_kana":"スザカシ","town":"南横町","town_kana":"ミナミヨコマチ","prefecture_code":20},"0036":{"zip_code":"3820036","prefecture":"長野県","prefecture_kana":"ナガノケン","city":"須坂市","city_kana":"スザカシ","town":"明徳町","town_kana":"ミョウトクマチ","prefecture_code":20},"0031":{"zip_code":"3820031","prefecture":"長野県","prefecture_kana":"ナガノケン","city":"須坂市","city_kana":"スザカシ","town":"村石町","town_kana":"ムライシマチ","prefecture_code":20},"0057":{"zip_code":"3820057","prefecture":"長野県","prefecture_kana":"ナガノケン","city":"須坂市","city_kana":"スザカシ","town":"村山町","town_kana":"ムラヤママチ","prefecture_code":20},"0051":{"zip_code":"3820051","prefecture":"長野県","prefecture_kana":"ナガノケン","city":"須坂市","city_kana":"スザカシ","town":"八重森町","town_kana":"ヤエモリマチ","prefecture_code":20},"0094":{"zip_code":"3820094","prefecture":"長野県","prefecture_kana":"ナガノケン","city":"須坂市","city_kana":"スザカシ","town":"屋部町","town_kana":"ヤブマチ","prefecture_code":20},"0081":{"zip_code":"3820081","prefecture":"長野県","prefecture_kana":"ナガノケン","city":"須坂市","city_kana":"スザカシ","town":"横町","town_kana":"ヨコマチ","prefecture_code":20},"0023":{"zip_code":"3820023","prefecture":"長野県","prefecture_kana":"ナガノケン","city":"須坂市","city_kana":"スザカシ","town":"米子町","town_kana":"ヨナコマチ","prefecture_code":20},"0041":{"zip_code":"3820041","prefecture":"長野県","prefecture_kana":"ナガノケン","city":"須坂市","city_kana":"スザカシ","town":"米持町","town_kana":"ヨナモチマチ","prefecture_code":20},"0800":{"zip_code":"3820800","prefecture":"長野県","prefecture_kana":"ナガノケン","city":"上高井郡高山村","city_kana":"カミタカイグンタカヤマムラ","town":"","town_kana":"","prefecture_code":20},"0832":{"zip_code":"3820832","prefecture":"長野県","prefecture_kana":"ナガノケン","city":"上高井郡高山村","city_kana":"カミタカイグンタカヤマムラ","town":"赤和","town_kana":"アカワ","prefecture_code":20},"0831":{"zip_code":"3820831","prefecture":"長野県","prefecture_kana":"ナガノケン","city":"上高井郡高山村","city_kana":"カミタカイグンタカヤマムラ","town":"荒井原","town_kana":"アライハラ","prefecture_code":20},"0815":{"zip_code":"3820815","prefecture":"長野県","prefecture_kana":"ナガノケン","city":"上高井郡高山村","city_kana":"カミタカイグンタカヤマムラ","town":"荻久保","town_kana":"オギクボ","prefecture_code":20},"0833":{"zip_code":"3820833","prefecture":"長野県","prefecture_kana":"ナガノケン","city":"上高井郡高山村","city_kana":"カミタカイグンタカヤマムラ","town":"久保","town_kana":"クボ","prefecture_code":20},"0823":{"zip_code":"3820823","prefecture":"長野県","prefecture_kana":"ナガノケン","city":"上高井郡高山村","city_kana":"カミタカイグンタカヤマムラ","town":"黒部","town_kana":"クロベ","prefecture_code":20},"0801":{"zip_code":"3820801","prefecture":"長野県","prefecture_kana":"ナガノケン","city":"上高井郡高山村","city_kana":"カミタカイグンタカヤマムラ","town":"駒場","town_kana":"コマバ","prefecture_code":20},"0836":{"zip_code":"3820836","prefecture":"長野県","prefecture_kana":"ナガノケン","city":"上高井郡高山村","city_kana":"カミタカイグンタカヤマムラ","town":"新堀","town_kana":"シンボリ","prefecture_code":20},"0835":{"zip_code":"3820835","prefecture":"長野県","prefecture_kana":"ナガノケン","city":"上高井郡高山村","city_kana":"カミタカイグンタカヤマムラ","town":"千本松","town_kana":"センボンマツ","prefecture_code":20},"0814":{"zip_code":"3820814","prefecture":"長野県","prefecture_kana":"ナガノケン","city":"上高井郡高山村","city_kana":"カミタカイグンタカヤマムラ","town":"天神原","town_kana":"テンジンバラ","prefecture_code":20},"0804":{"zip_code":"3820804","prefecture":"長野県","prefecture_kana":"ナガノケン","city":"上高井郡高山村","city_kana":"カミタカイグンタカヤマムラ","town":"中原","town_kana":"ナカハラ","prefecture_code":20},"0806":{"zip_code":"3820806","prefecture":"長野県","prefecture_kana":"ナガノケン","city":"上高井郡高山村","city_kana":"カミタカイグンタカヤマムラ","town":"なかひら","town_kana":"ナカヒラ","prefecture_code":20},"0822":{"zip_code":"3820822","prefecture":"長野県","prefecture_kana":"ナガノケン","city":"上高井郡高山村","city_kana":"カミタカイグンタカヤマムラ","town":"福井原","town_kana":"フクイハラ","prefecture_code":20},"0826":{"zip_code":"3820826","prefecture":"長野県","prefecture_kana":"ナガノケン","city":"上高井郡高山村","city_kana":"カミタカイグンタカヤマムラ","town":"二ツ石","town_kana":"フタツイシ","prefecture_code":20},"0837":{"zip_code":"3820837","prefecture":"長野県","prefecture_kana":"ナガノケン","city":"上高井郡高山村","city_kana":"カミタカイグンタカヤマムラ","town":"堀之内","town_kana":"ホリノウチ","prefecture_code":20},"0821":{"zip_code":"3820821","prefecture":"長野県","prefecture_kana":"ナガノケン","city":"上高井郡高山村","city_kana":"カミタカイグンタカヤマムラ","town":"牧","town_kana":"マキ","prefecture_code":20},"0803":{"zip_code":"3820803","prefecture":"長野県","prefecture_kana":"ナガノケン","city":"上高井郡高山村","city_kana":"カミタカイグンタカヤマムラ","town":"桝形","town_kana":"マスガタ","prefecture_code":20},"0827":{"zip_code":"3820827","prefecture":"長野県","prefecture_kana":"ナガノケン","city":"上高井郡高山村","city_kana":"カミタカイグンタカヤマムラ","town":"松南","town_kana":"マツナミ","prefecture_code":20},"0802":{"zip_code":"3820802","prefecture":"長野県","prefecture_kana":"ナガノケン","city":"上高井郡高山村","city_kana":"カミタカイグンタカヤマムラ","town":"松原","town_kana":"マツハラ","prefecture_code":20},"0805":{"zip_code":"3820805","prefecture":"長野県","prefecture_kana":"ナガノケン","city":"上高井郡高山村","city_kana":"カミタカイグンタカヤマムラ","town":"三郷","town_kana":"ミサト","prefecture_code":20},"0834":{"zip_code":"3820834","prefecture":"長野県","prefecture_kana":"ナガノケン","city":"上高井郡高山村","city_kana":"カミタカイグンタカヤマムラ","town":"水中","town_kana":"ミズナカ","prefecture_code":20},"0824":{"zip_code":"3820824","prefecture":"長野県","prefecture_kana":"ナガノケン","city":"上高井郡高山村","city_kana":"カミタカイグンタカヤマムラ","town":"緑ケ丘","town_kana":"ミドリガオカ","prefecture_code":20},"0811":{"zip_code":"3820811","prefecture":"長野県","prefecture_kana":"ナガノケン","city":"上高井郡高山村","city_kana":"カミタカイグンタカヤマムラ","town":"宮関","town_kana":"ミヤセキ","prefecture_code":20},"0825":{"zip_code":"3820825","prefecture":"長野県","prefecture_kana":"ナガノケン","city":"上高井郡高山村","city_kana":"カミタカイグンタカヤマムラ","town":"紫","town_kana":"ムラサキ","prefecture_code":20},"0816":{"zip_code":"3820816","prefecture":"長野県","prefecture_kana":"ナガノケン","city":"上高井郡高山村","city_kana":"カミタカイグンタカヤマムラ","town":"山田温泉","town_kana":"ヤマダオンセン","prefecture_code":20},"0817":{"zip_code":"3820817","prefecture":"長野県","prefecture_kana":"ナガノケン","city":"上高井郡高山村","city_kana":"カミタカイグンタカヤマムラ","town":"山田牧場","town_kana":"ヤマダボクジョウ","prefecture_code":20},"0813":{"zip_code":"3820813","prefecture":"長野県","prefecture_kana":"ナガノケン","city":"上高井郡高山村","city_kana":"カミタカイグンタカヤマムラ","town":"蕨平","town_kana":"ワラビタイラ","prefecture_code":20}}