{"0097":{"zip_code":"3840097","prefecture":"群馬県","prefecture_kana":"グンマケン","city":"吾妻郡嬬恋村","city_kana":"アガツマグンツマゴイムラ","town":"鎌原","town_kana":"カンバラ","prefecture_code":10},"0000":{"zip_code":"3840000","prefecture":"長野県","prefecture_kana":"ナガノケン","city":"小諸市","city_kana":"コモロシ","town":"","town_kana":"","prefecture_code":20},"0025":{"zip_code":"3840025","prefecture":"長野県","prefecture_kana":"ナガノケン","city":"小諸市","city_kana":"コモロシ","town":"相生町","town_kana":"アイオイチョウ","prefecture_code":20},"0011":{"zip_code":"3840011","prefecture":"長野県","prefecture_kana":"ナガノケン","city":"小諸市","city_kana":"コモロシ","town":"赤坂","town_kana":"アカサカ","prefecture_code":20},"0021":{"zip_code":"3840021","prefecture":"長野県","prefecture_kana":"ナガノケン","city":"小諸市","city_kana":"コモロシ","town":"天池","town_kana":"アマイケ","prefecture_code":20},"0062":{"zip_code":"3840062","prefecture":"長野県","prefecture_kana":"ナガノケン","city":"小諸市","city_kana":"コモロシ","town":"荒堀","town_kana":"アラホリ","prefecture_code":20},"0014":{"zip_code":"3840014","prefecture":"長野県","prefecture_kana":"ナガノケン","city":"小諸市","city_kana":"コモロシ","town":"荒町","town_kana":"アラマチ","prefecture_code":20},"0096":{"zip_code":"3840096","prefecture":"長野県","prefecture_kana":"ナガノケン","city":"小諸市","city_kana":"コモロシ","town":"池ノ前","town_kana":"イケノマエ","prefecture_code":20},"0047":{"zip_code":"3840047","prefecture":"長野県","prefecture_kana":"ナガノケン","city":"小諸市","city_kana":"コモロシ","town":"井子","town_kana":"イコ","prefecture_code":20},"0054":{"zip_code":"3840054","prefecture":"長野県","prefecture_kana":"ナガノケン","city":"小諸市","city_kana":"コモロシ","town":"石峠","town_kana":"イシトウゲ","prefecture_code":20},"0083":{"zip_code":"3840083","prefecture":"長野県","prefecture_kana":"ナガノケン","city":"小諸市","city_kana":"コモロシ","town":"市","town_kana":"イチ","prefecture_code":20},"0033":{"zip_code":"3840033","prefecture":"長野県","prefecture_kana":"ナガノケン","city":"小諸市","city_kana":"コモロシ","town":"市町","town_kana":"イチマチ","prefecture_code":20},"0075":{"zip_code":"3840075","prefecture":"長野県","prefecture_kana":"ナガノケン","city":"小諸市","city_kana":"コモロシ","town":"上ノ平","town_kana":"ウエノダイラ","prefecture_code":20},"0042":{"zip_code":"3840042","prefecture":"長野県","prefecture_kana":"ナガノケン","city":"小諸市","city_kana":"コモロシ","town":"後平","town_kana":"ウシロダイラ","prefecture_code":20},"0077":{"zip_code":"3840077","prefecture":"長野県","prefecture_kana":"ナガノケン","city":"小諸市","city_kana":"コモロシ","town":"大杭","town_kana":"オオクイ","prefecture_code":20},"0071":{"zip_code":"3840071","prefecture":"長野県","prefecture_kana":"ナガノケン","city":"小諸市","city_kana":"コモロシ","town":"大久保","town_kana":"オオクボ","prefecture_code":20},"0031":{"zip_code":"3840031","prefecture":"長野県","prefecture_kana":"ナガノケン","city":"小諸市","city_kana":"コモロシ","town":"大手","town_kana":"オオテ","prefecture_code":20},"0037":{"zip_code":"3840037","prefecture":"長野県","prefecture_kana":"ナガノケン","city":"小諸市","city_kana":"コモロシ","town":"押出","town_kana":"オシダシ","prefecture_code":20},"0802":{"zip_code":"3840802","prefecture":"長野県","prefecture_kana":"ナガノケン","city":"小諸市","city_kana":"コモロシ","town":"乙","town_kana":"オツ","prefecture_code":20},"0004":{"zip_code":"3840004","prefecture":"長野県","prefecture_kana":"ナガノケン","city":"小諸市","city_kana":"コモロシ","town":"乙女","town_kana":"オトメ","prefecture_code":20},"0055":{"zip_code":"3840055","prefecture":"長野県","prefecture_kana":"ナガノケン","city":"小諸市","city_kana":"コモロシ","town":"柏木","town_kana":"カシワギ","prefecture_code":20},"0061":{"zip_code":"3840061","prefecture":"長野県","prefecture_kana":"ナガノケン","city":"小諸市","city_kana":"コモロシ","town":"加増","town_kana":"カマス","prefecture_code":20},"0002":{"zip_code":"3840002","prefecture":"長野県","prefecture_kana":"ナガノケン","city":"小諸市","city_kana":"コモロシ","town":"唐松","town_kana":"カラマツ","prefecture_code":20},"0805":{"zip_code":"3840805","prefecture":"長野県","prefecture_kana":"ナガノケン","city":"小諸市","city_kana":"コモロシ","town":"己","town_kana":"キ","prefecture_code":20},"0076":{"zip_code":"3840076","prefecture":"長野県","prefecture_kana":"ナガノケン","city":"小諸市","city_kana":"コモロシ","town":"久保","town_kana":"クボ","prefecture_code":20},"0024":{"zip_code":"3840024","prefecture":"長野県","prefecture_kana":"ナガノケン","city":"小諸市","city_kana":"コモロシ","town":"熊ノ堂","town_kana":"クマノドウ","prefecture_code":20},"0801":{"zip_code":"3840801","prefecture":"長野県","prefecture_kana":"ナガノケン","city":"小諸市","city_kana":"コモロシ","town":"甲","town_kana":"コウ","prefecture_code":20},"0032":{"zip_code":"3840032","prefecture":"長野県","prefecture_kana":"ナガノケン","city":"小諸市","city_kana":"コモロシ","town":"古城","town_kana":"コジョウ","prefecture_code":20},"0001":{"zip_code":"3840001","prefecture":"長野県","prefecture_kana":"ナガノケン","city":"小諸市","city_kana":"コモロシ","town":"小原","town_kana":"コバラ","prefecture_code":20},"0015":{"zip_code":"3840015","prefecture":"長野県","prefecture_kana":"ナガノケン","city":"小諸市","city_kana":"コモロシ","town":"紺屋町","town_kana":"コンヤマチ","prefecture_code":20},"0018":{"zip_code":"3840018","prefecture":"長野県","prefecture_kana":"ナガノケン","city":"小諸市","city_kana":"コモロシ","town":"坂ノ上","town_kana":"サカノウエ","prefecture_code":20},"0806":{"zip_code":"3840806","prefecture":"長野県","prefecture_kana":"ナガノケン","city":"小諸市","city_kana":"コモロシ","town":"塩野","town_kana":"シオノ","prefecture_code":20},"0809":{"zip_code":"3840809","prefecture":"長野県","prefecture_kana":"ナガノケン","city":"小諸市","city_kana":"コモロシ","town":"滋野甲","town_kana":"シゲノコウ","prefecture_code":20},"0023":{"zip_code":"3840023","prefecture":"長野県","prefecture_kana":"ナガノケン","city":"小諸市","city_kana":"コモロシ","town":"東雲","town_kana":"シノノメ","prefecture_code":20},"0046":{"zip_code":"3840046","prefecture":"長野県","prefecture_kana":"ナガノケン","city":"小諸市","city_kana":"コモロシ","town":"芝生田","town_kana":"シボウタ","prefecture_code":20},"0034":{"zip_code":"3840034","prefecture":"長野県","prefecture_kana":"ナガノケン","city":"小諸市","city_kana":"コモロシ","town":"新町","town_kana":"シンマチ","prefecture_code":20},"0082":{"zip_code":"3840082","prefecture":"長野県","prefecture_kana":"ナガノケン","city":"小諸市","city_kana":"コモロシ","town":"諏訪山","town_kana":"スワヤマ","prefecture_code":20},"0045":{"zip_code":"3840045","prefecture":"長野県","prefecture_kana":"ナガノケン","city":"小諸市","city_kana":"コモロシ","town":"滝原","town_kana":"タキバラ","prefecture_code":20},"0028":{"zip_code":"3840028","prefecture":"長野県","prefecture_kana":"ナガノケン","city":"小諸市","city_kana":"コモロシ","town":"田町","town_kana":"タマチ","prefecture_code":20},"0007":{"zip_code":"3840007","prefecture":"長野県","prefecture_kana":"ナガノケン","city":"小諸市","city_kana":"コモロシ","town":"鶴巻","town_kana":"ツルマキ","prefecture_code":20},"0804":{"zip_code":"3840804","prefecture":"長野県","prefecture_kana":"ナガノケン","city":"小諸市","city_kana":"コモロシ","town":"丁","town_kana":"テイ","prefecture_code":20},"0072":{"zip_code":"3840072","prefecture":"長野県","prefecture_kana":"ナガノケン","city":"小諸市","city_kana":"コモロシ","town":"鴇久保","town_kana":"トキクボ","prefecture_code":20},"0038":{"zip_code":"3840038","prefecture":"長野県","prefecture_kana":"ナガノケン","city":"小諸市","city_kana":"コモロシ","town":"栃木","town_kana":"トチギ","prefecture_code":20},"0074":{"zip_code":"3840074","prefecture":"長野県","prefecture_kana":"ナガノケン","city":"小諸市","city_kana":"コモロシ","town":"西浦","town_kana":"ニシウラ","prefecture_code":20},"0044":{"zip_code":"3840044","prefecture":"長野県","prefecture_kana":"ナガノケン","city":"小諸市","city_kana":"コモロシ","town":"西原","town_kana":"ニシバラ","prefecture_code":20},"0048":{"zip_code":"3840048","prefecture":"長野県","prefecture_kana":"ナガノケン","city":"小諸市","city_kana":"コモロシ","town":"糠地","town_kana":"ヌカチ","prefecture_code":20},"0064":{"zip_code":"3840064","prefecture":"長野県","prefecture_kana":"ナガノケン","city":"小諸市","city_kana":"コモロシ","town":"乗瀬","town_kana":"ノリセ","prefecture_code":20},"0051":{"zip_code":"3840051","prefecture":"長野県","prefecture_kana":"ナガノケン","city":"小諸市","city_kana":"コモロシ","town":"八満","town_kana":"ハチマン","prefecture_code":20},"0016":{"zip_code":"3840016","prefecture":"長野県","prefecture_kana":"ナガノケン","city":"小諸市","city_kana":"コモロシ","town":"八幡町","town_kana":"ハチマンチョウ","prefecture_code":20},"0052":{"zip_code":"3840052","prefecture":"長野県","prefecture_kana":"ナガノケン","city":"小諸市","city_kana":"コモロシ","town":"東区","town_kana":"ヒガシク","prefecture_code":20},"0008":{"zip_code":"3840008","prefecture":"長野県","prefecture_kana":"ナガノケン","city":"小諸市","city_kana":"コモロシ","town":"東小諸","town_kana":"ヒガシコモロ","prefecture_code":20},"0003":{"zip_code":"3840003","prefecture":"長野県","prefecture_kana":"ナガノケン","city":"小諸市","city_kana":"コモロシ","town":"東山","town_kana":"ヒガシヤマ","prefecture_code":20},"0041":{"zip_code":"3840041","prefecture":"長野県","prefecture_kana":"ナガノケン","city":"小諸市","city_kana":"コモロシ","town":"菱平","town_kana":"ヒシダイラ","prefecture_code":20},"0094":{"zip_code":"3840094","prefecture":"長野県","prefecture_kana":"ナガノケン","city":"小諸市","city_kana":"コモロシ","town":"一ツ谷","town_kana":"ヒトツヤ","prefecture_code":20},"0065":{"zip_code":"3840065","prefecture":"長野県","prefecture_kana":"ナガノケン","city":"小諸市","city_kana":"コモロシ","town":"ひばりケ丘","town_kana":"ヒバリガオカ","prefecture_code":20},"0092":{"zip_code":"3840092","prefecture":"長野県","prefecture_kana":"ナガノケン","city":"小諸市","city_kana":"コモロシ","town":"平原","town_kana":"ヒラハラ","prefecture_code":20},"0053":{"zip_code":"3840053","prefecture":"長野県","prefecture_kana":"ナガノケン","city":"小諸市","city_kana":"コモロシ","town":"藤塚","town_kana":"フジツカ","prefecture_code":20},"0036":{"zip_code":"3840036","prefecture":"長野県","prefecture_kana":"ナガノケン","city":"小諸市","city_kana":"コモロシ","town":"富士見平","town_kana":"フジミダイラ","prefecture_code":20},"0803":{"zip_code":"3840803","prefecture":"長野県","prefecture_kana":"ナガノケン","city":"小諸市","city_kana":"コモロシ","town":"丙","town_kana":"ヘイ","prefecture_code":20},"0026":{"zip_code":"3840026","prefecture":"長野県","prefecture_kana":"ナガノケン","city":"小諸市","city_kana":"コモロシ","town":"本町","town_kana":"ホンマチ","prefecture_code":20},"0022":{"zip_code":"3840022","prefecture":"長野県","prefecture_kana":"ナガノケン","city":"小諸市","city_kana":"コモロシ","town":"松井","town_kana":"マツイ","prefecture_code":20},"0091":{"zip_code":"3840091","prefecture":"長野県","prefecture_kana":"ナガノケン","city":"小諸市","city_kana":"コモロシ","town":"御影","town_kana":"ミカゲ","prefecture_code":20},"0808":{"zip_code":"3840808","prefecture":"長野県","prefecture_kana":"ナガノケン","city":"小諸市","city_kana":"コモロシ","town":"御影新田","town_kana":"ミカゲシンデン","prefecture_code":20},"0017":{"zip_code":"3840017","prefecture":"長野県","prefecture_kana":"ナガノケン","city":"小諸市","city_kana":"コモロシ","town":"三和","town_kana":"ミツワ","prefecture_code":20},"0013":{"zip_code":"3840013","prefecture":"長野県","prefecture_kana":"ナガノケン","city":"小諸市","city_kana":"コモロシ","town":"緑ケ丘","town_kana":"ミドリガオカ","prefecture_code":20},"0063":{"zip_code":"3840063","prefecture":"長野県","prefecture_kana":"ナガノケン","city":"小諸市","city_kana":"コモロシ","town":"南ケ原","town_kana":"ミナミガハラ","prefecture_code":20},"0012":{"zip_code":"3840012","prefecture":"長野県","prefecture_kana":"ナガノケン","city":"小諸市","city_kana":"コモロシ","town":"南町","town_kana":"ミナミチョウ","prefecture_code":20},"0081":{"zip_code":"3840081","prefecture":"長野県","prefecture_kana":"ナガノケン","city":"小諸市","city_kana":"コモロシ","town":"御牧ケ原","town_kana":"ミマキガハラ","prefecture_code":20},"0084":{"zip_code":"3840084","prefecture":"長野県","prefecture_kana":"ナガノケン","city":"小諸市","city_kana":"コモロシ","town":"耳取","town_kana":"ミミトリ","prefecture_code":20},"0078":{"zip_code":"3840078","prefecture":"長野県","prefecture_kana":"ナガノケン","city":"小諸市","city_kana":"コモロシ","town":"宮沢","town_kana":"ミヤザワ","prefecture_code":20},"0005":{"zip_code":"3840005","prefecture":"長野県","prefecture_kana":"ナガノケン","city":"小諸市","city_kana":"コモロシ","town":"御幸町","town_kana":"ミユキチョウ","prefecture_code":20},"0085":{"zip_code":"3840085","prefecture":"長野県","prefecture_kana":"ナガノケン","city":"小諸市","city_kana":"コモロシ","town":"森山","town_kana":"モリヤマ","prefecture_code":20},"0043":{"zip_code":"3840043","prefecture":"長野県","prefecture_kana":"ナガノケン","city":"小諸市","city_kana":"コモロシ","town":"諸","town_kana":"モロ","prefecture_code":20},"0095":{"zip_code":"3840095","prefecture":"長野県","prefecture_kana":"ナガノケン","city":"小諸市","city_kana":"コモロシ","town":"谷地原","town_kana":"ヤチハラ","prefecture_code":20},"0807":{"zip_code":"3840807","prefecture":"長野県","prefecture_kana":"ナガノケン","city":"小諸市","city_kana":"コモロシ","town":"山浦","town_kana":"ヤマウラ","prefecture_code":20},"0056":{"zip_code":"3840056","prefecture":"長野県","prefecture_kana":"ナガノケン","city":"小諸市","city_kana":"コモロシ","town":"四ツ谷","town_kana":"ヨツヤ","prefecture_code":20},"0006":{"zip_code":"3840006","prefecture":"長野県","prefecture_kana":"ナガノケン","city":"小諸市","city_kana":"コモロシ","town":"与良町","town_kana":"ヨラマチ","prefecture_code":20},"0035":{"zip_code":"3840035","prefecture":"長野県","prefecture_kana":"ナガノケン","city":"小諸市","city_kana":"コモロシ","town":"両神","town_kana":"リョウジン","prefecture_code":20},"0027":{"zip_code":"3840027","prefecture":"長野県","prefecture_kana":"ナガノケン","city":"小諸市","city_kana":"コモロシ","town":"六供","town_kana":"ロック","prefecture_code":20},"0093":{"zip_code":"3840093","prefecture":"長野県","prefecture_kana":"ナガノケン","city":"小諸市","city_kana":"コモロシ","town":"和田","town_kana":"ワダ","prefecture_code":20},"0621":{"zip_code":"3840621","prefecture":"長野県","prefecture_kana":"ナガノケン","city":"佐久市","city_kana":"サクシ","town":"入澤","town_kana":"イリサワ","prefecture_code":20},"2201":{"zip_code":"3842201","prefecture":"長野県","prefecture_kana":"ナガノケン","city":"佐久市","city_kana":"サクシ","town":"印内","town_kana":"インナイ","prefecture_code":20},"0301":{"zip_code":"3840301","prefecture":"長野県","prefecture_kana":"ナガノケン","city":"佐久市","city_kana":"サクシ","town":"臼田","town_kana":"ウスダ","prefecture_code":20},"2205":{"zip_code":"3842205","prefecture":"長野県","prefecture_kana":"ナガノケン","city":"佐久市","city_kana":"サクシ","town":"春日","town_kana":"カスガ","prefecture_code":20},"0302":{"zip_code":"3840302","prefecture":"長野県","prefecture_kana":"ナガノケン","city":"佐久市","city_kana":"サクシ","town":"勝間","town_kana":"カツマ","prefecture_code":20},"0306":{"zip_code":"3840306","prefecture":"長野県","prefecture_kana":"ナガノケン","city":"佐久市","city_kana":"サクシ","town":"上小田切","town_kana":"カミオタギリ","prefecture_code":20},"0304":{"zip_code":"3840304","prefecture":"長野県","prefecture_kana":"ナガノケン","city":"佐久市","city_kana":"サクシ","town":"北川","town_kana":"キタガワ","prefecture_code":20},"2204":{"zip_code":"3842204","prefecture":"長野県","prefecture_kana":"ナガノケン","city":"佐久市","city_kana":"サクシ","town":"協和","town_kana":"キョウワ","prefecture_code":20},"0411":{"zip_code":"3840411","prefecture":"長野県","prefecture_kana":"ナガノケン","city":"佐久市","city_kana":"サクシ","town":"清川","town_kana":"キヨカワ","prefecture_code":20},"2101":{"zip_code":"3842101","prefecture":"長野県","prefecture_kana":"ナガノケン","city":"佐久市","city_kana":"サクシ","town":"桑山","town_kana":"クワヤマ","prefecture_code":20},"2104":{"zip_code":"3842104","prefecture":"長野県","prefecture_kana":"ナガノケン","city":"佐久市","city_kana":"サクシ","town":"甲","town_kana":"コウ","prefecture_code":20},"2102":{"zip_code":"3842102","prefecture":"長野県","prefecture_kana":"ナガノケン","city":"佐久市","city_kana":"サクシ","town":"塩名田","town_kana":"シオナダ","prefecture_code":20},"0303":{"zip_code":"3840303","prefecture":"長野県","prefecture_kana":"ナガノケン","city":"佐久市","city_kana":"サクシ","town":"下小田切","town_kana":"シモオタギリ","prefecture_code":20},"0414":{"zip_code":"3840414","prefecture":"長野県","prefecture_kana":"ナガノケン","city":"佐久市","city_kana":"サクシ","town":"下越","town_kana":"シモゴエ","prefecture_code":20},"0412":{"zip_code":"3840412","prefecture":"長野県","prefecture_kana":"ナガノケン","city":"佐久市","city_kana":"サクシ","town":"田口","town_kana":"タグチ","prefecture_code":20},"0305":{"zip_code":"3840305","prefecture":"長野県","prefecture_kana":"ナガノケン","city":"佐久市","city_kana":"サクシ","town":"中小田切","town_kana":"ナカオタギリ","prefecture_code":20},"0622":{"zip_code":"3840622","prefecture":"長野県","prefecture_kana":"ナガノケン","city":"佐久市","city_kana":"サクシ","town":"平林","town_kana":"ヒラバヤシ","prefecture_code":20},"2203":{"zip_code":"3842203","prefecture":"長野県","prefecture_kana":"ナガノケン","city":"佐久市","city_kana":"サクシ","town":"布施","town_kana":"フセ","prefecture_code":20},"0413":{"zip_code":"3840413","prefecture":"長野県","prefecture_kana":"ナガノケン","city":"佐久市","city_kana":"サクシ","town":"三分","town_kana":"ミブン","prefecture_code":20},"2103":{"zip_code":"3842103","prefecture":"長野県","prefecture_kana":"ナガノケン","city":"佐久市","city_kana":"サクシ","town":"御馬寄","town_kana":"ミマヨセ","prefecture_code":20},"2206":{"zip_code":"3842206","prefecture":"長野県","prefecture_kana":"ナガノケン","city":"佐久市","city_kana":"サクシ","town":"茂田井","town_kana":"モタイ","prefecture_code":20},"2202":{"zip_code":"3842202","prefecture":"長野県","prefecture_kana":"ナガノケン","city":"佐久市","city_kana":"サクシ","town":"望月","town_kana":"モチヅキ","prefecture_code":20},"2105":{"zip_code":"3842105","prefecture":"長野県","prefecture_kana":"ナガノケン","city":"佐久市","city_kana":"サクシ","town":"矢嶋","town_kana":"ヤシマ","prefecture_code":20},"2106":{"zip_code":"3842106","prefecture":"長野県","prefecture_kana":"ナガノケン","city":"佐久市","city_kana":"サクシ","town":"八幡","town_kana":"ヤワタ","prefecture_code":20},"0307":{"zip_code":"3840307","prefecture":"長野県","prefecture_kana":"ナガノケン","city":"佐久市","city_kana":"サクシ","town":"湯原","town_kana":"ユハラ","prefecture_code":20},"2107":{"zip_code":"3842107","prefecture":"長野県","prefecture_kana":"ナガノケン","city":"佐久市","city_kana":"サクシ","town":"蓬田","town_kana":"ヨモギダ","prefecture_code":20},"1100":{"zip_code":"3841100","prefecture":"長野県","prefecture_kana":"ナガノケン","city":"南佐久郡小海町","city_kana":"ミナミサクグンコウミマチ","town":"","town_kana":"","prefecture_code":20},"1104":{"zip_code":"3841104","prefecture":"長野県","prefecture_kana":"ナガノケン","city":"南佐久郡小海町","city_kana":"ミナミサクグンコウミマチ","town":"稲子","town_kana":"イナコ","prefecture_code":20},"1102":{"zip_code":"3841102","prefecture":"長野県","prefecture_kana":"ナガノケン","city":"南佐久郡小海町","city_kana":"ミナミサクグンコウミマチ","town":"小海","town_kana":"コウミ","prefecture_code":20},"1105":{"zip_code":"3841105","prefecture":"長野県","prefecture_kana":"ナガノケン","city":"南佐久郡小海町","city_kana":"ミナミサクグンコウミマチ","town":"千代里","town_kana":"チヨサト","prefecture_code":20},"1103":{"zip_code":"3841103","prefecture":"長野県","prefecture_kana":"ナガノケン","city":"南佐久郡小海町","city_kana":"ミナミサクグンコウミマチ","town":"豊里","town_kana":"トヨサト","prefecture_code":20},"1101":{"zip_code":"3841101","prefecture":"長野県","prefecture_kana":"ナガノケン","city":"南佐久郡小海町","city_kana":"ミナミサクグンコウミマチ","town":"東馬流","town_kana":"ヒガシマナガシ","prefecture_code":20},"1400":{"zip_code":"3841400","prefecture":"長野県","prefecture_kana":"ナガノケン","city":"南佐久郡川上村","city_kana":"ミナミサクグンカワカミムラ","town":"","town_kana":"","prefecture_code":20},"1403":{"zip_code":"3841403","prefecture":"長野県","prefecture_kana":"ナガノケン","city":"南佐久郡川上村","city_kana":"ミナミサクグンカワカミムラ","town":"秋山","town_kana":"アキヤマ","prefecture_code":20},"1402":{"zip_code":"3841402","prefecture":"長野県","prefecture_kana":"ナガノケン","city":"南佐久郡川上村","city_kana":"ミナミサクグンカワカミムラ","town":"梓山","town_kana":"アズサヤマ","prefecture_code":20},"1404":{"zip_code":"3841404","prefecture":"長野県","prefecture_kana":"ナガノケン","city":"南佐久郡川上村","city_kana":"ミナミサクグンカワカミムラ","town":"居倉","town_kana":"イグラ","prefecture_code":20},"1405":{"zip_code":"3841405","prefecture":"長野県","prefecture_kana":"ナガノケン","city":"南佐久郡川上村","city_kana":"ミナミサクグンカワカミムラ","town":"大深山","town_kana":"オオミヤマ","prefecture_code":20},"1401":{"zip_code":"3841401","prefecture":"長野県","prefecture_kana":"ナガノケン","city":"南佐久郡川上村","city_kana":"ミナミサクグンカワカミムラ","town":"川端下","town_kana":"カワハケ","prefecture_code":20},"1407":{"zip_code":"3841407","prefecture":"長野県","prefecture_kana":"ナガノケン","city":"南佐久郡川上村","city_kana":"ミナミサクグンカワカミムラ","town":"御所平","town_kana":"ゴショダイラ","prefecture_code":20},"1406":{"zip_code":"3841406","prefecture":"長野県","prefecture_kana":"ナガノケン","city":"南佐久郡川上村","city_kana":"ミナミサクグンカワカミムラ","town":"原","town_kana":"ハラ","prefecture_code":20},"1408":{"zip_code":"3841408","prefecture":"長野県","prefecture_kana":"ナガノケン","city":"南佐久郡川上村","city_kana":"ミナミサクグンカワカミムラ","town":"樋沢","town_kana":"ヒサワ","prefecture_code":20},"1300":{"zip_code":"3841300","prefecture":"長野県","prefecture_kana":"ナガノケン","city":"南佐久郡南牧村","city_kana":"ミナミサクグンミナミマキムラ","town":"","town_kana":"","prefecture_code":20},"1304":{"zip_code":"3841304","prefecture":"長野県","prefecture_kana":"ナガノケン","city":"南佐久郡南牧村","city_kana":"ミナミサクグンミナミマキムラ","town":"板橋","town_kana":"イタバシ","prefecture_code":20},"1301":{"zip_code":"3841301","prefecture":"長野県","prefecture_kana":"ナガノケン","city":"南佐久郡南牧村","city_kana":"ミナミサクグンミナミマキムラ","town":"海尻","town_kana":"ウミジリ","prefecture_code":20},"1302":{"zip_code":"3841302","prefecture":"長野県","prefecture_kana":"ナガノケン","city":"南佐久郡南牧村","city_kana":"ミナミサクグンミナミマキムラ","town":"海ノ口","town_kana":"ウミノクチ","prefecture_code":20},"1305":{"zip_code":"3841305","prefecture":"長野県","prefecture_kana":"ナガノケン","city":"南佐久郡南牧村","city_kana":"ミナミサクグンミナミマキムラ","town":"野辺山","town_kana":"ノベヤマ","prefecture_code":20},"1306":{"zip_code":"3841306","prefecture":"長野県","prefecture_kana":"ナガノケン","city":"南佐久郡南牧村","city_kana":"ミナミサクグンミナミマキムラ","town":"平沢","town_kana":"ヒラサワ","prefecture_code":20},"1303":{"zip_code":"3841303","prefecture":"長野県","prefecture_kana":"ナガノケン","city":"南佐久郡南牧村","city_kana":"ミナミサクグンミナミマキムラ","town":"広瀬","town_kana":"ヒロセ","prefecture_code":20},"1211":{"zip_code":"3841211","prefecture":"長野県","prefecture_kana":"ナガノケン","city":"南佐久郡南相木村","city_kana":"ミナミサクグンミナミアイキムラ","town":"南相木村一円","town_kana":"ミナミアイキムライチエン","prefecture_code":20},"1201":{"zip_code":"3841201","prefecture":"長野県","prefecture_kana":"ナガノケン","city":"南佐久郡北相木村","city_kana":"ミナミサクグンキタアイキムラ","town":"北相木村一円","town_kana":"キタアイキムライチエン","prefecture_code":20},"0600":{"zip_code":"3840600","prefecture":"長野県","prefecture_kana":"ナガノケン","city":"南佐久郡佐久穂町","city_kana":"ミナミサクグンサクホマチ","town":"","town_kana":"","prefecture_code":20},"0502":{"zip_code":"3840502","prefecture":"長野県","prefecture_kana":"ナガノケン","city":"南佐久郡佐久穂町","city_kana":"ミナミサクグンサクホマチ","town":"大日向","town_kana":"オオヒナタ","prefecture_code":20},"0503":{"zip_code":"3840503","prefecture":"長野県","prefecture_kana":"ナガノケン","city":"南佐久郡佐久穂町","city_kana":"ミナミサクグンサクホマチ","town":"海瀬","town_kana":"カイゼ","prefecture_code":20},"0614":{"zip_code":"3840614","prefecture":"長野県","prefecture_kana":"ナガノケン","city":"南佐久郡佐久穂町","city_kana":"ミナミサクグンサクホマチ","town":"上","town_kana":"カミ","prefecture_code":20},"0613":{"zip_code":"3840613","prefecture":"長野県","prefecture_kana":"ナガノケン","city":"南佐久郡佐久穂町","city_kana":"ミナミサクグンサクホマチ","town":"高野町","town_kana":"タカノマチ","prefecture_code":20},"0703":{"zip_code":"3840703","prefecture":"長野県","prefecture_kana":"ナガノケン","city":"南佐久郡佐久穂町","city_kana":"ミナミサクグンサクホマチ","town":"千代里","town_kana":"チヨサト","prefecture_code":20},"0701":{"zip_code":"3840701","prefecture":"長野県","prefecture_kana":"ナガノケン","city":"南佐久郡佐久穂町","city_kana":"ミナミサクグンサクホマチ","town":"畑","town_kana":"ハタ","prefecture_code":20},"0611":{"zip_code":"3840611","prefecture":"長野県","prefecture_kana":"ナガノケン","city":"南佐久郡佐久穂町","city_kana":"ミナミサクグンサクホマチ","town":"平林","town_kana":"ヒラバヤシ","prefecture_code":20},"0702":{"zip_code":"3840702","prefecture":"長野県","prefecture_kana":"ナガノケン","city":"南佐久郡佐久穂町","city_kana":"ミナミサクグンサクホマチ","town":"穂積","town_kana":"ホヅミ","prefecture_code":20},"0704":{"zip_code":"3840704","prefecture":"長野県","prefecture_kana":"ナガノケン","city":"南佐久郡佐久穂町","city_kana":"ミナミサクグンサクホマチ","town":"八郡","town_kana":"ヤコオリ","prefecture_code":20},"0612":{"zip_code":"3840612","prefecture":"長野県","prefecture_kana":"ナガノケン","city":"南佐久郡佐久穂町","city_kana":"ミナミサクグンサクホマチ","town":"宿岩","town_kana":"ヤドイワ","prefecture_code":20},"0501":{"zip_code":"3840501","prefecture":"長野県","prefecture_kana":"ナガノケン","city":"南佐久郡佐久穂町","city_kana":"ミナミサクグンサクホマチ","town":"余地","town_kana":"ヨジ","prefecture_code":20},"2300":{"zip_code":"3842300","prefecture":"長野県","prefecture_kana":"ナガノケン","city":"北佐久郡立科町","city_kana":"キタサクグンタテシナマチ","town":"","town_kana":"","prefecture_code":20},"2305":{"zip_code":"3842305","prefecture":"長野県","prefecture_kana":"ナガノケン","city":"北佐久郡立科町","city_kana":"キタサクグンタテシナマチ","town":"芦田","town_kana":"アシダ","prefecture_code":20},"2309":{"zip_code":"3842309","prefecture":"長野県","prefecture_kana":"ナガノケン","city":"北佐久郡立科町","city_kana":"キタサクグンタテシナマチ","town":"芦田八ケ野","town_kana":"アシダハツカノ","prefecture_code":20},"2308":{"zip_code":"3842308","prefecture":"長野県","prefecture_kana":"ナガノケン","city":"北佐久郡立科町","city_kana":"キタサクグンタテシナマチ","town":"牛鹿","town_kana":"ウシロク","prefecture_code":20},"2306":{"zip_code":"3842306","prefecture":"長野県","prefecture_kana":"ナガノケン","city":"北佐久郡立科町","city_kana":"キタサクグンタテシナマチ","town":"宇山","town_kana":"ウヤマ","prefecture_code":20},"2301":{"zip_code":"3842301","prefecture":"長野県","prefecture_kana":"ナガノケン","city":"北佐久郡立科町","city_kana":"キタサクグンタテシナマチ","town":"桐原","town_kana":"キリハラ","prefecture_code":20},"2303":{"zip_code":"3842303","prefecture":"長野県","prefecture_kana":"ナガノケン","city":"北佐久郡立科町","city_kana":"キタサクグンタテシナマチ","town":"塩沢","town_kana":"シオサワ","prefecture_code":20},"2302":{"zip_code":"3842302","prefecture":"長野県","prefecture_kana":"ナガノケン","city":"北佐久郡立科町","city_kana":"キタサクグンタテシナマチ","town":"藤沢","town_kana":"フジサワ","prefecture_code":20},"2304":{"zip_code":"3842304","prefecture":"長野県","prefecture_kana":"ナガノケン","city":"北佐久郡立科町","city_kana":"キタサクグンタテシナマチ","town":"「土遠」）","town_kana":"<ドトオ>)","prefecture_code":20},"2211":{"zip_code":"3842211","prefecture":"長野県","prefecture_kana":"ナガノケン","city":"北佐久郡立科町","city_kana":"キタサクグンタテシナマチ","town":"茂田井","town_kana":"モタイ","prefecture_code":20},"2307":{"zip_code":"3842307","prefecture":"長野県","prefecture_kana":"ナガノケン","city":"北佐久郡立科町","city_kana":"キタサクグンタテシナマチ","town":"山部","town_kana":"ヤマベ","prefecture_code":20}}