{"0000":{"zip_code":"3870000","prefecture":"長野県","prefecture_kana":"ナガノケン","city":"千曲市","city_kana":"チクマシ","town":"","town_kana":"","prefecture_code":20},"0001":{"zip_code":"3870001","prefecture":"長野県","prefecture_kana":"ナガノケン","city":"千曲市","city_kana":"チクマシ","town":"雨宮","town_kana":"アメノミヤ","prefecture_code":20},"0006":{"zip_code":"3870006","prefecture":"長野県","prefecture_kana":"ナガノケン","city":"千曲市","city_kana":"チクマシ","town":"粟佐","town_kana":"アワサ","prefecture_code":20},"0003":{"zip_code":"3870003","prefecture":"長野県","prefecture_kana":"ナガノケン","city":"千曲市","city_kana":"チクマシ","town":"生萱","town_kana":"イキガヤ","prefecture_code":20},"0021":{"zip_code":"3870021","prefecture":"長野県","prefecture_kana":"ナガノケン","city":"千曲市","city_kana":"チクマシ","town":"稲荷山","town_kana":"イナリヤマ","prefecture_code":20},"0015":{"zip_code":"3870015","prefecture":"長野県","prefecture_kana":"ナガノケン","city":"千曲市","city_kana":"チクマシ","town":"鋳物師屋","town_kana":"イモジヤ","prefecture_code":20},"0014":{"zip_code":"3870014","prefecture":"長野県","prefecture_kana":"ナガノケン","city":"千曲市","city_kana":"チクマシ","town":"打沢","town_kana":"ウッサワ","prefecture_code":20},"0013":{"zip_code":"3870013","prefecture":"長野県","prefecture_kana":"ナガノケン","city":"千曲市","city_kana":"チクマシ","town":"小島","town_kana":"オジマ","prefecture_code":20},"0011":{"zip_code":"3870011","prefecture":"長野県","prefecture_kana":"ナガノケン","city":"千曲市","city_kana":"チクマシ","town":"杭瀬下","town_kana":"クイセケ","prefecture_code":20},"0004":{"zip_code":"3870004","prefecture":"長野県","prefecture_kana":"ナガノケン","city":"千曲市","city_kana":"チクマシ","town":"倉科","town_kana":"クラシナ","prefecture_code":20},"0024":{"zip_code":"3870024","prefecture":"長野県","prefecture_kana":"ナガノケン","city":"千曲市","city_kana":"チクマシ","town":"桑原","town_kana":"クワバラ","prefecture_code":20},"0012":{"zip_code":"3870012","prefecture":"長野県","prefecture_kana":"ナガノケン","city":"千曲市","city_kana":"チクマシ","town":"桜堂","town_kana":"サクラドウ","prefecture_code":20},"0016":{"zip_code":"3870016","prefecture":"長野県","prefecture_kana":"ナガノケン","city":"千曲市","city_kana":"チクマシ","town":"寂蒔","town_kana":"ジャクマク","prefecture_code":20},"0018":{"zip_code":"3870018","prefecture":"長野県","prefecture_kana":"ナガノケン","city":"千曲市","city_kana":"チクマシ","town":"新田","town_kana":"シンデン","prefecture_code":20},"0002":{"zip_code":"3870002","prefecture":"長野県","prefecture_kana":"ナガノケン","city":"千曲市","city_kana":"チクマシ","town":"土口","town_kana":"ドグチ","prefecture_code":20},"0017":{"zip_code":"3870017","prefecture":"長野県","prefecture_kana":"ナガノケン","city":"千曲市","city_kana":"チクマシ","town":"中","town_kana":"ナカ","prefecture_code":20},"0022":{"zip_code":"3870022","prefecture":"長野県","prefecture_kana":"ナガノケン","city":"千曲市","city_kana":"チクマシ","town":"野高場","town_kana":"ノタカバ","prefecture_code":20},"0005":{"zip_code":"3870005","prefecture":"長野県","prefecture_kana":"ナガノケン","city":"千曲市","city_kana":"チクマシ","town":"森","town_kana":"モリ","prefecture_code":20},"0007":{"zip_code":"3870007","prefecture":"長野県","prefecture_kana":"ナガノケン","city":"千曲市","city_kana":"チクマシ","town":"屋代","town_kana":"ヤシロ","prefecture_code":20},"0023":{"zip_code":"3870023","prefecture":"長野県","prefecture_kana":"ナガノケン","city":"千曲市","city_kana":"チクマシ","town":"八幡","town_kana":"ヤワタ","prefecture_code":20}}