{"8008":{"zip_code":"3888008","prefecture":"長野県","prefecture_kana":"ナガノケン","city":"長野市","city_kana":"ナガノシ","town":"合戦場","town_kana":"カッセンバ","prefecture_code":20},"8004":{"zip_code":"3888004","prefecture":"長野県","prefecture_kana":"ナガノケン","city":"長野市","city_kana":"ナガノシ","town":"篠ノ井会","town_kana":"シノノイアイ","prefecture_code":20},"8015":{"zip_code":"3888015","prefecture":"長野県","prefecture_kana":"ナガノケン","city":"長野市","city_kana":"ナガノシ","town":"篠ノ井石川","town_kana":"シノノイイシカワ","prefecture_code":20},"8016":{"zip_code":"3888016","prefecture":"長野県","prefecture_kana":"ナガノケン","city":"長野市","city_kana":"ナガノシ","town":"篠ノ井有旅","town_kana":"シノノイウタビ","prefecture_code":20},"8006":{"zip_code":"3888006","prefecture":"長野県","prefecture_kana":"ナガノケン","city":"長野市","city_kana":"ナガノシ","town":"篠ノ井御幣川","town_kana":"シノノイオンベガワ","prefecture_code":20},"8019":{"zip_code":"3888019","prefecture":"長野県","prefecture_kana":"ナガノケン","city":"長野市","city_kana":"ナガノシ","town":"篠ノ井杵淵","town_kana":"シノノイキネブチ","prefecture_code":20},"8003":{"zip_code":"3888003","prefecture":"長野県","prefecture_kana":"ナガノケン","city":"長野市","city_kana":"ナガノシ","town":"篠ノ井小森","town_kana":"シノノイコモリ","prefecture_code":20},"8014":{"zip_code":"3888014","prefecture":"長野県","prefecture_kana":"ナガノケン","city":"長野市","city_kana":"ナガノシ","town":"篠ノ井塩崎","town_kana":"シノノイシオザキ","prefecture_code":20},"8002":{"zip_code":"3888002","prefecture":"長野県","prefecture_kana":"ナガノケン","city":"長野市","city_kana":"ナガノシ","town":"篠ノ井東福寺","town_kana":"シノノイトウフクジ","prefecture_code":20},"8018":{"zip_code":"3888018","prefecture":"長野県","prefecture_kana":"ナガノケン","city":"長野市","city_kana":"ナガノシ","town":"篠ノ井西寺尾","town_kana":"シノノイニシデラオ","prefecture_code":20},"8011":{"zip_code":"3888011","prefecture":"長野県","prefecture_kana":"ナガノケン","city":"長野市","city_kana":"ナガノシ","town":"篠ノ井布施五明","town_kana":"シノノイフセゴミョウ","prefecture_code":20},"8007":{"zip_code":"3888007","prefecture":"長野県","prefecture_kana":"ナガノケン","city":"長野市","city_kana":"ナガノシ","town":"篠ノ井布施高田","town_kana":"シノノイフセタカダ","prefecture_code":20},"8012":{"zip_code":"3888012","prefecture":"長野県","prefecture_kana":"ナガノケン","city":"長野市","city_kana":"ナガノシ","town":"篠ノ井二ツ柳","town_kana":"シノノイフタツヤナギ","prefecture_code":20},"8017":{"zip_code":"3888017","prefecture":"長野県","prefecture_kana":"ナガノケン","city":"長野市","city_kana":"ナガノシ","town":"篠ノ井山布施","town_kana":"シノノイヤマブセ","prefecture_code":20},"8005":{"zip_code":"3888005","prefecture":"長野県","prefecture_kana":"ナガノケン","city":"長野市","city_kana":"ナガノシ","town":"篠ノ井横田","town_kana":"シノノイヨコタ","prefecture_code":20},"8020":{"zip_code":"3888020","prefecture":"長野県","prefecture_kana":"ナガノケン","city":"長野市","city_kana":"ナガノシ","town":"神明","town_kana":"シンメイ","prefecture_code":20},"8001":{"zip_code":"3888001","prefecture":"長野県","prefecture_kana":"ナガノケン","city":"長野市","city_kana":"ナガノシ","town":"東犀南","town_kana":"ヒガシサイナミ","prefecture_code":20},"8013":{"zip_code":"3888013","prefecture":"長野県","prefecture_kana":"ナガノケン","city":"長野市","city_kana":"ナガノシ","town":"みこと川","town_kana":"ミコトガワ","prefecture_code":20}}