{"0121":{"zip_code":"3890121","prefecture":"群馬県","prefecture_kana":"グンマケン","city":"安中市","city_kana":"アンナカシ","town":"松井田町峠","town_kana":"マツイダマチトウゲ","prefecture_code":10},"2261":{"zip_code":"3892261","prefecture":"新潟県","prefecture_kana":"ニイガタケン","city":"妙高市","city_kana":"ミョウコウシ","town":"樽本","town_kana":"タルモト","prefecture_code":15},"1104":{"zip_code":"3891104","prefecture":"長野県","prefecture_kana":"ナガノケン","city":"長野市","city_kana":"ナガノシ","town":"豊野町浅野","town_kana":"トヨノマチアサノ","prefecture_code":20},"1106":{"zip_code":"3891106","prefecture":"長野県","prefecture_kana":"ナガノケン","city":"長野市","city_kana":"ナガノシ","town":"豊野町石","town_kana":"トヨノマチイシ","prefecture_code":20},"1102":{"zip_code":"3891102","prefecture":"長野県","prefecture_kana":"ナガノケン","city":"長野市","city_kana":"ナガノシ","town":"豊野町大倉","town_kana":"トヨノマチオオクラ","prefecture_code":20},"1103":{"zip_code":"3891103","prefecture":"長野県","prefecture_kana":"ナガノケン","city":"長野市","city_kana":"ナガノシ","town":"豊野町蟹沢","town_kana":"トヨノマチカニサワ","prefecture_code":20},"1101":{"zip_code":"3891101","prefecture":"長野県","prefecture_kana":"ナガノケン","city":"長野市","city_kana":"ナガノシ","town":"豊野町川谷","town_kana":"トヨノマチカワタニ","prefecture_code":20},"1105":{"zip_code":"3891105","prefecture":"長野県","prefecture_kana":"ナガノケン","city":"長野市","city_kana":"ナガノシ","town":"豊野町豊野","town_kana":"トヨノマチトヨノ","prefecture_code":20},"1107":{"zip_code":"3891107","prefecture":"長野県","prefecture_kana":"ナガノケン","city":"長野市","city_kana":"ナガノシ","town":"豊野町南郷","town_kana":"トヨノマチミナミゴウ","prefecture_code":20},"2103":{"zip_code":"3892103","prefecture":"長野県","prefecture_kana":"ナガノケン","city":"中野市","city_kana":"ナカノシ","town":"穴田","town_kana":"アナダ","prefecture_code":20},"2102":{"zip_code":"3892102","prefecture":"長野県","prefecture_kana":"ナガノケン","city":"中野市","city_kana":"ナカノシ","town":"上今井","town_kana":"カミイマイ","prefecture_code":20},"2371":{"zip_code":"3892371","prefecture":"長野県","prefecture_kana":"ナガノケン","city":"中野市","city_kana":"ナカノシ","town":"田上","town_kana":"タガミ","prefecture_code":20},"2101":{"zip_code":"3892101","prefecture":"長野県","prefecture_kana":"ナガノケン","city":"中野市","city_kana":"ナカノシ","town":"豊津","town_kana":"トヨツ","prefecture_code":20},"2104":{"zip_code":"3892104","prefecture":"長野県","prefecture_kana":"ナガノケン","city":"中野市","city_kana":"ナカノシ","town":"永江","town_kana":"ナガエ","prefecture_code":20},"2200":{"zip_code":"3892200","prefecture":"長野県","prefecture_kana":"ナガノケン","city":"飯山市","city_kana":"イイヤマシ","town":"","town_kana":"","prefecture_code":20},"2251":{"zip_code":"3892251","prefecture":"長野県","prefecture_kana":"ナガノケン","city":"飯山市","city_kana":"イイヤマシ","town":"旭","town_kana":"アサヒ","prefecture_code":20},"2253":{"zip_code":"3892253","prefecture":"長野県","prefecture_kana":"ナガノケン","city":"飯山市","city_kana":"イイヤマシ","town":"飯山","town_kana":"イイヤマ","prefecture_code":20},"2602":{"zip_code":"3892602","prefecture":"長野県","prefecture_kana":"ナガノケン","city":"飯山市","city_kana":"イイヤマシ","town":"一山","town_kana":"イチヤマ","prefecture_code":20},"2415":{"zip_code":"3892415","prefecture":"長野県","prefecture_kana":"ナガノケン","city":"飯山市","city_kana":"イイヤマシ","town":"大池","town_kana":"オオイケ","prefecture_code":20},"2234":{"zip_code":"3892234","prefecture":"長野県","prefecture_kana":"ナガノケン","city":"飯山市","city_kana":"イイヤマシ","town":"木島","town_kana":"キジマ","prefecture_code":20},"2252":{"zip_code":"3892252","prefecture":"長野県","prefecture_kana":"ナガノケン","city":"飯山市","city_kana":"イイヤマシ","town":"小佐原","town_kana":"コザワラ","prefecture_code":20},"2418":{"zip_code":"3892418","prefecture":"長野県","prefecture_kana":"ナガノケン","city":"飯山市","city_kana":"イイヤマシ","town":"寿","town_kana":"コトブキ","prefecture_code":20},"2235":{"zip_code":"3892235","prefecture":"長野県","prefecture_kana":"ナガノケン","city":"飯山市","city_kana":"イイヤマシ","town":"坂井","town_kana":"サカイ","prefecture_code":20},"2255":{"zip_code":"3892255","prefecture":"長野県","prefecture_kana":"ナガノケン","city":"飯山市","city_kana":"イイヤマシ","town":"静間","town_kana":"シズマ","prefecture_code":20},"2232":{"zip_code":"3892232","prefecture":"長野県","prefecture_kana":"ナガノケン","city":"飯山市","city_kana":"イイヤマシ","town":"下木島","town_kana":"シモキジマ","prefecture_code":20},"2242":{"zip_code":"3892242","prefecture":"長野県","prefecture_kana":"ナガノケン","city":"飯山市","city_kana":"イイヤマシ","town":"其綿","town_kana":"ソノワタ","prefecture_code":20},"2601":{"zip_code":"3892601","prefecture":"長野県","prefecture_kana":"ナガノケン","city":"飯山市","city_kana":"イイヤマシ","town":"照岡","town_kana":"テルオカ","prefecture_code":20},"2413":{"zip_code":"3892413","prefecture":"長野県","prefecture_kana":"ナガノケン","city":"飯山市","city_kana":"イイヤマシ","town":"照里","town_kana":"テルサト","prefecture_code":20},"2231":{"zip_code":"3892231","prefecture":"長野県","prefecture_kana":"ナガノケン","city":"飯山市","city_kana":"イイヤマシ","town":"天神堂","town_kana":"テンシンドウ","prefecture_code":20},"2412":{"zip_code":"3892412","prefecture":"長野県","prefecture_kana":"ナガノケン","city":"飯山市","city_kana":"イイヤマシ","town":"常郷","town_kana":"トキサト","prefecture_code":20},"2414":{"zip_code":"3892414","prefecture":"長野県","prefecture_kana":"ナガノケン","city":"飯山市","city_kana":"イイヤマシ","town":"常盤","town_kana":"トキワ","prefecture_code":20},"2258":{"zip_code":"3892258","prefecture":"長野県","prefecture_kana":"ナガノケン","city":"飯山市","city_kana":"イイヤマシ","town":"富倉","town_kana":"トミクラ","prefecture_code":20},"2411":{"zip_code":"3892411","prefecture":"長野県","prefecture_kana":"ナガノケン","city":"飯山市","city_kana":"イイヤマシ","town":"豊田","town_kana":"トヨダ","prefecture_code":20},"2417":{"zip_code":"3892417","prefecture":"長野県","prefecture_kana":"ナガノケン","city":"飯山市","city_kana":"イイヤマシ","town":"中曽根","town_kana":"ナカソネ","prefecture_code":20},"2233":{"zip_code":"3892233","prefecture":"長野県","prefecture_kana":"ナガノケン","city":"飯山市","city_kana":"イイヤマシ","town":"野坂田","town_kana":"ノサカダ","prefecture_code":20},"2256":{"zip_code":"3892256","prefecture":"長野県","prefecture_kana":"ナガノケン","city":"飯山市","city_kana":"イイヤマシ","town":"蓮","town_kana":"ハチス","prefecture_code":20},"2257":{"zip_code":"3892257","prefecture":"長野県","prefecture_kana":"ナガノケン","city":"飯山市","city_kana":"イイヤマシ","town":"斑尾高原","town_kana":"マダラオコウゲン","prefecture_code":20},"2322":{"zip_code":"3892322","prefecture":"長野県","prefecture_kana":"ナガノケン","city":"飯山市","city_kana":"イイヤマシ","town":"瑞穂","town_kana":"ミズホ","prefecture_code":20},"2321":{"zip_code":"3892321","prefecture":"長野県","prefecture_kana":"ナガノケン","city":"飯山市","city_kana":"イイヤマシ","town":"瑞穂豊","town_kana":"ミズホトヨ","prefecture_code":20},"2416":{"zip_code":"3892416","prefecture":"長野県","prefecture_kana":"ナガノケン","city":"飯山市","city_kana":"イイヤマシ","town":"緑","town_kana":"ミドリ","prefecture_code":20},"2254":{"zip_code":"3892254","prefecture":"長野県","prefecture_kana":"ナガノケン","city":"飯山市","city_kana":"イイヤマシ","town":"南町","town_kana":"ミナミマチ","prefecture_code":20},"2244":{"zip_code":"3892244","prefecture":"長野県","prefecture_kana":"ナガノケン","city":"飯山市","city_kana":"イイヤマシ","town":"安田","town_kana":"ヤスダ","prefecture_code":20},"2241":{"zip_code":"3892241","prefecture":"長野県","prefecture_kana":"ナガノケン","city":"飯山市","city_kana":"イイヤマシ","town":"山岸","town_kana":"ヤマギシ","prefecture_code":20},"2243":{"zip_code":"3892243","prefecture":"長野県","prefecture_kana":"ナガノケン","city":"飯山市","city_kana":"イイヤマシ","town":"吉","town_kana":"ヨシ","prefecture_code":20},"0823":{"zip_code":"3890823","prefecture":"長野県","prefecture_kana":"ナガノケン","city":"千曲市","city_kana":"チクマシ","town":"新山","town_kana":"アラヤマ","prefecture_code":20},"0806":{"zip_code":"3890806","prefecture":"長野県","prefecture_kana":"ナガノケン","city":"千曲市","city_kana":"チクマシ","town":"磯部","town_kana":"イソベ","prefecture_code":20},"0802":{"zip_code":"3890802","prefecture":"長野県","prefecture_kana":"ナガノケン","city":"千曲市","city_kana":"チクマシ","town":"内川","town_kana":"ウチカワ","prefecture_code":20},"0805":{"zip_code":"3890805","prefecture":"長野県","prefecture_kana":"ナガノケン","city":"千曲市","city_kana":"チクマシ","town":"上徳間","town_kana":"カミトクマ","prefecture_code":20},"0822":{"zip_code":"3890822","prefecture":"長野県","prefecture_kana":"ナガノケン","city":"千曲市","city_kana":"チクマシ","town":"上山田","town_kana":"カミヤマダ","prefecture_code":20},"0821":{"zip_code":"3890821","prefecture":"長野県","prefecture_kana":"ナガノケン","city":"千曲市","city_kana":"チクマシ","town":"上山田温泉","town_kana":"カミヤマダオンセン","prefecture_code":20},"0801":{"zip_code":"3890801","prefecture":"長野県","prefecture_kana":"ナガノケン","city":"千曲市","city_kana":"チクマシ","town":"小船山","town_kana":"コブネヤマ","prefecture_code":20},"0811":{"zip_code":"3890811","prefecture":"長野県","prefecture_kana":"ナガノケン","city":"千曲市","city_kana":"チクマシ","town":"須坂","town_kana":"スザカ","prefecture_code":20},"0803":{"zip_code":"3890803","prefecture":"長野県","prefecture_kana":"ナガノケン","city":"千曲市","city_kana":"チクマシ","town":"千本柳","town_kana":"センボンヤナギ","prefecture_code":20},"0824":{"zip_code":"3890824","prefecture":"長野県","prefecture_kana":"ナガノケン","city":"千曲市","city_kana":"チクマシ","town":"力石","town_kana":"チカライシ","prefecture_code":20},"0804":{"zip_code":"3890804","prefecture":"長野県","prefecture_kana":"ナガノケン","city":"千曲市","city_kana":"チクマシ","town":"戸倉","town_kana":"トグラ","prefecture_code":20},"0807":{"zip_code":"3890807","prefecture":"長野県","prefecture_kana":"ナガノケン","city":"千曲市","city_kana":"チクマシ","town":"戸倉温泉","town_kana":"トグラオンセン","prefecture_code":20},"0812":{"zip_code":"3890812","prefecture":"長野県","prefecture_kana":"ナガノケン","city":"千曲市","city_kana":"チクマシ","town":"羽尾","town_kana":"ハネオ","prefecture_code":20},"0813":{"zip_code":"3890813","prefecture":"長野県","prefecture_kana":"ナガノケン","city":"千曲市","city_kana":"チクマシ","town":"若宮","town_kana":"ワカミヤ","prefecture_code":20},"0500":{"zip_code":"3890500","prefecture":"長野県","prefecture_kana":"ナガノケン","city":"東御市","city_kana":"トウミシ","town":"","town_kana":"","prefecture_code":20},"0517":{"zip_code":"3890517","prefecture":"長野県","prefecture_kana":"ナガノケン","city":"東御市","city_kana":"トウミシ","town":"県","town_kana":"アガタ","prefecture_code":20},"0503":{"zip_code":"3890503","prefecture":"長野県","prefecture_kana":"ナガノケン","city":"東御市","city_kana":"トウミシ","town":"新屋","town_kana":"アラヤ","prefecture_code":20},"0404":{"zip_code":"3890404","prefecture":"長野県","prefecture_kana":"ナガノケン","city":"東御市","city_kana":"トウミシ","town":"大日向","town_kana":"オオヒナタ","prefecture_code":20},"0504":{"zip_code":"3890504","prefecture":"長野県","prefecture_kana":"ナガノケン","city":"東御市","city_kana":"トウミシ","town":"海善寺","town_kana":"カイゼンジ","prefecture_code":20},"0514":{"zip_code":"3890514","prefecture":"長野県","prefecture_kana":"ナガノケン","city":"東御市","city_kana":"トウミシ","town":"加沢","town_kana":"カザワ","prefecture_code":20},"0505":{"zip_code":"3890505","prefecture":"長野県","prefecture_kana":"ナガノケン","city":"東御市","city_kana":"トウミシ","town":"和","town_kana":"カノウ","prefecture_code":20},"0502":{"zip_code":"3890502","prefecture":"長野県","prefecture_kana":"ナガノケン","city":"東御市","city_kana":"トウミシ","town":"鞍掛","town_kana":"クラカケ","prefecture_code":20},"0519":{"zip_code":"3890519","prefecture":"長野県","prefecture_kana":"ナガノケン","city":"東御市","city_kana":"トウミシ","town":"塩川","town_kana":"シオカワ","prefecture_code":20},"0513":{"zip_code":"3890513","prefecture":"長野県","prefecture_kana":"ナガノケン","city":"東御市","city_kana":"トウミシ","town":"滋野","town_kana":"シゲノ","prefecture_code":20},"0512":{"zip_code":"3890512","prefecture":"長野県","prefecture_kana":"ナガノケン","city":"東御市","city_kana":"トウミシ","town":"滋野","town_kana":"シゲノ","prefecture_code":20},"0511":{"zip_code":"3890511","prefecture":"長野県","prefecture_kana":"ナガノケン","city":"東御市","city_kana":"トウミシ","town":"滋野","town_kana":"シゲノ","prefecture_code":20},"0401":{"zip_code":"3890401","prefecture":"長野県","prefecture_kana":"ナガノケン","city":"東御市","city_kana":"トウミシ","town":"島川原","town_kana":"シマガワラ","prefecture_code":20},"0405":{"zip_code":"3890405","prefecture":"長野県","prefecture_kana":"ナガノケン","city":"東御市","city_kana":"トウミシ","town":"下之城","town_kana":"シモノジョウ","prefecture_code":20},"0516":{"zip_code":"3890516","prefecture":"長野県","prefecture_kana":"ナガノケン","city":"東御市","city_kana":"トウミシ","town":"田中","town_kana":"タナカ","prefecture_code":20},"0515":{"zip_code":"3890515","prefecture":"長野県","prefecture_kana":"ナガノケン","city":"東御市","city_kana":"トウミシ","town":"常田","town_kana":"トキダ","prefecture_code":20},"0402":{"zip_code":"3890402","prefecture":"長野県","prefecture_kana":"ナガノケン","city":"東御市","city_kana":"トウミシ","town":"布下","town_kana":"ヌノシタ","prefecture_code":20},"0506":{"zip_code":"3890506","prefecture":"長野県","prefecture_kana":"ナガノケン","city":"東御市","city_kana":"トウミシ","town":"祢津","town_kana":"ネツ","prefecture_code":20},"0407":{"zip_code":"3890407","prefecture":"長野県","prefecture_kana":"ナガノケン","city":"東御市","city_kana":"トウミシ","town":"羽毛山","town_kana":"ハケヤマ","prefecture_code":20},"0501":{"zip_code":"3890501","prefecture":"長野県","prefecture_kana":"ナガノケン","city":"東御市","city_kana":"トウミシ","town":"新張","town_kana":"ミハリ","prefecture_code":20},"0403":{"zip_code":"3890403","prefecture":"長野県","prefecture_kana":"ナガノケン","city":"東御市","city_kana":"トウミシ","town":"御牧原","town_kana":"ミマキハラ","prefecture_code":20},"0518":{"zip_code":"3890518","prefecture":"長野県","prefecture_kana":"ナガノケン","city":"東御市","city_kana":"トウミシ","town":"本海野","town_kana":"モトウンノ","prefecture_code":20},"0406":{"zip_code":"3890406","prefecture":"長野県","prefecture_kana":"ナガノケン","city":"東御市","city_kana":"トウミシ","town":"八重原","town_kana":"ヤエハラ","prefecture_code":20},"0100":{"zip_code":"3890100","prefecture":"長野県","prefecture_kana":"ナガノケン","city":"北佐久郡軽井沢町","city_kana":"キタサクグンカルイザワマチ","town":"","town_kana":"","prefecture_code":20},"0115":{"zip_code":"3890115","prefecture":"長野県","prefecture_kana":"ナガノケン","city":"北佐久郡軽井沢町","city_kana":"キタサクグンカルイザワマチ","town":"追分","town_kana":"オイワケ","prefecture_code":20},"0102":{"zip_code":"3890102","prefecture":"長野県","prefecture_kana":"ナガノケン","city":"北佐久郡軽井沢町","city_kana":"キタサクグンカルイザワマチ","town":"軽井沢","town_kana":"カルイザワ","prefecture_code":20},"0103":{"zip_code":"3890103","prefecture":"長野県","prefecture_kana":"ナガノケン","city":"北佐久郡軽井沢町","city_kana":"キタサクグンカルイザワマチ","town":"軽井沢","town_kana":"カルイザワ","prefecture_code":20},"0104":{"zip_code":"3890104","prefecture":"長野県","prefecture_kana":"ナガノケン","city":"北佐久郡軽井沢町","city_kana":"キタサクグンカルイザワマチ","town":"軽井沢東","town_kana":"カルイザワヒガシ","prefecture_code":20},"0101":{"zip_code":"3890101","prefecture":"長野県","prefecture_kana":"ナガノケン","city":"北佐久郡軽井沢町","city_kana":"キタサクグンカルイザワマチ","town":"峠町","town_kana":"トウゲマチ","prefecture_code":20},"0112":{"zip_code":"3890112","prefecture":"長野県","prefecture_kana":"ナガノケン","city":"北佐久郡軽井沢町","city_kana":"キタサクグンカルイザワマチ","town":"中軽井沢","town_kana":"ナカカルイザワ","prefecture_code":20},"0111":{"zip_code":"3890111","prefecture":"長野県","prefecture_kana":"ナガノケン","city":"北佐久郡軽井沢町","city_kana":"キタサクグンカルイザワマチ","town":"長倉","town_kana":"ナガクラ","prefecture_code":20},"0113":{"zip_code":"3890113","prefecture":"長野県","prefecture_kana":"ナガノケン","city":"北佐久郡軽井沢町","city_kana":"キタサクグンカルイザワマチ","town":"発地","town_kana":"ホッチ","prefecture_code":20},"0114":{"zip_code":"3890114","prefecture":"長野県","prefecture_kana":"ナガノケン","city":"北佐久郡軽井沢町","city_kana":"キタサクグンカルイザワマチ","town":"茂沢","town_kana":"モザワ","prefecture_code":20},"0200":{"zip_code":"3890200","prefecture":"長野県","prefecture_kana":"ナガノケン","city":"北佐久郡御代田町","city_kana":"キタサクグンミヨタマチ","town":"","town_kana":"","prefecture_code":20},"0205":{"zip_code":"3890205","prefecture":"長野県","prefecture_kana":"ナガノケン","city":"北佐久郡御代田町","city_kana":"キタサクグンミヨタマチ","town":"面替","town_kana":"オモガエ","prefecture_code":20},"0202":{"zip_code":"3890202","prefecture":"長野県","prefecture_kana":"ナガノケン","city":"北佐久郡御代田町","city_kana":"キタサクグンミヨタマチ","town":"草越","town_kana":"クサゴエ","prefecture_code":20},"0201":{"zip_code":"3890201","prefecture":"長野県","prefecture_kana":"ナガノケン","city":"北佐久郡御代田町","city_kana":"キタサクグンミヨタマチ","town":"塩野","town_kana":"シオノ","prefecture_code":20},"0203":{"zip_code":"3890203","prefecture":"長野県","prefecture_kana":"ナガノケン","city":"北佐久郡御代田町","city_kana":"キタサクグンミヨタマチ","town":"広戸","town_kana":"ヒロト","prefecture_code":20},"0204":{"zip_code":"3890204","prefecture":"長野県","prefecture_kana":"ナガノケン","city":"北佐久郡御代田町","city_kana":"キタサクグンミヨタマチ","town":"豊昇","town_kana":"ホウショウ","prefecture_code":20},"0207":{"zip_code":"3890207","prefecture":"長野県","prefecture_kana":"ナガノケン","city":"北佐久郡御代田町","city_kana":"キタサクグンミヨタマチ","town":"馬瀬口","town_kana":"マセグチ","prefecture_code":20},"0206":{"zip_code":"3890206","prefecture":"長野県","prefecture_kana":"ナガノケン","city":"北佐久郡御代田町","city_kana":"キタサクグンミヨタマチ","town":"御代田","town_kana":"ミヨタ","prefecture_code":20},"0208":{"zip_code":"3890208","prefecture":"長野県","prefecture_kana":"ナガノケン","city":"北佐久郡御代田町","city_kana":"キタサクグンミヨタマチ","town":"茂沢","town_kana":"モサワ","prefecture_code":20},"0600":{"zip_code":"3890600","prefecture":"長野県","prefecture_kana":"ナガノケン","city":"埴科郡坂城町","city_kana":"ハニシナグンサカキマチ","town":"","town_kana":"","prefecture_code":20},"0604":{"zip_code":"3890604","prefecture":"長野県","prefecture_kana":"ナガノケン","city":"埴科郡坂城町","city_kana":"ハニシナグンサカキマチ","town":"網掛","town_kana":"アミカケ","prefecture_code":20},"0605":{"zip_code":"3890605","prefecture":"長野県","prefecture_kana":"ナガノケン","city":"埴科郡坂城町","city_kana":"ハニシナグンサカキマチ","town":"上平","town_kana":"ウワダイラ","prefecture_code":20},"0606":{"zip_code":"3890606","prefecture":"長野県","prefecture_kana":"ナガノケン","city":"埴科郡坂城町","city_kana":"ハニシナグンサカキマチ","town":"上五明","town_kana":"カミゴミョウ","prefecture_code":20},"0601":{"zip_code":"3890601","prefecture":"長野県","prefecture_kana":"ナガノケン","city":"埴科郡坂城町","city_kana":"ハニシナグンサカキマチ","town":"坂城","town_kana":"サカキ","prefecture_code":20},"0602":{"zip_code":"3890602","prefecture":"長野県","prefecture_kana":"ナガノケン","city":"埴科郡坂城町","city_kana":"ハニシナグンサカキマチ","town":"中之条","town_kana":"ナカノジョウ","prefecture_code":20},"0603":{"zip_code":"3890603","prefecture":"長野県","prefecture_kana":"ナガノケン","city":"埴科郡坂城町","city_kana":"ハニシナグンサカキマチ","town":"南条","town_kana":"ミナミジョウ","prefecture_code":20},"2300":{"zip_code":"3892300","prefecture":"長野県","prefecture_kana":"ナガノケン","city":"下高井郡木島平村","city_kana":"シモタカイグンキジマダイラムラ","town":"","town_kana":"","prefecture_code":20},"2302":{"zip_code":"3892302","prefecture":"長野県","prefecture_kana":"ナガノケン","city":"下高井郡木島平村","city_kana":"シモタカイグンキジマダイラムラ","town":"往郷","town_kana":"オウゴウ","prefecture_code":20},"2303":{"zip_code":"3892303","prefecture":"長野県","prefecture_kana":"ナガノケン","city":"下高井郡木島平村","city_kana":"シモタカイグンキジマダイラムラ","town":"上木島","town_kana":"カミキジマ","prefecture_code":20},"2301":{"zip_code":"3892301","prefecture":"長野県","prefecture_kana":"ナガノケン","city":"下高井郡木島平村","city_kana":"シモタカイグンキジマダイラムラ","town":"穂高","town_kana":"ホタカ","prefecture_code":20},"2500":{"zip_code":"3892500","prefecture":"長野県","prefecture_kana":"ナガノケン","city":"下高井郡野沢温泉村","city_kana":"シモタカイグンノザワオンセンムラ","town":"","town_kana":"","prefecture_code":20},"2501":{"zip_code":"3892501","prefecture":"長野県","prefecture_kana":"ナガノケン","city":"下高井郡野沢温泉村","city_kana":"シモタカイグンノザワオンセンムラ","town":"坪山","town_kana":"ツボヤマ","prefecture_code":20},"2502":{"zip_code":"3892502","prefecture":"長野県","prefecture_kana":"ナガノケン","city":"下高井郡野沢温泉村","city_kana":"シモタカイグンノザワオンセンムラ","town":"豊郷","town_kana":"トヨサト","prefecture_code":20},"2612":{"zip_code":"3892612","prefecture":"長野県","prefecture_kana":"ナガノケン","city":"下高井郡野沢温泉村","city_kana":"シモタカイグンノザワオンセンムラ","town":"七ケ巻","town_kana":"ナナガマキ","prefecture_code":20},"2611":{"zip_code":"3892611","prefecture":"長野県","prefecture_kana":"ナガノケン","city":"下高井郡野沢温泉村","city_kana":"シモタカイグンノザワオンセンムラ","town":"東大滝","town_kana":"ヒガシオオタキ","prefecture_code":20},"2614":{"zip_code":"3892614","prefecture":"長野県","prefecture_kana":"ナガノケン","city":"下高井郡野沢温泉村","city_kana":"シモタカイグンノザワオンセンムラ","town":"平林","town_kana":"ヒラバヤシ","prefecture_code":20},"2503":{"zip_code":"3892503","prefecture":"長野県","prefecture_kana":"ナガノケン","city":"下高井郡野沢温泉村","city_kana":"シモタカイグンノザワオンセンムラ","town":"前坂","town_kana":"マエザカ","prefecture_code":20},"2613":{"zip_code":"3892613","prefecture":"長野県","prefecture_kana":"ナガノケン","city":"下高井郡野沢温泉村","city_kana":"シモタカイグンノザワオンセンムラ","town":"虫生","town_kana":"ムシウ","prefecture_code":20},"1300":{"zip_code":"3891300","prefecture":"長野県","prefecture_kana":"ナガノケン","city":"上水内郡信濃町","city_kana":"カミミノチグンシナノマチ","town":"","town_kana":"","prefecture_code":20},"1311":{"zip_code":"3891311","prefecture":"長野県","prefecture_kana":"ナガノケン","city":"上水内郡信濃町","city_kana":"カミミノチグンシナノマチ","town":"荒瀬原","town_kana":"アラセバラ","prefecture_code":20},"1316":{"zip_code":"3891316","prefecture":"長野県","prefecture_kana":"ナガノケン","city":"上水内郡信濃町","city_kana":"カミミノチグンシナノマチ","town":"大井","town_kana":"オオイ","prefecture_code":20},"1305":{"zip_code":"3891305","prefecture":"長野県","prefecture_kana":"ナガノケン","city":"上水内郡信濃町","city_kana":"カミミノチグンシナノマチ","town":"柏原","town_kana":"カシワバラ","prefecture_code":20},"1304":{"zip_code":"3891304","prefecture":"長野県","prefecture_kana":"ナガノケン","city":"上水内郡信濃町","city_kana":"カミミノチグンシナノマチ","town":"神山国際村","town_kana":"カミヤマコクサイムラ","prefecture_code":20},"1301":{"zip_code":"3891301","prefecture":"長野県","prefecture_kana":"ナガノケン","city":"上水内郡信濃町","city_kana":"カミミノチグンシナノマチ","town":"熊坂","town_kana":"クマサカ","prefecture_code":20},"1312":{"zip_code":"3891312","prefecture":"長野県","prefecture_kana":"ナガノケン","city":"上水内郡信濃町","city_kana":"カミミノチグンシナノマチ","town":"富濃","town_kana":"トミノ","prefecture_code":20},"1303":{"zip_code":"3891303","prefecture":"長野県","prefecture_kana":"ナガノケン","city":"上水内郡信濃町","city_kana":"カミミノチグンシナノマチ","town":"野尻","town_kana":"ノジリ","prefecture_code":20},"1306":{"zip_code":"3891306","prefecture":"長野県","prefecture_kana":"ナガノケン","city":"上水内郡信濃町","city_kana":"カミミノチグンシナノマチ","town":"野尻","town_kana":"ノジリ","prefecture_code":20},"1315":{"zip_code":"3891315","prefecture":"長野県","prefecture_kana":"ナガノケン","city":"上水内郡信濃町","city_kana":"カミミノチグンシナノマチ","town":"平岡","town_kana":"ヒラオカ","prefecture_code":20},"1313":{"zip_code":"3891313","prefecture":"長野県","prefecture_kana":"ナガノケン","city":"上水内郡信濃町","city_kana":"カミミノチグンシナノマチ","town":"古間","town_kana":"フルマ","prefecture_code":20},"1302":{"zip_code":"3891302","prefecture":"長野県","prefecture_kana":"ナガノケン","city":"上水内郡信濃町","city_kana":"カミミノチグンシナノマチ","town":"古海","town_kana":"フルミ","prefecture_code":20},"1314":{"zip_code":"3891314","prefecture":"長野県","prefecture_kana":"ナガノケン","city":"上水内郡信濃町","city_kana":"カミミノチグンシナノマチ","town":"穂波","town_kana":"ホナミ","prefecture_code":20},"1200":{"zip_code":"3891200","prefecture":"長野県","prefecture_kana":"ナガノケン","city":"上水内郡飯綱町","city_kana":"カミミノチグンイイヅナマチ","town":"","town_kana":"","prefecture_code":20},"1203":{"zip_code":"3891203","prefecture":"長野県","prefecture_kana":"ナガノケン","city":"上水内郡飯綱町","city_kana":"カミミノチグンイイヅナマチ","town":"赤塩","town_kana":"アカシオ","prefecture_code":20},"1201":{"zip_code":"3891201","prefecture":"長野県","prefecture_kana":"ナガノケン","city":"上水内郡飯綱町","city_kana":"カミミノチグンイイヅナマチ","town":"芋川","town_kana":"イモガワ","prefecture_code":20},"1226":{"zip_code":"3891226","prefecture":"長野県","prefecture_kana":"ナガノケン","city":"上水内郡飯綱町","city_kana":"カミミノチグンイイヅナマチ","town":"川上","town_kana":"カワカミ","prefecture_code":20},"1205":{"zip_code":"3891205","prefecture":"長野県","prefecture_kana":"ナガノケン","city":"上水内郡飯綱町","city_kana":"カミミノチグンイイヅナマチ","town":"川谷","town_kana":"カワタニ","prefecture_code":20},"1204":{"zip_code":"3891204","prefecture":"長野県","prefecture_kana":"ナガノケン","city":"上水内郡飯綱町","city_kana":"カミミノチグンイイヅナマチ","town":"倉井","town_kana":"クライ","prefecture_code":20},"1214":{"zip_code":"3891214","prefecture":"長野県","prefecture_kana":"ナガノケン","city":"上水内郡飯綱町","city_kana":"カミミノチグンイイヅナマチ","town":"黒川","town_kana":"クロカワ","prefecture_code":20},"1227":{"zip_code":"3891227","prefecture":"長野県","prefecture_kana":"ナガノケン","city":"上水内郡飯綱町","city_kana":"カミミノチグンイイヅナマチ","town":"高坂","town_kana":"コウサカ","prefecture_code":20},"1215":{"zip_code":"3891215","prefecture":"長野県","prefecture_kana":"ナガノケン","city":"上水内郡飯綱町","city_kana":"カミミノチグンイイヅナマチ","town":"小玉","town_kana":"コダマ","prefecture_code":20},"1225":{"zip_code":"3891225","prefecture":"長野県","prefecture_kana":"ナガノケン","city":"上水内郡飯綱町","city_kana":"カミミノチグンイイヅナマチ","town":"坂口","town_kana":"サカグチ","prefecture_code":20},"1224":{"zip_code":"3891224","prefecture":"長野県","prefecture_kana":"ナガノケン","city":"上水内郡飯綱町","city_kana":"カミミノチグンイイヅナマチ","town":"地蔵久保","town_kana":"ジゾウクボ","prefecture_code":20},"1223":{"zip_code":"3891223","prefecture":"長野県","prefecture_kana":"ナガノケン","city":"上水内郡飯綱町","city_kana":"カミミノチグンイイヅナマチ","town":"袖之山","town_kana":"ソデノヤマ","prefecture_code":20},"1212":{"zip_code":"3891212","prefecture":"長野県","prefecture_kana":"ナガノケン","city":"上水内郡飯綱町","city_kana":"カミミノチグンイイヅナマチ","town":"豊野","town_kana":"トヨノ","prefecture_code":20},"1202":{"zip_code":"3891202","prefecture":"長野県","prefecture_kana":"ナガノケン","city":"上水内郡飯綱町","city_kana":"カミミノチグンイイヅナマチ","town":"東柏原","town_kana":"ヒガシカシワバラ","prefecture_code":20},"1213":{"zip_code":"3891213","prefecture":"長野県","prefecture_kana":"ナガノケン","city":"上水内郡飯綱町","city_kana":"カミミノチグンイイヅナマチ","town":"平出","town_kana":"ヒライデ","prefecture_code":20},"1206":{"zip_code":"3891206","prefecture":"長野県","prefecture_kana":"ナガノケン","city":"上水内郡飯綱町","city_kana":"カミミノチグンイイヅナマチ","town":"普光寺","town_kana":"フコウジ","prefecture_code":20},"1221":{"zip_code":"3891221","prefecture":"長野県","prefecture_kana":"ナガノケン","city":"上水内郡飯綱町","city_kana":"カミミノチグンイイヅナマチ","town":"古町","town_kana":"フルマチ","prefecture_code":20},"1211":{"zip_code":"3891211","prefecture":"長野県","prefecture_kana":"ナガノケン","city":"上水内郡飯綱町","city_kana":"カミミノチグンイイヅナマチ","town":"牟礼","town_kana":"ムレ","prefecture_code":20},"1222":{"zip_code":"3891222","prefecture":"長野県","prefecture_kana":"ナガノケン","city":"上水内郡飯綱町","city_kana":"カミミノチグンイイヅナマチ","town":"柳里","town_kana":"ヤナギサト","prefecture_code":20},"2700":{"zip_code":"3892700","prefecture":"長野県","prefecture_kana":"ナガノケン","city":"下水内郡栄村","city_kana":"シモミノチグンサカエムラ","town":"","town_kana":"","prefecture_code":20},"2703":{"zip_code":"3892703","prefecture":"長野県","prefecture_kana":"ナガノケン","city":"下水内郡栄村","city_kana":"シモミノチグンサカエムラ","town":"堺","town_kana":"サカイ","prefecture_code":20},"2701":{"zip_code":"3892701","prefecture":"長野県","prefecture_kana":"ナガノケン","city":"下水内郡栄村","city_kana":"シモミノチグンサカエムラ","town":"豊栄","town_kana":"トヨサカエ","prefecture_code":20},"2702":{"zip_code":"3892702","prefecture":"長野県","prefecture_kana":"ナガノケン","city":"下水内郡栄村","city_kana":"シモミノチグンサカエムラ","town":"北信","town_kana":"ホクシン","prefecture_code":20}}