{"0000":{"zip_code":"3910000","prefecture":"長野県","prefecture_kana":"ナガノケン","city":"茅野市","city_kana":"チノシ","town":"","town_kana":"","prefecture_code":20},"0214":{"zip_code":"3910214","prefecture":"長野県","prefecture_kana":"ナガノケン","city":"茅野市","city_kana":"チノシ","town":"泉野","town_kana":"イズミノ","prefecture_code":20},"0012":{"zip_code":"3910012","prefecture":"長野県","prefecture_kana":"ナガノケン","city":"茅野市","city_kana":"チノシ","town":"金沢","town_kana":"カナザワ","prefecture_code":20},"0212":{"zip_code":"3910212","prefecture":"長野県","prefecture_kana":"ナガノケン","city":"茅野市","city_kana":"チノシ","town":"北山","town_kana":"キタヤマ","prefecture_code":20},"0301":{"zip_code":"3910301","prefecture":"長野県","prefecture_kana":"ナガノケン","city":"茅野市","city_kana":"チノシ","town":"北山","town_kana":"キタヤマ","prefecture_code":20},"0211":{"zip_code":"3910211","prefecture":"長野県","prefecture_kana":"ナガノケン","city":"茅野市","city_kana":"チノシ","town":"湖東","town_kana":"コヒガシ","prefecture_code":20},"0004":{"zip_code":"3910004","prefecture":"長野県","prefecture_kana":"ナガノケン","city":"茅野市","city_kana":"チノシ","town":"城山","town_kana":"ジョウヤマ","prefecture_code":20},"0011":{"zip_code":"3910011","prefecture":"長野県","prefecture_kana":"ナガノケン","city":"茅野市","city_kana":"チノシ","town":"玉川","town_kana":"タマガワ","prefecture_code":20},"0001":{"zip_code":"3910001","prefecture":"長野県","prefecture_kana":"ナガノケン","city":"茅野市","city_kana":"チノシ","town":"ちの","town_kana":"チノ","prefecture_code":20},"0002":{"zip_code":"3910002","prefecture":"長野県","prefecture_kana":"ナガノケン","city":"茅野市","city_kana":"チノシ","town":"塚原","town_kana":"ツカハラ","prefecture_code":20},"0213":{"zip_code":"3910213","prefecture":"長野県","prefecture_kana":"ナガノケン","city":"茅野市","city_kana":"チノシ","town":"豊平","town_kana":"トヨヒラ","prefecture_code":20},"0215":{"zip_code":"3910215","prefecture":"長野県","prefecture_kana":"ナガノケン","city":"茅野市","city_kana":"チノシ","town":"中大塩","town_kana":"ナカオオシオ","prefecture_code":20},"0005":{"zip_code":"3910005","prefecture":"長野県","prefecture_kana":"ナガノケン","city":"茅野市","city_kana":"チノシ","town":"仲町","town_kana":"ナカマチ","prefecture_code":20},"0003":{"zip_code":"3910003","prefecture":"長野県","prefecture_kana":"ナガノケン","city":"茅野市","city_kana":"チノシ","town":"本町","town_kana":"ホンマチ","prefecture_code":20},"0013":{"zip_code":"3910013","prefecture":"長野県","prefecture_kana":"ナガノケン","city":"茅野市","city_kana":"チノシ","town":"宮川","town_kana":"ミヤガワ","prefecture_code":20},"0216":{"zip_code":"3910216","prefecture":"長野県","prefecture_kana":"ナガノケン","city":"茅野市","city_kana":"チノシ","town":"米沢","town_kana":"ヨネザワ","prefecture_code":20},"0321":[{"zip_code":"3910321","prefecture":"長野県","prefecture_kana":"ナガノケン","city":"北佐久郡立科町","city_kana":"キタサクグンタテシナマチ","town":"芦田八ケ野","town_kana":"アシダハツカノ","prefecture_code":20},{"zip_code":"3910321","prefecture":"長野県","prefecture_kana":"ナガノケン","city":"北佐久郡立科町","city_kana":"キタサクグンタテシナマチ","town":"池の平","town_kana":"イケノタイラ","prefecture_code":20}],"0021":[{"zip_code":"3910021","prefecture":"長野県","prefecture_kana":"ナガノケン","city":"諏訪郡富士見町","city_kana":"スワグンフジミマチ","town":"富士見","town_kana":"フジミ","prefecture_code":20},{"zip_code":"3910021","prefecture":"長野県","prefecture_kana":"ナガノケン","city":"諏訪郡富士見町","city_kana":"スワグンフジミマチ","town":"富士見入笠湖","town_kana":"フジミニュウカサコ","prefecture_code":20}],"0100":{"zip_code":"3910100","prefecture":"長野県","prefecture_kana":"ナガノケン","city":"諏訪郡原村","city_kana":"スワグンハラムラ","town":"","town_kana":"","prefecture_code":20},"0101":{"zip_code":"3910101","prefecture":"長野県","prefecture_kana":"ナガノケン","city":"諏訪郡原村","city_kana":"スワグンハラムラ","town":"大久保","town_kana":"オオクボ","prefecture_code":20},"0105":{"zip_code":"3910105","prefecture":"長野県","prefecture_kana":"ナガノケン","city":"諏訪郡原村","city_kana":"スワグンハラムラ","town":"柏木","town_kana":"カシワギ","prefecture_code":20},"0111":{"zip_code":"3910111","prefecture":"長野県","prefecture_kana":"ナガノケン","city":"諏訪郡原村","city_kana":"スワグンハラムラ","town":"上里","town_kana":"カミサト","prefecture_code":20},"0106":{"zip_code":"3910106","prefecture":"長野県","prefecture_kana":"ナガノケン","city":"諏訪郡原村","city_kana":"スワグンハラムラ","town":"菖蒲沢","town_kana":"ショウブザワ","prefecture_code":20},"0108":{"zip_code":"3910108","prefecture":"長野県","prefecture_kana":"ナガノケン","city":"諏訪郡原村","city_kana":"スワグンハラムラ","town":"中新田","town_kana":"ナカシンデン","prefecture_code":20},"0112":{"zip_code":"3910112","prefecture":"長野県","prefecture_kana":"ナガノケン","city":"諏訪郡原村","city_kana":"スワグンハラムラ","town":"農場","town_kana":"ノウジョウ","prefecture_code":20},"0104":{"zip_code":"3910104","prefecture":"長野県","prefecture_kana":"ナガノケン","city":"諏訪郡原村","city_kana":"スワグンハラムラ","town":"払沢","town_kana":"ハライザワ","prefecture_code":20},"0115":{"zip_code":"3910115","prefecture":"長野県","prefecture_kana":"ナガノケン","city":"諏訪郡原村","city_kana":"スワグンハラムラ","town":"原山","town_kana":"ハラヤマ","prefecture_code":20},"0116":{"zip_code":"3910116","prefecture":"長野県","prefecture_kana":"ナガノケン","city":"諏訪郡原村","city_kana":"スワグンハラムラ","town":"判の木","town_kana":"ハンノキ","prefecture_code":20},"0114":{"zip_code":"3910114","prefecture":"長野県","prefecture_kana":"ナガノケン","city":"諏訪郡原村","city_kana":"スワグンハラムラ","town":"ペンション","town_kana":"ペンション","prefecture_code":20},"0109":{"zip_code":"3910109","prefecture":"長野県","prefecture_kana":"ナガノケン","city":"諏訪郡原村","city_kana":"スワグンハラムラ","town":"南原","town_kana":"ミナミハラ","prefecture_code":20},"0107":{"zip_code":"3910107","prefecture":"長野県","prefecture_kana":"ナガノケン","city":"諏訪郡原村","city_kana":"スワグンハラムラ","town":"室内","town_kana":"ムロウチ","prefecture_code":20},"0113":{"zip_code":"3910113","prefecture":"長野県","prefecture_kana":"ナガノケン","city":"諏訪郡原村","city_kana":"スワグンハラムラ","town":"やつがね","town_kana":"ヤツガネ","prefecture_code":20},"0103":{"zip_code":"3910103","prefecture":"長野県","prefecture_kana":"ナガノケン","city":"諏訪郡原村","city_kana":"スワグンハラムラ","town":"八ツ手","town_kana":"ヤツデ","prefecture_code":20},"0102":{"zip_code":"3910102","prefecture":"長野県","prefecture_kana":"ナガノケン","city":"諏訪郡原村","city_kana":"スワグンハラムラ","town":"柳沢","town_kana":"ヤナギサワ","prefecture_code":20}}