{"0000":{"zip_code":"3960000","prefecture":"長野県","prefecture_kana":"ナガノケン","city":"伊那市","city_kana":"イナシ","town":"","town_kana":"","prefecture_code":20},"0025":{"zip_code":"3960025","prefecture":"長野県","prefecture_kana":"ナガノケン","city":"伊那市","city_kana":"イナシ","town":"荒井","town_kana":"アライ","prefecture_code":20},"0028":{"zip_code":"3960028","prefecture":"長野県","prefecture_kana":"ナガノケン","city":"伊那市","city_kana":"イナシ","town":"荒井内の萱","town_kana":"アライウチノカヤ","prefecture_code":20},"0021":{"zip_code":"3960021","prefecture":"長野県","prefecture_kana":"ナガノケン","city":"伊那市","city_kana":"イナシ","town":"伊那","town_kana":"イナ","prefecture_code":20},"0011":{"zip_code":"3960011","prefecture":"長野県","prefecture_kana":"ナガノケン","city":"伊那市","city_kana":"イナシ","town":"伊那部","town_kana":"イナベ","prefecture_code":20},"0008":{"zip_code":"3960008","prefecture":"長野県","prefecture_kana":"ナガノケン","city":"伊那市","city_kana":"イナシ","town":"上の原","town_kana":"ウエノハラ","prefecture_code":20},"0032":{"zip_code":"3960032","prefecture":"長野県","prefecture_kana":"ナガノケン","city":"伊那市","city_kana":"イナシ","town":"小沢","town_kana":"オザワ","prefecture_code":20},"0012":{"zip_code":"3960012","prefecture":"長野県","prefecture_kana":"ナガノケン","city":"伊那市","city_kana":"イナシ","town":"上新田","town_kana":"カミシンデン","prefecture_code":20},"0006":{"zip_code":"3960006","prefecture":"長野県","prefecture_kana":"ナガノケン","city":"伊那市","city_kana":"イナシ","town":"上牧","town_kana":"カミマキ","prefecture_code":20},"0014":{"zip_code":"3960014","prefecture":"長野県","prefecture_kana":"ナガノケン","city":"伊那市","city_kana":"イナシ","town":"狐島","town_kana":"キツネジマ","prefecture_code":20},"0033":{"zip_code":"3960033","prefecture":"長野県","prefecture_kana":"ナガノケン","city":"伊那市","city_kana":"イナシ","town":"小四郎久保","town_kana":"コシロウクボ","prefecture_code":20},"0010":{"zip_code":"3960010","prefecture":"長野県","prefecture_kana":"ナガノケン","city":"伊那市","city_kana":"イナシ","town":"境","town_kana":"サカイ","prefecture_code":20},"0024":{"zip_code":"3960024","prefecture":"長野県","prefecture_kana":"ナガノケン","city":"伊那市","city_kana":"イナシ","town":"坂下","town_kana":"サカシタ","prefecture_code":20},"0013":{"zip_code":"3960013","prefecture":"長野県","prefecture_kana":"ナガノケン","city":"伊那市","city_kana":"イナシ","town":"下新田","town_kana":"シモシンデン","prefecture_code":20},"0114":{"zip_code":"3960114","prefecture":"長野県","prefecture_kana":"ナガノケン","city":"伊那市","city_kana":"イナシ","town":"仙美","town_kana":"センミ","prefecture_code":20},"0212":{"zip_code":"3960212","prefecture":"長野県","prefecture_kana":"ナガノケン","city":"伊那市","city_kana":"イナシ","town":"高遠町長藤","town_kana":"タカトオマチオサフジ","prefecture_code":20},"0305":{"zip_code":"3960305","prefecture":"長野県","prefecture_kana":"ナガノケン","city":"伊那市","city_kana":"イナシ","town":"高遠町長藤","town_kana":"タカトオマチオサフジ","prefecture_code":20},"0215":{"zip_code":"3960215","prefecture":"長野県","prefecture_kana":"ナガノケン","city":"伊那市","city_kana":"イナシ","town":"高遠町小原","town_kana":"タカトオマチオバラ","prefecture_code":20},"0214":{"zip_code":"3960214","prefecture":"長野県","prefecture_kana":"ナガノケン","city":"伊那市","city_kana":"イナシ","town":"高遠町勝間","town_kana":"タカトオマチカツマ","prefecture_code":20},"0217":{"zip_code":"3960217","prefecture":"長野県","prefecture_kana":"ナガノケン","city":"伊那市","city_kana":"イナシ","town":"高遠町上山田","town_kana":"タカトオマチカミヤマダ","prefecture_code":20},"0302":{"zip_code":"3960302","prefecture":"長野県","prefecture_kana":"ナガノケン","city":"伊那市","city_kana":"イナシ","town":"高遠町芝平","town_kana":"タカトオマチシビラ","prefecture_code":20},"0216":{"zip_code":"3960216","prefecture":"長野県","prefecture_kana":"ナガノケン","city":"伊那市","city_kana":"イナシ","town":"高遠町下山田","town_kana":"タカトオマチシモヤマダ","prefecture_code":20},"0211":{"zip_code":"3960211","prefecture":"長野県","prefecture_kana":"ナガノケン","city":"伊那市","city_kana":"イナシ","town":"高遠町西高遠","town_kana":"タカトオマチニシタカトオ","prefecture_code":20},"0303":{"zip_code":"3960303","prefecture":"長野県","prefecture_kana":"ナガノケン","city":"伊那市","city_kana":"イナシ","town":"高遠町荊口","town_kana":"タカトオマチバラグチ","prefecture_code":20},"0213":{"zip_code":"3960213","prefecture":"長野県","prefecture_kana":"ナガノケン","city":"伊那市","city_kana":"イナシ","town":"高遠町東高遠","town_kana":"タカトオマチヒガシタカトオ","prefecture_code":20},"0301":{"zip_code":"3960301","prefecture":"長野県","prefecture_kana":"ナガノケン","city":"伊那市","city_kana":"イナシ","town":"高遠町藤沢","town_kana":"タカトオマチフジサワ","prefecture_code":20},"0304":{"zip_code":"3960304","prefecture":"長野県","prefecture_kana":"ナガノケン","city":"伊那市","city_kana":"イナシ","town":"高遠町山室","town_kana":"タカトオマチヤマムロ","prefecture_code":20},"0015":{"zip_code":"3960015","prefecture":"長野県","prefecture_kana":"ナガノケン","city":"伊那市","city_kana":"イナシ","town":"中央","town_kana":"チュウオウ","prefecture_code":20},"0002":{"zip_code":"3960002","prefecture":"長野県","prefecture_kana":"ナガノケン","city":"伊那市","city_kana":"イナシ","town":"手良沢岡","town_kana":"テラサワオカ","prefecture_code":20},"0004":{"zip_code":"3960004","prefecture":"長野県","prefecture_kana":"ナガノケン","city":"伊那市","city_kana":"イナシ","town":"手良中坪","town_kana":"テラナカツボ","prefecture_code":20},"0003":{"zip_code":"3960003","prefecture":"長野県","prefecture_kana":"ナガノケン","city":"伊那市","city_kana":"イナシ","town":"手良野口","town_kana":"テラノグチ","prefecture_code":20},"0621":{"zip_code":"3960621","prefecture":"長野県","prefecture_kana":"ナガノケン","city":"伊那市","city_kana":"イナシ","town":"富県","town_kana":"トミガタ","prefecture_code":20},"0031":{"zip_code":"3960031","prefecture":"長野県","prefecture_kana":"ナガノケン","city":"伊那市","city_kana":"イナシ","town":"中の原","town_kana":"ナカノハラ","prefecture_code":20},"0026":{"zip_code":"3960026","prefecture":"長野県","prefecture_kana":"ナガノケン","city":"伊那市","city_kana":"イナシ","town":"西町","town_kana":"ニシマチ","prefecture_code":20},"0005":{"zip_code":"3960005","prefecture":"長野県","prefecture_kana":"ナガノケン","city":"伊那市","city_kana":"イナシ","town":"野底","town_kana":"ノソコ","prefecture_code":20},"0405":{"zip_code":"3960405","prefecture":"長野県","prefecture_kana":"ナガノケン","city":"伊那市","city_kana":"イナシ","town":"長谷市野瀬","town_kana":"ハセイチノセ","prefecture_code":20},"0407":{"zip_code":"3960407","prefecture":"長野県","prefecture_kana":"ナガノケン","city":"伊那市","city_kana":"イナシ","town":"長谷浦","town_kana":"ハセウラ","prefecture_code":20},"0403":{"zip_code":"3960403","prefecture":"長野県","prefecture_kana":"ナガノケン","city":"伊那市","city_kana":"イナシ","town":"長谷黒河内","town_kana":"ハセクロゴウチ","prefecture_code":20},"0406":{"zip_code":"3960406","prefecture":"長野県","prefecture_kana":"ナガノケン","city":"伊那市","city_kana":"イナシ","town":"長谷杉島","town_kana":"ハセスギシマ","prefecture_code":20},"0404":{"zip_code":"3960404","prefecture":"長野県","prefecture_kana":"ナガノケン","city":"伊那市","city_kana":"イナシ","town":"長谷中尾","town_kana":"ハセナカオ","prefecture_code":20},"0401":{"zip_code":"3960401","prefecture":"長野県","prefecture_kana":"ナガノケン","city":"伊那市","city_kana":"イナシ","town":"長谷非持","town_kana":"ハセヒジ","prefecture_code":20},"0402":{"zip_code":"3960402","prefecture":"長野県","prefecture_kana":"ナガノケン","city":"伊那市","city_kana":"イナシ","town":"長谷溝口","town_kana":"ハセミゾクチ","prefecture_code":20},"0009":{"zip_code":"3960009","prefecture":"長野県","prefecture_kana":"ナガノケン","city":"伊那市","city_kana":"イナシ","town":"日影","town_kana":"ヒカゲ","prefecture_code":20},"0030":{"zip_code":"3960030","prefecture":"長野県","prefecture_kana":"ナガノケン","city":"伊那市","city_kana":"イナシ","town":"平沢","town_kana":"ヒラサワ","prefecture_code":20},"0001":{"zip_code":"3960001","prefecture":"長野県","prefecture_kana":"ナガノケン","city":"伊那市","city_kana":"イナシ","town":"福島","town_kana":"フクジマ","prefecture_code":20},"0112":{"zip_code":"3960112","prefecture":"長野県","prefecture_kana":"ナガノケン","city":"伊那市","city_kana":"イナシ","town":"前原","town_kana":"マエハラ","prefecture_code":20},"0027":{"zip_code":"3960027","prefecture":"長野県","prefecture_kana":"ナガノケン","city":"伊那市","city_kana":"イナシ","town":"ますみヶ丘","town_kana":"マスミガオカ","prefecture_code":20},"0111":{"zip_code":"3960111","prefecture":"長野県","prefecture_kana":"ナガノケン","city":"伊那市","city_kana":"イナシ","town":"美篶","town_kana":"ミスズ","prefecture_code":20},"0022":{"zip_code":"3960022","prefecture":"長野県","prefecture_kana":"ナガノケン","city":"伊那市","city_kana":"イナシ","town":"御園","town_kana":"ミソノ","prefecture_code":20},"0113":{"zip_code":"3960113","prefecture":"長野県","prefecture_kana":"ナガノケン","city":"伊那市","city_kana":"イナシ","town":"美原","town_kana":"ミハラ","prefecture_code":20},"0023":{"zip_code":"3960023","prefecture":"長野県","prefecture_kana":"ナガノケン","city":"伊那市","city_kana":"イナシ","town":"山寺","town_kana":"ヤマデラ","prefecture_code":20},"0029":{"zip_code":"3960029","prefecture":"長野県","prefecture_kana":"ナガノケン","city":"伊那市","city_kana":"イナシ","town":"横山","town_kana":"ヨコヤマ","prefecture_code":20},"0007":{"zip_code":"3960007","prefecture":"長野県","prefecture_kana":"ナガノケン","city":"伊那市","city_kana":"イナシ","town":"若宮","town_kana":"ワカミヤ","prefecture_code":20}}