{"0000":{"zip_code":"3990000","prefecture":"長野県","prefecture_kana":"ナガノケン","city":"松本市","city_kana":"マツモトシ","town":"","town_kana":"","prefecture_code":20},"7402":{"zip_code":"3997402","prefecture":"長野県","prefecture_kana":"ナガノケン","city":"松本市","city_kana":"マツモトシ","town":"会田","town_kana":"アイダ","prefecture_code":20},"7415":{"zip_code":"3997415","prefecture":"長野県","prefecture_kana":"ナガノケン","city":"松本市","city_kana":"マツモトシ","town":"赤怒田","town_kana":"アカヌタ","prefecture_code":20},"7403":{"zip_code":"3997403","prefecture":"長野県","prefecture_kana":"ナガノケン","city":"松本市","city_kana":"マツモトシ","town":"穴沢","town_kana":"アナザワ","prefecture_code":20},"0007":{"zip_code":"3990007","prefecture":"長野県","prefecture_kana":"ナガノケン","city":"松本市","city_kana":"マツモトシ","town":"石芝","town_kana":"イシシバ","prefecture_code":20},"7405":{"zip_code":"3997405","prefecture":"長野県","prefecture_kana":"ナガノケン","city":"松本市","city_kana":"マツモトシ","town":"板場","town_kana":"イタバ","prefecture_code":20},"0004":{"zip_code":"3990004","prefecture":"長野県","prefecture_kana":"ナガノケン","city":"松本市","city_kana":"マツモトシ","town":"市場","town_kana":"イチバ","prefecture_code":20},"0023":{"zip_code":"3990023","prefecture":"長野県","prefecture_kana":"ナガノケン","city":"松本市","city_kana":"マツモトシ","town":"内田","town_kana":"ウチダ","prefecture_code":20},"7413":{"zip_code":"3997413","prefecture":"長野県","prefecture_kana":"ナガノケン","city":"松本市","city_kana":"マツモトシ","town":"金山町","town_kana":"カナヤママチ","prefecture_code":20},"7417":{"zip_code":"3997417","prefecture":"長野県","prefecture_kana":"ナガノケン","city":"松本市","city_kana":"マツモトシ","town":"刈谷原町","town_kana":"カリヤハラマチ","prefecture_code":20},"7401":{"zip_code":"3997401","prefecture":"長野県","prefecture_kana":"ナガノケン","city":"松本市","city_kana":"マツモトシ","town":"五常","town_kana":"ゴジョウ","prefecture_code":20},"0024":{"zip_code":"3990024","prefecture":"長野県","prefecture_kana":"ナガノケン","city":"松本市","city_kana":"マツモトシ","town":"寿小赤","town_kana":"コトブキコアカ","prefecture_code":20},"0012":{"zip_code":"3990012","prefecture":"長野県","prefecture_kana":"ナガノケン","city":"松本市","city_kana":"マツモトシ","town":"寿白瀬渕","town_kana":"コトブキシラセブチ","prefecture_code":20},"0025":{"zip_code":"3990025","prefecture":"長野県","prefecture_kana":"ナガノケン","city":"松本市","city_kana":"マツモトシ","town":"寿台","town_kana":"コトブキダイ","prefecture_code":20},"0021":{"zip_code":"3990021","prefecture":"長野県","prefecture_kana":"ナガノケン","city":"松本市","city_kana":"マツモトシ","town":"寿豊丘","town_kana":"コトブキトヨオカ","prefecture_code":20},"0011":{"zip_code":"3990011","prefecture":"長野県","prefecture_kana":"ナガノケン","city":"松本市","city_kana":"マツモトシ","town":"寿北","town_kana":"コトブキキタ","prefecture_code":20},"0026":{"zip_code":"3990026","prefecture":"長野県","prefecture_kana":"ナガノケン","city":"松本市","city_kana":"マツモトシ","town":"寿中","town_kana":"コトブキナカ","prefecture_code":20},"0027":{"zip_code":"3990027","prefecture":"長野県","prefecture_kana":"ナガノケン","city":"松本市","city_kana":"マツモトシ","town":"寿南","town_kana":"コトブキミナミ","prefecture_code":20},"0039":{"zip_code":"3990039","prefecture":"長野県","prefecture_kana":"ナガノケン","city":"松本市","city_kana":"マツモトシ","town":"小屋北","town_kana":"コヤキタ","prefecture_code":20},"0038":{"zip_code":"3990038","prefecture":"長野県","prefecture_kana":"ナガノケン","city":"松本市","city_kana":"マツモトシ","town":"小屋南","town_kana":"コヤミナミ","prefecture_code":20},"0033":{"zip_code":"3990033","prefecture":"長野県","prefecture_kana":"ナガノケン","city":"松本市","city_kana":"マツモトシ","town":"笹賀","town_kana":"ササガ","prefecture_code":20},"8251":{"zip_code":"3998251","prefecture":"長野県","prefecture_kana":"ナガノケン","city":"松本市","city_kana":"マツモトシ","town":"島内","town_kana":"シマウチ","prefecture_code":20},"7418":{"zip_code":"3997418","prefecture":"長野県","prefecture_kana":"ナガノケン","city":"松本市","city_kana":"マツモトシ","town":"反町","town_kana":"ソリマチ","prefecture_code":20},"7414":{"zip_code":"3997414","prefecture":"長野県","prefecture_kana":"ナガノケン","city":"松本市","city_kana":"マツモトシ","town":"殿野入","town_kana":"トノノイリ","prefecture_code":20},"7404":{"zip_code":"3997404","prefecture":"長野県","prefecture_kana":"ナガノケン","city":"松本市","city_kana":"マツモトシ","town":"取出","town_kana":"トリイデ","prefecture_code":20},"7411":{"zip_code":"3997411","prefecture":"長野県","prefecture_kana":"ナガノケン","city":"松本市","city_kana":"マツモトシ","town":"中川","town_kana":"ナカガワ","prefecture_code":20},"7416":{"zip_code":"3997416","prefecture":"長野県","prefecture_kana":"ナガノケン","city":"松本市","city_kana":"マツモトシ","town":"七嵐","town_kana":"ナナアラシ","prefecture_code":20},"0006":{"zip_code":"3990006","prefecture":"長野県","prefecture_kana":"ナガノケン","city":"松本市","city_kana":"マツモトシ","town":"野溝西","town_kana":"ノミゾニシ","prefecture_code":20},"0034":{"zip_code":"3990034","prefecture":"長野県","prefecture_kana":"ナガノケン","city":"松本市","city_kana":"マツモトシ","town":"野溝東","town_kana":"ノミゾヒガシ","prefecture_code":20},"0005":{"zip_code":"3990005","prefecture":"長野県","prefecture_kana":"ナガノケン","city":"松本市","city_kana":"マツモトシ","town":"野溝木工","town_kana":"ノミゾモッコウ","prefecture_code":20},"0014":{"zip_code":"3990014","prefecture":"長野県","prefecture_kana":"ナガノケン","city":"松本市","city_kana":"マツモトシ","town":"平田東","town_kana":"ヒラタヒガシ","prefecture_code":20},"0015":{"zip_code":"3990015","prefecture":"長野県","prefecture_kana":"ナガノケン","city":"松本市","city_kana":"マツモトシ","town":"平田西","town_kana":"ヒラタニシ","prefecture_code":20},"7412":{"zip_code":"3997412","prefecture":"長野県","prefecture_kana":"ナガノケン","city":"松本市","city_kana":"マツモトシ","town":"保福寺町","town_kana":"ホフクジマチ","prefecture_code":20},"0022":{"zip_code":"3990022","prefecture":"長野県","prefecture_kana":"ナガノケン","city":"松本市","city_kana":"マツモトシ","town":"松原","town_kana":"マツバラ","prefecture_code":20},"0001":{"zip_code":"3990001","prefecture":"長野県","prefecture_kana":"ナガノケン","city":"松本市","city_kana":"マツモトシ","town":"宮田","town_kana":"ミヤタ","prefecture_code":20},"0035":{"zip_code":"3990035","prefecture":"長野県","prefecture_kana":"ナガノケン","city":"松本市","city_kana":"マツモトシ","town":"村井町北","town_kana":"ムライマチキタ","prefecture_code":20},"0037":{"zip_code":"3990037","prefecture":"長野県","prefecture_kana":"ナガノケン","city":"松本市","city_kana":"マツモトシ","town":"村井町西","town_kana":"ムライマチニシ","prefecture_code":20},"0036":{"zip_code":"3990036","prefecture":"長野県","prefecture_kana":"ナガノケン","city":"松本市","city_kana":"マツモトシ","town":"村井町南","town_kana":"ムライマチミナミ","prefecture_code":20},"0002":{"zip_code":"3990002","prefecture":"長野県","prefecture_kana":"ナガノケン","city":"松本市","city_kana":"マツモトシ","town":"芳野","town_kana":"ヨシノ","prefecture_code":20},"2434":{"zip_code":"3992434","prefecture":"長野県","prefecture_kana":"ナガノケン","city":"飯田市","city_kana":"イイダシ","town":"伊豆木","town_kana":"イズキ","prefecture_code":20},"2564":{"zip_code":"3992564","prefecture":"長野県","prefecture_kana":"ナガノケン","city":"飯田市","city_kana":"イイダシ","town":"上川路","town_kana":"カミカワジ","prefecture_code":20},"2611":{"zip_code":"3992611","prefecture":"長野県","prefecture_kana":"ナガノケン","city":"飯田市","city_kana":"イイダシ","town":"上久堅","town_kana":"カミヒサカタ","prefecture_code":20},"2612":{"zip_code":"3992612","prefecture":"長野県","prefecture_kana":"ナガノケン","city":"飯田市","city_kana":"イイダシ","town":"上久堅戊","town_kana":"カミヒサカタボ","prefecture_code":20},"1403":{"zip_code":"3991403","prefecture":"長野県","prefecture_kana":"ナガノケン","city":"飯田市","city_kana":"イイダシ","town":"上村","town_kana":"カミムラ","prefecture_code":20},"2431":{"zip_code":"3992431","prefecture":"長野県","prefecture_kana":"ナガノケン","city":"飯田市","city_kana":"イイダシ","town":"川路","town_kana":"カワジ","prefecture_code":20},"2565":{"zip_code":"3992565","prefecture":"長野県","prefecture_kana":"ナガノケン","city":"飯田市","city_kana":"イイダシ","town":"桐林","town_kana":"キリバヤシ","prefecture_code":20},"2566":{"zip_code":"3992566","prefecture":"長野県","prefecture_kana":"ナガノケン","city":"飯田市","city_kana":"イイダシ","town":"嶋","town_kana":"シマ","prefecture_code":20},"2432":{"zip_code":"3992432","prefecture":"長野県","prefecture_kana":"ナガノケン","city":"飯田市","city_kana":"イイダシ","town":"下瀬","town_kana":"シモゼ","prefecture_code":20},"2606":{"zip_code":"3992606","prefecture":"長野県","prefecture_kana":"ナガノケン","city":"飯田市","city_kana":"イイダシ","town":"下久堅稲葉","town_kana":"シモヒサカタイナバ","prefecture_code":20},"2604":{"zip_code":"3992604","prefecture":"長野県","prefecture_kana":"ナガノケン","city":"飯田市","city_kana":"イイダシ","town":"下久堅柿野沢","town_kana":"シモヒサカタカキノサワ","prefecture_code":20},"2605":{"zip_code":"3992605","prefecture":"長野県","prefecture_kana":"ナガノケン","city":"飯田市","city_kana":"イイダシ","town":"下久堅小林","town_kana":"シモヒサカタコバヤシ","prefecture_code":20},"2602":{"zip_code":"3992602","prefecture":"長野県","prefecture_kana":"ナガノケン","city":"飯田市","city_kana":"イイダシ","town":"下久堅下虎岩","town_kana":"シモヒサカタシモトライワ","prefecture_code":20},"2603":{"zip_code":"3992603","prefecture":"長野県","prefecture_kana":"ナガノケン","city":"飯田市","city_kana":"イイダシ","town":"下久堅知久平","town_kana":"シモヒサカタチクダイラ","prefecture_code":20},"2607":{"zip_code":"3992607","prefecture":"長野県","prefecture_kana":"ナガノケン","city":"飯田市","city_kana":"イイダシ","town":"下久堅南原","town_kana":"シモヒサカタミナバラ","prefecture_code":20},"2561":{"zip_code":"3992561","prefecture":"長野県","prefecture_kana":"ナガノケン","city":"飯田市","city_kana":"イイダシ","town":"駄科","town_kana":"ダシナ","prefecture_code":20},"2221":{"zip_code":"3992221","prefecture":"長野県","prefecture_kana":"ナガノケン","city":"飯田市","city_kana":"イイダシ","town":"龍江","town_kana":"タツエ","prefecture_code":20},"2433":{"zip_code":"3992433","prefecture":"長野県","prefecture_kana":"ナガノケン","city":"飯田市","city_kana":"イイダシ","town":"立石","town_kana":"タテイシ","prefecture_code":20},"2223":{"zip_code":"3992223","prefecture":"長野県","prefecture_kana":"ナガノケン","city":"飯田市","city_kana":"イイダシ","town":"千栄","town_kana":"チハエ","prefecture_code":20},"2222":{"zip_code":"3992222","prefecture":"長野県","prefecture_kana":"ナガノケン","city":"飯田市","city_kana":"イイダシ","town":"千代","town_kana":"チヨ","prefecture_code":20},"2563":{"zip_code":"3992563","prefecture":"長野県","prefecture_kana":"ナガノケン","city":"飯田市","city_kana":"イイダシ","town":"時又","town_kana":"トキマタ","prefecture_code":20},"2601":{"zip_code":"3992601","prefecture":"長野県","prefecture_kana":"ナガノケン","city":"飯田市","city_kana":"イイダシ","town":"虎岩","town_kana":"トライワ","prefecture_code":20},"2562":{"zip_code":"3992562","prefecture":"長野県","prefecture_kana":"ナガノケン","city":"飯田市","city_kana":"イイダシ","town":"長野原","town_kana":"ナガノハラ","prefecture_code":20},"1401":{"zip_code":"3991401","prefecture":"長野県","prefecture_kana":"ナガノケン","city":"飯田市","city_kana":"イイダシ","town":"南信濃木沢","town_kana":"ミナミシナノキザワ","prefecture_code":20},"1221":{"zip_code":"3991221","prefecture":"長野県","prefecture_kana":"ナガノケン","city":"飯田市","city_kana":"イイダシ","town":"南信濃南和田万古","town_kana":"ミナミシナノミナミワダマンゴ","prefecture_code":20},"1313":{"zip_code":"3991313","prefecture":"長野県","prefecture_kana":"ナガノケン","city":"飯田市","city_kana":"イイダシ","town":"南信濃南和田","town_kana":"ミナミシナノミナミワダ","prefecture_code":20},"1312":{"zip_code":"3991312","prefecture":"長野県","prefecture_kana":"ナガノケン","city":"飯田市","city_kana":"イイダシ","town":"南信濃八重河内","town_kana":"ミナミシナノヤエゴウチ","prefecture_code":20},"1311":{"zip_code":"3991311","prefecture":"長野県","prefecture_kana":"ナガノケン","city":"飯田市","city_kana":"イイダシ","town":"南信濃和田","town_kana":"ミナミシナノワダ","prefecture_code":20},"4431":{"zip_code":"3994431","prefecture":"長野県","prefecture_kana":"ナガノケン","city":"伊那市","city_kana":"イナシ","town":"西春近","town_kana":"ニシハルチカ","prefecture_code":20},"4501":{"zip_code":"3994501","prefecture":"長野県","prefecture_kana":"ナガノケン","city":"伊那市","city_kana":"イナシ","town":"西箕輪","town_kana":"ニシミノワ","prefecture_code":20},"4432":{"zip_code":"3994432","prefecture":"長野県","prefecture_kana":"ナガノケン","city":"伊那市","city_kana":"イナシ","town":"東春近","town_kana":"ヒガシハルチカ","prefecture_code":20},"4100":{"zip_code":"3994100","prefecture":"長野県","prefecture_kana":"ナガノケン","city":"駒ヶ根市","city_kana":"コマガネシ","town":"","town_kana":"","prefecture_code":20},"4113":{"zip_code":"3994113","prefecture":"長野県","prefecture_kana":"ナガノケン","city":"駒ヶ根市","city_kana":"コマガネシ","town":"赤須町","town_kana":"アカズマチ","prefecture_code":20},"4105":{"zip_code":"3994105","prefecture":"長野県","prefecture_kana":"ナガノケン","city":"駒ヶ根市","city_kana":"コマガネシ","town":"赤須東","town_kana":"アカズヒガシ","prefecture_code":20},"4117":{"zip_code":"3994117","prefecture":"長野県","prefecture_kana":"ナガノケン","city":"駒ヶ根市","city_kana":"コマガネシ","town":"赤穂","town_kana":"アカホ","prefecture_code":20},"4102":{"zip_code":"3994102","prefecture":"長野県","prefecture_kana":"ナガノケン","city":"駒ヶ根市","city_kana":"コマガネシ","town":"飯坂","town_kana":"イイザカ","prefecture_code":20},"4115":{"zip_code":"3994115","prefecture":"長野県","prefecture_kana":"ナガノケン","city":"駒ヶ根市","city_kana":"コマガネシ","town":"上穂栄町","town_kana":"ウワブサカエマチ","prefecture_code":20},"4114":{"zip_code":"3994114","prefecture":"長野県","prefecture_kana":"ナガノケン","city":"駒ヶ根市","city_kana":"コマガネシ","town":"上穂南","town_kana":"ウワブミナミ","prefecture_code":20},"4116":{"zip_code":"3994116","prefecture":"長野県","prefecture_kana":"ナガノケン","city":"駒ヶ根市","city_kana":"コマガネシ","town":"上穂北","town_kana":"ウワブキタ","prefecture_code":20},"4111":{"zip_code":"3994111","prefecture":"長野県","prefecture_kana":"ナガノケン","city":"駒ヶ根市","city_kana":"コマガネシ","town":"北町","town_kana":"キタマチ","prefecture_code":20},"4104":{"zip_code":"3994104","prefecture":"長野県","prefecture_kana":"ナガノケン","city":"駒ヶ根市","city_kana":"コマガネシ","town":"経塚","town_kana":"キョウヅカ","prefecture_code":20},"4108":{"zip_code":"3994108","prefecture":"長野県","prefecture_kana":"ナガノケン","city":"駒ヶ根市","city_kana":"コマガネシ","town":"下市場","town_kana":"シモイチバ","prefecture_code":20},"4232":{"zip_code":"3994232","prefecture":"長野県","prefecture_kana":"ナガノケン","city":"駒ヶ根市","city_kana":"コマガネシ","town":"下平","town_kana":"シモダイラ","prefecture_code":20},"4101":{"zip_code":"3994101","prefecture":"長野県","prefecture_kana":"ナガノケン","city":"駒ヶ根市","city_kana":"コマガネシ","town":"下平","town_kana":"シモダイラ","prefecture_code":20},"4112":{"zip_code":"3994112","prefecture":"長野県","prefecture_kana":"ナガノケン","city":"駒ヶ根市","city_kana":"コマガネシ","town":"中央","town_kana":"チュウオウ","prefecture_code":20},"4231":{"zip_code":"3994231","prefecture":"長野県","prefecture_kana":"ナガノケン","city":"駒ヶ根市","city_kana":"コマガネシ","town":"中沢","town_kana":"ナカザワ","prefecture_code":20},"4103":{"zip_code":"3994103","prefecture":"長野県","prefecture_kana":"ナガノケン","city":"駒ヶ根市","city_kana":"コマガネシ","town":"梨の木","town_kana":"ナシノキ","prefecture_code":20},"4321":{"zip_code":"3994321","prefecture":"長野県","prefecture_kana":"ナガノケン","city":"駒ヶ根市","city_kana":"コマガネシ","town":"東伊那","town_kana":"ヒガシイナ","prefecture_code":20},"4106":{"zip_code":"3994106","prefecture":"長野県","prefecture_kana":"ナガノケン","city":"駒ヶ根市","city_kana":"コマガネシ","town":"東町","town_kana":"ヒガシマチ","prefecture_code":20},"4107":{"zip_code":"3994107","prefecture":"長野県","prefecture_kana":"ナガノケン","city":"駒ヶ根市","city_kana":"コマガネシ","town":"南田","town_kana":"ミナミダ","prefecture_code":20},"9101":{"zip_code":"3999101","prefecture":"長野県","prefecture_kana":"ナガノケン","city":"大町市","city_kana":"オオマチシ","town":"美麻","town_kana":"ミアサ","prefecture_code":20},"7301":{"zip_code":"3997301","prefecture":"長野県","prefecture_kana":"ナガノケン","city":"大町市","city_kana":"オオマチシ","town":"八坂","town_kana":"ヤサカ","prefecture_code":20},"7302":{"zip_code":"3997302","prefecture":"長野県","prefecture_kana":"ナガノケン","city":"大町市","city_kana":"オオマチシ","town":"八坂菖蒲","town_kana":"ヤサカショウブ","prefecture_code":20},"0700":{"zip_code":"3990700","prefecture":"長野県","prefecture_kana":"ナガノケン","city":"塩尻市","city_kana":"シオジリシ","town":"","town_kana":"","prefecture_code":20},"0713":{"zip_code":"3990713","prefecture":"長野県","prefecture_kana":"ナガノケン","city":"塩尻市","city_kana":"シオジリシ","town":"大小屋","town_kana":"オオゴヤ","prefecture_code":20},"0722":{"zip_code":"3990722","prefecture":"長野県","prefecture_kana":"ナガノケン","city":"塩尻市","city_kana":"シオジリシ","town":"柿沢","town_kana":"カキザワ","prefecture_code":20},"0071":{"zip_code":"3990071","prefecture":"長野県","prefecture_kana":"ナガノケン","city":"塩尻市","city_kana":"シオジリシ","town":"片丘","town_kana":"カタオカ","prefecture_code":20},"0711":{"zip_code":"3990711","prefecture":"長野県","prefecture_kana":"ナガノケン","city":"塩尻市","city_kana":"シオジリシ","town":"片丘","town_kana":"カタオカ","prefecture_code":20},"0721":{"zip_code":"3990721","prefecture":"長野県","prefecture_kana":"ナガノケン","city":"塩尻市","city_kana":"シオジリシ","town":"金井","town_kana":"カナイ","prefecture_code":20},"0724":{"zip_code":"3990724","prefecture":"長野県","prefecture_kana":"ナガノケン","city":"塩尻市","city_kana":"シオジリシ","town":"上西条","town_kana":"カミニシジョウ","prefecture_code":20},"6302":{"zip_code":"3996302","prefecture":"長野県","prefecture_kana":"ナガノケン","city":"塩尻市","city_kana":"シオジリシ","town":"木曽平沢","town_kana":"キソヒラサワ","prefecture_code":20},"0651":{"zip_code":"3990651","prefecture":"長野県","prefecture_kana":"ナガノケン","city":"塩尻市","city_kana":"シオジリシ","town":"北小野","town_kana":"キタオノ","prefecture_code":20},"0723":{"zip_code":"3990723","prefecture":"長野県","prefecture_kana":"ナガノケン","city":"塩尻市","city_kana":"シオジリシ","town":"旧塩尻","town_kana":"キュウシオジリ","prefecture_code":20},"0716":{"zip_code":"3990716","prefecture":"長野県","prefecture_kana":"ナガノケン","city":"塩尻市","city_kana":"シオジリシ","town":"桟敷","town_kana":"サジキ","prefecture_code":20},"0712":{"zip_code":"3990712","prefecture":"長野県","prefecture_kana":"ナガノケン","city":"塩尻市","city_kana":"シオジリシ","town":"塩尻町","town_kana":"シオジリマチ","prefecture_code":20},"0726":{"zip_code":"3990726","prefecture":"長野県","prefecture_kana":"ナガノケン","city":"塩尻市","city_kana":"シオジリシ","town":"下西条","town_kana":"シモニシジョウ","prefecture_code":20},"6462":{"zip_code":"3996462","prefecture":"長野県","prefecture_kana":"ナガノケン","city":"塩尻市","city_kana":"シオジリシ","town":"洗馬","town_kana":"セバ","prefecture_code":20},"6461":{"zip_code":"3996461","prefecture":"長野県","prefecture_kana":"ナガノケン","city":"塩尻市","city_kana":"シオジリシ","town":"宗賀","town_kana":"ソウガ","prefecture_code":20},"0744":[{"zip_code":"3990744","prefecture":"長野県","prefecture_kana":"ナガノケン","city":"塩尻市","city_kana":"シオジリシ","town":"大門七区","town_kana":"ダイモン7ク","prefecture_code":20},{"zip_code":"3990744","prefecture":"長野県","prefecture_kana":"ナガノケン","city":"塩尻市","city_kana":"シオジリシ","town":"大門","town_kana":"ダイモン","prefecture_code":20}],"0742":{"zip_code":"3990742","prefecture":"長野県","prefecture_kana":"ナガノケン","city":"塩尻市","city_kana":"シオジリシ","town":"大門泉町","town_kana":"ダイモンイズミチョウ","prefecture_code":20},"0745":{"zip_code":"3990745","prefecture":"長野県","prefecture_kana":"ナガノケン","city":"塩尻市","city_kana":"シオジリシ","town":"大門桔梗町","town_kana":"ダイモンキキョウチョウ","prefecture_code":20},"0741":{"zip_code":"3990741","prefecture":"長野県","prefecture_kana":"ナガノケン","city":"塩尻市","city_kana":"シオジリシ","town":"大門幸町","town_kana":"ダイモンサイワイチョウ","prefecture_code":20},"0743":{"zip_code":"3990743","prefecture":"長野県","prefecture_kana":"ナガノケン","city":"塩尻市","city_kana":"シオジリシ","town":"大門田川町","town_kana":"ダイモンタガワチョウ","prefecture_code":20},"0746":{"zip_code":"3990746","prefecture":"長野県","prefecture_kana":"ナガノケン","city":"塩尻市","city_kana":"シオジリシ","town":"大門並木町","town_kana":"ダイモンナミキチョウ","prefecture_code":20},"0736":{"zip_code":"3990736","prefecture":"長野県","prefecture_kana":"ナガノケン","city":"塩尻市","city_kana":"シオジリシ","town":"大門一番町","town_kana":"ダイモン1バンチョウ","prefecture_code":20},"0735":{"zip_code":"3990735","prefecture":"長野県","prefecture_kana":"ナガノケン","city":"塩尻市","city_kana":"シオジリシ","town":"大門二番町","town_kana":"ダイモン2バンチョウ","prefecture_code":20},"0733":{"zip_code":"3990733","prefecture":"長野県","prefecture_kana":"ナガノケン","city":"塩尻市","city_kana":"シオジリシ","town":"大門三番町","town_kana":"ダイモン3バンチョウ","prefecture_code":20},"0734":{"zip_code":"3990734","prefecture":"長野県","prefecture_kana":"ナガノケン","city":"塩尻市","city_kana":"シオジリシ","town":"大門四番町","town_kana":"ダイモン4バンチョウ","prefecture_code":20},"0732":{"zip_code":"3990732","prefecture":"長野県","prefecture_kana":"ナガノケン","city":"塩尻市","city_kana":"シオジリシ","town":"大門五番町","town_kana":"ダイモン5バンチョウ","prefecture_code":20},"0731":{"zip_code":"3990731","prefecture":"長野県","prefecture_kana":"ナガノケン","city":"塩尻市","city_kana":"シオジリシ","town":"大門六番町","town_kana":"ダイモン6バンチョウ","prefecture_code":20},"0738":{"zip_code":"3990738","prefecture":"長野県","prefecture_kana":"ナガノケン","city":"塩尻市","city_kana":"シオジリシ","town":"大門七番町","town_kana":"ダイモン7バンチョウ","prefecture_code":20},"0737":{"zip_code":"3990737","prefecture":"長野県","prefecture_kana":"ナガノケン","city":"塩尻市","city_kana":"シオジリシ","town":"大門八番町","town_kana":"ダイモン8バンチョウ","prefecture_code":20},"0725":{"zip_code":"3990725","prefecture":"長野県","prefecture_kana":"ナガノケン","city":"塩尻市","city_kana":"シオジリシ","town":"中西条","town_kana":"ナカニシジョウ","prefecture_code":20},"0715":{"zip_code":"3990715","prefecture":"長野県","prefecture_kana":"ナガノケン","city":"塩尻市","city_kana":"シオジリシ","town":"長畝","town_kana":"ナガウネ","prefecture_code":20},"6303":{"zip_code":"3996303","prefecture":"長野県","prefecture_kana":"ナガノケン","city":"塩尻市","city_kana":"シオジリシ","town":"奈良井","town_kana":"ナライ","prefecture_code":20},"6301":{"zip_code":"3996301","prefecture":"長野県","prefecture_kana":"ナガノケン","city":"塩尻市","city_kana":"シオジリシ","town":"贄川","town_kana":"ニエカワ","prefecture_code":20},"0705":{"zip_code":"3990705","prefecture":"長野県","prefecture_kana":"ナガノケン","city":"塩尻市","city_kana":"シオジリシ","town":"広丘堅石","town_kana":"ヒロオカカタイシ","prefecture_code":20},"0704":{"zip_code":"3990704","prefecture":"長野県","prefecture_kana":"ナガノケン","city":"塩尻市","city_kana":"シオジリシ","town":"広丘郷原","town_kana":"ヒロオカゴウバラ","prefecture_code":20},"0703":{"zip_code":"3990703","prefecture":"長野県","prefecture_kana":"ナガノケン","city":"塩尻市","city_kana":"シオジリシ","town":"広丘高出","town_kana":"ヒロオカタカイデ","prefecture_code":20},"0702":{"zip_code":"3990702","prefecture":"長野県","prefecture_kana":"ナガノケン","city":"塩尻市","city_kana":"シオジリシ","town":"広丘野村","town_kana":"ヒロオカノムラ","prefecture_code":20},"0706":{"zip_code":"3990706","prefecture":"長野県","prefecture_kana":"ナガノケン","city":"塩尻市","city_kana":"シオジリシ","town":"広丘原新田","town_kana":"ヒロオカハラシンデン","prefecture_code":20},"0701":{"zip_code":"3990701","prefecture":"長野県","prefecture_kana":"ナガノケン","city":"塩尻市","city_kana":"シオジリシ","town":"広丘吉田","town_kana":"ヒロオカヨシダ","prefecture_code":20},"0714":{"zip_code":"3990714","prefecture":"長野県","prefecture_kana":"ナガノケン","city":"塩尻市","city_kana":"シオジリシ","town":"堀ノ内","town_kana":"ホリノウチ","prefecture_code":20},"0727":{"zip_code":"3990727","prefecture":"長野県","prefecture_kana":"ナガノケン","city":"塩尻市","city_kana":"シオジリシ","town":"みどり湖","town_kana":"ミドリコ","prefecture_code":20},"0728":{"zip_code":"3990728","prefecture":"長野県","prefecture_kana":"ナガノケン","city":"塩尻市","city_kana":"シオジリシ","town":"峰原","town_kana":"ミネハラ","prefecture_code":20},"8200":{"zip_code":"3998200","prefecture":"長野県","prefecture_kana":"ナガノケン","city":"安曇野市","city_kana":"アヅミノシ","town":"","town_kana":"","prefecture_code":20},"7102":{"zip_code":"3997102","prefecture":"長野県","prefecture_kana":"ナガノケン","city":"安曇野市","city_kana":"アヅミノシ","town":"明科中川手","town_kana":"アカシナナカガワテ","prefecture_code":20},"7104":{"zip_code":"3997104","prefecture":"長野県","prefecture_kana":"ナガノケン","city":"安曇野市","city_kana":"アヅミノシ","town":"明科七貴","town_kana":"アカシナナナキ","prefecture_code":20},"7101":{"zip_code":"3997101","prefecture":"長野県","prefecture_kana":"ナガノケン","city":"安曇野市","city_kana":"アヅミノシ","town":"明科東川手","town_kana":"アカシナヒガシカワテ","prefecture_code":20},"7103":{"zip_code":"3997103","prefecture":"長野県","prefecture_kana":"ナガノケン","city":"安曇野市","city_kana":"アヅミノシ","town":"明科光","town_kana":"アカシナヒカル","prefecture_code":20},"7105":{"zip_code":"3997105","prefecture":"長野県","prefecture_kana":"ナガノケン","city":"安曇野市","city_kana":"アヅミノシ","town":"明科南陸郷","town_kana":"アカシナミナミリクゴウ","prefecture_code":20},"8205":{"zip_code":"3998205","prefecture":"長野県","prefecture_kana":"ナガノケン","city":"安曇野市","city_kana":"アヅミノシ","town":"豊科","town_kana":"トヨシナ","prefecture_code":20},"8204":{"zip_code":"3998204","prefecture":"長野県","prefecture_kana":"ナガノケン","city":"安曇野市","city_kana":"アヅミノシ","town":"豊科高家","town_kana":"トヨシナタキベ","prefecture_code":20},"8203":{"zip_code":"3998203","prefecture":"長野県","prefecture_kana":"ナガノケン","city":"安曇野市","city_kana":"アヅミノシ","town":"豊科田沢","town_kana":"トヨシナタザワ","prefecture_code":20},"8202":{"zip_code":"3998202","prefecture":"長野県","prefecture_kana":"ナガノケン","city":"安曇野市","city_kana":"アヅミノシ","town":"豊科光","town_kana":"トヨシナヒカル","prefecture_code":20},"8201":{"zip_code":"3998201","prefecture":"長野県","prefecture_kana":"ナガノケン","city":"安曇野市","city_kana":"アヅミノシ","town":"豊科南穂高","town_kana":"トヨシナミナミホタカ","prefecture_code":20},"8303":{"zip_code":"3998303","prefecture":"長野県","prefecture_kana":"ナガノケン","city":"安曇野市","city_kana":"アヅミノシ","town":"穂高","town_kana":"ホタカ","prefecture_code":20},"8301":{"zip_code":"3998301","prefecture":"長野県","prefecture_kana":"ナガノケン","city":"安曇野市","city_kana":"アヅミノシ","town":"穂高有明","town_kana":"ホタカアリアケ","prefecture_code":20},"8304":{"zip_code":"3998304","prefecture":"長野県","prefecture_kana":"ナガノケン","city":"安曇野市","city_kana":"アヅミノシ","town":"穂高柏原","town_kana":"ホタカカシワバラ","prefecture_code":20},"8302":{"zip_code":"3998302","prefecture":"長野県","prefecture_kana":"ナガノケン","city":"安曇野市","city_kana":"アヅミノシ","town":"穂高北穂高","town_kana":"ホタカキタホタカ","prefecture_code":20},"8305":{"zip_code":"3998305","prefecture":"長野県","prefecture_kana":"ナガノケン","city":"安曇野市","city_kana":"アヅミノシ","town":"穂高牧","town_kana":"ホタカマキ","prefecture_code":20},"8211":{"zip_code":"3998211","prefecture":"長野県","prefecture_kana":"ナガノケン","city":"安曇野市","city_kana":"アヅミノシ","town":"堀金烏川","town_kana":"ホリガネカラスガワ","prefecture_code":20},"8212":{"zip_code":"3998212","prefecture":"長野県","prefecture_kana":"ナガノケン","city":"安曇野市","city_kana":"アヅミノシ","town":"堀金三田","town_kana":"ホリガネミタ","prefecture_code":20},"8103":{"zip_code":"3998103","prefecture":"長野県","prefecture_kana":"ナガノケン","city":"安曇野市","city_kana":"アヅミノシ","town":"三郷小倉","town_kana":"ミサトオグラ","prefecture_code":20},"8101":{"zip_code":"3998101","prefecture":"長野県","prefecture_kana":"ナガノケン","city":"安曇野市","city_kana":"アヅミノシ","town":"三郷明盛","town_kana":"ミサトメイセイ","prefecture_code":20},"8102":{"zip_code":"3998102","prefecture":"長野県","prefecture_kana":"ナガノケン","city":"安曇野市","city_kana":"アヅミノシ","town":"三郷温","town_kana":"ミサトユタカ","prefecture_code":20},"0200":{"zip_code":"3990200","prefecture":"長野県","prefecture_kana":"ナガノケン","city":"諏訪郡富士見町","city_kana":"スワグンフジミマチ","town":"","town_kana":"","prefecture_code":20},"0102":{"zip_code":"3990102","prefecture":"長野県","prefecture_kana":"ナガノケン","city":"諏訪郡富士見町","city_kana":"スワグンフジミマチ","town":"落合","town_kana":"オチアイ","prefecture_code":20},"0214":{"zip_code":"3990214","prefecture":"長野県","prefecture_kana":"ナガノケン","city":"諏訪郡富士見町","city_kana":"スワグンフジミマチ","town":"落合","town_kana":"オチアイ","prefecture_code":20},"0213":{"zip_code":"3990213","prefecture":"長野県","prefecture_kana":"ナガノケン","city":"諏訪郡富士見町","city_kana":"スワグンフジミマチ","town":"乙事","town_kana":"オッコト","prefecture_code":20},"0101":{"zip_code":"3990101","prefecture":"長野県","prefecture_kana":"ナガノケン","city":"諏訪郡富士見町","city_kana":"スワグンフジミマチ","town":"境","town_kana":"サカイ","prefecture_code":20},"0212":{"zip_code":"3990212","prefecture":"長野県","prefecture_kana":"ナガノケン","city":"諏訪郡富士見町","city_kana":"スワグンフジミマチ","town":"立沢","town_kana":"タツザワ","prefecture_code":20},"0211":{"zip_code":"3990211","prefecture":"長野県","prefecture_kana":"ナガノケン","city":"諏訪郡富士見町","city_kana":"スワグンフジミマチ","town":"富士見","town_kana":"フジミ","prefecture_code":20},"0400":{"zip_code":"3990400","prefecture":"長野県","prefecture_kana":"ナガノケン","city":"上伊那郡辰野町","city_kana":"カミイナグンタツノマチ","town":"","town_kana":"","prefecture_code":20},"0424":{"zip_code":"3990424","prefecture":"長野県","prefecture_kana":"ナガノケン","city":"上伊那郡辰野町","city_kana":"カミイナグンタツノマチ","town":"赤羽","town_kana":"アカハネ","prefecture_code":20},"0428":{"zip_code":"3990428","prefecture":"長野県","prefecture_kana":"ナガノケン","city":"上伊那郡辰野町","city_kana":"カミイナグンタツノマチ","town":"伊那富","town_kana":"イナトミ","prefecture_code":20},"0601":{"zip_code":"3990601","prefecture":"長野県","prefecture_kana":"ナガノケン","city":"上伊那郡辰野町","city_kana":"カミイナグンタツノマチ","town":"小野","town_kana":"オノ","prefecture_code":20},"0512":{"zip_code":"3990512","prefecture":"長野県","prefecture_kana":"ナガノケン","city":"上伊那郡辰野町","city_kana":"カミイナグンタツノマチ","town":"上島","town_kana":"カミジマ","prefecture_code":20},"0423":{"zip_code":"3990423","prefecture":"長野県","prefecture_kana":"ナガノケン","city":"上伊那郡辰野町","city_kana":"カミイナグンタツノマチ","town":"沢底","town_kana":"サワソコ","prefecture_code":20},"0421":{"zip_code":"3990421","prefecture":"長野県","prefecture_kana":"ナガノケン","city":"上伊那郡辰野町","city_kana":"カミイナグンタツノマチ","town":"辰野","town_kana":"タツノ","prefecture_code":20},"0427":{"zip_code":"3990427","prefecture":"長野県","prefecture_kana":"ナガノケン","city":"上伊那郡辰野町","city_kana":"カミイナグンタツノマチ","town":"中央","town_kana":"チュウオウ","prefecture_code":20},"0425":{"zip_code":"3990425","prefecture":"長野県","prefecture_kana":"ナガノケン","city":"上伊那郡辰野町","city_kana":"カミイナグンタツノマチ","town":"樋口","town_kana":"ヒグチ","prefecture_code":20},"0422":{"zip_code":"3990422","prefecture":"長野県","prefecture_kana":"ナガノケン","city":"上伊那郡辰野町","city_kana":"カミイナグンタツノマチ","town":"平出","town_kana":"ヒライデ","prefecture_code":20},"0426":{"zip_code":"3990426","prefecture":"長野県","prefecture_kana":"ナガノケン","city":"上伊那郡辰野町","city_kana":"カミイナグンタツノマチ","town":"宮木","town_kana":"ミヤキ","prefecture_code":20},"0511":{"zip_code":"3990511","prefecture":"長野県","prefecture_kana":"ナガノケン","city":"上伊那郡辰野町","city_kana":"カミイナグンタツノマチ","town":"横川","town_kana":"ヨコカワ","prefecture_code":20},"4600":{"zip_code":"3994600","prefecture":"長野県","prefecture_kana":"ナガノケン","city":"上伊那郡箕輪町","city_kana":"カミイナグンミノワマチ","town":"","town_kana":"","prefecture_code":20},"4605":{"zip_code":"3994605","prefecture":"長野県","prefecture_kana":"ナガノケン","city":"上伊那郡箕輪町","city_kana":"カミイナグンミノワマチ","town":"中曽根","town_kana":"ナカゾネ","prefecture_code":20},"4601":{"zip_code":"3994601","prefecture":"長野県","prefecture_kana":"ナガノケン","city":"上伊那郡箕輪町","city_kana":"カミイナグンミノワマチ","town":"中箕輪","town_kana":"ナカミノワ","prefecture_code":20},"4602":{"zip_code":"3994602","prefecture":"長野県","prefecture_kana":"ナガノケン","city":"上伊那郡箕輪町","city_kana":"カミイナグンミノワマチ","town":"東箕輪","town_kana":"ヒガシミノワ","prefecture_code":20},"4604":{"zip_code":"3994604","prefecture":"長野県","prefecture_kana":"ナガノケン","city":"上伊那郡箕輪町","city_kana":"カミイナグンミノワマチ","town":"福与","town_kana":"フクヨ","prefecture_code":20},"4603":{"zip_code":"3994603","prefecture":"長野県","prefecture_kana":"ナガノケン","city":"上伊那郡箕輪町","city_kana":"カミイナグンミノワマチ","town":"三日町","town_kana":"ミッカマチ","prefecture_code":20},"3700":{"zip_code":"3993700","prefecture":"長野県","prefecture_kana":"ナガノケン","city":"上伊那郡飯島町","city_kana":"カミイナグンイイジママチ","town":"","town_kana":"","prefecture_code":20},"3702":{"zip_code":"3993702","prefecture":"長野県","prefecture_kana":"ナガノケン","city":"上伊那郡飯島町","city_kana":"カミイナグンイイジママチ","town":"飯島","town_kana":"イイジマ","prefecture_code":20},"3701":{"zip_code":"3993701","prefecture":"長野県","prefecture_kana":"ナガノケン","city":"上伊那郡飯島町","city_kana":"カミイナグンイイジママチ","town":"田切","town_kana":"タギリ","prefecture_code":20},"3705":{"zip_code":"3993705","prefecture":"長野県","prefecture_kana":"ナガノケン","city":"上伊那郡飯島町","city_kana":"カミイナグンイイジママチ","town":"七久保","town_kana":"ナナクボ","prefecture_code":20},"3703":{"zip_code":"3993703","prefecture":"長野県","prefecture_kana":"ナガノケン","city":"上伊那郡飯島町","city_kana":"カミイナグンイイジママチ","town":"日曽利","town_kana":"ヒッソリ","prefecture_code":20},"3704":{"zip_code":"3993704","prefecture":"長野県","prefecture_kana":"ナガノケン","city":"上伊那郡飯島町","city_kana":"カミイナグンイイジママチ","town":"本郷","town_kana":"ホンゴウ","prefecture_code":20},"4511":{"zip_code":"3994511","prefecture":"長野県","prefecture_kana":"ナガノケン","city":"上伊那郡南箕輪村","city_kana":"カミイナグンミナミミノワムラ","town":"","town_kana":"","prefecture_code":20},"3800":{"zip_code":"3993800","prefecture":"長野県","prefecture_kana":"ナガノケン","city":"上伊那郡中川村","city_kana":"カミイナグンナカガワムラ","town":"","town_kana":"","prefecture_code":20},"3801":{"zip_code":"3993801","prefecture":"長野県","prefecture_kana":"ナガノケン","city":"上伊那郡中川村","city_kana":"カミイナグンナカガワムラ","town":"大草","town_kana":"オオクサ","prefecture_code":20},"3802":{"zip_code":"3993802","prefecture":"長野県","prefecture_kana":"ナガノケン","city":"上伊那郡中川村","city_kana":"カミイナグンナカガワムラ","town":"片桐","town_kana":"カタギリ","prefecture_code":20},"3803":{"zip_code":"3993803","prefecture":"長野県","prefecture_kana":"ナガノケン","city":"上伊那郡中川村","city_kana":"カミイナグンナカガワムラ","town":"葛島","town_kana":"カツラシマ","prefecture_code":20},"3804":{"zip_code":"3993804","prefecture":"長野県","prefecture_kana":"ナガノケン","city":"上伊那郡中川村","city_kana":"カミイナグンナカガワムラ","town":"四徳","town_kana":"シトク","prefecture_code":20},"4301":{"zip_code":"3994301","prefecture":"長野県","prefecture_kana":"ナガノケン","city":"上伊那郡宮田村","city_kana":"カミイナグンミヤダムラ","town":"","town_kana":"","prefecture_code":20},"3300":{"zip_code":"3993300","prefecture":"長野県","prefecture_kana":"ナガノケン","city":"下伊那郡松川町","city_kana":"シモイナグンマツカワマチ","town":"","town_kana":"","prefecture_code":20},"3302":{"zip_code":"3993302","prefecture":"長野県","prefecture_kana":"ナガノケン","city":"下伊那郡松川町","city_kana":"シモイナグンマツカワマチ","town":"生田","town_kana":"イクタ","prefecture_code":20},"3304":{"zip_code":"3993304","prefecture":"長野県","prefecture_kana":"ナガノケン","city":"下伊那郡松川町","city_kana":"シモイナグンマツカワマチ","town":"大島","town_kana":"オオジマ","prefecture_code":20},"3301":{"zip_code":"3993301","prefecture":"長野県","prefecture_kana":"ナガノケン","city":"下伊那郡松川町","city_kana":"シモイナグンマツカワマチ","town":"上片桐","town_kana":"カミカタギリ","prefecture_code":20},"3303":{"zip_code":"3993303","prefecture":"長野県","prefecture_kana":"ナガノケン","city":"下伊那郡松川町","city_kana":"シモイナグンマツカワマチ","town":"元大島","town_kana":"モトオオジマ","prefecture_code":20},"3100":{"zip_code":"3993100","prefecture":"長野県","prefecture_kana":"ナガノケン","city":"下伊那郡高森町","city_kana":"シモイナグンタカモリマチ","town":"","town_kana":"","prefecture_code":20},"3107":{"zip_code":"3993107","prefecture":"長野県","prefecture_kana":"ナガノケン","city":"下伊那郡高森町","city_kana":"シモイナグンタカモリマチ","town":"出原","town_kana":"イズハラ","prefecture_code":20},"3105":{"zip_code":"3993105","prefecture":"長野県","prefecture_kana":"ナガノケン","city":"下伊那郡高森町","city_kana":"シモイナグンタカモリマチ","town":"牛牧","town_kana":"ウシマキ","prefecture_code":20},"3106":{"zip_code":"3993106","prefecture":"長野県","prefecture_kana":"ナガノケン","city":"下伊那郡高森町","city_kana":"シモイナグンタカモリマチ","town":"大島山","town_kana":"オオジマサン","prefecture_code":20},"3104":{"zip_code":"3993104","prefecture":"長野県","prefecture_kana":"ナガノケン","city":"下伊那郡高森町","city_kana":"シモイナグンタカモリマチ","town":"上市田","town_kana":"カミイチダ","prefecture_code":20},"3103":{"zip_code":"3993103","prefecture":"長野県","prefecture_kana":"ナガノケン","city":"下伊那郡高森町","city_kana":"シモイナグンタカモリマチ","town":"下市田","town_kana":"シモイチダ","prefecture_code":20},"3101":{"zip_code":"3993101","prefecture":"長野県","prefecture_kana":"ナガノケン","city":"下伊那郡高森町","city_kana":"シモイナグンタカモリマチ","town":"山吹","town_kana":"ヤマブキ","prefecture_code":20},"3102":{"zip_code":"3993102","prefecture":"長野県","prefecture_kana":"ナガノケン","city":"下伊那郡高森町","city_kana":"シモイナグンタカモリマチ","town":"吉田","town_kana":"ヨシダ","prefecture_code":20},"1500":{"zip_code":"3991500","prefecture":"長野県","prefecture_kana":"ナガノケン","city":"下伊那郡阿南町","city_kana":"シモイナグンアナンチョウ","town":"","town_kana":"","prefecture_code":20},"1501":{"zip_code":"3991501","prefecture":"長野県","prefecture_kana":"ナガノケン","city":"下伊那郡阿南町","city_kana":"シモイナグンアナンチョウ","town":"北條","town_kana":"キタジョウ","prefecture_code":20},"1505":{"zip_code":"3991505","prefecture":"長野県","prefecture_kana":"ナガノケン","city":"下伊那郡阿南町","city_kana":"シモイナグンアナンチョウ","town":"富草","town_kana":"トミクサ","prefecture_code":20},"1612":{"zip_code":"3991612","prefecture":"長野県","prefecture_kana":"ナガノケン","city":"下伊那郡阿南町","city_kana":"シモイナグンアナンチョウ","town":"新野","town_kana":"ニイノ","prefecture_code":20},"1504":{"zip_code":"3991504","prefecture":"長野県","prefecture_kana":"ナガノケン","city":"下伊那郡阿南町","city_kana":"シモイナグンアナンチョウ","town":"西條","town_kana":"ニシジョウ","prefecture_code":20},"1502":{"zip_code":"3991502","prefecture":"長野県","prefecture_kana":"ナガノケン","city":"下伊那郡阿南町","city_kana":"シモイナグンアナンチョウ","town":"東條","town_kana":"ヒガシジョウ","prefecture_code":20},"1503":{"zip_code":"3991503","prefecture":"長野県","prefecture_kana":"ナガノケン","city":"下伊那郡阿南町","city_kana":"シモイナグンアナンチョウ","town":"南條","town_kana":"ミナミジョウ","prefecture_code":20},"1611":{"zip_code":"3991611","prefecture":"長野県","prefecture_kana":"ナガノケン","city":"下伊那郡阿南町","city_kana":"シモイナグンアナンチョウ","town":"和合","town_kana":"ワゴウ","prefecture_code":20},"2100":{"zip_code":"3992100","prefecture":"長野県","prefecture_kana":"ナガノケン","city":"下伊那郡下條村","city_kana":"シモイナグンシモジョウムラ","town":"","town_kana":"","prefecture_code":20},"2102":{"zip_code":"3992102","prefecture":"長野県","prefecture_kana":"ナガノケン","city":"下伊那郡下條村","city_kana":"シモイナグンシモジョウムラ","town":"陽皐","town_kana":"ヒサワ","prefecture_code":20},"2101":{"zip_code":"3992101","prefecture":"長野県","prefecture_kana":"ナガノケン","city":"下伊那郡下條村","city_kana":"シモイナグンシモジョウムラ","town":"睦沢","town_kana":"ムツザワ","prefecture_code":20},"1601":{"zip_code":"3991601","prefecture":"長野県","prefecture_kana":"ナガノケン","city":"下伊那郡売木村","city_kana":"シモイナグンウルギムラ","town":"","town_kana":"","prefecture_code":20},"1200":{"zip_code":"3991200","prefecture":"長野県","prefecture_kana":"ナガノケン","city":"下伊那郡天龍村","city_kana":"シモイナグンテンリュウムラ","town":"","town_kana":"","prefecture_code":20},"1202":{"zip_code":"3991202","prefecture":"長野県","prefecture_kana":"ナガノケン","city":"下伊那郡天龍村","city_kana":"シモイナグンテンリュウムラ","town":"神原","town_kana":"カミハラ","prefecture_code":20},"1203":{"zip_code":"3991203","prefecture":"長野県","prefecture_kana":"ナガノケン","city":"下伊那郡天龍村","city_kana":"シモイナグンテンリュウムラ","town":"長島","town_kana":"ナガシマ","prefecture_code":20},"1201":{"zip_code":"3991201","prefecture":"長野県","prefecture_kana":"ナガノケン","city":"下伊那郡天龍村","city_kana":"シモイナグンテンリュウムラ","town":"平岡","town_kana":"ヒラオカ","prefecture_code":20},"1801":{"zip_code":"3991801","prefecture":"長野県","prefecture_kana":"ナガノケン","city":"下伊那郡泰阜村","city_kana":"シモイナグンヤスオカムラ","town":"","town_kana":"","prefecture_code":20},"3200":{"zip_code":"3993200","prefecture":"長野県","prefecture_kana":"ナガノケン","city":"下伊那郡豊丘村","city_kana":"シモイナグントヨオカムラ","town":"","town_kana":"","prefecture_code":20},"3311":{"zip_code":"3993311","prefecture":"長野県","prefecture_kana":"ナガノケン","city":"下伊那郡豊丘村","city_kana":"シモイナグントヨオカムラ","town":"河野","town_kana":"カワノ","prefecture_code":20},"3201":{"zip_code":"3993201","prefecture":"長野県","prefecture_kana":"ナガノケン","city":"下伊那郡豊丘村","city_kana":"シモイナグントヨオカムラ","town":"河野","town_kana":"カワノ","prefecture_code":20},"3202":{"zip_code":"3993202","prefecture":"長野県","prefecture_kana":"ナガノケン","city":"下伊那郡豊丘村","city_kana":"シモイナグントヨオカムラ","town":"神稲","town_kana":"クマシロ","prefecture_code":20},"3500":{"zip_code":"3993500","prefecture":"長野県","prefecture_kana":"ナガノケン","city":"下伊那郡大鹿村","city_kana":"シモイナグンオオシカムラ","town":"","town_kana":"","prefecture_code":20},"3502":{"zip_code":"3993502","prefecture":"長野県","prefecture_kana":"ナガノケン","city":"下伊那郡大鹿村","city_kana":"シモイナグンオオシカムラ","town":"大河原","town_kana":"オオカワラ","prefecture_code":20},"3501":{"zip_code":"3993501","prefecture":"長野県","prefecture_kana":"ナガノケン","city":"下伊那郡大鹿村","city_kana":"シモイナグンオオシカムラ","town":"鹿塩","town_kana":"カシオ","prefecture_code":20},"5600":{"zip_code":"3995600","prefecture":"長野県","prefecture_kana":"ナガノケン","city":"木曽郡上松町","city_kana":"キソグンアゲマツマチ","town":"","town_kana":"","prefecture_code":20},"5601":{"zip_code":"3995601","prefecture":"長野県","prefecture_kana":"ナガノケン","city":"木曽郡上松町","city_kana":"キソグンアゲマツマチ","town":"上松","town_kana":"アゲマツ","prefecture_code":20},"5609":{"zip_code":"3995609","prefecture":"長野県","prefecture_kana":"ナガノケン","city":"木曽郡上松町","city_kana":"キソグンアゲマツマチ","town":"旭町","town_kana":"アサヒマチ","prefecture_code":20},"5603":{"zip_code":"3995603","prefecture":"長野県","prefecture_kana":"ナガノケン","city":"木曽郡上松町","city_kana":"キソグンアゲマツマチ","town":"駅前通り","town_kana":"エキマエドオリ","prefecture_code":20},"5607":{"zip_code":"3995607","prefecture":"長野県","prefecture_kana":"ナガノケン","city":"木曽郡上松町","city_kana":"キソグンアゲマツマチ","town":"小川","town_kana":"オガワ","prefecture_code":20},"5608":{"zip_code":"3995608","prefecture":"長野県","prefecture_kana":"ナガノケン","city":"木曽郡上松町","city_kana":"キソグンアゲマツマチ","town":"荻原","town_kana":"オギハラ","prefecture_code":20},"5605":{"zip_code":"3995605","prefecture":"長野県","prefecture_kana":"ナガノケン","city":"木曽郡上松町","city_kana":"キソグンアゲマツマチ","town":"栄町","town_kana":"サカエマチ","prefecture_code":20},"5604":{"zip_code":"3995604","prefecture":"長野県","prefecture_kana":"ナガノケン","city":"木曽郡上松町","city_kana":"キソグンアゲマツマチ","town":"正島町","town_kana":"ショウジママチ","prefecture_code":20},"5602":{"zip_code":"3995602","prefecture":"長野県","prefecture_kana":"ナガノケン","city":"木曽郡上松町","city_kana":"キソグンアゲマツマチ","town":"本町通り","town_kana":"ホンマチドオリ","prefecture_code":20},"5606":{"zip_code":"3995606","prefecture":"長野県","prefecture_kana":"ナガノケン","city":"木曽郡上松町","city_kana":"キソグンアゲマツマチ","town":"緑町","town_kana":"ミドリマチ","prefecture_code":20},"5300":{"zip_code":"3995300","prefecture":"長野県","prefecture_kana":"ナガノケン","city":"木曽郡南木曽町","city_kana":"キソグンナギソマチ","town":"","town_kana":"","prefecture_code":20},"5302":{"zip_code":"3995302","prefecture":"長野県","prefecture_kana":"ナガノケン","city":"木曽郡南木曽町","city_kana":"キソグンナギソマチ","town":"吾妻","town_kana":"アヅマ","prefecture_code":20},"5303":{"zip_code":"3995303","prefecture":"長野県","prefecture_kana":"ナガノケン","city":"木曽郡南木曽町","city_kana":"キソグンナギソマチ","town":"田立","town_kana":"タダチ","prefecture_code":20},"5301":{"zip_code":"3995301","prefecture":"長野県","prefecture_kana":"ナガノケン","city":"木曽郡南木曽町","city_kana":"キソグンナギソマチ","town":"読書","town_kana":"ヨミカキ","prefecture_code":20},"6200":{"zip_code":"3996200","prefecture":"長野県","prefecture_kana":"ナガノケン","city":"木曽郡木祖村","city_kana":"キソグンキソムラ","town":"","town_kana":"","prefecture_code":20},"6203":{"zip_code":"3996203","prefecture":"長野県","prefecture_kana":"ナガノケン","city":"木曽郡木祖村","city_kana":"キソグンキソムラ","town":"小木曽","town_kana":"オギソ","prefecture_code":20},"6202":{"zip_code":"3996202","prefecture":"長野県","prefecture_kana":"ナガノケン","city":"木曽郡木祖村","city_kana":"キソグンキソムラ","town":"菅","town_kana":"スゲ","prefecture_code":20},"6201":{"zip_code":"3996201","prefecture":"長野県","prefecture_kana":"ナガノケン","city":"木曽郡木祖村","city_kana":"キソグンキソムラ","town":"薮原","town_kana":"ヤブハラ","prefecture_code":20},"5500":{"zip_code":"3995500","prefecture":"長野県","prefecture_kana":"ナガノケン","city":"木曽郡大桑村","city_kana":"キソグンオオクワムラ","town":"","town_kana":"","prefecture_code":20},"5502":{"zip_code":"3995502","prefecture":"長野県","prefecture_kana":"ナガノケン","city":"木曽郡大桑村","city_kana":"キソグンオオクワムラ","town":"須原","town_kana":"スハラ","prefecture_code":20},"5501":{"zip_code":"3995501","prefecture":"長野県","prefecture_kana":"ナガノケン","city":"木曽郡大桑村","city_kana":"キソグンオオクワムラ","town":"殿","town_kana":"トノ","prefecture_code":20},"5503":{"zip_code":"3995503","prefecture":"長野県","prefecture_kana":"ナガノケン","city":"木曽郡大桑村","city_kana":"キソグンオオクワムラ","town":"長野","town_kana":"ナガノ","prefecture_code":20},"5504":{"zip_code":"3995504","prefecture":"長野県","prefecture_kana":"ナガノケン","city":"木曽郡大桑村","city_kana":"キソグンオオクワムラ","town":"野尻","town_kana":"ノジリ","prefecture_code":20},"6101":{"zip_code":"3996101","prefecture":"長野県","prefecture_kana":"ナガノケン","city":"木曽郡木曽町","city_kana":"キソグンキソマチ","town":"日義","town_kana":"ヒヨシ","prefecture_code":20},"7700":{"zip_code":"3997700","prefecture":"長野県","prefecture_kana":"ナガノケン","city":"東筑摩郡麻績村","city_kana":"ヒガシチクマグンオミムラ","town":"","town_kana":"","prefecture_code":20},"7701":{"zip_code":"3997701","prefecture":"長野県","prefecture_kana":"ナガノケン","city":"東筑摩郡麻績村","city_kana":"ヒガシチクマグンオミムラ","town":"麻","town_kana":"オ","prefecture_code":20},"7702":{"zip_code":"3997702","prefecture":"長野県","prefecture_kana":"ナガノケン","city":"東筑摩郡麻績村","city_kana":"ヒガシチクマグンオミムラ","town":"日","town_kana":"ヒ","prefecture_code":20},"7200":{"zip_code":"3997200","prefecture":"長野県","prefecture_kana":"ナガノケン","city":"東筑摩郡生坂村","city_kana":"ヒガシチクマグンイクサカムラ","town":"","town_kana":"","prefecture_code":20},"7201":{"zip_code":"3997201","prefecture":"長野県","prefecture_kana":"ナガノケン","city":"東筑摩郡生坂村","city_kana":"ヒガシチクマグンイクサカムラ","town":"","town_kana":"","prefecture_code":20},"7202":{"zip_code":"3997202","prefecture":"長野県","prefecture_kana":"ナガノケン","city":"東筑摩郡生坂村","city_kana":"ヒガシチクマグンイクサカムラ","town":"北陸郷","town_kana":"キタリクゴウ","prefecture_code":20},"7311":{"zip_code":"3997311","prefecture":"長野県","prefecture_kana":"ナガノケン","city":"東筑摩郡生坂村","city_kana":"ヒガシチクマグンイクサカムラ","town":"東広津","town_kana":"ヒガシヒロツ","prefecture_code":20},"7500":{"zip_code":"3997500","prefecture":"長野県","prefecture_kana":"ナガノケン","city":"東筑摩郡筑北村","city_kana":"ヒガシチクマグンチクホクムラ","town":"","town_kana":"","prefecture_code":20},"7503":{"zip_code":"3997503","prefecture":"長野県","prefecture_kana":"ナガノケン","city":"東筑摩郡筑北村","city_kana":"ヒガシチクマグンチクホクムラ","town":"大沢新田","town_kana":"オオサワシンデン","prefecture_code":20},"7711":{"zip_code":"3997711","prefecture":"長野県","prefecture_kana":"ナガノケン","city":"東筑摩郡筑北村","city_kana":"ヒガシチクマグンチクホクムラ","town":"坂井","town_kana":"サカイ","prefecture_code":20},"7601":{"zip_code":"3997601","prefecture":"長野県","prefecture_kana":"ナガノケン","city":"東筑摩郡筑北村","city_kana":"ヒガシチクマグンチクホクムラ","town":"坂北","town_kana":"サカキタ","prefecture_code":20},"7501":{"zip_code":"3997501","prefecture":"長野県","prefecture_kana":"ナガノケン","city":"東筑摩郡筑北村","city_kana":"ヒガシチクマグンチクホクムラ","town":"西条","town_kana":"ニシジョウ","prefecture_code":20},"7502":{"zip_code":"3997502","prefecture":"長野県","prefecture_kana":"ナガノケン","city":"東筑摩郡筑北村","city_kana":"ヒガシチクマグンチクホクムラ","town":"東条","town_kana":"ヒガシジョウ","prefecture_code":20},"7504":{"zip_code":"3997504","prefecture":"長野県","prefecture_kana":"ナガノケン","city":"東筑摩郡筑北村","city_kana":"ヒガシチクマグンチクホクムラ","town":"乱橋","town_kana":"ミダレハシ","prefecture_code":20},"8600":{"zip_code":"3998600","prefecture":"長野県","prefecture_kana":"ナガノケン","city":"北安曇郡池田町","city_kana":"キタアヅミグンイケダマチ","town":"","town_kana":"","prefecture_code":20},"8602":{"zip_code":"3998602","prefecture":"長野県","prefecture_kana":"ナガノケン","city":"北安曇郡池田町","city_kana":"キタアヅミグンイケダマチ","town":"会染","town_kana":"アイソメ","prefecture_code":20},"8601":{"zip_code":"3998601","prefecture":"長野県","prefecture_kana":"ナガノケン","city":"北安曇郡池田町","city_kana":"キタアヅミグンイケダマチ","town":"池田","town_kana":"イケダ","prefecture_code":20},"8603":{"zip_code":"3998603","prefecture":"長野県","prefecture_kana":"ナガノケン","city":"北安曇郡池田町","city_kana":"キタアヅミグンイケダマチ","town":"中鵜","town_kana":"ナカウ","prefecture_code":20},"8604":{"zip_code":"3998604","prefecture":"長野県","prefecture_kana":"ナガノケン","city":"北安曇郡池田町","city_kana":"キタアヅミグンイケダマチ","town":"広津","town_kana":"ヒロツ","prefecture_code":20},"8605":{"zip_code":"3998605","prefecture":"長野県","prefecture_kana":"ナガノケン","city":"北安曇郡池田町","city_kana":"キタアヅミグンイケダマチ","town":"陸郷","town_kana":"リクゴウ","prefecture_code":20},"8501":{"zip_code":"3998501","prefecture":"長野県","prefecture_kana":"ナガノケン","city":"北安曇郡松川村","city_kana":"キタアヅミグンマツカワムラ","town":"","town_kana":"","prefecture_code":20},"9300":{"zip_code":"3999300","prefecture":"長野県","prefecture_kana":"ナガノケン","city":"北安曇郡白馬村","city_kana":"キタアヅミグンハクバムラ","town":"","town_kana":"","prefecture_code":20},"9211":{"zip_code":"3999211","prefecture":"長野県","prefecture_kana":"ナガノケン","city":"北安曇郡白馬村","city_kana":"キタアヅミグンハクバムラ","town":"神城","town_kana":"カミシロ","prefecture_code":20},"9301":{"zip_code":"3999301","prefecture":"長野県","prefecture_kana":"ナガノケン","city":"北安曇郡白馬村","city_kana":"キタアヅミグンハクバムラ","town":"北城","town_kana":"ホクジョウ","prefecture_code":20},"9400":{"zip_code":"3999400","prefecture":"長野県","prefecture_kana":"ナガノケン","city":"北安曇郡小谷村","city_kana":"キタアヅミグンオタリムラ","town":"","town_kana":"","prefecture_code":20},"9601":{"zip_code":"3999601","prefecture":"長野県","prefecture_kana":"ナガノケン","city":"北安曇郡小谷村","city_kana":"キタアヅミグンオタリムラ","town":"北小谷","town_kana":"キタオタリ","prefecture_code":20},"9422":{"zip_code":"3999422","prefecture":"長野県","prefecture_kana":"ナガノケン","city":"北安曇郡小谷村","city_kana":"キタアヅミグンオタリムラ","town":"千国乙","town_kana":"チクニオツ","prefecture_code":20},"9421":{"zip_code":"3999421","prefecture":"長野県","prefecture_kana":"ナガノケン","city":"北安曇郡小谷村","city_kana":"キタアヅミグンオタリムラ","town":"中小谷丙","town_kana":"ナカオタリヘイ","prefecture_code":20},"9511":{"zip_code":"3999511","prefecture":"長野県","prefecture_kana":"ナガノケン","city":"北安曇郡小谷村","city_kana":"キタアヅミグンオタリムラ","town":"中土","town_kana":"ナカツチ","prefecture_code":20}}