{"0000":{"zip_code":"4100000","prefecture":"静岡県","prefecture_kana":"シズオカケン","city":"沼津市","city_kana":"ヌマヅシ","town":"","town_kana":"","prefecture_code":22},"0802":{"zip_code":"4100802","prefecture":"静岡県","prefecture_kana":"シズオカケン","city":"沼津市","city_kana":"ヌマヅシ","town":"上土町","town_kana":"アゲツチチョウ","prefecture_code":22},"0852":{"zip_code":"4100852","prefecture":"静岡県","prefecture_kana":"シズオカケン","city":"沼津市","city_kana":"ヌマヅシ","town":"旭町","town_kana":"アサヒチョウ","prefecture_code":22},"0001":{"zip_code":"4100001","prefecture":"静岡県","prefecture_kana":"シズオカケン","city":"沼津市","city_kana":"ヌマヅシ","town":"足高","town_kana":"アシタカ","prefecture_code":22},"0317":{"zip_code":"4100317","prefecture":"静岡県","prefecture_kana":"シズオカケン","city":"沼津市","city_kana":"ヌマヅシ","town":"石川","town_kana":"イシカワ","prefecture_code":22},"0045":{"zip_code":"4100045","prefecture":"静岡県","prefecture_kana":"シズオカケン","city":"沼津市","city_kana":"ヌマヅシ","town":"泉町","town_kana":"イズミチョウ","prefecture_code":22},"3401":{"zip_code":"4103401","prefecture":"静岡県","prefecture_kana":"シズオカケン","city":"沼津市","city_kana":"ヌマヅシ","town":"井田","town_kana":"イタ","prefecture_code":22},"0831":{"zip_code":"4100831","prefecture":"静岡県","prefecture_kana":"シズオカケン","city":"沼津市","city_kana":"ヌマヅシ","town":"市場町","town_kana":"イチバチョウ","prefecture_code":22},"0866":{"zip_code":"4100866","prefecture":"静岡県","prefecture_kana":"シズオカケン","city":"沼津市","city_kana":"ヌマヅシ","town":"市道","town_kana":"イチミチ","prefecture_code":22},"0314":{"zip_code":"4100314","prefecture":"静岡県","prefecture_kana":"シズオカケン","city":"沼津市","city_kana":"ヌマヅシ","town":"一本松","town_kana":"イッポンマツ","prefecture_code":22},"0319":{"zip_code":"4100319","prefecture":"静岡県","prefecture_kana":"シズオカケン","city":"沼津市","city_kana":"ヌマヅシ","town":"井出","town_kana":"イデ","prefecture_code":22},"0875":{"zip_code":"4100875","prefecture":"静岡県","prefecture_kana":"シズオカケン","city":"沼津市","city_kana":"ヌマヅシ","town":"今沢","town_kana":"イマザワ","prefecture_code":22},"0316":{"zip_code":"4100316","prefecture":"静岡県","prefecture_kana":"シズオカケン","city":"沼津市","city_kana":"ヌマヅシ","town":"植田","town_kana":"ウエダ","prefecture_code":22},"0892":{"zip_code":"4100892","prefecture":"静岡県","prefecture_kana":"シズオカケン","city":"沼津市","city_kana":"ヌマヅシ","town":"魚町","town_kana":"ウオチョウ","prefecture_code":22},"0225":{"zip_code":"4100225","prefecture":"静岡県","prefecture_kana":"シズオカケン","city":"沼津市","city_kana":"ヌマヅシ","town":"内浦重須","town_kana":"ウチウラオモス","prefecture_code":22},"0222":{"zip_code":"4100222","prefecture":"静岡県","prefecture_kana":"シズオカケン","city":"沼津市","city_kana":"ヌマヅシ","town":"内浦小海","town_kana":"ウチウラコウミ","prefecture_code":22},"0221":{"zip_code":"4100221","prefecture":"静岡県","prefecture_kana":"シズオカケン","city":"沼津市","city_kana":"ヌマヅシ","town":"内浦重寺","town_kana":"ウチウラシゲデラ","prefecture_code":22},"0224":{"zip_code":"4100224","prefecture":"静岡県","prefecture_kana":"シズオカケン","city":"沼津市","city_kana":"ヌマヅシ","town":"内浦長浜","town_kana":"ウチウラナガハマ","prefecture_code":22},"0223":{"zip_code":"4100223","prefecture":"静岡県","prefecture_kana":"シズオカケン","city":"沼津市","city_kana":"ヌマヅシ","town":"内浦三津","town_kana":"ウチウラミト","prefecture_code":22},"0103":{"zip_code":"4100103","prefecture":"静岡県","prefecture_kana":"シズオカケン","city":"沼津市","city_kana":"ヌマヅシ","town":"江浦","town_kana":"エノウラ","prefecture_code":22},"0049":{"zip_code":"4100049","prefecture":"静岡県","prefecture_kana":"シズオカケン","city":"沼津市","city_kana":"ヌマヅシ","town":"江原町","town_kana":"エバラチョウ","prefecture_code":22},"0022":{"zip_code":"4100022","prefecture":"静岡県","prefecture_kana":"シズオカケン","city":"沼津市","city_kana":"ヌマヅシ","town":"大岡","town_kana":"オオオカ","prefecture_code":22},"0873":{"zip_code":"4100873","prefecture":"静岡県","prefecture_kana":"シズオカケン","city":"沼津市","city_kana":"ヌマヅシ","town":"大諏訪","town_kana":"オオズワ","prefecture_code":22},"0306":{"zip_code":"4100306","prefecture":"静岡県","prefecture_kana":"シズオカケン","city":"沼津市","city_kana":"ヌマヅシ","town":"大塚","town_kana":"オオツカ","prefecture_code":22},"0801":{"zip_code":"4100801","prefecture":"静岡県","prefecture_kana":"シズオカケン","city":"沼津市","city_kana":"ヌマヅシ","town":"大手町","town_kana":"オオテマチ","prefecture_code":22},"0307":{"zip_code":"4100307","prefecture":"静岡県","prefecture_kana":"シズオカケン","city":"沼津市","city_kana":"ヌマヅシ","town":"青野","town_kana":"オオノ","prefecture_code":22},"0821":{"zip_code":"4100821","prefecture":"静岡県","prefecture_kana":"シズオカケン","city":"沼津市","city_kana":"ヌマヅシ","town":"大平","town_kana":"オオヒラ","prefecture_code":22},"0012":{"zip_code":"4100012","prefecture":"静岡県","prefecture_kana":"シズオカケン","city":"沼津市","city_kana":"ヌマヅシ","town":"岡一色","town_kana":"オカイッシキ","prefecture_code":22},"0011":{"zip_code":"4100011","prefecture":"静岡県","prefecture_kana":"シズオカケン","city":"沼津市","city_kana":"ヌマヅシ","town":"岡宮","town_kana":"オカノミヤ","prefecture_code":22},"0844":{"zip_code":"4100844","prefecture":"静岡県","prefecture_kana":"シズオカケン","city":"沼津市","city_kana":"ヌマヅシ","town":"春日町","town_kana":"カスガチョウ","prefecture_code":22},"0823":{"zip_code":"4100823","prefecture":"静岡県","prefecture_kana":"シズオカケン","city":"沼津市","city_kana":"ヌマヅシ","town":"我入道","town_kana":"ガニュウドウ","prefecture_code":22},"0824":{"zip_code":"4100824","prefecture":"静岡県","prefecture_kana":"シズオカケン","city":"沼津市","city_kana":"ヌマヅシ","town":"香貫が丘","town_kana":"カヌキガオカ","prefecture_code":22},"0813":{"zip_code":"4100813","prefecture":"静岡県","prefecture_kana":"シズオカケン","city":"沼津市","city_kana":"ヌマヅシ","town":"上香貫","town_kana":"カミカヌキ","prefecture_code":22},"0042":{"zip_code":"4100042","prefecture":"静岡県","prefecture_kana":"シズオカケン","city":"沼津市","city_kana":"ヌマヅシ","town":"神田町","town_kana":"カンダチョウ","prefecture_code":22},"0876":{"zip_code":"4100876","prefecture":"静岡県","prefecture_kana":"シズオカケン","city":"沼津市","city_kana":"ヌマヅシ","town":"北今沢","town_kana":"キタイマザワ","prefecture_code":22},"0061":{"zip_code":"4100061","prefecture":"静岡県","prefecture_kana":"シズオカケン","city":"沼津市","city_kana":"ヌマヅシ","town":"北園町","town_kana":"キタゾノチョウ","prefecture_code":22},"0054":{"zip_code":"4100054","prefecture":"静岡県","prefecture_kana":"シズオカケン","city":"沼津市","city_kana":"ヌマヅシ","town":"北高島町","town_kana":"キタタカシマチョウ","prefecture_code":22},"0064":{"zip_code":"4100064","prefecture":"静岡県","prefecture_kana":"シズオカケン","city":"沼津市","city_kana":"ヌマヅシ","town":"共栄町","town_kana":"キョウエイチョウ","prefecture_code":22},"0102":{"zip_code":"4100102","prefecture":"静岡県","prefecture_kana":"シズオカケン","city":"沼津市","city_kana":"ヌマヅシ","town":"口野","town_kana":"クチノ","prefecture_code":22},"0893":{"zip_code":"4100893","prefecture":"静岡県","prefecture_kana":"シズオカケン","city":"沼津市","city_kana":"ヌマヅシ","town":"くまだか町","town_kana":"クマダカチョウ","prefecture_code":22},"0819":{"zip_code":"4100819","prefecture":"静岡県","prefecture_kana":"シズオカケン","city":"沼津市","city_kana":"ヌマヅシ","town":"黒瀬町","town_kana":"クロセチョウ","prefecture_code":22},"0872":{"zip_code":"4100872","prefecture":"静岡県","prefecture_kana":"シズオカケン","city":"沼津市","city_kana":"ヌマヅシ","town":"小諏訪","town_kana":"コズワ","prefecture_code":22},"0053":{"zip_code":"4100053","prefecture":"静岡県","prefecture_kana":"シズオカケン","city":"沼津市","city_kana":"ヌマヅシ","town":"寿町","town_kana":"コトブキチョウ","prefecture_code":22},"0021":{"zip_code":"4100021","prefecture":"静岡県","prefecture_kana":"シズオカケン","city":"沼津市","city_kana":"ヌマヅシ","town":"小林台","town_kana":"コバヤシダイ","prefecture_code":22},"0804":{"zip_code":"4100804","prefecture":"静岡県","prefecture_kana":"シズオカケン","city":"沼津市","city_kana":"ヌマヅシ","town":"西条町","town_kana":"サイジョウチョウ","prefecture_code":22},"0862":{"zip_code":"4100862","prefecture":"静岡県","prefecture_kana":"シズオカケン","city":"沼津市","city_kana":"ヌマヅシ","town":"幸町","town_kana":"サイワイチョウ","prefecture_code":22},"0044":{"zip_code":"4100044","prefecture":"静岡県","prefecture_kana":"シズオカケン","city":"沼津市","city_kana":"ヌマヅシ","town":"五月町","town_kana":"サツキチョウ","prefecture_code":22},"0052":{"zip_code":"4100052","prefecture":"静岡県","prefecture_kana":"シズオカケン","city":"沼津市","city_kana":"ヌマヅシ","town":"沢田町","town_kana":"サワダチョウ","prefecture_code":22},"0035":{"zip_code":"4100035","prefecture":"静岡県","prefecture_kana":"シズオカケン","city":"沼津市","city_kana":"ヌマヅシ","town":"山王台","town_kana":"サンノウダイ","prefecture_code":22},"0031":{"zip_code":"4100031","prefecture":"静岡県","prefecture_kana":"シズオカケン","city":"沼津市","city_kana":"ヌマヅシ","town":"三枚橋","town_kana":"サンマイバシ","prefecture_code":22},"0037":{"zip_code":"4100037","prefecture":"静岡県","prefecture_kana":"シズオカケン","city":"沼津市","city_kana":"ヌマヅシ","town":"三枚橋町","town_kana":"サンマイバシチョウ","prefecture_code":22},"0106":{"zip_code":"4100106","prefecture":"静岡県","prefecture_kana":"シズオカケン","city":"沼津市","city_kana":"ヌマヅシ","town":"志下","town_kana":"シゲ","prefecture_code":22},"0104":{"zip_code":"4100104","prefecture":"静岡県","prefecture_kana":"シズオカケン","city":"沼津市","city_kana":"ヌマヅシ","town":"獅子浜","town_kana":"シシハマ","prefecture_code":22},"0867":[{"zip_code":"4100867","prefecture":"静岡県","prefecture_kana":"シズオカケン","city":"沼津市","city_kana":"ヌマヅシ","town":"下小路町","town_kana":"シタコウジチョウ","prefecture_code":22},{"zip_code":"4100867","prefecture":"静岡県","prefecture_kana":"シズオカケン","city":"沼津市","city_kana":"ヌマヅシ","town":"下中溝","town_kana":"シモナカミゾ","prefecture_code":22},{"zip_code":"4100867","prefecture":"静岡県","prefecture_kana":"シズオカケン","city":"沼津市","city_kana":"ヌマヅシ","town":"千本","town_kana":"センボン","prefecture_code":22},{"zip_code":"4100867","prefecture":"静岡県","prefecture_kana":"シズオカケン","city":"沼津市","city_kana":"ヌマヅシ","town":"出口町","town_kana":"デグチチョウ","prefecture_code":22},{"zip_code":"4100867","prefecture":"静岡県","prefecture_kana":"シズオカケン","city":"沼津市","city_kana":"ヌマヅシ","town":"西松下","town_kana":"ニシマツシタ","prefecture_code":22},{"zip_code":"4100867","prefecture":"静岡県","prefecture_kana":"シズオカケン","city":"沼津市","city_kana":"ヌマヅシ","town":"本","town_kana":"ホン","prefecture_code":22},{"zip_code":"4100867","prefecture":"静岡県","prefecture_kana":"シズオカケン","city":"沼津市","city_kana":"ヌマヅシ","town":"前田","town_kana":"マエダ","prefecture_code":22},{"zip_code":"4100867","prefecture":"静岡県","prefecture_kana":"シズオカケン","city":"沼津市","city_kana":"ヌマヅシ","town":"松下七反田","town_kana":"マツシタヒチタンダ","prefecture_code":22}],"0863":{"zip_code":"4100863","prefecture":"静岡県","prefecture_kana":"シズオカケン","city":"沼津市","city_kana":"ヌマヅシ","town":"下一丁田","town_kana":"シモイッチョウダ","prefecture_code":22},"0822":{"zip_code":"4100822","prefecture":"静岡県","prefecture_kana":"シズオカケン","city":"沼津市","city_kana":"ヌマヅシ","town":"下香貫","town_kana":"シモカヌキ","prefecture_code":22},"0841":{"zip_code":"4100841","prefecture":"静岡県","prefecture_kana":"シズオカケン","city":"沼津市","city_kana":"ヌマヅシ","town":"下河原町","town_kana":"シモガワラチョウ","prefecture_code":22},"0885":{"zip_code":"4100885","prefecture":"静岡県","prefecture_kana":"シズオカケン","city":"沼津市","city_kana":"ヌマヅシ","town":"下本町","town_kana":"シモホンチョウ","prefecture_code":22},"0842":{"zip_code":"4100842","prefecture":"静岡県","prefecture_kana":"シズオカケン","city":"沼津市","city_kana":"ヌマヅシ","town":"蛇松町","town_kana":"ジャマツチョウ","prefecture_code":22},"0047":{"zip_code":"4100047","prefecture":"静岡県","prefecture_kana":"シズオカケン","city":"沼津市","city_kana":"ヌマヅシ","town":"庄栄町","town_kana":"ショウエイチョウ","prefecture_code":22},"0805":{"zip_code":"4100805","prefecture":"静岡県","prefecture_kana":"シズオカケン","city":"沼津市","city_kana":"ヌマヅシ","town":"白銀町","town_kana":"シロガネチョウ","prefecture_code":22},"0003":{"zip_code":"4100003","prefecture":"静岡県","prefecture_kana":"シズオカケン","city":"沼津市","city_kana":"ヌマヅシ","town":"新沢田町","town_kana":"シンサワダチョウ","prefecture_code":22},"0048":{"zip_code":"4100048","prefecture":"静岡県","prefecture_kana":"シズオカケン","city":"沼津市","city_kana":"ヌマヅシ","town":"新宿町","town_kana":"シンジュクチョウ","prefecture_code":22},"0895":{"zip_code":"4100895","prefecture":"静岡県","prefecture_kana":"シズオカケン","city":"沼津市","city_kana":"ヌマヅシ","town":"新町","town_kana":"シンチョウ","prefecture_code":22},"0888":{"zip_code":"4100888","prefecture":"静岡県","prefecture_kana":"シズオカケン","city":"沼津市","city_kana":"ヌマヅシ","town":"末広町","town_kana":"スエヒロチョウ","prefecture_code":22},"0033":{"zip_code":"4100033","prefecture":"静岡県","prefecture_kana":"シズオカケン","city":"沼津市","city_kana":"ヌマヅシ","town":"杉崎町","town_kana":"スギザキチョウ","prefecture_code":22},"0816":{"zip_code":"4100816","prefecture":"静岡県","prefecture_kana":"シズオカケン","city":"沼津市","city_kana":"ヌマヅシ","town":"住吉町","town_kana":"スミヨシチョウ","prefecture_code":22},"0015":{"zip_code":"4100015","prefecture":"静岡県","prefecture_kana":"シズオカケン","city":"沼津市","city_kana":"ヌマヅシ","town":"駿河台","town_kana":"スルガダイ","prefecture_code":22},"0886":{"zip_code":"4100886","prefecture":"静岡県","prefecture_kana":"シズオカケン","city":"沼津市","city_kana":"ヌマヅシ","town":"浅間町","town_kana":"センゲンチョウ","prefecture_code":22},"0854":{"zip_code":"4100854","prefecture":"静岡県","prefecture_kana":"シズオカケン","city":"沼津市","city_kana":"ヌマヅシ","town":"千本常盤町","town_kana":"センボントキワチョウ","prefecture_code":22},"0847":{"zip_code":"4100847","prefecture":"静岡県","prefecture_kana":"シズオカケン","city":"沼津市","city_kana":"ヌマヅシ","town":"千本中町","town_kana":"センボンナカチョウ","prefecture_code":22},"0846":{"zip_code":"4100846","prefecture":"静岡県","prefecture_kana":"シズオカケン","city":"沼津市","city_kana":"ヌマヅシ","town":"千本東町","town_kana":"センボンヒガシチョウ","prefecture_code":22},"0848":{"zip_code":"4100848","prefecture":"静岡県","prefecture_kana":"シズオカケン","city":"沼津市","city_kana":"ヌマヅシ","town":"千本西町","town_kana":"センボンニシチョウ","prefecture_code":22},"0855":{"zip_code":"4100855","prefecture":"静岡県","prefecture_kana":"シズオカケン","city":"沼津市","city_kana":"ヌマヅシ","town":"千本緑町","town_kana":"センボンミドリチョウ","prefecture_code":22},"0845":{"zip_code":"4100845","prefecture":"静岡県","prefecture_kana":"シズオカケン","city":"沼津市","city_kana":"ヌマヅシ","town":"千本港町","town_kana":"センボンミナトマチ","prefecture_code":22},"0849":{"zip_code":"4100849","prefecture":"静岡県","prefecture_kana":"シズオカケン","city":"沼津市","city_kana":"ヌマヅシ","town":"千本郷林","town_kana":"センボンゴウリン","prefecture_code":22},"0803":{"zip_code":"4100803","prefecture":"静岡県","prefecture_kana":"シズオカケン","city":"沼津市","city_kana":"ヌマヅシ","town":"添地町","town_kana":"ソエチチョウ","prefecture_code":22},"0883":{"zip_code":"4100883","prefecture":"静岡県","prefecture_kana":"シズオカケン","city":"沼津市","city_kana":"ヌマヅシ","town":"大門町","town_kana":"ダイモンチョウ","prefecture_code":22},"0017":{"zip_code":"4100017","prefecture":"静岡県","prefecture_kana":"シズオカケン","city":"沼津市","city_kana":"ヌマヅシ","town":"高尾台","town_kana":"タカオダイ","prefecture_code":22},"0016":{"zip_code":"4100016","prefecture":"静岡県","prefecture_kana":"シズオカケン","city":"沼津市","city_kana":"ヌマヅシ","town":"高砂町","town_kana":"タカサゴチョウ","prefecture_code":22},"0057":{"zip_code":"4100057","prefecture":"静岡県","prefecture_kana":"シズオカケン","city":"沼津市","city_kana":"ヌマヅシ","town":"高沢町","town_kana":"タカザワチョウ","prefecture_code":22},"0056":{"zip_code":"4100056","prefecture":"静岡県","prefecture_kana":"シズオカケン","city":"沼津市","city_kana":"ヌマヅシ","town":"高島町","town_kana":"タカシマチョウ","prefecture_code":22},"0055":{"zip_code":"4100055","prefecture":"静岡県","prefecture_kana":"シズオカケン","city":"沼津市","city_kana":"ヌマヅシ","town":"高島本町","town_kana":"タカシマホンチョウ","prefecture_code":22},"0843":{"zip_code":"4100843","prefecture":"静岡県","prefecture_kana":"シズオカケン","city":"沼津市","city_kana":"ヌマヅシ","town":"蓼原町","town_kana":"タデハラチョウ","prefecture_code":22},"0101":{"zip_code":"4100101","prefecture":"静岡県","prefecture_kana":"シズオカケン","city":"沼津市","city_kana":"ヌマヅシ","town":"多比","town_kana":"タビ","prefecture_code":22},"0814":{"zip_code":"4100814","prefecture":"静岡県","prefecture_kana":"シズオカケン","city":"沼津市","city_kana":"ヌマヅシ","town":"玉江町","town_kana":"タマエチョウ","prefecture_code":22},"0041":{"zip_code":"4100041","prefecture":"静岡県","prefecture_kana":"シズオカケン","city":"沼津市","city_kana":"ヌマヅシ","town":"筒井町","town_kana":"ツツイチョウ","prefecture_code":22},"0891":{"zip_code":"4100891","prefecture":"静岡県","prefecture_kana":"シズオカケン","city":"沼津市","city_kana":"ヌマヅシ","town":"通横町","town_kana":"トオリヨコチョウ","prefecture_code":22},"0853":{"zip_code":"4100853","prefecture":"静岡県","prefecture_kana":"シズオカケン","city":"沼津市","city_kana":"ヌマヅシ","town":"常盤町","town_kana":"トキワチョウ","prefecture_code":22},"0305":{"zip_code":"4100305","prefecture":"静岡県","prefecture_kana":"シズオカケン","city":"沼津市","city_kana":"ヌマヅシ","town":"鳥谷","town_kana":"トヤ","prefecture_code":22},"0006":{"zip_code":"4100006","prefecture":"静岡県","prefecture_kana":"シズオカケン","city":"沼津市","city_kana":"ヌマヅシ","town":"中沢田","town_kana":"ナカサワダ","prefecture_code":22},"0811":{"zip_code":"4100811","prefecture":"静岡県","prefecture_kana":"シズオカケン","city":"沼津市","city_kana":"ヌマヅシ","town":"中瀬町","town_kana":"ナカセチョウ","prefecture_code":22},"0894":{"zip_code":"4100894","prefecture":"静岡県","prefecture_kana":"シズオカケン","city":"沼津市","city_kana":"ヌマヅシ","town":"仲町","town_kana":"ナカチョウ","prefecture_code":22},"0818":{"zip_code":"4100818","prefecture":"静岡県","prefecture_kana":"シズオカケン","city":"沼津市","city_kana":"ヌマヅシ","town":"中原町","town_kana":"ナカハラチョウ","prefecture_code":22},"0242":{"zip_code":"4100242","prefecture":"静岡県","prefecture_kana":"シズオカケン","city":"沼津市","city_kana":"ヌマヅシ","town":"西浦足保","town_kana":"ニシウラアシボ","prefecture_code":22},"0244":[{"zip_code":"4100244","prefecture":"静岡県","prefecture_kana":"シズオカケン","city":"沼津市","city_kana":"ヌマヅシ","town":"西浦江梨","town_kana":"ニシウラエナシ","prefecture_code":22},{"zip_code":"4100244","prefecture":"静岡県","prefecture_kana":"シズオカケン","city":"沼津市","city_kana":"ヌマヅシ","town":"西浦大瀬","town_kana":"ニシウラオオセ","prefecture_code":22}],"0231":{"zip_code":"4100231","prefecture":"静岡県","prefecture_kana":"シズオカケン","city":"沼津市","city_kana":"ヌマヅシ","town":"西浦木負","town_kana":"ニシウラキショウ","prefecture_code":22},"0233":{"zip_code":"4100233","prefecture":"静岡県","prefecture_kana":"シズオカケン","city":"沼津市","city_kana":"ヌマヅシ","town":"西浦久連","town_kana":"ニシウラクヅラ","prefecture_code":22},"0243":{"zip_code":"4100243","prefecture":"静岡県","prefecture_kana":"シズオカケン","city":"沼津市","city_kana":"ヌマヅシ","town":"西浦久料","town_kana":"ニシウラクリョウ","prefecture_code":22},"0241":{"zip_code":"4100241","prefecture":"静岡県","prefecture_kana":"シズオカケン","city":"沼津市","city_kana":"ヌマヅシ","town":"西浦古宇","town_kana":"ニシウラコウ","prefecture_code":22},"0232":{"zip_code":"4100232","prefecture":"静岡県","prefecture_kana":"シズオカケン","city":"沼津市","city_kana":"ヌマヅシ","town":"西浦河内","town_kana":"ニシウラコウチ","prefecture_code":22},"0235":{"zip_code":"4100235","prefecture":"静岡県","prefecture_kana":"シズオカケン","city":"沼津市","city_kana":"ヌマヅシ","town":"西浦立保","town_kana":"ニシウラタチボ","prefecture_code":22},"0234":{"zip_code":"4100234","prefecture":"静岡県","prefecture_kana":"シズオカケン","city":"沼津市","city_kana":"ヌマヅシ","town":"西浦平沢","town_kana":"ニシウラヒラサワ","prefecture_code":22},"0807":{"zip_code":"4100807","prefecture":"静岡県","prefecture_kana":"シズオカケン","city":"沼津市","city_kana":"ヌマヅシ","town":"錦町","town_kana":"ニシキチョウ","prefecture_code":22},"0051":{"zip_code":"4100051","prefecture":"静岡県","prefecture_kana":"シズオカケン","city":"沼津市","city_kana":"ヌマヅシ","town":"西熊堂","town_kana":"ニシクマンドウ","prefecture_code":22},"0007":{"zip_code":"4100007","prefecture":"静岡県","prefecture_kana":"シズオカケン","city":"沼津市","city_kana":"ヌマヅシ","town":"西沢田","town_kana":"ニシサワダ","prefecture_code":22},"0303":{"zip_code":"4100303","prefecture":"静岡県","prefecture_kana":"シズオカケン","city":"沼津市","city_kana":"ヌマヅシ","town":"西椎路","town_kana":"ニシシイジ","prefecture_code":22},"0835":{"zip_code":"4100835","prefecture":"静岡県","prefecture_kana":"シズオカケン","city":"沼津市","city_kana":"ヌマヅシ","town":"西島町","town_kana":"ニシジマチョウ","prefecture_code":22},"0313":{"zip_code":"4100313","prefecture":"静岡県","prefecture_kana":"シズオカケン","city":"沼津市","city_kana":"ヌマヅシ","town":"西添町","town_kana":"ニシゾエチョウ","prefecture_code":22},"0321":{"zip_code":"4100321","prefecture":"静岡県","prefecture_kana":"シズオカケン","city":"沼津市","city_kana":"ヌマヅシ","town":"西野","town_kana":"ニシノ","prefecture_code":22},"0871":{"zip_code":"4100871","prefecture":"静岡県","prefecture_kana":"シズオカケン","city":"沼津市","city_kana":"ヌマヅシ","town":"西間門","town_kana":"ニシマカド","prefecture_code":22},"0058":{"zip_code":"4100058","prefecture":"静岡県","prefecture_kana":"シズオカケン","city":"沼津市","city_kana":"ヌマヅシ","town":"沼北町","town_kana":"ヌマキタチョウ","prefecture_code":22},"0309":{"zip_code":"4100309","prefecture":"静岡県","prefecture_kana":"シズオカケン","city":"沼津市","city_kana":"ヌマヅシ","town":"根古屋","town_kana":"ネゴヤ","prefecture_code":22},"0881":{"zip_code":"4100881","prefecture":"静岡県","prefecture_kana":"シズオカケン","city":"沼津市","city_kana":"ヌマヅシ","town":"八幡町","town_kana":"ハチマンチョウ","prefecture_code":22},"0065":{"zip_code":"4100065","prefecture":"静岡県","prefecture_kana":"シズオカケン","city":"沼津市","city_kana":"ヌマヅシ","town":"花園町","town_kana":"ハナゾノチョウ","prefecture_code":22},"0312":{"zip_code":"4100312","prefecture":"静岡県","prefecture_kana":"シズオカケン","city":"沼津市","city_kana":"ヌマヅシ","town":"原","town_kana":"ハラ","prefecture_code":22},"0311":{"zip_code":"4100311","prefecture":"静岡県","prefecture_kana":"シズオカケン","city":"沼津市","city_kana":"ヌマヅシ","town":"原町中","town_kana":"ハラマチナカ","prefecture_code":22},"0013":{"zip_code":"4100013","prefecture":"静岡県","prefecture_kana":"シズオカケン","city":"沼津市","city_kana":"ヌマヅシ","town":"東熊堂","town_kana":"ヒガシクマンドウ","prefecture_code":22},"0002":{"zip_code":"4100002","prefecture":"静岡県","prefecture_kana":"シズオカケン","city":"沼津市","city_kana":"ヌマヅシ","town":"東沢田","town_kana":"ヒガシサワダ","prefecture_code":22},"0302":{"zip_code":"4100302","prefecture":"静岡県","prefecture_kana":"シズオカケン","city":"沼津市","city_kana":"ヌマヅシ","town":"東椎路","town_kana":"ヒガシシイジ","prefecture_code":22},"0304":{"zip_code":"4100304","prefecture":"静岡県","prefecture_kana":"シズオカケン","city":"沼津市","city_kana":"ヌマヅシ","town":"東原","town_kana":"ヒガシバラ","prefecture_code":22},"0865":{"zip_code":"4100865","prefecture":"静岡県","prefecture_kana":"シズオカケン","city":"沼津市","city_kana":"ヌマヅシ","town":"東間門","town_kana":"ヒガシマカド","prefecture_code":22},"0887":{"zip_code":"4100887","prefecture":"静岡県","prefecture_kana":"シズオカケン","city":"沼津市","city_kana":"ヌマヅシ","town":"東宮後町","town_kana":"ヒガシミヤウシロチョウ","prefecture_code":22},"0032":{"zip_code":"4100032","prefecture":"静岡県","prefecture_kana":"シズオカケン","city":"沼津市","city_kana":"ヌマヅシ","town":"日の出町","town_kana":"ヒノデチョウ","prefecture_code":22},"0318":{"zip_code":"4100318","prefecture":"静岡県","prefecture_kana":"シズオカケン","city":"沼津市","city_kana":"ヌマヅシ","town":"平沼","town_kana":"ヒラヌマ","prefecture_code":22},"0036":{"zip_code":"4100036","prefecture":"静岡県","prefecture_kana":"シズオカケン","city":"沼津市","city_kana":"ヌマヅシ","town":"平町","town_kana":"ヒラマチ","prefecture_code":22},"0034":{"zip_code":"4100034","prefecture":"静岡県","prefecture_kana":"シズオカケン","city":"沼津市","city_kana":"ヌマヅシ","town":"富士見町","town_kana":"フジミチョウ","prefecture_code":22},"0005":{"zip_code":"4100005","prefecture":"静岡県","prefecture_kana":"シズオカケン","city":"沼津市","city_kana":"ヌマヅシ","town":"双葉町","town_kana":"フタバチョウ","prefecture_code":22},"3402":{"zip_code":"4103402","prefecture":"静岡県","prefecture_kana":"シズオカケン","city":"沼津市","city_kana":"ヌマヅシ","town":"戸田","town_kana":"ヘダ","prefecture_code":22},"0817":{"zip_code":"4100817","prefecture":"静岡県","prefecture_kana":"シズオカケン","city":"沼津市","city_kana":"ヌマヅシ","town":"本郷町","town_kana":"ホンゴウチョウ","prefecture_code":22},"0004":{"zip_code":"4100004","prefecture":"静岡県","prefecture_kana":"シズオカケン","city":"沼津市","city_kana":"ヌマヅシ","town":"本田町","town_kana":"ホンタマチ","prefecture_code":22},"0884":{"zip_code":"4100884","prefecture":"静岡県","prefecture_kana":"シズオカケン","city":"沼津市","city_kana":"ヌマヅシ","town":"本町","town_kana":"ホンチョウ","prefecture_code":22},"0834":{"zip_code":"4100834","prefecture":"静岡県","prefecture_kana":"シズオカケン","city":"沼津市","city_kana":"ヌマヅシ","town":"槇島町","town_kana":"マキジマチョウ","prefecture_code":22},"0105":{"zip_code":"4100105","prefecture":"静岡県","prefecture_kana":"シズオカケン","city":"沼津市","city_kana":"ヌマヅシ","town":"馬込","town_kana":"マゴメ","prefecture_code":22},"0861":{"zip_code":"4100861","prefecture":"静岡県","prefecture_kana":"シズオカケン","city":"沼津市","city_kana":"ヌマヅシ","town":"真砂町","town_kana":"マサゴチョウ","prefecture_code":22},"0882":{"zip_code":"4100882","prefecture":"静岡県","prefecture_kana":"シズオカケン","city":"沼津市","city_kana":"ヌマヅシ","town":"町方町","town_kana":"マチカタマチ","prefecture_code":22},"0014":{"zip_code":"4100014","prefecture":"静岡県","prefecture_kana":"シズオカケン","city":"沼津市","city_kana":"ヌマヅシ","town":"松沢町","town_kana":"マツサワチョウ","prefecture_code":22},"0864":{"zip_code":"4100864","prefecture":"静岡県","prefecture_kana":"シズオカケン","city":"沼津市","city_kana":"ヌマヅシ","town":"松下","town_kana":"マツシタ","prefecture_code":22},"0874":{"zip_code":"4100874","prefecture":"静岡県","prefecture_kana":"シズオカケン","city":"沼津市","city_kana":"ヌマヅシ","town":"松長","town_kana":"マツナガ","prefecture_code":22},"0806":{"zip_code":"4100806","prefecture":"静岡県","prefecture_kana":"シズオカケン","city":"沼津市","city_kana":"ヌマヅシ","town":"丸子町","town_kana":"マルコチョウ","prefecture_code":22},"0833":{"zip_code":"4100833","prefecture":"静岡県","prefecture_kana":"シズオカケン","city":"沼津市","city_kana":"ヌマヅシ","town":"三園町","town_kana":"ミソノチョウ","prefecture_code":22},"0063":{"zip_code":"4100063","prefecture":"静岡県","prefecture_kana":"シズオカケン","city":"沼津市","city_kana":"ヌマヅシ","town":"緑ケ丘","town_kana":"ミドリガオカ","prefecture_code":22},"0815":{"zip_code":"4100815","prefecture":"静岡県","prefecture_kana":"シズオカケン","city":"沼津市","city_kana":"ヌマヅシ","town":"南本郷町","town_kana":"ミナミホンゴウチョウ","prefecture_code":22},"0062":{"zip_code":"4100062","prefecture":"静岡県","prefecture_kana":"シズオカケン","city":"沼津市","city_kana":"ヌマヅシ","town":"宮前町","town_kana":"ミヤマエチョウ","prefecture_code":22},"0851":{"zip_code":"4100851","prefecture":"静岡県","prefecture_kana":"シズオカケン","city":"沼津市","city_kana":"ヌマヅシ","town":"宮町","town_kana":"ミヤマチ","prefecture_code":22},"0301":{"zip_code":"4100301","prefecture":"静岡県","prefecture_kana":"シズオカケン","city":"沼津市","city_kana":"ヌマヅシ","town":"宮本","town_kana":"ミヤモト","prefecture_code":22},"0832":{"zip_code":"4100832","prefecture":"静岡県","prefecture_kana":"シズオカケン","city":"沼津市","city_kana":"ヌマヅシ","town":"御幸町","town_kana":"ミユキチョウ","prefecture_code":22},"0038":{"zip_code":"4100038","prefecture":"静岡県","prefecture_kana":"シズオカケン","city":"沼津市","city_kana":"ヌマヅシ","town":"三芳町","town_kana":"ミヨシチョウ","prefecture_code":22},"0315":{"zip_code":"4100315","prefecture":"静岡県","prefecture_kana":"シズオカケン","city":"沼津市","city_kana":"ヌマヅシ","town":"桃里","town_kana":"モモザト","prefecture_code":22},"0308":{"zip_code":"4100308","prefecture":"静岡県","prefecture_kana":"シズオカケン","city":"沼津市","city_kana":"ヌマヅシ","town":"柳沢","town_kana":"ヤナギサワ","prefecture_code":22},"0043":{"zip_code":"4100043","prefecture":"静岡県","prefecture_kana":"シズオカケン","city":"沼津市","city_kana":"ヌマヅシ","town":"柳町","town_kana":"ヤナギチョウ","prefecture_code":22},"0812":{"zip_code":"4100812","prefecture":"静岡県","prefecture_kana":"シズオカケン","city":"沼津市","city_kana":"ヌマヅシ","town":"山ケ下町","town_kana":"ヤマガシタチョウ","prefecture_code":22},"0018":{"zip_code":"4100018","prefecture":"静岡県","prefecture_kana":"シズオカケン","city":"沼津市","city_kana":"ヌマヅシ","town":"豊町","town_kana":"ユタカチョウ","prefecture_code":22},"0836":{"zip_code":"4100836","prefecture":"静岡県","prefecture_kana":"シズオカケン","city":"沼津市","city_kana":"ヌマヅシ","town":"吉田町","town_kana":"ヨシダチョウ","prefecture_code":22},"0046":{"zip_code":"4100046","prefecture":"静岡県","prefecture_kana":"シズオカケン","city":"沼津市","city_kana":"ヌマヅシ","town":"米山町","town_kana":"ヨネヤマチョウ","prefecture_code":22},"0059":{"zip_code":"4100059","prefecture":"静岡県","prefecture_kana":"シズオカケン","city":"沼津市","city_kana":"ヌマヅシ","town":"若葉町","town_kana":"ワカバチョウ","prefecture_code":22},"1100":{"zip_code":"4101100","prefecture":"静岡県","prefecture_kana":"シズオカケン","city":"裾野市","city_kana":"スソノシ","town":"","town_kana":"","prefecture_code":22},"1108":{"zip_code":"4101108","prefecture":"静岡県","prefecture_kana":"シズオカケン","city":"裾野市","city_kana":"スソノシ","town":"上ケ田","town_kana":"アゲタ","prefecture_code":22},"1117":{"zip_code":"4101117","prefecture":"静岡県","prefecture_kana":"シズオカケン","city":"裾野市","city_kana":"スソノシ","town":"石脇","town_kana":"イシワキ","prefecture_code":22},"1123":{"zip_code":"4101123","prefecture":"静岡県","prefecture_kana":"シズオカケン","city":"裾野市","city_kana":"スソノシ","town":"伊豆島田","town_kana":"イズシマタ","prefecture_code":22},"1113":{"zip_code":"4101113","prefecture":"静岡県","prefecture_kana":"シズオカケン","city":"裾野市","city_kana":"スソノシ","town":"稲荷","town_kana":"イナリ","prefecture_code":22},"1104":{"zip_code":"4101104","prefecture":"静岡県","prefecture_kana":"シズオカケン","city":"裾野市","city_kana":"スソノシ","town":"今里","town_kana":"イマザト","prefecture_code":22},"1101":{"zip_code":"4101101","prefecture":"静岡県","prefecture_kana":"シズオカケン","city":"裾野市","city_kana":"スソノシ","town":"岩波","town_kana":"イワナミ","prefecture_code":22},"1114":{"zip_code":"4101114","prefecture":"静岡県","prefecture_kana":"シズオカケン","city":"裾野市","city_kana":"スソノシ","town":"大畑","town_kana":"オオハタ","prefecture_code":22},"1103":{"zip_code":"4101103","prefecture":"静岡県","prefecture_kana":"シズオカケン","city":"裾野市","city_kana":"スソノシ","town":"葛山","town_kana":"カズラヤマ","prefecture_code":22},"1106":{"zip_code":"4101106","prefecture":"静岡県","prefecture_kana":"シズオカケン","city":"裾野市","city_kana":"スソノシ","town":"金沢","town_kana":"カネザワ","prefecture_code":22},"1111":{"zip_code":"4101111","prefecture":"静岡県","prefecture_kana":"シズオカケン","city":"裾野市","city_kana":"スソノシ","town":"久根","town_kana":"クネ","prefecture_code":22},"1112":{"zip_code":"4101112","prefecture":"静岡県","prefecture_kana":"シズオカケン","city":"裾野市","city_kana":"スソノシ","town":"公文名","town_kana":"クモミョウ","prefecture_code":22},"1118":{"zip_code":"4101118","prefecture":"静岡県","prefecture_kana":"シズオカケン","city":"裾野市","city_kana":"スソノシ","town":"佐野","town_kana":"サノ","prefecture_code":22},"1105":{"zip_code":"4101105","prefecture":"静岡県","prefecture_kana":"シズオカケン","city":"裾野市","city_kana":"スソノシ","town":"下和田","town_kana":"シモワダ","prefecture_code":22},"1231":{"zip_code":"4101231","prefecture":"静岡県","prefecture_kana":"シズオカケン","city":"裾野市","city_kana":"スソノシ","town":"須山","town_kana":"スヤマ","prefecture_code":22},"1116":{"zip_code":"4101116","prefecture":"静岡県","prefecture_kana":"シズオカケン","city":"裾野市","city_kana":"スソノシ","town":"千福","town_kana":"センプク","prefecture_code":22},"1115":{"zip_code":"4101115","prefecture":"静岡県","prefecture_kana":"シズオカケン","city":"裾野市","city_kana":"スソノシ","town":"千福が丘","town_kana":"センプクガオカ","prefecture_code":22},"1121":{"zip_code":"4101121","prefecture":"静岡県","prefecture_kana":"シズオカケン","city":"裾野市","city_kana":"スソノシ","town":"茶畑","town_kana":"チャバタケ","prefecture_code":22},"1125":{"zip_code":"4101125","prefecture":"静岡県","prefecture_kana":"シズオカケン","city":"裾野市","city_kana":"スソノシ","town":"富沢","town_kana":"トミザワ","prefecture_code":22},"1127":{"zip_code":"4101127","prefecture":"静岡県","prefecture_kana":"シズオカケン","city":"裾野市","city_kana":"スソノシ","town":"平松","town_kana":"ヒラマツ","prefecture_code":22},"1102":{"zip_code":"4101102","prefecture":"静岡県","prefecture_kana":"シズオカケン","city":"裾野市","city_kana":"スソノシ","town":"深良","town_kana":"フカラ","prefecture_code":22},"1128":{"zip_code":"4101128","prefecture":"静岡県","prefecture_kana":"シズオカケン","city":"裾野市","city_kana":"スソノシ","town":"二ツ屋","town_kana":"フタツヤ","prefecture_code":22},"1107":{"zip_code":"4101107","prefecture":"静岡県","prefecture_kana":"シズオカケン","city":"裾野市","city_kana":"スソノシ","town":"御宿","town_kana":"ミシュク","prefecture_code":22},"1124":{"zip_code":"4101124","prefecture":"静岡県","prefecture_kana":"シズオカケン","city":"裾野市","city_kana":"スソノシ","town":"水窪","town_kana":"ミズクボ","prefecture_code":22},"1122":{"zip_code":"4101122","prefecture":"静岡県","prefecture_kana":"シズオカケン","city":"裾野市","city_kana":"スソノシ","town":"麦塚","town_kana":"ムギツカ","prefecture_code":22},"1126":{"zip_code":"4101126","prefecture":"静岡県","prefecture_kana":"シズオカケン","city":"裾野市","city_kana":"スソノシ","town":"桃園","town_kana":"モモゾノ","prefecture_code":22},"1109":{"zip_code":"4101109","prefecture":"静岡県","prefecture_kana":"シズオカケン","city":"裾野市","city_kana":"スソノシ","town":"呼子","town_kana":"ヨビコ","prefecture_code":22},"2400":{"zip_code":"4102400","prefecture":"静岡県","prefecture_kana":"シズオカケン","city":"伊豆市","city_kana":"イズシ","town":"","town_kana":"","prefecture_code":22},"3213":{"zip_code":"4103213","prefecture":"静岡県","prefecture_kana":"シズオカケン","city":"伊豆市","city_kana":"イズシ","town":"青羽根","town_kana":"アオバネ","prefecture_code":22},"2516":{"zip_code":"4102516","prefecture":"静岡県","prefecture_kana":"シズオカケン","city":"伊豆市","city_kana":"イズシ","town":"筏場","town_kana":"イカダバ","prefecture_code":22},"3205":{"zip_code":"4103205","prefecture":"静岡県","prefecture_kana":"シズオカケン","city":"伊豆市","city_kana":"イズシ","town":"市山","town_kana":"イチヤマ","prefecture_code":22},"2509":{"zip_code":"4102509","prefecture":"静岡県","prefecture_kana":"シズオカケン","city":"伊豆市","city_kana":"イズシ","town":"梅木","town_kana":"ウメギ","prefecture_code":22},"2412":{"zip_code":"4102412","prefecture":"静岡県","prefecture_kana":"シズオカケン","city":"伊豆市","city_kana":"イズシ","town":"瓜生野","town_kana":"ウリュウノ","prefecture_code":22},"2417":{"zip_code":"4102417","prefecture":"静岡県","prefecture_kana":"シズオカケン","city":"伊豆市","city_kana":"イズシ","town":"大沢","town_kana":"オオサワ","prefecture_code":22},"2415":{"zip_code":"4102415","prefecture":"静岡県","prefecture_kana":"シズオカケン","city":"伊豆市","city_kana":"イズシ","town":"大平","town_kana":"オオダイラ","prefecture_code":22},"3217":{"zip_code":"4103217","prefecture":"静岡県","prefecture_kana":"シズオカケン","city":"伊豆市","city_kana":"イズシ","town":"大平柿木","town_kana":"オオダイラカキギ","prefecture_code":22},"2402":{"zip_code":"4102402","prefecture":"静岡県","prefecture_kana":"シズオカケン","city":"伊豆市","city_kana":"イズシ","town":"大野","town_kana":"オオノ","prefecture_code":22},"3301":{"zip_code":"4103301","prefecture":"静岡県","prefecture_kana":"シズオカケン","city":"伊豆市","city_kana":"イズシ","town":"小土肥","town_kana":"オドイ","prefecture_code":22},"2407":{"zip_code":"4102407","prefecture":"静岡県","prefecture_kana":"シズオカケン","city":"伊豆市","city_kana":"イズシ","town":"柏久保","town_kana":"カシワクボ","prefecture_code":22},"2405":{"zip_code":"4102405","prefecture":"静岡県","prefecture_kana":"シズオカケン","city":"伊豆市","city_kana":"イズシ","town":"加殿","town_kana":"カドノ","prefecture_code":22},"3209":{"zip_code":"4103209","prefecture":"静岡県","prefecture_kana":"シズオカケン","city":"伊豆市","city_kana":"イズシ","town":"門野原","town_kana":"カドノハラ","prefecture_code":22},"2502":{"zip_code":"4102502","prefecture":"静岡県","prefecture_kana":"シズオカケン","city":"伊豆市","city_kana":"イズシ","town":"上白岩","town_kana":"カミシライワ","prefecture_code":22},"3216":{"zip_code":"4103216","prefecture":"静岡県","prefecture_kana":"シズオカケン","city":"伊豆市","city_kana":"イズシ","town":"上船原","town_kana":"カミフナバラ","prefecture_code":22},"2517":{"zip_code":"4102517","prefecture":"静岡県","prefecture_kana":"シズオカケン","city":"伊豆市","city_kana":"イズシ","town":"貴僧坊","town_kana":"キソウボウ","prefecture_code":22},"2411":{"zip_code":"4102411","prefecture":"静岡県","prefecture_kana":"シズオカケン","city":"伊豆市","city_kana":"イズシ","town":"熊坂","town_kana":"クマサカ","prefecture_code":22},"3202":{"zip_code":"4103202","prefecture":"静岡県","prefecture_kana":"シズオカケン","city":"伊豆市","city_kana":"イズシ","town":"雲金","town_kana":"クモガネ","prefecture_code":22},"3304":{"zip_code":"4103304","prefecture":"静岡県","prefecture_kana":"シズオカケン","city":"伊豆市","city_kana":"イズシ","town":"小下田","town_kana":"コシモダ","prefecture_code":22},"2413":{"zip_code":"4102413","prefecture":"静岡県","prefecture_kana":"シズオカケン","city":"伊豆市","city_kana":"イズシ","town":"小立野","town_kana":"コダチノ","prefecture_code":22},"3201":{"zip_code":"4103201","prefecture":"静岡県","prefecture_kana":"シズオカケン","city":"伊豆市","city_kana":"イズシ","town":"佐野","town_kana":"サノ","prefecture_code":22},"2515":{"zip_code":"4102515","prefecture":"静岡県","prefecture_kana":"シズオカケン","city":"伊豆市","city_kana":"イズシ","town":"地蔵堂","town_kana":"ジゾウドウ","prefecture_code":22},"2501":{"zip_code":"4102501","prefecture":"静岡県","prefecture_kana":"シズオカケン","city":"伊豆市","city_kana":"イズシ","town":"下白岩","town_kana":"シモシライワ","prefecture_code":22},"3214":{"zip_code":"4103214","prefecture":"静岡県","prefecture_kana":"シズオカケン","city":"伊豆市","city_kana":"イズシ","town":"下船原","town_kana":"シモフナバラ","prefecture_code":22},"2416":{"zip_code":"4102416","prefecture":"静岡県","prefecture_kana":"シズオカケン","city":"伊豆市","city_kana":"イズシ","town":"修善寺","town_kana":"シュゼンジ","prefecture_code":22},"2503":{"zip_code":"4102503","prefecture":"静岡県","prefecture_kana":"シズオカケン","city":"伊豆市","city_kana":"イズシ","town":"城","town_kana":"ジョウ","prefecture_code":22},"2513":{"zip_code":"4102513","prefecture":"静岡県","prefecture_kana":"シズオカケン","city":"伊豆市","city_kana":"イズシ","town":"菅引","town_kana":"スゲヒキ","prefecture_code":22},"2504":{"zip_code":"4102504","prefecture":"静岡県","prefecture_kana":"シズオカケン","city":"伊豆市","city_kana":"イズシ","town":"関野","town_kana":"セキノ","prefecture_code":22},"3204":{"zip_code":"4103204","prefecture":"静岡県","prefecture_kana":"シズオカケン","city":"伊豆市","city_kana":"イズシ","town":"田沢","town_kana":"タザワ","prefecture_code":22},"2404":{"zip_code":"4102404","prefecture":"静岡県","prefecture_kana":"シズオカケン","city":"伊豆市","city_kana":"イズシ","town":"田代","town_kana":"タシロ","prefecture_code":22},"3215":{"zip_code":"4103215","prefecture":"静岡県","prefecture_kana":"シズオカケン","city":"伊豆市","city_kana":"イズシ","town":"月ケ瀬","town_kana":"ツキガセ","prefecture_code":22},"3302":{"zip_code":"4103302","prefecture":"静岡県","prefecture_kana":"シズオカケン","city":"伊豆市","city_kana":"イズシ","town":"土肥","town_kana":"トイ","prefecture_code":22},"2506":{"zip_code":"4102506","prefecture":"静岡県","prefecture_kana":"シズオカケン","city":"伊豆市","city_kana":"イズシ","town":"徳永","town_kana":"トクナガ","prefecture_code":22},"2519":{"zip_code":"4102519","prefecture":"静岡県","prefecture_kana":"シズオカケン","city":"伊豆市","city_kana":"イズシ","town":"戸倉野","town_kana":"トクラノ","prefecture_code":22},"2403":{"zip_code":"4102403","prefecture":"静岡県","prefecture_kana":"シズオカケン","city":"伊豆市","city_kana":"イズシ","town":"年川","town_kana":"トシガワ","prefecture_code":22},"2512":{"zip_code":"4102512","prefecture":"静岡県","prefecture_kana":"シズオカケン","city":"伊豆市","city_kana":"イズシ","town":"中原戸","town_kana":"ナカハラト","prefecture_code":22},"2505":{"zip_code":"4102505","prefecture":"静岡県","prefecture_kana":"シズオカケン","city":"伊豆市","city_kana":"イズシ","town":"八幡","town_kana":"ハツマ","prefecture_code":22},"2507":{"zip_code":"4102507","prefecture":"静岡県","prefecture_kana":"シズオカケン","city":"伊豆市","city_kana":"イズシ","town":"冷川","town_kana":"ヒエカワ","prefecture_code":22},"2406":{"zip_code":"4102406","prefecture":"静岡県","prefecture_kana":"シズオカケン","city":"伊豆市","city_kana":"イズシ","town":"日向","town_kana":"ヒナタ","prefecture_code":22},"2518":{"zip_code":"4102518","prefecture":"静岡県","prefecture_kana":"シズオカケン","city":"伊豆市","city_kana":"イズシ","town":"姫之湯","town_kana":"ヒメノユ","prefecture_code":22},"2418":{"zip_code":"4102418","prefecture":"静岡県","prefecture_kana":"シズオカケン","city":"伊豆市","city_kana":"イズシ","town":"堀切","town_kana":"ホリギリ","prefecture_code":22},"3212":{"zip_code":"4103212","prefecture":"静岡県","prefecture_kana":"シズオカケン","city":"伊豆市","city_kana":"イズシ","town":"本柿木","town_kana":"ホンカキギ","prefecture_code":22},"2414":{"zip_code":"4102414","prefecture":"静岡県","prefecture_kana":"シズオカケン","city":"伊豆市","city_kana":"イズシ","town":"本立野","town_kana":"ホンダチノ","prefecture_code":22},"2401":{"zip_code":"4102401","prefecture":"静岡県","prefecture_kana":"シズオカケン","city":"伊豆市","city_kana":"イズシ","town":"牧之郷","town_kana":"マキノコウ","prefecture_code":22},"3211":{"zip_code":"4103211","prefecture":"静岡県","prefecture_kana":"シズオカケン","city":"伊豆市","city_kana":"イズシ","town":"松ケ瀬","town_kana":"マツガセ","prefecture_code":22},"2511":{"zip_code":"4102511","prefecture":"静岡県","prefecture_kana":"シズオカケン","city":"伊豆市","city_kana":"イズシ","town":"宮上","town_kana":"ミヤカミ","prefecture_code":22},"3207":{"zip_code":"4103207","prefecture":"静岡県","prefecture_kana":"シズオカケン","city":"伊豆市","city_kana":"イズシ","town":"持越","town_kana":"モチコシ","prefecture_code":22},"3303":{"zip_code":"4103303","prefecture":"静岡県","prefecture_kana":"シズオカケン","city":"伊豆市","city_kana":"イズシ","town":"八木沢","town_kana":"ヤギサワ","prefecture_code":22},"3203":{"zip_code":"4103203","prefecture":"静岡県","prefecture_kana":"シズオカケン","city":"伊豆市","city_kana":"イズシ","town":"矢熊","town_kana":"ヤグマ","prefecture_code":22},"2508":{"zip_code":"4102508","prefecture":"静岡県","prefecture_kana":"シズオカケン","city":"伊豆市","city_kana":"イズシ","town":"柳瀬","town_kana":"ヤナセ","prefecture_code":22},"3206":{"zip_code":"4103206","prefecture":"静岡県","prefecture_kana":"シズオカケン","city":"伊豆市","city_kana":"イズシ","town":"湯ケ島","town_kana":"ユガシマ","prefecture_code":22},"3208":{"zip_code":"4103208","prefecture":"静岡県","prefecture_kana":"シズオカケン","city":"伊豆市","city_kana":"イズシ","town":"吉奈","town_kana":"ヨシナ","prefecture_code":22},"2514":{"zip_code":"4102514","prefecture":"静岡県","prefecture_kana":"シズオカケン","city":"伊豆市","city_kana":"イズシ","town":"原保","town_kana":"ワラボ","prefecture_code":22},"2200":{"zip_code":"4102200","prefecture":"静岡県","prefecture_kana":"シズオカケン","city":"伊豆の国市","city_kana":"イズノクニシ","town":"","town_kana":"","prefecture_code":22},"2202":{"zip_code":"4102202","prefecture":"静岡県","prefecture_kana":"シズオカケン","city":"伊豆の国市","city_kana":"イズノクニシ","town":"天野","town_kana":"アマノ","prefecture_code":22},"2311":{"zip_code":"4102311","prefecture":"静岡県","prefecture_kana":"シズオカケン","city":"伊豆の国市","city_kana":"イズノクニシ","town":"浮橋","town_kana":"ウキハシ","prefecture_code":22},"2112":{"zip_code":"4102112","prefecture":"静岡県","prefecture_kana":"シズオカケン","city":"伊豆の国市","city_kana":"イズノクニシ","town":"内中","town_kana":"ウチナカ","prefecture_code":22},"2103":{"zip_code":"4102103","prefecture":"静岡県","prefecture_kana":"シズオカケン","city":"伊豆の国市","city_kana":"イズノクニシ","town":"エメラルドタウン","town_kana":"エメラルドタウン","prefecture_code":22},"2323":{"zip_code":"4102323","prefecture":"静岡県","prefecture_kana":"シズオカケン","city":"伊豆の国市","city_kana":"イズノクニシ","town":"大仁","town_kana":"オオヒト","prefecture_code":22},"2203":{"zip_code":"4102203","prefecture":"静岡県","prefecture_kana":"シズオカケン","city":"伊豆の国市","city_kana":"イズノクニシ","town":"小坂","town_kana":"オサカ","prefecture_code":22},"2325":{"zip_code":"4102325","prefecture":"静岡県","prefecture_kana":"シズオカケン","city":"伊豆の国市","city_kana":"イズノクニシ","town":"神島","town_kana":"カミシマ","prefecture_code":22},"2223":{"zip_code":"4102223","prefecture":"静岡県","prefecture_kana":"シズオカケン","city":"伊豆の国市","city_kana":"イズノクニシ","town":"北江間","town_kana":"キタエマ","prefecture_code":22},"2201":{"zip_code":"4102201","prefecture":"静岡県","prefecture_kana":"シズオカケン","city":"伊豆の国市","city_kana":"イズノクニシ","town":"古奈","town_kana":"コナ","prefecture_code":22},"2101":{"zip_code":"4102101","prefecture":"静岡県","prefecture_kana":"シズオカケン","city":"伊豆の国市","city_kana":"イズノクニシ","town":"小松ケ原","town_kana":"コマツガハラ","prefecture_code":22},"2122":{"zip_code":"4102122","prefecture":"静岡県","prefecture_kana":"シズオカケン","city":"伊豆の国市","city_kana":"イズノクニシ","town":"寺家","town_kana":"ジケ","prefecture_code":22},"2314":{"zip_code":"4102314","prefecture":"静岡県","prefecture_kana":"シズオカケン","city":"伊豆の国市","city_kana":"イズノクニシ","town":"下畑","town_kana":"シモハタ","prefecture_code":22},"2318":{"zip_code":"4102318","prefecture":"静岡県","prefecture_kana":"シズオカケン","city":"伊豆の国市","city_kana":"イズノクニシ","town":"白山堂","town_kana":"シラヤマドウ","prefecture_code":22},"2302":{"zip_code":"4102302","prefecture":"静岡県","prefecture_kana":"シズオカケン","city":"伊豆の国市","city_kana":"イズノクニシ","town":"宗光寺","town_kana":"ソウコウジ","prefecture_code":22},"2304":{"zip_code":"4102304","prefecture":"静岡県","prefecture_kana":"シズオカケン","city":"伊豆の国市","city_kana":"イズノクニシ","town":"宗光寺星和","town_kana":"ソウコウジセイワ","prefecture_code":22},"2315":{"zip_code":"4102315","prefecture":"静岡県","prefecture_kana":"シズオカケン","city":"伊豆の国市","city_kana":"イズノクニシ","town":"田京","town_kana":"タキョウ","prefecture_code":22},"2303":{"zip_code":"4102303","prefecture":"静岡県","prefecture_kana":"シズオカケン","city":"伊豆の国市","city_kana":"イズノクニシ","town":"立花","town_kana":"タチバナ","prefecture_code":22},"2111":{"zip_code":"4102111","prefecture":"静岡県","prefecture_kana":"シズオカケン","city":"伊豆の国市","city_kana":"イズノクニシ","town":"立花台","town_kana":"タチバナダイ","prefecture_code":22},"2301":{"zip_code":"4102301","prefecture":"静岡県","prefecture_kana":"シズオカケン","city":"伊豆の国市","city_kana":"イズノクニシ","town":"田中山","town_kana":"タナカヤマ","prefecture_code":22},"2313":{"zip_code":"4102313","prefecture":"静岡県","prefecture_kana":"シズオカケン","city":"伊豆の国市","city_kana":"イズノクニシ","town":"田原野","town_kana":"タワラノ","prefecture_code":22},"2121":{"zip_code":"4102121","prefecture":"静岡県","prefecture_kana":"シズオカケン","city":"伊豆の国市","city_kana":"イズノクニシ","town":"中條","town_kana":"チュウジョウ","prefecture_code":22},"2312":{"zip_code":"4102312","prefecture":"静岡県","prefecture_kana":"シズオカケン","city":"伊豆の国市","city_kana":"イズノクニシ","town":"長者原","town_kana":"チョウジャガハラ","prefecture_code":22},"2213":{"zip_code":"4102213","prefecture":"静岡県","prefecture_kana":"シズオカケン","city":"伊豆の国市","city_kana":"イズノクニシ","town":"戸沢","town_kana":"トサワ","prefecture_code":22},"2113":{"zip_code":"4102113","prefecture":"静岡県","prefecture_kana":"シズオカケン","city":"伊豆の国市","city_kana":"イズノクニシ","town":"中","town_kana":"ナカ","prefecture_code":22},"2211":{"zip_code":"4102211","prefecture":"静岡県","prefecture_kana":"シズオカケン","city":"伊豆の国市","city_kana":"イズノクニシ","town":"長岡","town_kana":"ナガオカ","prefecture_code":22},"2131":{"zip_code":"4102131","prefecture":"静岡県","prefecture_kana":"シズオカケン","city":"伊豆の国市","city_kana":"イズノクニシ","town":"長崎","town_kana":"ナガサキ","prefecture_code":22},"2324":{"zip_code":"4102324","prefecture":"静岡県","prefecture_kana":"シズオカケン","city":"伊豆の国市","city_kana":"イズノクニシ","town":"中島","town_kana":"ナカジマ","prefecture_code":22},"2212":{"zip_code":"4102212","prefecture":"静岡県","prefecture_kana":"シズオカケン","city":"伊豆の国市","city_kana":"イズノクニシ","town":"長瀬","town_kana":"ナガセ","prefecture_code":22},"2132":{"zip_code":"4102132","prefecture":"静岡県","prefecture_kana":"シズオカケン","city":"伊豆の国市","city_kana":"イズノクニシ","town":"奈古谷","town_kana":"ナゴヤ","prefecture_code":22},"2114":{"zip_code":"4102114","prefecture":"静岡県","prefecture_kana":"シズオカケン","city":"伊豆の国市","city_kana":"イズノクニシ","town":"南條","town_kana":"ナンジョウ","prefecture_code":22},"2142":{"zip_code":"4102142","prefecture":"静岡県","prefecture_kana":"シズオカケン","city":"伊豆の国市","city_kana":"イズノクニシ","town":"韮山金谷","town_kana":"ニラヤマカナヤ","prefecture_code":22},"2133":{"zip_code":"4102133","prefecture":"静岡県","prefecture_kana":"シズオカケン","city":"伊豆の国市","city_kana":"イズノクニシ","town":"韮山多田","town_kana":"ニラヤマタダ","prefecture_code":22},"2144":{"zip_code":"4102144","prefecture":"静岡県","prefecture_kana":"シズオカケン","city":"伊豆の国市","city_kana":"イズノクニシ","town":"韮山土手和田","town_kana":"ニラヤマドテワダ","prefecture_code":22},"2143":{"zip_code":"4102143","prefecture":"静岡県","prefecture_kana":"シズオカケン","city":"伊豆の国市","city_kana":"イズノクニシ","town":"韮山韮山","town_kana":"ニラヤマニラヤマ","prefecture_code":22},"2141":{"zip_code":"4102141","prefecture":"静岡県","prefecture_kana":"シズオカケン","city":"伊豆の国市","city_kana":"イズノクニシ","town":"韮山山木","town_kana":"ニラヤマヤマキ","prefecture_code":22},"2214":{"zip_code":"4102214","prefecture":"静岡県","prefecture_kana":"シズオカケン","city":"伊豆の国市","city_kana":"イズノクニシ","town":"花坂","town_kana":"ハナサカ","prefecture_code":22},"2124":{"zip_code":"4102124","prefecture":"静岡県","prefecture_kana":"シズオカケン","city":"伊豆の国市","city_kana":"イズノクニシ","town":"原木","town_kana":"バラキ","prefecture_code":22},"2205":{"zip_code":"4102205","prefecture":"静岡県","prefecture_kana":"シズオカケン","city":"伊豆の国市","city_kana":"イズノクニシ","town":"富士見","town_kana":"フジミ","prefecture_code":22},"2102":{"zip_code":"4102102","prefecture":"静岡県","prefecture_kana":"シズオカケン","city":"伊豆の国市","city_kana":"イズノクニシ","town":"富士見ニュータウン","town_kana":"フジミニュータウン","prefecture_code":22},"2204":{"zip_code":"4102204","prefecture":"静岡県","prefecture_kana":"シズオカケン","city":"伊豆の国市","city_kana":"イズノクニシ","town":"墹之上","town_kana":"ママノウエ","prefecture_code":22},"2316":{"zip_code":"4102316","prefecture":"静岡県","prefecture_kana":"シズオカケン","city":"伊豆の国市","city_kana":"イズノクニシ","town":"御門","town_kana":"ミカド","prefecture_code":22},"2221":{"zip_code":"4102221","prefecture":"静岡県","prefecture_kana":"シズオカケン","city":"伊豆の国市","city_kana":"イズノクニシ","town":"南江間","town_kana":"ミナミエマ","prefecture_code":22},"2321":{"zip_code":"4102321","prefecture":"静岡県","prefecture_kana":"シズオカケン","city":"伊豆の国市","city_kana":"イズノクニシ","town":"三福","town_kana":"ミフク","prefecture_code":22},"2317":{"zip_code":"4102317","prefecture":"静岡県","prefecture_kana":"シズオカケン","city":"伊豆の国市","city_kana":"イズノクニシ","town":"守木","town_kana":"モリキ","prefecture_code":22},"2322":{"zip_code":"4102322","prefecture":"静岡県","prefecture_kana":"シズオカケン","city":"伊豆の国市","city_kana":"イズノクニシ","town":"吉田","town_kana":"ヨシダ","prefecture_code":22},"2123":{"zip_code":"4102123","prefecture":"静岡県","prefecture_kana":"シズオカケン","city":"伊豆の国市","city_kana":"イズノクニシ","town":"四日町","town_kana":"ヨッカマチ","prefecture_code":22},"3600":{"zip_code":"4103600","prefecture":"静岡県","prefecture_kana":"シズオカケン","city":"賀茂郡松崎町","city_kana":"カモグンマツザキチョウ","town":"","town_kana":"","prefecture_code":22},"3603":{"zip_code":"4103603","prefecture":"静岡県","prefecture_kana":"シズオカケン","city":"賀茂郡松崎町","city_kana":"カモグンマツザキチョウ","town":"明伏","town_kana":"アケブシ","prefecture_code":22},"3601":{"zip_code":"4103601","prefecture":"静岡県","prefecture_kana":"シズオカケン","city":"賀茂郡松崎町","city_kana":"カモグンマツザキチョウ","town":"池代","town_kana":"イケシロ","prefecture_code":22},"3616":{"zip_code":"4103616","prefecture":"静岡県","prefecture_kana":"シズオカケン","city":"賀茂郡松崎町","city_kana":"カモグンマツザキチョウ","town":"石部","town_kana":"イシブ","prefecture_code":22},"3614":{"zip_code":"4103614","prefecture":"静岡県","prefecture_kana":"シズオカケン","city":"賀茂郡松崎町","city_kana":"カモグンマツザキチョウ","town":"岩科南側","town_kana":"イワシナナンソク","prefecture_code":22},"3613":{"zip_code":"4103613","prefecture":"静岡県","prefecture_kana":"シズオカケン","city":"賀茂郡松崎町","city_kana":"カモグンマツザキチョウ","town":"岩科北側","town_kana":"イワシナホクソク","prefecture_code":22},"3617":{"zip_code":"4103617","prefecture":"静岡県","prefecture_kana":"シズオカケン","city":"賀茂郡松崎町","city_kana":"カモグンマツザキチョウ","town":"岩地","town_kana":"イワチ","prefecture_code":22},"3624":{"zip_code":"4103624","prefecture":"静岡県","prefecture_kana":"シズオカケン","city":"賀茂郡松崎町","city_kana":"カモグンマツザキチョウ","town":"江奈","town_kana":"エナ","prefecture_code":22},"3604":{"zip_code":"4103604","prefecture":"静岡県","prefecture_kana":"シズオカケン","city":"賀茂郡松崎町","city_kana":"カモグンマツザキチョウ","town":"大沢","town_kana":"オオサワ","prefecture_code":22},"3607":{"zip_code":"4103607","prefecture":"静岡県","prefecture_kana":"シズオカケン","city":"賀茂郡松崎町","city_kana":"カモグンマツザキチョウ","town":"門野","town_kana":"カドノ","prefecture_code":22},"3615":{"zip_code":"4103615","prefecture":"静岡県","prefecture_kana":"シズオカケン","city":"賀茂郡松崎町","city_kana":"カモグンマツザキチョウ","town":"雲見","town_kana":"クモミ","prefecture_code":22},"3627":{"zip_code":"4103627","prefecture":"静岡県","prefecture_kana":"シズオカケン","city":"賀茂郡松崎町","city_kana":"カモグンマツザキチョウ","town":"建久寺","town_kana":"ケンキュウジ","prefecture_code":22},"3602":{"zip_code":"4103602","prefecture":"静岡県","prefecture_kana":"シズオカケン","city":"賀茂郡松崎町","city_kana":"カモグンマツザキチョウ","town":"小杉原","town_kana":"コスギハラ","prefecture_code":22},"3625":{"zip_code":"4103625","prefecture":"静岡県","prefecture_kana":"シズオカケン","city":"賀茂郡松崎町","city_kana":"カモグンマツザキチョウ","town":"桜田","town_kana":"サクラダ","prefecture_code":22},"3623":{"zip_code":"4103623","prefecture":"静岡県","prefecture_kana":"シズオカケン","city":"賀茂郡松崎町","city_kana":"カモグンマツザキチョウ","town":"伏倉","town_kana":"シクラ","prefecture_code":22},"3626":{"zip_code":"4103626","prefecture":"静岡県","prefecture_kana":"シズオカケン","city":"賀茂郡松崎町","city_kana":"カモグンマツザキチョウ","town":"那賀","town_kana":"ナカ","prefecture_code":22},"3622":{"zip_code":"4103622","prefecture":"静岡県","prefecture_kana":"シズオカケン","city":"賀茂郡松崎町","city_kana":"カモグンマツザキチョウ","town":"南郷","town_kana":"ナンゴウ","prefecture_code":22},"3606":{"zip_code":"4103606","prefecture":"静岡県","prefecture_kana":"シズオカケン","city":"賀茂郡松崎町","city_kana":"カモグンマツザキチョウ","town":"船田","town_kana":"フナタ","prefecture_code":22},"3611":{"zip_code":"4103611","prefecture":"静岡県","prefecture_kana":"シズオカケン","city":"賀茂郡松崎町","city_kana":"カモグンマツザキチョウ","town":"松崎","town_kana":"マツザキ","prefecture_code":22},"3618":{"zip_code":"4103618","prefecture":"静岡県","prefecture_kana":"シズオカケン","city":"賀茂郡松崎町","city_kana":"カモグンマツザキチョウ","town":"道部","town_kana":"ミチブ","prefecture_code":22},"3605":{"zip_code":"4103605","prefecture":"静岡県","prefecture_kana":"シズオカケン","city":"賀茂郡松崎町","city_kana":"カモグンマツザキチョウ","town":"峰輪","town_kana":"ミネワ","prefecture_code":22},"3612":{"zip_code":"4103612","prefecture":"静岡県","prefecture_kana":"シズオカケン","city":"賀茂郡松崎町","city_kana":"カモグンマツザキチョウ","town":"宮内","town_kana":"ミヤウチ","prefecture_code":22},"3621":{"zip_code":"4103621","prefecture":"静岡県","prefecture_kana":"シズオカケン","city":"賀茂郡松崎町","city_kana":"カモグンマツザキチョウ","town":"吉田","town_kana":"ヨシダ","prefecture_code":22},"3500":{"zip_code":"4103500","prefecture":"静岡県","prefecture_kana":"シズオカケン","city":"賀茂郡西伊豆町","city_kana":"カモグンニシイズチョウ","town":"","town_kana":"","prefecture_code":22},"3502":{"zip_code":"4103502","prefecture":"静岡県","prefecture_kana":"シズオカケン","city":"賀茂郡西伊豆町","city_kana":"カモグンニシイズチョウ","town":"安良里","town_kana":"アラリ","prefecture_code":22},"3512":{"zip_code":"4103512","prefecture":"静岡県","prefecture_kana":"シズオカケン","city":"賀茂郡西伊豆町","city_kana":"カモグンニシイズチョウ","town":"一色","town_kana":"イシキ","prefecture_code":22},"3501":{"zip_code":"4103501","prefecture":"静岡県","prefecture_kana":"シズオカケン","city":"賀茂郡西伊豆町","city_kana":"カモグンニシイズチョウ","town":"宇久須","town_kana":"ウグス","prefecture_code":22},"3511":{"zip_code":"4103511","prefecture":"静岡県","prefecture_kana":"シズオカケン","city":"賀茂郡西伊豆町","city_kana":"カモグンニシイズチョウ","town":"大沢里","town_kana":"オオソウリ","prefecture_code":22},"3515":{"zip_code":"4103515","prefecture":"静岡県","prefecture_kana":"シズオカケン","city":"賀茂郡西伊豆町","city_kana":"カモグンニシイズチョウ","town":"田子","town_kana":"タゴ","prefecture_code":22},"3513":{"zip_code":"4103513","prefecture":"静岡県","prefecture_kana":"シズオカケン","city":"賀茂郡西伊豆町","city_kana":"カモグンニシイズチョウ","town":"中","town_kana":"ナカ","prefecture_code":22},"3514":{"zip_code":"4103514","prefecture":"静岡県","prefecture_kana":"シズオカケン","city":"賀茂郡西伊豆町","city_kana":"カモグンニシイズチョウ","town":"仁科","town_kana":"ニシナ","prefecture_code":22},"1300":{"zip_code":"4101300","prefecture":"静岡県","prefecture_kana":"シズオカケン","city":"駿東郡小山町","city_kana":"スントウグンオヤマチョウ","town":"","town_kana":"","prefecture_code":22},"1321":{"zip_code":"4101321","prefecture":"静岡県","prefecture_kana":"シズオカケン","city":"駿東郡小山町","city_kana":"スントウグンオヤマチョウ","town":"阿多野","town_kana":"アダノ","prefecture_code":22},"1314":{"zip_code":"4101314","prefecture":"静岡県","prefecture_kana":"シズオカケン","city":"駿東郡小山町","city_kana":"スントウグンオヤマチョウ","town":"新柴","town_kana":"アラシバ","prefecture_code":22},"1303":{"zip_code":"4101303","prefecture":"静岡県","prefecture_kana":"シズオカケン","city":"駿東郡小山町","city_kana":"スントウグンオヤマチョウ","town":"生土","town_kana":"イキド","prefecture_code":22},"1325":{"zip_code":"4101325","prefecture":"静岡県","prefecture_kana":"シズオカケン","city":"駿東郡小山町","city_kana":"スントウグンオヤマチョウ","town":"一色","town_kana":"イシキ","prefecture_code":22},"1306":{"zip_code":"4101306","prefecture":"静岡県","prefecture_kana":"シズオカケン","city":"駿東郡小山町","city_kana":"スントウグンオヤマチョウ","town":"上野","town_kana":"ウエノ","prefecture_code":22},"1317":{"zip_code":"4101317","prefecture":"静岡県","prefecture_kana":"シズオカケン","city":"駿東郡小山町","city_kana":"スントウグンオヤマチョウ","town":"大胡田","town_kana":"オオゴダ","prefecture_code":22},"1308":{"zip_code":"4101308","prefecture":"静岡県","prefecture_kana":"シズオカケン","city":"駿東郡小山町","city_kana":"スントウグンオヤマチョウ","town":"大御神","town_kana":"オオミカ","prefecture_code":22},"1311":{"zip_code":"4101311","prefecture":"静岡県","prefecture_kana":"シズオカケン","city":"駿東郡小山町","city_kana":"スントウグンオヤマチョウ","town":"小山","town_kana":"オヤマ","prefecture_code":22},"1323":{"zip_code":"4101323","prefecture":"静岡県","prefecture_kana":"シズオカケン","city":"駿東郡小山町","city_kana":"スントウグンオヤマチョウ","town":"上古城","town_kana":"カミフルシロ","prefecture_code":22},"1315":{"zip_code":"4101315","prefecture":"静岡県","prefecture_kana":"シズオカケン","city":"駿東郡小山町","city_kana":"スントウグンオヤマチョウ","town":"桑木","town_kana":"クワギ","prefecture_code":22},"1432":{"zip_code":"4101432","prefecture":"静岡県","prefecture_kana":"シズオカケン","city":"駿東郡小山町","city_kana":"スントウグンオヤマチョウ","town":"自衛隊富士学校","town_kana":"ジエイタイフジガッコウ","prefecture_code":22},"1324":{"zip_code":"4101324","prefecture":"静岡県","prefecture_kana":"シズオカケン","city":"駿東郡小山町","city_kana":"スントウグンオヤマチョウ","town":"下小林","town_kana":"シモコバヤシ","prefecture_code":22},"1316":{"zip_code":"4101316","prefecture":"静岡県","prefecture_kana":"シズオカケン","city":"駿東郡小山町","city_kana":"スントウグンオヤマチョウ","town":"下古城","town_kana":"シモフルシロ","prefecture_code":22},"1312":{"zip_code":"4101312","prefecture":"静岡県","prefecture_kana":"シズオカケン","city":"駿東郡小山町","city_kana":"スントウグンオヤマチョウ","town":"菅沼","town_kana":"スガヌマ","prefecture_code":22},"1431":{"zip_code":"4101431","prefecture":"静岡県","prefecture_kana":"シズオカケン","city":"駿東郡小山町","city_kana":"スントウグンオヤマチョウ","town":"須走","town_kana":"スバシリ","prefecture_code":22},"1313":{"zip_code":"4101313","prefecture":"静岡県","prefecture_kana":"シズオカケン","city":"駿東郡小山町","city_kana":"スントウグンオヤマチョウ","town":"竹之下","town_kana":"タケノシタ","prefecture_code":22},"1327":{"zip_code":"4101327","prefecture":"静岡県","prefecture_kana":"シズオカケン","city":"駿東郡小山町","city_kana":"スントウグンオヤマチョウ","town":"棚頭","town_kana":"タナガシラ","prefecture_code":22},"1302":{"zip_code":"4101302","prefecture":"静岡県","prefecture_kana":"シズオカケン","city":"駿東郡小山町","city_kana":"スントウグンオヤマチョウ","town":"中島","town_kana":"ナカジマ","prefecture_code":22},"1307":{"zip_code":"4101307","prefecture":"静岡県","prefecture_kana":"シズオカケン","city":"駿東郡小山町","city_kana":"スントウグンオヤマチョウ","town":"中日向","town_kana":"ナカヒナタ","prefecture_code":22},"1304":{"zip_code":"4101304","prefecture":"静岡県","prefecture_kana":"シズオカケン","city":"駿東郡小山町","city_kana":"スントウグンオヤマチョウ","town":"藤曲","town_kana":"フジマガリ","prefecture_code":22},"1301":{"zip_code":"4101301","prefecture":"静岡県","prefecture_kana":"シズオカケン","city":"駿東郡小山町","city_kana":"スントウグンオヤマチョウ","town":"柳島","town_kana":"ヤナギシマ","prefecture_code":22},"1305":{"zip_code":"4101305","prefecture":"静岡県","prefecture_kana":"シズオカケン","city":"駿東郡小山町","city_kana":"スントウグンオヤマチョウ","town":"湯船","town_kana":"ユブネ","prefecture_code":22},"1326":{"zip_code":"4101326","prefecture":"静岡県","prefecture_kana":"シズオカケン","city":"駿東郡小山町","city_kana":"スントウグンオヤマチョウ","town":"用沢","town_kana":"ヨウサワ","prefecture_code":22},"1322":{"zip_code":"4101322","prefecture":"静岡県","prefecture_kana":"シズオカケン","city":"駿東郡小山町","city_kana":"スントウグンオヤマチョウ","town":"吉久保","town_kana":"ヨシクボ","prefecture_code":22}}