{"0000":{"zip_code":"4130000","prefecture":"静岡県","prefecture_kana":"シズオカケン","city":"熱海市","city_kana":"アタミシ","town":"","town_kana":"","prefecture_code":22},"0039":{"zip_code":"4130039","prefecture":"静岡県","prefecture_kana":"シズオカケン","city":"熱海市","city_kana":"アタミシ","town":"相の原町","town_kana":"アイノハラチョウ","prefecture_code":22},"0041":{"zip_code":"4130041","prefecture":"静岡県","prefecture_kana":"シズオカケン","city":"熱海市","city_kana":"アタミシ","town":"青葉町","town_kana":"アオバチョウ","prefecture_code":22},"0103":{"zip_code":"4130103","prefecture":"静岡県","prefecture_kana":"シズオカケン","city":"熱海市","city_kana":"アタミシ","town":"網代","town_kana":"アジロ","prefecture_code":22},"0033":{"zip_code":"4130033","prefecture":"静岡県","prefecture_kana":"シズオカケン","city":"熱海市","city_kana":"アタミシ","town":"熱海","town_kana":"アタミ","prefecture_code":22},"0002":{"zip_code":"4130002","prefecture":"静岡県","prefecture_kana":"シズオカケン","city":"熱海市","city_kana":"アタミシ","town":"伊豆山","town_kana":"イズサン","prefecture_code":22},"0001":{"zip_code":"4130001","prefecture":"静岡県","prefecture_kana":"シズオカケン","city":"熱海市","city_kana":"アタミシ","town":"泉","town_kana":"イズミ","prefecture_code":22},"0003":{"zip_code":"4130003","prefecture":"静岡県","prefecture_kana":"シズオカケン","city":"熱海市","city_kana":"アタミシ","town":"海光町","town_kana":"カイコウチョウ","prefecture_code":22},"0005":{"zip_code":"4130005","prefecture":"静岡県","prefecture_kana":"シズオカケン","city":"熱海市","city_kana":"アタミシ","town":"春日町","town_kana":"カスガチョウ","prefecture_code":22},"0018":{"zip_code":"4130018","prefecture":"静岡県","prefecture_kana":"シズオカケン","city":"熱海市","city_kana":"アタミシ","town":"上宿町","town_kana":"カミジュクチョウ","prefecture_code":22},"0101":{"zip_code":"4130101","prefecture":"静岡県","prefecture_kana":"シズオカケン","city":"熱海市","city_kana":"アタミシ","town":"上多賀","town_kana":"カミタガ","prefecture_code":22},"0013":{"zip_code":"4130013","prefecture":"静岡県","prefecture_kana":"シズオカケン","city":"熱海市","city_kana":"アタミシ","town":"銀座町","town_kana":"ギンザチョウ","prefecture_code":22},"0029":{"zip_code":"4130029","prefecture":"静岡県","prefecture_kana":"シズオカケン","city":"熱海市","city_kana":"アタミシ","town":"小嵐町","town_kana":"コアラシチョウ","prefecture_code":22},"0019":{"zip_code":"4130019","prefecture":"静岡県","prefecture_kana":"シズオカケン","city":"熱海市","city_kana":"アタミシ","town":"咲見町","town_kana":"サキミチョウ","prefecture_code":22},"0025":{"zip_code":"4130025","prefecture":"静岡県","prefecture_kana":"シズオカケン","city":"熱海市","city_kana":"アタミシ","town":"桜木町","town_kana":"サクラギチョウ","prefecture_code":22},"0028":{"zip_code":"4130028","prefecture":"静岡県","prefecture_kana":"シズオカケン","city":"熱海市","city_kana":"アタミシ","town":"桜町","town_kana":"サクラチョウ","prefecture_code":22},"0037":{"zip_code":"4130037","prefecture":"静岡県","prefecture_kana":"シズオカケン","city":"熱海市","city_kana":"アタミシ","town":"笹良ケ台町","town_kana":"ササラガダイチョウ","prefecture_code":22},"0021":{"zip_code":"4130021","prefecture":"静岡県","prefecture_kana":"シズオカケン","city":"熱海市","city_kana":"アタミシ","town":"清水町","town_kana":"シミズチョウ","prefecture_code":22},"0102":{"zip_code":"4130102","prefecture":"静岡県","prefecture_kana":"シズオカケン","city":"熱海市","city_kana":"アタミシ","town":"下多賀","town_kana":"シモタガ","prefecture_code":22},"0022":{"zip_code":"4130022","prefecture":"静岡県","prefecture_kana":"シズオカケン","city":"熱海市","city_kana":"アタミシ","town":"昭和町","town_kana":"ショウワチョウ","prefecture_code":22},"0011":{"zip_code":"4130011","prefecture":"静岡県","prefecture_kana":"シズオカケン","city":"熱海市","city_kana":"アタミシ","town":"田原本町","town_kana":"タハラホンチョウ","prefecture_code":22},"0015":{"zip_code":"4130015","prefecture":"静岡県","prefecture_kana":"シズオカケン","city":"熱海市","city_kana":"アタミシ","town":"中央町","town_kana":"チュウオウチョウ","prefecture_code":22},"0014":{"zip_code":"4130014","prefecture":"静岡県","prefecture_kana":"シズオカケン","city":"熱海市","city_kana":"アタミシ","town":"渚町","town_kana":"ナギサチョウ","prefecture_code":22},"0038":{"zip_code":"4130038","prefecture":"静岡県","prefecture_kana":"シズオカケン","city":"熱海市","city_kana":"アタミシ","town":"西熱海町","town_kana":"ニシアタミチョウ","prefecture_code":22},"0034":{"zip_code":"4130034","prefecture":"静岡県","prefecture_kana":"シズオカケン","city":"熱海市","city_kana":"アタミシ","town":"西山町","town_kana":"ニシヤマチョウ","prefecture_code":22},"0032":{"zip_code":"4130032","prefecture":"静岡県","prefecture_kana":"シズオカケン","city":"熱海市","city_kana":"アタミシ","town":"梅園町","town_kana":"バイエンチョウ","prefecture_code":22},"0026":{"zip_code":"4130026","prefecture":"静岡県","prefecture_kana":"シズオカケン","city":"熱海市","city_kana":"アタミシ","town":"梅花町","town_kana":"バイカチョウ","prefecture_code":22},"0004":{"zip_code":"4130004","prefecture":"静岡県","prefecture_kana":"シズオカケン","city":"熱海市","city_kana":"アタミシ","town":"初島","town_kana":"ハツシマ","prefecture_code":22},"0031":{"zip_code":"4130031","prefecture":"静岡県","prefecture_kana":"シズオカケン","city":"熱海市","city_kana":"アタミシ","town":"林ガ丘町","town_kana":"ハヤシガオカチョウ","prefecture_code":22},"0012":{"zip_code":"4130012","prefecture":"静岡県","prefecture_kana":"シズオカケン","city":"熱海市","city_kana":"アタミシ","town":"東海岸町","town_kana":"ヒガシカイガンチョウ","prefecture_code":22},"0036":{"zip_code":"4130036","prefecture":"静岡県","prefecture_kana":"シズオカケン","city":"熱海市","city_kana":"アタミシ","town":"日金町","town_kana":"ヒガネチョウ","prefecture_code":22},"0017":{"zip_code":"4130017","prefecture":"静岡県","prefecture_kana":"シズオカケン","city":"熱海市","city_kana":"アタミシ","town":"福道町","town_kana":"フクミチチョウ","prefecture_code":22},"0035":{"zip_code":"4130035","prefecture":"静岡県","prefecture_kana":"シズオカケン","city":"熱海市","city_kana":"アタミシ","town":"緑ガ丘町","town_kana":"ミドリガオカチョウ","prefecture_code":22},"0016":{"zip_code":"4130016","prefecture":"静岡県","prefecture_kana":"シズオカケン","city":"熱海市","city_kana":"アタミシ","town":"水口町","town_kana":"ミナグチチョウ","prefecture_code":22},"0027":{"zip_code":"4130027","prefecture":"静岡県","prefecture_kana":"シズオカケン","city":"熱海市","city_kana":"アタミシ","town":"紅葉ガ丘町","town_kana":"モミジガオカチョウ","prefecture_code":22},"0006":{"zip_code":"4130006","prefecture":"静岡県","prefecture_kana":"シズオカケン","city":"熱海市","city_kana":"アタミシ","town":"桃山町","town_kana":"モモヤマチョウ","prefecture_code":22},"0042":{"zip_code":"4130042","prefecture":"静岡県","prefecture_kana":"シズオカケン","city":"熱海市","city_kana":"アタミシ","town":"山手町","town_kana":"ヤマテチョウ","prefecture_code":22},"0024":{"zip_code":"4130024","prefecture":"静岡県","prefecture_kana":"シズオカケン","city":"熱海市","city_kana":"アタミシ","town":"和田町","town_kana":"ワダチョウ","prefecture_code":22},"0023":{"zip_code":"4130023","prefecture":"静岡県","prefecture_kana":"シズオカケン","city":"熱海市","city_kana":"アタミシ","town":"和田浜南町","town_kana":"ワダハマミナミチョウ","prefecture_code":22},"0233":{"zip_code":"4130233","prefecture":"静岡県","prefecture_kana":"シズオカケン","city":"伊東市","city_kana":"イトウシ","town":"赤沢","town_kana":"アカザワ","prefecture_code":22},"0234":{"zip_code":"4130234","prefecture":"静岡県","prefecture_kana":"シズオカケン","city":"伊東市","city_kana":"イトウシ","town":"池","town_kana":"イケ","prefecture_code":22},"0235":{"zip_code":"4130235","prefecture":"静岡県","prefecture_kana":"シズオカケン","city":"伊東市","city_kana":"イトウシ","town":"大室高原","town_kana":"オオムロコウゲン","prefecture_code":22},"0111":{"zip_code":"4130111","prefecture":"静岡県","prefecture_kana":"シズオカケン","city":"伊東市","city_kana":"イトウシ","town":"グリーンヒル別荘地","town_kana":"グリーンヒルベツソウチ","prefecture_code":22},"0231":{"zip_code":"4130231","prefecture":"静岡県","prefecture_kana":"シズオカケン","city":"伊東市","city_kana":"イトウシ","town":"富戸","town_kana":"フト","prefecture_code":22},"0232":{"zip_code":"4130232","prefecture":"静岡県","prefecture_kana":"シズオカケン","city":"伊東市","city_kana":"イトウシ","town":"八幡野","town_kana":"ヤワタノ","prefecture_code":22},"0711":{"zip_code":"4130711","prefecture":"静岡県","prefecture_kana":"シズオカケン","city":"下田市","city_kana":"シモダシ","town":"相玉","town_kana":"アイタマ","prefecture_code":22},"0703":{"zip_code":"4130703","prefecture":"静岡県","prefecture_kana":"シズオカケン","city":"下田市","city_kana":"シモダシ","town":"荒増","town_kana":"アラゾウ","prefecture_code":22},"0715":{"zip_code":"4130715","prefecture":"静岡県","prefecture_kana":"シズオカケン","city":"下田市","city_kana":"シモダシ","town":"宇土金","town_kana":"ウドガネ","prefecture_code":22},"0701":{"zip_code":"4130701","prefecture":"静岡県","prefecture_kana":"シズオカケン","city":"下田市","city_kana":"シモダシ","town":"落合","town_kana":"オチアイ","prefecture_code":22},"0713":{"zip_code":"4130713","prefecture":"静岡県","prefecture_kana":"シズオカケン","city":"下田市","city_kana":"シモダシ","town":"加増野","town_kana":"カゾウノ","prefecture_code":22},"0714":{"zip_code":"4130714","prefecture":"静岡県","prefecture_kana":"シズオカケン","city":"下田市","city_kana":"シモダシ","town":"北湯ケ野","town_kana":"キタユガノ","prefecture_code":22},"0704":{"zip_code":"4130704","prefecture":"静岡県","prefecture_kana":"シズオカケン","city":"下田市","city_kana":"シモダシ","town":"椎原","town_kana":"シイバラ","prefecture_code":22},"0716":{"zip_code":"4130716","prefecture":"静岡県","prefecture_kana":"シズオカケン","city":"下田市","city_kana":"シモダシ","town":"須原","town_kana":"スハラ","prefecture_code":22},"0702":{"zip_code":"4130702","prefecture":"静岡県","prefecture_kana":"シズオカケン","city":"下田市","city_kana":"シモダシ","town":"堀之内","town_kana":"ホリノウチ","prefecture_code":22},"0705":{"zip_code":"4130705","prefecture":"静岡県","prefecture_kana":"シズオカケン","city":"下田市","city_kana":"シモダシ","town":"箕作","town_kana":"ミツクリ","prefecture_code":22},"0712":{"zip_code":"4130712","prefecture":"静岡県","prefecture_kana":"シズオカケン","city":"下田市","city_kana":"シモダシ","town":"横川","town_kana":"ヨコカワ","prefecture_code":22},"0300":{"zip_code":"4130300","prefecture":"静岡県","prefecture_kana":"シズオカケン","city":"賀茂郡東伊豆町","city_kana":"カモグンヒガシイズチョウ","town":"","town_kana":"","prefecture_code":22},"0411":{"zip_code":"4130411","prefecture":"静岡県","prefecture_kana":"シズオカケン","city":"賀茂郡東伊豆町","city_kana":"カモグンヒガシイズチョウ","town":"稲取","town_kana":"イナトリ","prefecture_code":22},"0301":{"zip_code":"4130301","prefecture":"静岡県","prefecture_kana":"シズオカケン","city":"賀茂郡東伊豆町","city_kana":"カモグンヒガシイズチョウ","town":"大川","town_kana":"オオカワ","prefecture_code":22},"0303":{"zip_code":"4130303","prefecture":"静岡県","prefecture_kana":"シズオカケン","city":"賀茂郡東伊豆町","city_kana":"カモグンヒガシイズチョウ","town":"片瀬","town_kana":"カタセ","prefecture_code":22},"0304":{"zip_code":"4130304","prefecture":"静岡県","prefecture_kana":"シズオカケン","city":"賀茂郡東伊豆町","city_kana":"カモグンヒガシイズチョウ","town":"白田","town_kana":"シラタ","prefecture_code":22},"0302":{"zip_code":"4130302","prefecture":"静岡県","prefecture_kana":"シズオカケン","city":"賀茂郡東伊豆町","city_kana":"カモグンヒガシイズチョウ","town":"北川","town_kana":"ホツカワ","prefecture_code":22},"0500":{"zip_code":"4130500","prefecture":"静岡県","prefecture_kana":"シズオカケン","city":"賀茂郡河津町","city_kana":"カモグンカワヅチョウ","town":"","town_kana":"","prefecture_code":22},"0509":{"zip_code":"4130509","prefecture":"静岡県","prefecture_kana":"シズオカケン","city":"賀茂郡河津町","city_kana":"カモグンカワヅチョウ","town":"大鍋","town_kana":"オオナベ","prefecture_code":22},"0502":{"zip_code":"4130502","prefecture":"静岡県","prefecture_kana":"シズオカケン","city":"賀茂郡河津町","city_kana":"カモグンカワヅチョウ","town":"川津筏場","town_kana":"カワヅイカダバ","prefecture_code":22},"0508":{"zip_code":"4130508","prefecture":"静岡県","prefecture_kana":"シズオカケン","city":"賀茂郡河津町","city_kana":"カモグンカワヅチョウ","town":"小鍋","town_kana":"コナベ","prefecture_code":22},"0516":{"zip_code":"4130516","prefecture":"静岡県","prefecture_kana":"シズオカケン","city":"賀茂郡河津町","city_kana":"カモグンカワヅチョウ","town":"逆川","town_kana":"サカサガワ","prefecture_code":22},"0512":{"zip_code":"4130512","prefecture":"静岡県","prefecture_kana":"シズオカケン","city":"賀茂郡河津町","city_kana":"カモグンカワヅチョウ","town":"笹原","town_kana":"ササハラ","prefecture_code":22},"0505":{"zip_code":"4130505","prefecture":"静岡県","prefecture_kana":"シズオカケン","city":"賀茂郡河津町","city_kana":"カモグンカワヅチョウ","town":"沢田","town_kana":"サワダ","prefecture_code":22},"0506":{"zip_code":"4130506","prefecture":"静岡県","prefecture_kana":"シズオカケン","city":"賀茂郡河津町","city_kana":"カモグンカワヅチョウ","town":"下佐ケ野","town_kana":"シモサガノ","prefecture_code":22},"0504":{"zip_code":"4130504","prefecture":"静岡県","prefecture_kana":"シズオカケン","city":"賀茂郡河津町","city_kana":"カモグンカワヅチョウ","town":"田中","town_kana":"タナカ","prefecture_code":22},"0501":{"zip_code":"4130501","prefecture":"静岡県","prefecture_kana":"シズオカケン","city":"賀茂郡河津町","city_kana":"カモグンカワヅチョウ","town":"梨本","town_kana":"ナシモト","prefecture_code":22},"0514":{"zip_code":"4130514","prefecture":"静岡県","prefecture_kana":"シズオカケン","city":"賀茂郡河津町","city_kana":"カモグンカワヅチョウ","town":"縄地","town_kana":"ナワジ","prefecture_code":22},"0513":{"zip_code":"4130513","prefecture":"静岡県","prefecture_kana":"シズオカケン","city":"賀茂郡河津町","city_kana":"カモグンカワヅチョウ","town":"浜","town_kana":"ハマ","prefecture_code":22},"0503":{"zip_code":"4130503","prefecture":"静岡県","prefecture_kana":"シズオカケン","city":"賀茂郡河津町","city_kana":"カモグンカワヅチョウ","town":"見高","town_kana":"ミダカ","prefecture_code":22},"0511":{"zip_code":"4130511","prefecture":"静岡県","prefecture_kana":"シズオカケン","city":"賀茂郡河津町","city_kana":"カモグンカワヅチョウ","town":"峰","town_kana":"ミネ","prefecture_code":22},"0515":{"zip_code":"4130515","prefecture":"静岡県","prefecture_kana":"シズオカケン","city":"賀茂郡河津町","city_kana":"カモグンカワヅチョウ","town":"谷津","town_kana":"ヤツ","prefecture_code":22},"0507":{"zip_code":"4130507","prefecture":"静岡県","prefecture_kana":"シズオカケン","city":"賀茂郡河津町","city_kana":"カモグンカワヅチョウ","town":"湯ケ野","town_kana":"ユガノ","prefecture_code":22}}