{"0000":{"zip_code":"4180000","prefecture":"静岡県","prefecture_kana":"シズオカケン","city":"富士宮市","city_kana":"フジノミヤシ","town":"","town_kana":"","prefecture_code":22},"0047":{"zip_code":"4180047","prefecture":"静岡県","prefecture_kana":"シズオカケン","city":"富士宮市","city_kana":"フジノミヤシ","town":"青木","town_kana":"アオキ","prefecture_code":22},"0048":{"zip_code":"4180048","prefecture":"静岡県","prefecture_kana":"シズオカケン","city":"富士宮市","city_kana":"フジノミヤシ","town":"青木平","town_kana":"アオキダイラ","prefecture_code":22},"0016":{"zip_code":"4180016","prefecture":"静岡県","prefecture_kana":"シズオカケン","city":"富士宮市","city_kana":"フジノミヤシ","town":"阿幸地","town_kana":"アコウジ","prefecture_code":22},"0078":{"zip_code":"4180078","prefecture":"静岡県","prefecture_kana":"シズオカケン","city":"富士宮市","city_kana":"フジノミヤシ","town":"阿幸地町","town_kana":"アコウジチョウ","prefecture_code":22},"0037":{"zip_code":"4180037","prefecture":"静岡県","prefecture_kana":"シズオカケン","city":"富士宮市","city_kana":"フジノミヤシ","town":"安居山","town_kana":"アゴヤマ","prefecture_code":22},"0057":{"zip_code":"4180057","prefecture":"静岡県","prefecture_kana":"シズオカケン","city":"富士宮市","city_kana":"フジノミヤシ","town":"朝日町","town_kana":"アサヒチョウ","prefecture_code":22},"0032":{"zip_code":"4180032","prefecture":"静岡県","prefecture_kana":"シズオカケン","city":"富士宮市","city_kana":"フジノミヤシ","town":"浅間町","town_kana":"アサマチョウ","prefecture_code":22},"0011":{"zip_code":"4180011","prefecture":"静岡県","prefecture_kana":"シズオカケン","city":"富士宮市","city_kana":"フジノミヤシ","town":"粟倉","town_kana":"アワクラ","prefecture_code":22},"0018":{"zip_code":"4180018","prefecture":"静岡県","prefecture_kana":"シズオカケン","city":"富士宮市","city_kana":"フジノミヤシ","town":"粟倉南町","town_kana":"アワクラミナミチョウ","prefecture_code":22},"0043":{"zip_code":"4180043","prefecture":"静岡県","prefecture_kana":"シズオカケン","city":"富士宮市","city_kana":"フジノミヤシ","town":"泉町","town_kana":"イズミチョウ","prefecture_code":22},"0108":{"zip_code":"4180108","prefecture":"静岡県","prefecture_kana":"シズオカケン","city":"富士宮市","city_kana":"フジノミヤシ","town":"猪之頭","town_kana":"イノカシラ","prefecture_code":22},"0104":{"zip_code":"4180104","prefecture":"静岡県","prefecture_kana":"シズオカケン","city":"富士宮市","city_kana":"フジノミヤシ","town":"内野","town_kana":"ウツノ","prefecture_code":22},"0113":{"zip_code":"4180113","prefecture":"静岡県","prefecture_kana":"シズオカケン","city":"富士宮市","city_kana":"フジノミヤシ","town":"馬見塚","town_kana":"ウマミヅカ","prefecture_code":22},"0013":{"zip_code":"4180013","prefecture":"静岡県","prefecture_kana":"シズオカケン","city":"富士宮市","city_kana":"フジノミヤシ","town":"大岩","town_kana":"オオイワ","prefecture_code":22},"0044":{"zip_code":"4180044","prefecture":"静岡県","prefecture_kana":"シズオカケン","city":"富士宮市","city_kana":"フジノミヤシ","town":"大中里","town_kana":"オオナカザト","prefecture_code":22},"0066":{"zip_code":"4180066","prefecture":"静岡県","prefecture_kana":"シズオカケン","city":"富士宮市","city_kana":"フジノミヤシ","town":"大宮町","town_kana":"オオミヤチョウ","prefecture_code":22},"0103":{"zip_code":"4180103","prefecture":"静岡県","prefecture_kana":"シズオカケン","city":"富士宮市","city_kana":"フジノミヤシ","town":"上井出","town_kana":"カミイデ","prefecture_code":22},"0116":{"zip_code":"4180116","prefecture":"静岡県","prefecture_kana":"シズオカケン","city":"富士宮市","city_kana":"フジノミヤシ","town":"上条","town_kana":"カミジョウ","prefecture_code":22},"0117":{"zip_code":"4180117","prefecture":"静岡県","prefecture_kana":"シズオカケン","city":"富士宮市","city_kana":"フジノミヤシ","town":"狩宿","town_kana":"カリヤド","prefecture_code":22},"0031":{"zip_code":"4180031","prefecture":"静岡県","prefecture_kana":"シズオカケン","city":"富士宮市","city_kana":"フジノミヤシ","town":"神田川町","town_kana":"カンダガワチョウ","prefecture_code":22},"0061":{"zip_code":"4180061","prefecture":"静岡県","prefecture_kana":"シズオカケン","city":"富士宮市","city_kana":"フジノミヤシ","town":"北町","town_kana":"キタマチ","prefecture_code":22},"0112":{"zip_code":"4180112","prefecture":"静岡県","prefecture_kana":"シズオカケン","city":"富士宮市","city_kana":"フジノミヤシ","town":"北山","town_kana":"キタヤマ","prefecture_code":22},"0042":{"zip_code":"4180042","prefecture":"静岡県","prefecture_kana":"シズオカケン","city":"富士宮市","city_kana":"フジノミヤシ","town":"貴船町","town_kana":"キブネチョウ","prefecture_code":22},"0034":{"zip_code":"4180034","prefecture":"静岡県","prefecture_kana":"シズオカケン","city":"富士宮市","city_kana":"フジノミヤシ","town":"黒田","town_kana":"クロダ","prefecture_code":22},"0074":{"zip_code":"4180074","prefecture":"静岡県","prefecture_kana":"シズオカケン","city":"富士宮市","city_kana":"フジノミヤシ","town":"源道寺町","town_kana":"ゲンドウジチョウ","prefecture_code":22},"0022":{"zip_code":"4180022","prefecture":"静岡県","prefecture_kana":"シズオカケン","city":"富士宮市","city_kana":"フジノミヤシ","town":"小泉","town_kana":"コイズミ","prefecture_code":22},"0107":{"zip_code":"4180107","prefecture":"静岡県","prefecture_kana":"シズオカケン","city":"富士宮市","city_kana":"フジノミヤシ","town":"佐折","town_kana":"サオリ","prefecture_code":22},"0114":{"zip_code":"4180114","prefecture":"静岡県","prefecture_kana":"シズオカケン","city":"富士宮市","city_kana":"フジノミヤシ","town":"下条","town_kana":"シモジョウ","prefecture_code":22},"0115":{"zip_code":"4180115","prefecture":"静岡県","prefecture_kana":"シズオカケン","city":"富士宮市","city_kana":"フジノミヤシ","town":"精進川","town_kana":"ショウジンガワ","prefecture_code":22},"0062":{"zip_code":"4180062","prefecture":"静岡県","prefecture_kana":"シズオカケン","city":"富士宮市","city_kana":"フジノミヤシ","town":"城北町","town_kana":"ジョウホクチョウ","prefecture_code":22},"0021":{"zip_code":"4180021","prefecture":"静岡県","prefecture_kana":"シズオカケン","city":"富士宮市","city_kana":"フジノミヤシ","town":"杉田","town_kana":"スギタ","prefecture_code":22},"0055":{"zip_code":"4180055","prefecture":"静岡県","prefecture_kana":"シズオカケン","city":"富士宮市","city_kana":"フジノミヤシ","town":"宝町","town_kana":"タカラマチ","prefecture_code":22},"0075":{"zip_code":"4180075","prefecture":"静岡県","prefecture_kana":"シズオカケン","city":"富士宮市","city_kana":"フジノミヤシ","town":"田中町","town_kana":"タナカチョウ","prefecture_code":22},"0065":{"zip_code":"4180065","prefecture":"静岡県","prefecture_kana":"シズオカケン","city":"富士宮市","city_kana":"フジノミヤシ","town":"中央町","town_kana":"チュウオウチョウ","prefecture_code":22},"0006":{"zip_code":"4180006","prefecture":"静岡県","prefecture_kana":"シズオカケン","city":"富士宮市","city_kana":"フジノミヤシ","town":"外神","town_kana":"トガミ","prefecture_code":22},"0007":{"zip_code":"4180007","prefecture":"静岡県","prefecture_kana":"シズオカケン","city":"富士宮市","city_kana":"フジノミヤシ","town":"外神東町","town_kana":"トガミヒガシチョウ","prefecture_code":22},"0046":{"zip_code":"4180046","prefecture":"静岡県","prefecture_kana":"シズオカケン","city":"富士宮市","city_kana":"フジノミヤシ","town":"中里東町","town_kana":"ナカザトヒガシチョウ","prefecture_code":22},"0045":{"zip_code":"4180045","prefecture":"静岡県","prefecture_kana":"シズオカケン","city":"富士宮市","city_kana":"フジノミヤシ","town":"中島町","town_kana":"ナカジマチョウ","prefecture_code":22},"0002":{"zip_code":"4180002","prefecture":"静岡県","prefecture_kana":"シズオカケン","city":"富士宮市","city_kana":"フジノミヤシ","town":"中原町","town_kana":"ナカハラチョウ","prefecture_code":22},"0019":{"zip_code":"4180019","prefecture":"静岡県","prefecture_kana":"シズオカケン","city":"富士宮市","city_kana":"フジノミヤシ","town":"南陵","town_kana":"ナンリョウ","prefecture_code":22},"0076":{"zip_code":"4180076","prefecture":"静岡県","prefecture_kana":"シズオカケン","city":"富士宮市","city_kana":"フジノミヤシ","town":"錦町","town_kana":"ニシキチョウ","prefecture_code":22},"0026":{"zip_code":"4180026","prefecture":"静岡県","prefecture_kana":"シズオカケン","city":"富士宮市","city_kana":"フジノミヤシ","town":"西小泉町","town_kana":"ニシコイズミチョウ","prefecture_code":22},"0056":{"zip_code":"4180056","prefecture":"静岡県","prefecture_kana":"シズオカケン","city":"富士宮市","city_kana":"フジノミヤシ","town":"西町","town_kana":"ニシマチ","prefecture_code":22},"0024":{"zip_code":"4180024","prefecture":"静岡県","prefecture_kana":"シズオカケン","city":"富士宮市","city_kana":"フジノミヤシ","town":"貫戸","town_kana":"ヌクド","prefecture_code":22},"0036":{"zip_code":"4180036","prefecture":"静岡県","prefecture_kana":"シズオカケン","city":"富士宮市","city_kana":"フジノミヤシ","town":"沼久保","town_kana":"ヌマクボ","prefecture_code":22},"0101":{"zip_code":"4180101","prefecture":"静岡県","prefecture_kana":"シズオカケン","city":"富士宮市","city_kana":"フジノミヤシ","town":"根原","town_kana":"ネバラ","prefecture_code":22},"0039":{"zip_code":"4180039","prefecture":"静岡県","prefecture_kana":"シズオカケン","city":"富士宮市","city_kana":"フジノミヤシ","town":"野中","town_kana":"ノナカ","prefecture_code":22},"0038":{"zip_code":"4180038","prefecture":"静岡県","prefecture_kana":"シズオカケン","city":"富士宮市","city_kana":"フジノミヤシ","town":"野中町","town_kana":"ノナカチョウ","prefecture_code":22},"0033":{"zip_code":"4180033","prefecture":"静岡県","prefecture_kana":"シズオカケン","city":"富士宮市","city_kana":"フジノミヤシ","town":"野中東町","town_kana":"ノナカヒガシチョウ","prefecture_code":22},"0105":{"zip_code":"4180105","prefecture":"静岡県","prefecture_kana":"シズオカケン","city":"富士宮市","city_kana":"フジノミヤシ","town":"原","town_kana":"ハラ","prefecture_code":22},"0106":{"zip_code":"4180106","prefecture":"静岡県","prefecture_kana":"シズオカケン","city":"富士宮市","city_kana":"フジノミヤシ","town":"半野","town_kana":"ハンノ","prefecture_code":22},"0054":{"zip_code":"4180054","prefecture":"静岡県","prefecture_kana":"シズオカケン","city":"富士宮市","city_kana":"フジノミヤシ","town":"光町","town_kana":"ヒカリチョウ","prefecture_code":22},"0071":{"zip_code":"4180071","prefecture":"静岡県","prefecture_kana":"シズオカケン","city":"富士宮市","city_kana":"フジノミヤシ","town":"東阿幸地","town_kana":"ヒガシアコウジ","prefecture_code":22},"0077":{"zip_code":"4180077","prefecture":"静岡県","prefecture_kana":"シズオカケン","city":"富士宮市","city_kana":"フジノミヤシ","town":"東町","town_kana":"ヒガシチョウ","prefecture_code":22},"0102":{"zip_code":"4180102","prefecture":"静岡県","prefecture_kana":"シズオカケン","city":"富士宮市","city_kana":"フジノミヤシ","town":"人穴","town_kana":"ヒトアナ","prefecture_code":22},"0003":{"zip_code":"4180003","prefecture":"静岡県","prefecture_kana":"シズオカケン","city":"富士宮市","city_kana":"フジノミヤシ","town":"ひばりが丘","town_kana":"ヒバリガオカ","prefecture_code":22},"0014":{"zip_code":"4180014","prefecture":"静岡県","prefecture_kana":"シズオカケン","city":"富士宮市","city_kana":"フジノミヤシ","town":"富士見ケ丘","town_kana":"フジミガオカ","prefecture_code":22},"0017":{"zip_code":"4180017","prefecture":"静岡県","prefecture_kana":"シズオカケン","city":"富士宮市","city_kana":"フジノミヤシ","town":"舟久保町","town_kana":"フナクボチョウ","prefecture_code":22},"0109":{"zip_code":"4180109","prefecture":"静岡県","prefecture_kana":"シズオカケン","city":"富士宮市","city_kana":"フジノミヤシ","town":"麓","town_kana":"フモト","prefecture_code":22},"0035":{"zip_code":"4180035","prefecture":"静岡県","prefecture_kana":"シズオカケン","city":"富士宮市","city_kana":"フジノミヤシ","town":"星山","town_kana":"ホシヤマ","prefecture_code":22},"0058":{"zip_code":"4180058","prefecture":"静岡県","prefecture_kana":"シズオカケン","city":"富士宮市","city_kana":"フジノミヤシ","town":"穂波町","town_kana":"ホナミチョウ","prefecture_code":22},"0015":{"zip_code":"4180015","prefecture":"静岡県","prefecture_kana":"シズオカケン","city":"富士宮市","city_kana":"フジノミヤシ","town":"舞々木町","town_kana":"マイマイギチョウ","prefecture_code":22},"0025":{"zip_code":"4180025","prefecture":"静岡県","prefecture_kana":"シズオカケン","city":"富士宮市","city_kana":"フジノミヤシ","town":"前田町","town_kana":"マエダチョウ","prefecture_code":22},"0001":{"zip_code":"4180001","prefecture":"静岡県","prefecture_kana":"シズオカケン","city":"富士宮市","city_kana":"フジノミヤシ","town":"万野原新田","town_kana":"マンノハラシンデン","prefecture_code":22},"0004":{"zip_code":"4180004","prefecture":"静岡県","prefecture_kana":"シズオカケン","city":"富士宮市","city_kana":"フジノミヤシ","town":"三園平","town_kana":"ミソノダイラ","prefecture_code":22},"0053":{"zip_code":"4180053","prefecture":"静岡県","prefecture_kana":"シズオカケン","city":"富士宮市","city_kana":"フジノミヤシ","town":"宮北町","town_kana":"ミヤキタチョウ","prefecture_code":22},"0067":{"zip_code":"4180067","prefecture":"静岡県","prefecture_kana":"シズオカケン","city":"富士宮市","city_kana":"フジノミヤシ","town":"宮町","town_kana":"ミヤチョウ","prefecture_code":22},"0005":{"zip_code":"4180005","prefecture":"静岡県","prefecture_kana":"シズオカケン","city":"富士宮市","city_kana":"フジノミヤシ","town":"宮原","town_kana":"ミヤハラ","prefecture_code":22},"0012":{"zip_code":"4180012","prefecture":"静岡県","prefecture_kana":"シズオカケン","city":"富士宮市","city_kana":"フジノミヤシ","town":"村山","town_kana":"ムラヤマ","prefecture_code":22},"0064":{"zip_code":"4180064","prefecture":"静岡県","prefecture_kana":"シズオカケン","city":"富士宮市","city_kana":"フジノミヤシ","town":"元城町","town_kana":"モトシロチョウ","prefecture_code":22},"0072":{"zip_code":"4180072","prefecture":"静岡県","prefecture_kana":"シズオカケン","city":"富士宮市","city_kana":"フジノミヤシ","town":"矢立町","town_kana":"ヤタテチョウ","prefecture_code":22},"0111":{"zip_code":"4180111","prefecture":"静岡県","prefecture_kana":"シズオカケン","city":"富士宮市","city_kana":"フジノミヤシ","town":"山宮","town_kana":"ヤマミヤ","prefecture_code":22},"0023":{"zip_code":"4180023","prefecture":"静岡県","prefecture_kana":"シズオカケン","city":"富士宮市","city_kana":"フジノミヤシ","town":"山本","town_kana":"ヤマモト","prefecture_code":22},"0068":{"zip_code":"4180068","prefecture":"静岡県","prefecture_kana":"シズオカケン","city":"富士宮市","city_kana":"フジノミヤシ","town":"豊町","town_kana":"ユタカチョウ","prefecture_code":22},"0073":{"zip_code":"4180073","prefecture":"静岡県","prefecture_kana":"シズオカケン","city":"富士宮市","city_kana":"フジノミヤシ","town":"弓沢町","town_kana":"ユミザワチョウ","prefecture_code":22},"0041":{"zip_code":"4180041","prefecture":"静岡県","prefecture_kana":"シズオカケン","city":"富士宮市","city_kana":"フジノミヤシ","town":"淀川町","town_kana":"ヨドガワチョウ","prefecture_code":22},"0051":{"zip_code":"4180051","prefecture":"静岡県","prefecture_kana":"シズオカケン","city":"富士宮市","city_kana":"フジノミヤシ","town":"淀師","town_kana":"ヨドシ","prefecture_code":22},"0052":{"zip_code":"4180052","prefecture":"静岡県","prefecture_kana":"シズオカケン","city":"富士宮市","city_kana":"フジノミヤシ","town":"淀平町","town_kana":"ヨドヒラチョウ","prefecture_code":22},"0063":{"zip_code":"4180063","prefecture":"静岡県","prefecture_kana":"シズオカケン","city":"富士宮市","city_kana":"フジノミヤシ","town":"若の宮町","town_kana":"ワカノミヤチョウ","prefecture_code":22}}