{"0317":{"zip_code":"4190317","prefecture":"静岡県","prefecture_kana":"シズオカケン","city":"富士宮市","city_kana":"フジノミヤシ","town":"内房","town_kana":"ウツブサ","prefecture_code":22},"0314":{"zip_code":"4190314","prefecture":"静岡県","prefecture_kana":"シズオカケン","city":"富士宮市","city_kana":"フジノミヤシ","town":"大久保","town_kana":"オオクボ","prefecture_code":22},"0303":{"zip_code":"4190303","prefecture":"静岡県","prefecture_kana":"シズオカケン","city":"富士宮市","city_kana":"フジノミヤシ","town":"大鹿窪","town_kana":"オオシカクボ","prefecture_code":22},"0311":{"zip_code":"4190311","prefecture":"静岡県","prefecture_kana":"シズオカケン","city":"富士宮市","city_kana":"フジノミヤシ","town":"上稲子","town_kana":"カミイナコ","prefecture_code":22},"0301":{"zip_code":"4190301","prefecture":"静岡県","prefecture_kana":"シズオカケン","city":"富士宮市","city_kana":"フジノミヤシ","town":"上柚野","town_kana":"カミユノ","prefecture_code":22},"0312":{"zip_code":"4190312","prefecture":"静岡県","prefecture_kana":"シズオカケン","city":"富士宮市","city_kana":"フジノミヤシ","town":"下稲子","town_kana":"シモイナコ","prefecture_code":22},"0305":{"zip_code":"4190305","prefecture":"静岡県","prefecture_kana":"シズオカケン","city":"富士宮市","city_kana":"フジノミヤシ","town":"下柚野","town_kana":"シモユノ","prefecture_code":22},"0304":{"zip_code":"4190304","prefecture":"静岡県","prefecture_kana":"シズオカケン","city":"富士宮市","city_kana":"フジノミヤシ","town":"鳥並","town_kana":"トリナミ","prefecture_code":22},"0315":{"zip_code":"4190315","prefecture":"静岡県","prefecture_kana":"シズオカケン","city":"富士宮市","city_kana":"フジノミヤシ","town":"長貫","town_kana":"ナガヌキ","prefecture_code":22},"0313":{"zip_code":"4190313","prefecture":"静岡県","prefecture_kana":"シズオカケン","city":"富士宮市","city_kana":"フジノミヤシ","town":"西山","town_kana":"ニシヤマ","prefecture_code":22},"0302":{"zip_code":"4190302","prefecture":"静岡県","prefecture_kana":"シズオカケン","city":"富士宮市","city_kana":"フジノミヤシ","town":"猫沢","town_kana":"ネコザワ","prefecture_code":22},"0316":{"zip_code":"4190316","prefecture":"静岡県","prefecture_kana":"シズオカケン","city":"富士宮市","city_kana":"フジノミヤシ","town":"羽鮒","town_kana":"ハブナ","prefecture_code":22},"0201":{"zip_code":"4190201","prefecture":"静岡県","prefecture_kana":"シズオカケン","city":"富士市","city_kana":"フジシ","town":"厚原","town_kana":"アツハラ","prefecture_code":22},"0204":{"zip_code":"4190204","prefecture":"静岡県","prefecture_kana":"シズオカケン","city":"富士市","city_kana":"フジシ","town":"入山瀬","town_kana":"イリヤマセ","prefecture_code":22},"0202":{"zip_code":"4190202","prefecture":"静岡県","prefecture_kana":"シズオカケン","city":"富士市","city_kana":"フジシ","town":"久沢","town_kana":"クザワ","prefecture_code":22},"0203":{"zip_code":"4190203","prefecture":"静岡県","prefecture_kana":"シズオカケン","city":"富士市","city_kana":"フジシ","town":"鷹岡本町","town_kana":"タカオカホンチョウ","prefecture_code":22},"0205":{"zip_code":"4190205","prefecture":"静岡県","prefecture_kana":"シズオカケン","city":"富士市","city_kana":"フジシ","town":"天間","town_kana":"テンマ","prefecture_code":22},"0100":{"zip_code":"4190100","prefecture":"静岡県","prefecture_kana":"シズオカケン","city":"田方郡函南町","city_kana":"タガタグンカンナミチョウ","town":"","town_kana":"","prefecture_code":22},"0121":{"zip_code":"4190121","prefecture":"静岡県","prefecture_kana":"シズオカケン","city":"田方郡函南町","city_kana":"タガタグンカンナミチョウ","town":"大竹","town_kana":"オオタケ","prefecture_code":22},"0113":{"zip_code":"4190113","prefecture":"静岡県","prefecture_kana":"シズオカケン","city":"田方郡函南町","city_kana":"タガタグンカンナミチョウ","town":"大土肥","town_kana":"オオドイ","prefecture_code":22},"0112":{"zip_code":"4190112","prefecture":"静岡県","prefecture_kana":"シズオカケン","city":"田方郡函南町","city_kana":"タガタグンカンナミチョウ","town":"柏谷","town_kana":"カシヤ","prefecture_code":22},"0122":{"zip_code":"4190122","prefecture":"静岡県","prefecture_kana":"シズオカケン","city":"田方郡函南町","city_kana":"タガタグンカンナミチョウ","town":"上沢","town_kana":"カミサワ","prefecture_code":22},"0103":{"zip_code":"4190103","prefecture":"静岡県","prefecture_kana":"シズオカケン","city":"田方郡函南町","city_kana":"タガタグンカンナミチョウ","town":"軽井沢","town_kana":"カルイサワ","prefecture_code":22},"0101":{"zip_code":"4190101","prefecture":"静岡県","prefecture_kana":"シズオカケン","city":"田方郡函南町","city_kana":"タガタグンカンナミチョウ","town":"桑原","town_kana":"クワハラ","prefecture_code":22},"0115":{"zip_code":"4190115","prefecture":"静岡県","prefecture_kana":"シズオカケン","city":"田方郡函南町","city_kana":"タガタグンカンナミチョウ","town":"新田","town_kana":"シンデン","prefecture_code":22},"0102":{"zip_code":"4190102","prefecture":"静岡県","prefecture_kana":"シズオカケン","city":"田方郡函南町","city_kana":"タガタグンカンナミチョウ","town":"田代","town_kana":"タシロ","prefecture_code":22},"0105":{"zip_code":"4190105","prefecture":"静岡県","prefecture_kana":"シズオカケン","city":"田方郡函南町","city_kana":"タガタグンカンナミチョウ","town":"丹那","town_kana":"タンナ","prefecture_code":22},"0124":{"zip_code":"4190124","prefecture":"静岡県","prefecture_kana":"シズオカケン","city":"田方郡函南町","city_kana":"タガタグンカンナミチョウ","town":"塚本","town_kana":"ツカモト","prefecture_code":22},"0114":{"zip_code":"4190114","prefecture":"静岡県","prefecture_kana":"シズオカケン","city":"田方郡函南町","city_kana":"タガタグンカンナミチョウ","town":"仁田","town_kana":"ニッタ","prefecture_code":22},"0104":{"zip_code":"4190104","prefecture":"静岡県","prefecture_kana":"シズオカケン","city":"田方郡函南町","city_kana":"タガタグンカンナミチョウ","town":"畑","town_kana":"ハタ","prefecture_code":22},"0111":{"zip_code":"4190111","prefecture":"静岡県","prefecture_kana":"シズオカケン","city":"田方郡函南町","city_kana":"タガタグンカンナミチョウ","town":"畑毛","town_kana":"ハタケ","prefecture_code":22},"0125":{"zip_code":"4190125","prefecture":"静岡県","prefecture_kana":"シズオカケン","city":"田方郡函南町","city_kana":"タガタグンカンナミチョウ","town":"肥田","town_kana":"ヒタ","prefecture_code":22},"0116":{"zip_code":"4190116","prefecture":"静岡県","prefecture_kana":"シズオカケン","city":"田方郡函南町","city_kana":"タガタグンカンナミチョウ","town":"日守","town_kana":"ヒモリ","prefecture_code":22},"0107":{"zip_code":"4190107","prefecture":"静岡県","prefecture_kana":"シズオカケン","city":"田方郡函南町","city_kana":"タガタグンカンナミチョウ","town":"平井","town_kana":"ヒライ","prefecture_code":22},"0123":{"zip_code":"4190123","prefecture":"静岡県","prefecture_kana":"シズオカケン","city":"田方郡函南町","city_kana":"タガタグンカンナミチョウ","town":"間宮","town_kana":"マミヤ","prefecture_code":22},"0106":{"zip_code":"4190106","prefecture":"静岡県","prefecture_kana":"シズオカケン","city":"田方郡函南町","city_kana":"タガタグンカンナミチョウ","town":"南箱根ダイヤランド","town_kana":"ミナミハコネダイヤランド","prefecture_code":22}}