{"0000":[{"zip_code":"4220000","prefecture":"静岡県","prefecture_kana":"シズオカケン","city":"静岡市葵区","city_kana":"シズオカシアオイク","town":"","town_kana":"","prefecture_code":22},{"zip_code":"4220000","prefecture":"静岡県","prefecture_kana":"シズオカケン","city":"静岡市駿河区","city_kana":"シズオカシスルガク","town":"","town_kana":"","prefecture_code":22},{"zip_code":"4220000","prefecture":"静岡県","prefecture_kana":"シズオカケン","city":"静岡市清水区","city_kana":"シズオカシシミズク","town":"","town_kana":"","prefecture_code":22}],"8014":{"zip_code":"4228014","prefecture":"静岡県","prefecture_kana":"シズオカケン","city":"静岡市駿河区","city_kana":"シズオカシスルガク","town":"青沢","town_kana":"アオサワ","prefecture_code":22},"8012":{"zip_code":"4228012","prefecture":"静岡県","prefecture_kana":"シズオカケン","city":"静岡市駿河区","city_kana":"シズオカシスルガク","town":"安居","town_kana":"アゴ","prefecture_code":22},"8031":{"zip_code":"4228031","prefecture":"静岡県","prefecture_kana":"シズオカケン","city":"静岡市駿河区","city_kana":"シズオカシスルガク","town":"有明町","town_kana":"アリアケチョウ","prefecture_code":22},"8005":{"zip_code":"4228005","prefecture":"静岡県","prefecture_kana":"シズオカケン","city":"静岡市駿河区","city_kana":"シズオカシスルガク","town":"池田","town_kana":"イケダ","prefecture_code":22},"8042":{"zip_code":"4228042","prefecture":"静岡県","prefecture_kana":"シズオカケン","city":"静岡市駿河区","city_kana":"シズオカシスルガク","town":"石田","town_kana":"イシダ","prefecture_code":22},"8066":{"zip_code":"4228066","prefecture":"静岡県","prefecture_kana":"シズオカケン","city":"静岡市駿河区","city_kana":"シズオカシスルガク","town":"泉町","town_kana":"イズミチョウ","prefecture_code":22},"8062":{"zip_code":"4228062","prefecture":"静岡県","prefecture_kana":"シズオカケン","city":"静岡市駿河区","city_kana":"シズオカシスルガク","town":"稲川","town_kana":"イナガワ","prefecture_code":22},"8032":{"zip_code":"4228032","prefecture":"静岡県","prefecture_kana":"シズオカケン","city":"静岡市駿河区","city_kana":"シズオカシスルガク","town":"有東","town_kana":"ウトウ","prefecture_code":22},"8075":{"zip_code":"4228075","prefecture":"静岡県","prefecture_kana":"シズオカケン","city":"静岡市駿河区","city_kana":"シズオカシスルガク","town":"大坪町","town_kana":"オオツボチョウ","prefecture_code":22},"8017":{"zip_code":"4228017","prefecture":"静岡県","prefecture_kana":"シズオカケン","city":"静岡市駿河区","city_kana":"シズオカシスルガク","town":"大谷","town_kana":"オオヤ","prefecture_code":22},"8072":{"zip_code":"4228072","prefecture":"静岡県","prefecture_kana":"シズオカケン","city":"静岡市駿河区","city_kana":"シズオカシスルガク","town":"小黒","town_kana":"オグロ","prefecture_code":22},"8021":{"zip_code":"4228021","prefecture":"静岡県","prefecture_kana":"シズオカケン","city":"静岡市駿河区","city_kana":"シズオカシスルガク","town":"小鹿","town_kana":"オシカ","prefecture_code":22},"8022":{"zip_code":"4228022","prefecture":"静岡県","prefecture_kana":"シズオカケン","city":"静岡市駿河区","city_kana":"シズオカシスルガク","town":"恩田原","town_kana":"オンダバラ","prefecture_code":22},"8023":{"zip_code":"4228023","prefecture":"静岡県","prefecture_kana":"シズオカケン","city":"静岡市駿河区","city_kana":"シズオカシスルガク","town":"片山","town_kana":"カタヤマ","prefecture_code":22},"8004":{"zip_code":"4228004","prefecture":"静岡県","prefecture_kana":"シズオカケン","city":"静岡市駿河区","city_kana":"シズオカシスルガク","town":"国吉田","town_kana":"クニヨシダ","prefecture_code":22},"8008":{"zip_code":"4228008","prefecture":"静岡県","prefecture_kana":"シズオカケン","city":"静岡市駿河区","city_kana":"シズオカシスルガク","town":"栗原","town_kana":"クリハラ","prefecture_code":22},"8055":{"zip_code":"4228055","prefecture":"静岡県","prefecture_kana":"シズオカケン","city":"静岡市駿河区","city_kana":"シズオカシスルガク","town":"寿町","town_kana":"コトブキチョウ","prefecture_code":22},"8078":{"zip_code":"4228078","prefecture":"静岡県","prefecture_kana":"シズオカケン","city":"静岡市駿河区","city_kana":"シズオカシスルガク","town":"さつき町","town_kana":"サツキチョウ","prefecture_code":22},"8036":{"zip_code":"4228036","prefecture":"静岡県","prefecture_kana":"シズオカケン","city":"静岡市駿河区","city_kana":"シズオカシスルガク","town":"敷地","town_kana":"シキジ","prefecture_code":22},"8037":{"zip_code":"4228037","prefecture":"静岡県","prefecture_kana":"シズオカケン","city":"静岡市駿河区","city_kana":"シズオカシスルガク","town":"下島","town_kana":"シモジマ","prefecture_code":22},"8064":{"zip_code":"4228064","prefecture":"静岡県","prefecture_kana":"シズオカケン","city":"静岡市駿河区","city_kana":"シズオカシスルガク","town":"新川","town_kana":"シンカワ","prefecture_code":22},"8034":{"zip_code":"4228034","prefecture":"静岡県","prefecture_kana":"シズオカケン","city":"静岡市駿河区","city_kana":"シズオカシスルガク","town":"高松","town_kana":"タカマツ","prefecture_code":22},"8056":{"zip_code":"4228056","prefecture":"静岡県","prefecture_kana":"シズオカケン","city":"静岡市駿河区","city_kana":"シズオカシスルガク","town":"津島町","town_kana":"ツシマチョウ","prefecture_code":22},"8027":{"zip_code":"4228027","prefecture":"静岡県","prefecture_kana":"シズオカケン","city":"静岡市駿河区","city_kana":"シズオカシスルガク","town":"豊田","town_kana":"トヨダ","prefecture_code":22},"8071":{"zip_code":"4228071","prefecture":"静岡県","prefecture_kana":"シズオカケン","city":"静岡市駿河区","city_kana":"シズオカシスルガク","town":"豊原町","town_kana":"トヨハラチョウ","prefecture_code":22},"8033":{"zip_code":"4228033","prefecture":"静岡県","prefecture_kana":"シズオカケン","city":"静岡市駿河区","city_kana":"シズオカシスルガク","town":"登呂","town_kana":"トロ","prefecture_code":22},"8046":{"zip_code":"4228046","prefecture":"静岡県","prefecture_kana":"シズオカケン","city":"静岡市駿河区","city_kana":"シズオカシスルガク","town":"中島","town_kana":"ナカジマ","prefecture_code":22},"8041":{"zip_code":"4228041","prefecture":"静岡県","prefecture_kana":"シズオカケン","city":"静岡市駿河区","city_kana":"シズオカシスルガク","town":"中田","town_kana":"ナカダ","prefecture_code":22},"8043":{"zip_code":"4228043","prefecture":"静岡県","prefecture_kana":"シズオカケン","city":"静岡市駿河区","city_kana":"シズオカシスルガク","town":"中田本町","town_kana":"ナカダホンチョウ","prefecture_code":22},"8051":{"zip_code":"4228051","prefecture":"静岡県","prefecture_kana":"シズオカケン","city":"静岡市駿河区","city_kana":"シズオカシスルガク","town":"中野新田","town_kana":"ナカノシンデン","prefecture_code":22},"8058":{"zip_code":"4228058","prefecture":"静岡県","prefecture_kana":"シズオカケン","city":"静岡市駿河区","city_kana":"シズオカシスルガク","town":"中原","town_kana":"ナカハラ","prefecture_code":22},"8015":{"zip_code":"4228015","prefecture":"静岡県","prefecture_kana":"シズオカケン","city":"静岡市駿河区","city_kana":"シズオカシスルガク","town":"中平松","town_kana":"ナカヒラマツ","prefecture_code":22},"8047":{"zip_code":"4228047","prefecture":"静岡県","prefecture_kana":"シズオカケン","city":"静岡市駿河区","city_kana":"シズオカシスルガク","town":"中村町","town_kana":"ナカムラチョウ","prefecture_code":22},"8001":{"zip_code":"4228001","prefecture":"静岡県","prefecture_kana":"シズオカケン","city":"静岡市駿河区","city_kana":"シズオカシスルガク","town":"中吉田","town_kana":"ナカヨシダ","prefecture_code":22},"8018":{"zip_code":"4228018","prefecture":"静岡県","prefecture_kana":"シズオカケン","city":"静岡市駿河区","city_kana":"シズオカシスルガク","town":"西大谷","town_kana":"ニシオオヤ","prefecture_code":22},"8045":{"zip_code":"4228045","prefecture":"静岡県","prefecture_kana":"シズオカケン","city":"静岡市駿河区","city_kana":"シズオカシスルガク","town":"西島","town_kana":"ニシジマ","prefecture_code":22},"8053":{"zip_code":"4228053","prefecture":"静岡県","prefecture_kana":"シズオカケン","city":"静岡市駿河区","city_kana":"シズオカシスルガク","town":"西中原","town_kana":"ニシナカハラ","prefecture_code":22},"8016":{"zip_code":"4228016","prefecture":"静岡県","prefecture_kana":"シズオカケン","city":"静岡市駿河区","city_kana":"シズオカシスルガク","town":"西平松","town_kana":"ニシヒラマツ","prefecture_code":22},"8044":{"zip_code":"4228044","prefecture":"静岡県","prefecture_kana":"シズオカケン","city":"静岡市駿河区","city_kana":"シズオカシスルガク","town":"西脇","town_kana":"ニシワキ","prefecture_code":22},"8011":{"zip_code":"4228011","prefecture":"静岡県","prefecture_kana":"シズオカケン","city":"静岡市駿河区","city_kana":"シズオカシスルガク","town":"根古屋","town_kana":"ネゴヤ","prefecture_code":22},"8007":{"zip_code":"4228007","prefecture":"静岡県","prefecture_kana":"シズオカケン","city":"静岡市駿河区","city_kana":"シズオカシスルガク","town":"聖一色","town_kana":"ヒジリイッシキ","prefecture_code":22},"8003":{"zip_code":"4228003","prefecture":"静岡県","prefecture_kana":"シズオカケン","city":"静岡市駿河区","city_kana":"シズオカシスルガク","town":"平沢","town_kana":"ヒラサワ","prefecture_code":22},"8026":{"zip_code":"4228026","prefecture":"静岡県","prefecture_kana":"シズオカケン","city":"静岡市駿河区","city_kana":"シズオカシスルガク","town":"富士見台","town_kana":"フジミダイ","prefecture_code":22},"8013":{"zip_code":"4228013","prefecture":"静岡県","prefecture_kana":"シズオカケン","city":"静岡市駿河区","city_kana":"シズオカシスルガク","town":"古宿","town_kana":"フルヤド","prefecture_code":22},"8006":{"zip_code":"4228006","prefecture":"静岡県","prefecture_kana":"シズオカケン","city":"静岡市駿河区","city_kana":"シズオカシスルガク","town":"曲金","town_kana":"マガリカネ","prefecture_code":22},"8063":{"zip_code":"4228063","prefecture":"静岡県","prefecture_kana":"シズオカケン","city":"静岡市駿河区","city_kana":"シズオカシスルガク","town":"馬渕","town_kana":"マブチ","prefecture_code":22},"8025":{"zip_code":"4228025","prefecture":"静岡県","prefecture_kana":"シズオカケン","city":"静岡市駿河区","city_kana":"シズオカシスルガク","town":"水上","town_kana":"ミズカミ","prefecture_code":22},"8057":{"zip_code":"4228057","prefecture":"静岡県","prefecture_kana":"シズオカケン","city":"静岡市駿河区","city_kana":"シズオカシスルガク","town":"見瀬","town_kana":"ミセ","prefecture_code":22},"8052":{"zip_code":"4228052","prefecture":"静岡県","prefecture_kana":"シズオカケン","city":"静岡市駿河区","city_kana":"シズオカシスルガク","town":"緑が丘町","town_kana":"ミドリガオカチョウ","prefecture_code":22},"8054":{"zip_code":"4228054","prefecture":"静岡県","prefecture_kana":"シズオカケン","city":"静岡市駿河区","city_kana":"シズオカシスルガク","town":"南安倍","town_kana":"ミナミアベ","prefecture_code":22},"8067":{"zip_code":"4228067","prefecture":"静岡県","prefecture_kana":"シズオカケン","city":"静岡市駿河区","city_kana":"シズオカシスルガク","town":"南町","town_kana":"ミナミチョウ","prefecture_code":22},"8074":{"zip_code":"4228074","prefecture":"静岡県","prefecture_kana":"シズオカケン","city":"静岡市駿河区","city_kana":"シズオカシスルガク","town":"南八幡町","town_kana":"ミナミヤハタチョウ","prefecture_code":22},"8024":{"zip_code":"4228024","prefecture":"静岡県","prefecture_kana":"シズオカケン","city":"静岡市駿河区","city_kana":"シズオカシスルガク","town":"宮川","town_kana":"ミヤガワ","prefecture_code":22},"8035":{"zip_code":"4228035","prefecture":"静岡県","prefecture_kana":"シズオカケン","city":"静岡市駿河区","city_kana":"シズオカシスルガク","town":"宮竹","town_kana":"ミヤタケ","prefecture_code":22},"8065":{"zip_code":"4228065","prefecture":"静岡県","prefecture_kana":"シズオカケン","city":"静岡市駿河区","city_kana":"シズオカシスルガク","town":"宮本町","town_kana":"ミヤモトチョウ","prefecture_code":22},"8061":{"zip_code":"4228061","prefecture":"静岡県","prefecture_kana":"シズオカケン","city":"静岡市駿河区","city_kana":"シズオカシスルガク","town":"森下町","town_kana":"モリシタチョウ","prefecture_code":22},"8002":{"zip_code":"4228002","prefecture":"静岡県","prefecture_kana":"シズオカケン","city":"静岡市駿河区","city_kana":"シズオカシスルガク","town":"谷田","town_kana":"ヤダ","prefecture_code":22},"8076":{"zip_code":"4228076","prefecture":"静岡県","prefecture_kana":"シズオカケン","city":"静岡市駿河区","city_kana":"シズオカシスルガク","town":"八幡","town_kana":"ヤハタ","prefecture_code":22},"8073":{"zip_code":"4228073","prefecture":"静岡県","prefecture_kana":"シズオカケン","city":"静岡市駿河区","city_kana":"シズオカシスルガク","town":"八幡山","town_kana":"ヤハタヤマ","prefecture_code":22},"8077":{"zip_code":"4228077","prefecture":"静岡県","prefecture_kana":"シズオカケン","city":"静岡市駿河区","city_kana":"シズオカシスルガク","town":"大和","town_kana":"ヤマト","prefecture_code":22},"8009":{"zip_code":"4228009","prefecture":"静岡県","prefecture_kana":"シズオカケン","city":"静岡市駿河区","city_kana":"シズオカシスルガク","town":"弥生町","town_kana":"ヤヨイチョウ","prefecture_code":22}}