{"0821":{"zip_code":"4240821","prefecture":"静岡県","prefecture_kana":"シズオカケン","city":"静岡市清水区","city_kana":"シズオカシシミズク","town":"相生町","town_kana":"アイオイチョウ","prefecture_code":22},"0805":{"zip_code":"4240805","prefecture":"静岡県","prefecture_kana":"シズオカケン","city":"静岡市清水区","city_kana":"シズオカシシミズク","town":"愛染町","town_kana":"アイゾメチョウ","prefecture_code":22},"0843":{"zip_code":"4240843","prefecture":"静岡県","prefecture_kana":"シズオカケン","city":"静岡市清水区","city_kana":"シズオカシシミズク","town":"青葉町","town_kana":"アオバチョウ","prefecture_code":22},"0801":{"zip_code":"4240801","prefecture":"静岡県","prefecture_kana":"シズオカケン","city":"静岡市清水区","city_kana":"シズオカシシミズク","town":"秋吉町","town_kana":"アキヨシチョウ","prefecture_code":22},"0822":{"zip_code":"4240822","prefecture":"静岡県","prefecture_kana":"シズオカケン","city":"静岡市清水区","city_kana":"シズオカシシミズク","town":"旭町","town_kana":"アサヒチョウ","prefecture_code":22},"0838":{"zip_code":"4240838","prefecture":"静岡県","prefecture_kana":"シズオカケン","city":"静岡市清水区","city_kana":"シズオカシシミズク","town":"淡島町","town_kana":"アワシマチョウ","prefecture_code":22},"0027":{"zip_code":"4240027","prefecture":"静岡県","prefecture_kana":"シズオカケン","city":"静岡市清水区","city_kana":"シズオカシシミズク","town":"飯田町","town_kana":"イイダチョウ","prefecture_code":22},"0112":{"zip_code":"4240112","prefecture":"静岡県","prefecture_kana":"シズオカケン","city":"静岡市清水区","city_kana":"シズオカシシミズク","town":"伊佐布","town_kana":"イサブ","prefecture_code":22},"0005":{"zip_code":"4240005","prefecture":"静岡県","prefecture_kana":"シズオカケン","city":"静岡市清水区","city_kana":"シズオカシシミズク","town":"石川","town_kana":"イシカワ","prefecture_code":22},"0007":{"zip_code":"4240007","prefecture":"静岡県","prefecture_kana":"シズオカケン","city":"静岡市清水区","city_kana":"シズオカシシミズク","town":"石川新町","town_kana":"イシカワシンマチ","prefecture_code":22},"0006":{"zip_code":"4240006","prefecture":"静岡県","prefecture_kana":"シズオカケン","city":"静岡市清水区","city_kana":"シズオカシシミズク","town":"石川本町","town_kana":"イシカワホンチョウ","prefecture_code":22},"0114":{"zip_code":"4240114","prefecture":"静岡県","prefecture_kana":"シズオカケン","city":"静岡市清水区","city_kana":"シズオカシシミズク","town":"庵原町","town_kana":"イハラチョウ","prefecture_code":22},"0874":{"zip_code":"4240874","prefecture":"静岡県","prefecture_kana":"シズオカケン","city":"静岡市清水区","city_kana":"シズオカシシミズク","town":"今泉","town_kana":"イマイズミ","prefecture_code":22},"0831":{"zip_code":"4240831","prefecture":"静岡県","prefecture_kana":"シズオカケン","city":"静岡市清水区","city_kana":"シズオカシシミズク","town":"入江","town_kana":"イリエ","prefecture_code":22},"0839":{"zip_code":"4240839","prefecture":"静岡県","prefecture_kana":"シズオカケン","city":"静岡市清水区","city_kana":"シズオカシシミズク","town":"入江岡町","town_kana":"イリエオカチョウ","prefecture_code":22},"0832":{"zip_code":"4240832","prefecture":"静岡県","prefecture_kana":"シズオカケン","city":"静岡市清水区","city_kana":"シズオカシシミズク","town":"入江南町","town_kana":"イリエミナミチョウ","prefecture_code":22},"0942":{"zip_code":"4240942","prefecture":"静岡県","prefecture_kana":"シズオカケン","city":"静岡市清水区","city_kana":"シズオカシシミズク","town":"入船町","town_kana":"イリフネチョウ","prefecture_code":22},"0873":{"zip_code":"4240873","prefecture":"静岡県","prefecture_kana":"シズオカケン","city":"静岡市清水区","city_kana":"シズオカシシミズク","town":"有東坂","town_kana":"ウトウザカ","prefecture_code":22},"0879":{"zip_code":"4240879","prefecture":"静岡県","prefecture_kana":"シズオカケン","city":"静岡市清水区","city_kana":"シズオカシシミズク","town":"有度本町","town_kana":"ウドホンチョウ","prefecture_code":22},"0938":{"zip_code":"4240938","prefecture":"静岡県","prefecture_kana":"シズオカケン","city":"静岡市清水区","city_kana":"シズオカシシミズク","town":"梅が岡","town_kana":"ウメガオカ","prefecture_code":22},"0001":{"zip_code":"4240001","prefecture":"静岡県","prefecture_kana":"シズオカケン","city":"静岡市清水区","city_kana":"シズオカシシミズク","town":"梅ケ谷","town_kana":"ウメガヤ","prefecture_code":22},"0948":{"zip_code":"4240948","prefecture":"静岡県","prefecture_kana":"シズオカケン","city":"静岡市清水区","city_kana":"シズオカシシミズク","town":"梅田町","town_kana":"ウメダチョウ","prefecture_code":22},"0871":{"zip_code":"4240871","prefecture":"静岡県","prefecture_kana":"シズオカケン","city":"静岡市清水区","city_kana":"シズオカシシミズク","town":"上原","town_kana":"ウワハラ","prefecture_code":22},"0043":{"zip_code":"4240043","prefecture":"静岡県","prefecture_kana":"シズオカケン","city":"静岡市清水区","city_kana":"シズオカシシミズク","town":"永楽町","town_kana":"エイラクチョウ","prefecture_code":22},"0044":{"zip_code":"4240044","prefecture":"静岡県","prefecture_kana":"シズオカケン","city":"静岡市清水区","city_kana":"シズオカシシミズク","town":"江尻台町","town_kana":"エジリダイマチ","prefecture_code":22},"0818":{"zip_code":"4240818","prefecture":"静岡県","prefecture_kana":"シズオカケン","city":"静岡市清水区","city_kana":"シズオカシシミズク","town":"江尻町","town_kana":"エジリチョウ","prefecture_code":22},"0815":{"zip_code":"4240815","prefecture":"静岡県","prefecture_kana":"シズオカケン","city":"静岡市清水区","city_kana":"シズオカシシミズク","town":"江尻東","town_kana":"エジリヒガシ","prefecture_code":22},"0054":{"zip_code":"4240054","prefecture":"静岡県","prefecture_kana":"シズオカケン","city":"静岡市清水区","city_kana":"シズオカシシミズク","town":"恵比寿町","town_kana":"エビスチョウ","prefecture_code":22},"0841":{"zip_code":"4240841","prefecture":"静岡県","prefecture_kana":"シズオカケン","city":"静岡市清水区","city_kana":"シズオカシシミズク","town":"追分","town_kana":"オイワケ","prefecture_code":22},"0061":{"zip_code":"4240061","prefecture":"静岡県","prefecture_kana":"シズオカケン","city":"静岡市清水区","city_kana":"シズオカシシミズク","town":"大内","town_kana":"オオウチ","prefecture_code":22},"0062":{"zip_code":"4240062","prefecture":"静岡県","prefecture_kana":"シズオカケン","city":"静岡市清水区","city_kana":"シズオカシシミズク","town":"大内新田","town_kana":"オオウチシンデン","prefecture_code":22},"0858":{"zip_code":"4240858","prefecture":"静岡県","prefecture_kana":"シズオカケン","city":"静岡市清水区","city_kana":"シズオカシシミズク","town":"大沢町","town_kana":"オオサワチョウ","prefecture_code":22},"0847":{"zip_code":"4240847","prefecture":"静岡県","prefecture_kana":"シズオカケン","city":"静岡市清水区","city_kana":"シズオカシシミズク","town":"大坪","town_kana":"オオツボ","prefecture_code":22},"0808":{"zip_code":"4240808","prefecture":"静岡県","prefecture_kana":"シズオカケン","city":"静岡市清水区","city_kana":"シズオカシシミズク","town":"大手","town_kana":"オオテ","prefecture_code":22},"0411":{"zip_code":"4240411","prefecture":"静岡県","prefecture_kana":"シズオカケン","city":"静岡市清水区","city_kana":"シズオカシシミズク","town":"大平","town_kana":"オオヒラ","prefecture_code":22},"0931":{"zip_code":"4240931","prefecture":"静岡県","prefecture_kana":"シズオカケン","city":"静岡市清水区","city_kana":"シズオカシシミズク","town":"岡町","town_kana":"オカマチ","prefecture_code":22},"0203":{"zip_code":"4240203","prefecture":"静岡県","prefecture_kana":"シズオカケン","city":"静岡市清水区","city_kana":"シズオカシシミズク","town":"興津東町","town_kana":"オキツアズマチョウ","prefecture_code":22},"0202":{"zip_code":"4240202","prefecture":"静岡県","prefecture_kana":"シズオカケン","city":"静岡市清水区","city_kana":"シズオカシシミズク","town":"興津井上町","town_kana":"オキツイノウエチョウ","prefecture_code":22},"0206":{"zip_code":"4240206","prefecture":"静岡県","prefecture_kana":"シズオカケン","city":"静岡市清水区","city_kana":"シズオカシシミズク","town":"興津清見寺町","town_kana":"オキツセイケンジチョウ","prefecture_code":22},"0204":{"zip_code":"4240204","prefecture":"静岡県","prefecture_kana":"シズオカケン","city":"静岡市清水区","city_kana":"シズオカシシミズク","town":"興津中町","town_kana":"オキツナカチョウ","prefecture_code":22},"0205":{"zip_code":"4240205","prefecture":"静岡県","prefecture_kana":"シズオカケン","city":"静岡市清水区","city_kana":"シズオカシシミズク","town":"興津本町","town_kana":"オキツホンチョウ","prefecture_code":22},"0008":{"zip_code":"4240008","prefecture":"静岡県","prefecture_kana":"シズオカケン","city":"静岡市清水区","city_kana":"シズオカシシミズク","town":"押切","town_kana":"オシキリ","prefecture_code":22},"0812":{"zip_code":"4240812","prefecture":"静岡県","prefecture_kana":"シズオカケン","city":"静岡市清水区","city_kana":"シズオカシシミズク","town":"小芝町","town_kana":"オシバチョウ","prefecture_code":22},"0305":{"zip_code":"4240305","prefecture":"静岡県","prefecture_kana":"シズオカケン","city":"静岡市清水区","city_kana":"シズオカシシミズク","town":"小島町","town_kana":"オジマチョウ","prefecture_code":22},"0306":{"zip_code":"4240306","prefecture":"静岡県","prefecture_kana":"シズオカケン","city":"静岡市清水区","city_kana":"シズオカシシミズク","town":"小島本町","town_kana":"オジマホンチョウ","prefecture_code":22},"0103":{"zip_code":"4240103","prefecture":"静岡県","prefecture_kana":"シズオカケン","city":"静岡市清水区","city_kana":"シズオカシシミズク","town":"尾羽","town_kana":"オバネ","prefecture_code":22},"0902":{"zip_code":"4240902","prefecture":"静岡県","prefecture_kana":"シズオカケン","city":"静岡市清水区","city_kana":"シズオカシシミズク","town":"折戸","town_kana":"オリド","prefecture_code":22},"0009":{"zip_code":"4240009","prefecture":"静岡県","prefecture_kana":"シズオカケン","city":"静岡市清水区","city_kana":"シズオカシシミズク","town":"柏尾","town_kana":"カシオ","prefecture_code":22},"0842":{"zip_code":"4240842","prefecture":"静岡県","prefecture_kana":"シズオカケン","city":"静岡市清水区","city_kana":"シズオカシシミズク","town":"春日","town_kana":"カスガ","prefecture_code":22},"0827":{"zip_code":"4240827","prefecture":"静岡県","prefecture_kana":"シズオカケン","city":"静岡市清水区","city_kana":"シズオカシシミズク","town":"上","town_kana":"カミ","prefecture_code":22},"0835":{"zip_code":"4240835","prefecture":"静岡県","prefecture_kana":"シズオカケン","city":"静岡市清水区","city_kana":"シズオカシシミズク","town":"上清水町","town_kana":"カミシミズチョウ","prefecture_code":22},"0857":{"zip_code":"4240857","prefecture":"静岡県","prefecture_kana":"シズオカケン","city":"静岡市清水区","city_kana":"シズオカシシミズク","town":"川原町","town_kana":"カワハラチョウ","prefecture_code":22},"0852":{"zip_code":"4240852","prefecture":"静岡県","prefecture_kana":"シズオカケン","city":"静岡市清水区","city_kana":"シズオカシシミズク","town":"神田町","town_kana":"カンダチョウ","prefecture_code":22},"0865":{"zip_code":"4240865","prefecture":"静岡県","prefecture_kana":"シズオカケン","city":"静岡市清水区","city_kana":"シズオカシシミズク","town":"北矢部","town_kana":"キタヤベ","prefecture_code":22},"0937":{"zip_code":"4240937","prefecture":"静岡県","prefecture_kana":"シズオカケン","city":"静岡市清水区","city_kana":"シズオカシシミズク","town":"北矢部町","town_kana":"キタヤベチョウ","prefecture_code":22},"0052":{"zip_code":"4240052","prefecture":"静岡県","prefecture_kana":"シズオカケン","city":"静岡市清水区","city_kana":"シズオカシシミズク","town":"北脇","town_kana":"キタワキ","prefecture_code":22},"0051":{"zip_code":"4240051","prefecture":"静岡県","prefecture_kana":"シズオカケン","city":"静岡市清水区","city_kana":"シズオカシシミズク","town":"北脇新田","town_kana":"キタワキシンデン","prefecture_code":22},"0055":{"zip_code":"4240055","prefecture":"静岡県","prefecture_kana":"シズオカケン","city":"静岡市清水区","city_kana":"シズオカシシミズク","town":"吉川","town_kana":"キッカワ","prefecture_code":22},"0846":{"zip_code":"4240846","prefecture":"静岡県","prefecture_kana":"シズオカケン","city":"静岡市清水区","city_kana":"シズオカシシミズク","town":"木の下町","town_kana":"キノシタチョウ","prefecture_code":22},"0402":{"zip_code":"4240402","prefecture":"静岡県","prefecture_kana":"シズオカケン","city":"静岡市清水区","city_kana":"シズオカシシミズク","town":"清地","town_kana":"キヨジ","prefecture_code":22},"0817":{"zip_code":"4240817","prefecture":"静岡県","prefecture_kana":"シズオカケン","city":"静岡市清水区","city_kana":"シズオカシシミズク","town":"銀座","town_kana":"ギンザ","prefecture_code":22},"0104":{"zip_code":"4240104","prefecture":"静岡県","prefecture_kana":"シズオカケン","city":"静岡市清水区","city_kana":"シズオカシシミズク","town":"草ケ谷","town_kana":"クサガヤ","prefecture_code":22},"0886":{"zip_code":"4240886","prefecture":"静岡県","prefecture_kana":"シズオカケン","city":"静岡市清水区","city_kana":"シズオカシシミズク","town":"草薙","town_kana":"クサナギ","prefecture_code":22},"0884":{"zip_code":"4240884","prefecture":"静岡県","prefecture_kana":"シズオカケン","city":"静岡市清水区","city_kana":"シズオカシシミズク","town":"草薙一里山","town_kana":"クサナギイチリヤマ","prefecture_code":22},"0883":{"zip_code":"4240883","prefecture":"静岡県","prefecture_kana":"シズオカケン","city":"静岡市清水区","city_kana":"シズオカシシミズク","town":"草薙北","town_kana":"クサナギキタ","prefecture_code":22},"0885":{"zip_code":"4240885","prefecture":"静岡県","prefecture_kana":"シズオカケン","city":"静岡市清水区","city_kana":"シズオカシシミズク","town":"草薙杉道","town_kana":"クサナギスギミチ","prefecture_code":22},"0881":{"zip_code":"4240881","prefecture":"静岡県","prefecture_kana":"シズオカケン","city":"静岡市清水区","city_kana":"シズオカシシミズク","town":"楠","town_kana":"クスノキ","prefecture_code":22},"0882":{"zip_code":"4240882","prefecture":"静岡県","prefecture_kana":"シズオカケン","city":"静岡市清水区","city_kana":"シズオカシシミズク","town":"楠新田","town_kana":"クスノキシンデン","prefecture_code":22},"0412":{"zip_code":"4240412","prefecture":"静岡県","prefecture_kana":"シズオカケン","city":"静岡市清水区","city_kana":"シズオカシシミズク","town":"河内","town_kana":"コウチ","prefecture_code":22},"0914":{"zip_code":"4240914","prefecture":"静岡県","prefecture_kana":"シズオカケン","city":"静岡市清水区","city_kana":"シズオカシシミズク","town":"港南町","town_kana":"コウナンチョウ","prefecture_code":22},"0302":{"zip_code":"4240302","prefecture":"静岡県","prefecture_kana":"シズオカケン","city":"静岡市清水区","city_kana":"シズオカシシミズク","town":"小河内","town_kana":"コゴウチ","prefecture_code":22},"0917":{"zip_code":"4240917","prefecture":"静岡県","prefecture_kana":"シズオカケン","city":"静岡市清水区","city_kana":"シズオカシシミズク","town":"駒越","town_kana":"コマゴエ","prefecture_code":22},"0906":{"zip_code":"4240906","prefecture":"静岡県","prefecture_kana":"シズオカケン","city":"静岡市清水区","city_kana":"シズオカシシミズク","town":"駒越北町","town_kana":"コマゴエキタマチ","prefecture_code":22},"0904":{"zip_code":"4240904","prefecture":"静岡県","prefecture_kana":"シズオカケン","city":"静岡市清水区","city_kana":"シズオカシシミズク","town":"駒越中","town_kana":"コマゴエナカ","prefecture_code":22},"0905":{"zip_code":"4240905","prefecture":"静岡県","prefecture_kana":"シズオカケン","city":"静岡市清水区","city_kana":"シズオカシシミズク","town":"駒越西","town_kana":"コマゴエニシ","prefecture_code":22},"0907":{"zip_code":"4240907","prefecture":"静岡県","prefecture_kana":"シズオカケン","city":"静岡市清水区","city_kana":"シズオカシシミズク","town":"駒越東町","town_kana":"コマゴエヒガシチョウ","prefecture_code":22},"0903":{"zip_code":"4240903","prefecture":"静岡県","prefecture_kana":"シズオカケン","city":"静岡市清水区","city_kana":"シズオカシシミズク","town":"駒越南町","town_kana":"コマゴエミナミチョウ","prefecture_code":22},"0923":{"zip_code":"4240923","prefecture":"静岡県","prefecture_kana":"シズオカケン","city":"静岡市清水区","city_kana":"シズオカシシミズク","town":"幸町","town_kana":"サイワイチョウ","prefecture_code":22},"0836":{"zip_code":"4240836","prefecture":"静岡県","prefecture_kana":"シズオカケン","city":"静岡市清水区","city_kana":"シズオカシシミズク","town":"桜が丘町","town_kana":"サクラガオカチョウ","prefecture_code":22},"0837":{"zip_code":"4240837","prefecture":"静岡県","prefecture_kana":"シズオカケン","city":"静岡市清水区","city_kana":"シズオカシシミズク","town":"桜橋町","town_kana":"サクラバシチョウ","prefecture_code":22},"0933":{"zip_code":"4240933","prefecture":"静岡県","prefecture_kana":"シズオカケン","city":"静岡市清水区","city_kana":"シズオカシシミズク","town":"三光町","town_kana":"サンコウチョウ","prefecture_code":22},"0405":{"zip_code":"4240405","prefecture":"静岡県","prefecture_kana":"シズオカケン","city":"静岡市清水区","city_kana":"シズオカシシミズク","town":"茂野島","town_kana":"シゲノシマ","prefecture_code":22},"0301":{"zip_code":"4240301","prefecture":"静岡県","prefecture_kana":"シズオカケン","city":"静岡市清水区","city_kana":"シズオカシシミズク","town":"宍原","town_kana":"シシハラ","prefecture_code":22},"0053":{"zip_code":"4240053","prefecture":"静岡県","prefecture_kana":"シズオカケン","city":"静岡市清水区","city_kana":"シズオカシシミズク","town":"渋川","town_kana":"シブカワ","prefecture_code":22},"0823":{"zip_code":"4240823","prefecture":"静岡県","prefecture_kana":"シズオカケン","city":"静岡市清水区","city_kana":"シズオカシシミズク","town":"島崎町","town_kana":"シマザキチョウ","prefecture_code":22},"0947":{"zip_code":"4240947","prefecture":"静岡県","prefecture_kana":"シズオカケン","city":"静岡市清水区","city_kana":"シズオカシシミズク","town":"清水町","town_kana":"シミズマチ","prefecture_code":22},"0925":{"zip_code":"4240925","prefecture":"静岡県","prefecture_kana":"シズオカケン","city":"静岡市清水区","city_kana":"シズオカシシミズク","town":"清水村松地先新田","town_kana":"シミズムラマツチサキシンデン","prefecture_code":22},"0939":{"zip_code":"4240939","prefecture":"静岡県","prefecture_kana":"シズオカケン","city":"静岡市清水区","city_kana":"シズオカシシミズク","town":"下清水町","town_kana":"シモシミズチョウ","prefecture_code":22},"0021":{"zip_code":"4240021","prefecture":"静岡県","prefecture_kana":"シズオカケン","city":"静岡市清水区","city_kana":"シズオカシシミズク","town":"下野北","town_kana":"シモノキタ","prefecture_code":22},"0011":{"zip_code":"4240011","prefecture":"静岡県","prefecture_kana":"シズオカケン","city":"静岡市清水区","city_kana":"シズオカシシミズク","town":"下野町","town_kana":"シモノチョウ","prefecture_code":22},"0029":{"zip_code":"4240029","prefecture":"静岡県","prefecture_kana":"シズオカケン","city":"静岡市清水区","city_kana":"シズオカシシミズク","town":"下野中","town_kana":"シモノナカ","prefecture_code":22},"0012":{"zip_code":"4240012","prefecture":"静岡県","prefecture_kana":"シズオカケン","city":"静岡市清水区","city_kana":"シズオカシシミズク","town":"下野西","town_kana":"シモノニシ","prefecture_code":22},"0028":{"zip_code":"4240028","prefecture":"静岡県","prefecture_kana":"シズオカケン","city":"静岡市清水区","city_kana":"シズオカシシミズク","town":"下野東","town_kana":"シモノヒガシ","prefecture_code":22},"0013":{"zip_code":"4240013","prefecture":"静岡県","prefecture_kana":"シズオカケン","city":"静岡市清水区","city_kana":"シズオカシシミズク","town":"下野緑町","town_kana":"シモノミドリチョウ","prefecture_code":22},"0201":{"zip_code":"4240201","prefecture":"静岡県","prefecture_kana":"シズオカケン","city":"静岡市清水区","city_kana":"シズオカシシミズク","town":"承元寺町","town_kana":"ショウゲンジチョウ","prefecture_code":22},"0855":{"zip_code":"4240855","prefecture":"静岡県","prefecture_kana":"シズオカケン","city":"静岡市清水区","city_kana":"シズオカシシミズク","town":"庄福町","town_kana":"ショウフクチョウ","prefecture_code":22},"0856":{"zip_code":"4240856","prefecture":"静岡県","prefecture_kana":"シズオカケン","city":"静岡市清水区","city_kana":"シズオカシシミズク","town":"上力町","town_kana":"ジョウリキチョウ","prefecture_code":22},"0833":{"zip_code":"4240833","prefecture":"静岡県","prefecture_kana":"シズオカケン","city":"静岡市清水区","city_kana":"シズオカシシミズク","town":"新富町","town_kana":"シントミチョウ","prefecture_code":22},"0927":{"zip_code":"4240927","prefecture":"静岡県","prefecture_kana":"シズオカケン","city":"静岡市清水区","city_kana":"シズオカシシミズク","town":"新緑町","town_kana":"シンミドリチョウ","prefecture_code":22},"0824":{"zip_code":"4240824","prefecture":"静岡県","prefecture_kana":"シズオカケン","city":"静岡市清水区","city_kana":"シズオカシシミズク","town":"新港町","town_kana":"シンミナトチョウ","prefecture_code":22},"0106":{"zip_code":"4240106","prefecture":"静岡県","prefecture_kana":"シズオカケン","city":"静岡市清水区","city_kana":"シズオカシシミズク","town":"杉山","town_kana":"スギヤマ","prefecture_code":22},"0924":{"zip_code":"4240924","prefecture":"静岡県","prefecture_kana":"シズオカケン","city":"静岡市清水区","city_kana":"シズオカシシミズク","town":"清開","town_kana":"セイカイ","prefecture_code":22},"0915":{"zip_code":"4240915","prefecture":"静岡県","prefecture_kana":"シズオカケン","city":"静岡市清水区","city_kana":"シズオカシシミズク","town":"増","town_kana":"ゾウ","prefecture_code":22},"0037":{"zip_code":"4240037","prefecture":"静岡県","prefecture_kana":"シズオカケン","city":"静岡市清水区","city_kana":"シズオカシシミズク","town":"袖師町","town_kana":"ソデシチョウ","prefecture_code":22},"0041":{"zip_code":"4240041","prefecture":"静岡県","prefecture_kana":"シズオカケン","city":"静岡市清水区","city_kana":"シズオカシシミズク","town":"高橋","town_kana":"タカハシ","prefecture_code":22},"0048":{"zip_code":"4240048","prefecture":"静岡県","prefecture_kana":"シズオカケン","city":"静岡市清水区","city_kana":"シズオカシシミズク","town":"高橋町","town_kana":"タカハシチョウ","prefecture_code":22},"0042":{"zip_code":"4240042","prefecture":"静岡県","prefecture_kana":"シズオカケン","city":"静岡市清水区","city_kana":"シズオカシシミズク","town":"高橋南町","town_kana":"タカハシミナミチョウ","prefecture_code":22},"0404":{"zip_code":"4240404","prefecture":"静岡県","prefecture_kana":"シズオカケン","city":"静岡市清水区","city_kana":"シズオカシシミズク","town":"高山","town_kana":"タカヤマ","prefecture_code":22},"0813":{"zip_code":"4240813","prefecture":"静岡県","prefecture_kana":"シズオカケン","city":"静岡市清水区","city_kana":"シズオカシシミズク","town":"宝町","town_kana":"タカラチョウ","prefecture_code":22},"0303":{"zip_code":"4240303","prefecture":"静岡県","prefecture_kana":"シズオカケン","city":"静岡市清水区","city_kana":"シズオカシシミズク","town":"但沼町","town_kana":"タダヌマチョウ","prefecture_code":22},"0304":{"zip_code":"4240304","prefecture":"静岡県","prefecture_kana":"シズオカケン","city":"静岡市清水区","city_kana":"シズオカシシミズク","town":"立花","town_kana":"タチバナ","prefecture_code":22},"0804":{"zip_code":"4240804","prefecture":"静岡県","prefecture_kana":"シズオカケン","city":"静岡市清水区","city_kana":"シズオカシシミズク","town":"田町","town_kana":"タマチ","prefecture_code":22},"0828":{"zip_code":"4240828","prefecture":"静岡県","prefecture_kana":"シズオカケン","city":"静岡市清水区","city_kana":"シズオカシシミズク","town":"千歳町","town_kana":"チトセチョウ","prefecture_code":22},"0944":{"zip_code":"4240944","prefecture":"静岡県","prefecture_kana":"シズオカケン","city":"静岡市清水区","city_kana":"シズオカシシミズク","town":"築地町","town_kana":"ツキジチョウ","prefecture_code":22},"0853":{"zip_code":"4240853","prefecture":"静岡県","prefecture_kana":"シズオカケン","city":"静岡市清水区","city_kana":"シズオカシシミズク","town":"月見町","town_kana":"ツキミチョウ","prefecture_code":22},"0806":{"zip_code":"4240806","prefecture":"静岡県","prefecture_kana":"シズオカケン","city":"静岡市清水区","city_kana":"シズオカシシミズク","town":"辻","town_kana":"ツジ","prefecture_code":22},"0047":{"zip_code":"4240047","prefecture":"静岡県","prefecture_kana":"シズオカケン","city":"静岡市清水区","city_kana":"シズオカシシミズク","town":"鶴舞町","town_kana":"ツルマイチョウ","prefecture_code":22},"0809":{"zip_code":"4240809","prefecture":"静岡県","prefecture_kana":"シズオカケン","city":"静岡市清水区","city_kana":"シズオカシシミズク","town":"天神","town_kana":"テンジン","prefecture_code":22},"0015":{"zip_code":"4240015","prefecture":"静岡県","prefecture_kana":"シズオカケン","city":"静岡市清水区","city_kana":"シズオカシシミズク","town":"天王町","town_kana":"テンノウチョウ","prefecture_code":22},"0016":{"zip_code":"4240016","prefecture":"静岡県","prefecture_kana":"シズオカケン","city":"静岡市清水区","city_kana":"シズオカシシミズク","town":"天王西","town_kana":"テンノウニシ","prefecture_code":22},"0017":{"zip_code":"4240017","prefecture":"静岡県","prefecture_kana":"シズオカケン","city":"静岡市清水区","city_kana":"シズオカシシミズク","town":"天王東","town_kana":"テンノウヒガシ","prefecture_code":22},"0014":{"zip_code":"4240014","prefecture":"静岡県","prefecture_kana":"シズオカケン","city":"静岡市清水区","city_kana":"シズオカシシミズク","town":"天王南","town_kana":"テンノウミナミ","prefecture_code":22},"0414":{"zip_code":"4240414","prefecture":"静岡県","prefecture_kana":"シズオカケン","city":"静岡市清水区","city_kana":"シズオカシシミズク","town":"土","town_kana":"ド","prefecture_code":22},"0851":{"zip_code":"4240851","prefecture":"静岡県","prefecture_kana":"シズオカケン","city":"静岡市清水区","city_kana":"シズオカシシミズク","town":"堂林","town_kana":"ドウバヤシ","prefecture_code":22},"0406":{"zip_code":"4240406","prefecture":"静岡県","prefecture_kana":"シズオカケン","city":"静岡市清水区","city_kana":"シズオカシシミズク","town":"葛沢","town_kana":"トズラサワ","prefecture_code":22},"0912":{"zip_code":"4240912","prefecture":"静岡県","prefecture_kana":"シズオカケン","city":"静岡市清水区","city_kana":"シズオカシシミズク","town":"殿沢","town_kana":"トノサワ","prefecture_code":22},"0829":{"zip_code":"4240829","prefecture":"静岡県","prefecture_kana":"シズオカケン","city":"静岡市清水区","city_kana":"シズオカシシミズク","town":"巴町","town_kana":"トモエチョウ","prefecture_code":22},"0067":{"zip_code":"4240067","prefecture":"静岡県","prefecture_kana":"シズオカケン","city":"静岡市清水区","city_kana":"シズオカシシミズク","town":"鳥坂","town_kana":"トリサカ","prefecture_code":22},"0401":{"zip_code":"4240401","prefecture":"静岡県","prefecture_kana":"シズオカケン","city":"静岡市清水区","city_kana":"シズオカシシミズク","town":"中河内","town_kana":"ナカゴウチ","prefecture_code":22},"0065":{"zip_code":"4240065","prefecture":"静岡県","prefecture_kana":"シズオカケン","city":"静岡市清水区","city_kana":"シズオカシシミズク","town":"長崎","town_kana":"ナガサキ","prefecture_code":22},"0064":{"zip_code":"4240064","prefecture":"静岡県","prefecture_kana":"シズオカケン","city":"静岡市清水区","city_kana":"シズオカシシミズク","town":"長崎新田","town_kana":"ナガサキシンデン","prefecture_code":22},"0068":{"zip_code":"4240068","prefecture":"静岡県","prefecture_kana":"シズオカケン","city":"静岡市清水区","city_kana":"シズオカシシミズク","town":"長崎南町","town_kana":"ナガサキミナミチョウ","prefecture_code":22},"0888":{"zip_code":"4240888","prefecture":"静岡県","prefecture_kana":"シズオカケン","city":"静岡市清水区","city_kana":"シズオカシシミズク","town":"中之郷","town_kana":"ナカノゴウ","prefecture_code":22},"0854":{"zip_code":"4240854","prefecture":"静岡県","prefecture_kana":"シズオカケン","city":"静岡市清水区","city_kana":"シズオカシシミズク","town":"中矢部町","town_kana":"ナカヤベチョウ","prefecture_code":22},"0066":{"zip_code":"4240066","prefecture":"静岡県","prefecture_kana":"シズオカケン","city":"静岡市清水区","city_kana":"シズオカシシミズク","town":"七ツ新屋","town_kana":"ナナツシンヤ","prefecture_code":22},"0046":{"zip_code":"4240046","prefecture":"静岡県","prefecture_kana":"シズオカケン","city":"静岡市清水区","city_kana":"シズオカシシミズク","town":"西大曲町","town_kana":"ニシオオマガリチョウ","prefecture_code":22},"0038":{"zip_code":"4240038","prefecture":"静岡県","prefecture_kana":"シズオカケン","city":"静岡市清水区","city_kana":"シズオカシシミズク","town":"西久保","town_kana":"ニシクボ","prefecture_code":22},"0413":{"zip_code":"4240413","prefecture":"静岡県","prefecture_kana":"シズオカケン","city":"静岡市清水区","city_kana":"シズオカシシミズク","town":"西里","town_kana":"ニシザト","prefecture_code":22},"0844":{"zip_code":"4240844","prefecture":"静岡県","prefecture_kana":"シズオカケン","city":"静岡市清水区","city_kana":"シズオカシシミズク","town":"西高町","town_kana":"ニシタカチョウ","prefecture_code":22},"0811":{"zip_code":"4240811","prefecture":"静岡県","prefecture_kana":"シズオカケン","city":"静岡市清水区","city_kana":"シズオカシシミズク","town":"二の丸町","town_kana":"ニノマルチョウ","prefecture_code":22},"0415":{"zip_code":"4240415","prefecture":"静岡県","prefecture_kana":"シズオカケン","city":"静岡市清水区","city_kana":"シズオカシシミズク","town":"布沢","town_kana":"ヌノザワ","prefecture_code":22},"0935":{"zip_code":"4240935","prefecture":"静岡県","prefecture_kana":"シズオカケン","city":"静岡市清水区","city_kana":"シズオカシシミズク","town":"沼田町","town_kana":"ヌマタチョウ","prefecture_code":22},"0063":{"zip_code":"4240063","prefecture":"静岡県","prefecture_kana":"シズオカケン","city":"静岡市清水区","city_kana":"シズオカシシミズク","town":"能島","town_kana":"ノウジマ","prefecture_code":22},"0003":{"zip_code":"4240003","prefecture":"静岡県","prefecture_kana":"シズオカケン","city":"静岡市清水区","city_kana":"シズオカシシミズク","town":"蜂ケ谷","town_kana":"ハチガヤ","prefecture_code":22},"0004":{"zip_code":"4240004","prefecture":"静岡県","prefecture_kana":"シズオカケン","city":"静岡市清水区","city_kana":"シズオカシシミズク","town":"蜂ケ谷南町","town_kana":"ハチガヤミナミチョウ","prefecture_code":22},"0834":{"zip_code":"4240834","prefecture":"静岡県","prefecture_kana":"シズオカケン","city":"静岡市清水区","city_kana":"シズオカシシミズク","town":"浜田町","town_kana":"ハマダチョウ","prefecture_code":22},"0113":{"zip_code":"4240113","prefecture":"静岡県","prefecture_kana":"シズオカケン","city":"静岡市清水区","city_kana":"シズオカシシミズク","town":"原","town_kana":"ハラ","prefecture_code":22},"0056":{"zip_code":"4240056","prefecture":"静岡県","prefecture_kana":"シズオカケン","city":"静岡市清水区","city_kana":"シズオカシシミズク","town":"半左衛門新田","town_kana":"ハンザエモンシンデン","prefecture_code":22},"0045":{"zip_code":"4240045","prefecture":"静岡県","prefecture_kana":"シズオカケン","city":"静岡市清水区","city_kana":"シズオカシシミズク","town":"東大曲町","town_kana":"ヒガシオオマガリチョウ","prefecture_code":22},"0929":{"zip_code":"4240929","prefecture":"静岡県","prefecture_kana":"シズオカケン","city":"静岡市清水区","city_kana":"シズオカシシミズク","town":"日立町","town_kana":"ヒタチチョウ","prefecture_code":22},"0922":{"zip_code":"4240922","prefecture":"静岡県","prefecture_kana":"シズオカケン","city":"静岡市清水区","city_kana":"シズオカシシミズク","town":"日の出町","town_kana":"ヒノデチョウ","prefecture_code":22},"0872":{"zip_code":"4240872","prefecture":"静岡県","prefecture_kana":"シズオカケン","city":"静岡市清水区","city_kana":"シズオカシシミズク","town":"平川地","town_kana":"ヒラカワジ","prefecture_code":22},"0102":{"zip_code":"4240102","prefecture":"静岡県","prefecture_kana":"シズオカケン","city":"静岡市清水区","city_kana":"シズオカシシミズク","town":"広瀬","town_kana":"ヒロセ","prefecture_code":22},"0941":{"zip_code":"4240941","prefecture":"静岡県","prefecture_kana":"シズオカケン","city":"静岡市清水区","city_kana":"シズオカシシミズク","town":"富士見町","town_kana":"フジミチョウ","prefecture_code":22},"0866":{"zip_code":"4240866","prefecture":"静岡県","prefecture_kana":"シズオカケン","city":"静岡市清水区","city_kana":"シズオカシシミズク","town":"船越","town_kana":"フナコシ","prefecture_code":22},"0861":{"zip_code":"4240861","prefecture":"静岡県","prefecture_kana":"シズオカケン","city":"静岡市清水区","city_kana":"シズオカシシミズク","town":"船越町","town_kana":"フナコシチョウ","prefecture_code":22},"0862":{"zip_code":"4240862","prefecture":"静岡県","prefecture_kana":"シズオカケン","city":"静岡市清水区","city_kana":"シズオカシシミズク","town":"船越東町","town_kana":"フナコシヒガシチョウ","prefecture_code":22},"0863":{"zip_code":"4240863","prefecture":"静岡県","prefecture_kana":"シズオカケン","city":"静岡市清水区","city_kana":"シズオカシシミズク","town":"船越南町","town_kana":"フナコシミナミチョウ","prefecture_code":22},"0845":{"zip_code":"4240845","prefecture":"静岡県","prefecture_kana":"シズオカケン","city":"静岡市清水区","city_kana":"シズオカシシミズク","town":"船原","town_kana":"フナバラ","prefecture_code":22},"0916":{"zip_code":"4240916","prefecture":"静岡県","prefecture_kana":"シズオカケン","city":"静岡市清水区","city_kana":"シズオカシシミズク","town":"蛇塚","town_kana":"ヘビツカ","prefecture_code":22},"0057":{"zip_code":"4240057","prefecture":"静岡県","prefecture_kana":"シズオカケン","city":"静岡市清水区","city_kana":"シズオカシシミズク","town":"堀込","town_kana":"ホリゴメ","prefecture_code":22},"0814":{"zip_code":"4240814","prefecture":"静岡県","prefecture_kana":"シズオカケン","city":"静岡市清水区","city_kana":"シズオカシシミズク","town":"本郷町","town_kana":"ホンゴウチョウ","prefecture_code":22},"0949":{"zip_code":"4240949","prefecture":"静岡県","prefecture_kana":"シズオカケン","city":"静岡市清水区","city_kana":"シズオカシシミズク","town":"本町","town_kana":"ホンマチ","prefecture_code":22},"0816":{"zip_code":"4240816","prefecture":"静岡県","prefecture_kana":"シズオカケン","city":"静岡市清水区","city_kana":"シズオカシシミズク","town":"真砂町","town_kana":"マサゴチョウ","prefecture_code":22},"0921":{"zip_code":"4240921","prefecture":"静岡県","prefecture_kana":"シズオカケン","city":"静岡市清水区","city_kana":"シズオカシシミズク","town":"松井町","town_kana":"マツイチョウ","prefecture_code":22},"0825":{"zip_code":"4240825","prefecture":"静岡県","prefecture_kana":"シズオカケン","city":"静岡市清水区","city_kana":"シズオカシシミズク","town":"松原町","town_kana":"マツバラチョウ","prefecture_code":22},"0875":{"zip_code":"4240875","prefecture":"静岡県","prefecture_kana":"シズオカケン","city":"静岡市清水区","city_kana":"シズオカシシミズク","town":"馬走","town_kana":"マバセ","prefecture_code":22},"0876":{"zip_code":"4240876","prefecture":"静岡県","prefecture_kana":"シズオカケン","city":"静岡市清水区","city_kana":"シズオカシシミズク","town":"馬走北","town_kana":"マバセキタ","prefecture_code":22},"0877":{"zip_code":"4240877","prefecture":"静岡県","prefecture_kana":"シズオカケン","city":"静岡市清水区","city_kana":"シズオカシシミズク","town":"馬走坂の上","town_kana":"マバセサカノウエ","prefecture_code":22},"0826":{"zip_code":"4240826","prefecture":"静岡県","prefecture_kana":"シズオカケン","city":"静岡市清水区","city_kana":"シズオカシシミズク","town":"万世町","town_kana":"マンセイチョウ","prefecture_code":22},"0878":{"zip_code":"4240878","prefecture":"静岡県","prefecture_kana":"シズオカケン","city":"静岡市清水区","city_kana":"シズオカシシミズク","town":"御門台","town_kana":"ミカドダイ","prefecture_code":22},"0928":{"zip_code":"4240928","prefecture":"静岡県","prefecture_kana":"シズオカケン","city":"静岡市清水区","city_kana":"シズオカシシミズク","town":"緑が丘町","town_kana":"ミドリガオカチョウ","prefecture_code":22},"0943":{"zip_code":"4240943","prefecture":"静岡県","prefecture_kana":"シズオカケン","city":"静岡市清水区","city_kana":"シズオカシシミズク","town":"港町","town_kana":"ミナトチョウ","prefecture_code":22},"0932":{"zip_code":"4240932","prefecture":"静岡県","prefecture_kana":"シズオカケン","city":"静岡市清水区","city_kana":"シズオカシシミズク","town":"南岡町","town_kana":"ミナミオカマチ","prefecture_code":22},"0864":{"zip_code":"4240864","prefecture":"静岡県","prefecture_kana":"シズオカケン","city":"静岡市清水区","city_kana":"シズオカシシミズク","town":"南矢部","town_kana":"ミナミヤベ","prefecture_code":22},"0945":{"zip_code":"4240945","prefecture":"静岡県","prefecture_kana":"シズオカケン","city":"静岡市清水区","city_kana":"シズオカシシミズク","town":"美濃輪町","town_kana":"ミノワチョウ","prefecture_code":22},"0901":{"zip_code":"4240901","prefecture":"静岡県","prefecture_kana":"シズオカケン","city":"静岡市清水区","city_kana":"シズオカシシミズク","town":"三保","town_kana":"ミホ","prefecture_code":22},"0911":{"zip_code":"4240911","prefecture":"静岡県","prefecture_kana":"シズオカケン","city":"静岡市清水区","city_kana":"シズオカシシミズク","town":"宮加三","town_kana":"ミヤカミ","prefecture_code":22},"0803":{"zip_code":"4240803","prefecture":"静岡県","prefecture_kana":"シズオカケン","city":"静岡市清水区","city_kana":"シズオカシシミズク","town":"宮下町","town_kana":"ミヤシタチョウ","prefecture_code":22},"0807":{"zip_code":"4240807","prefecture":"静岡県","prefecture_kana":"シズオカケン","city":"静岡市清水区","city_kana":"シズオカシシミズク","town":"宮代町","town_kana":"ミヤシロチョウ","prefecture_code":22},"0936":{"zip_code":"4240936","prefecture":"静岡県","prefecture_kana":"シズオカケン","city":"静岡市清水区","city_kana":"シズオカシシミズク","town":"向田町","town_kana":"ムカイダチョウ","prefecture_code":22},"0913":{"zip_code":"4240913","prefecture":"静岡県","prefecture_kana":"シズオカケン","city":"静岡市清水区","city_kana":"シズオカシシミズク","town":"迎山町","town_kana":"ムカエヤマチョウ","prefecture_code":22},"0926":{"zip_code":"4240926","prefecture":"静岡県","prefecture_kana":"シズオカケン","city":"静岡市清水区","city_kana":"シズオカシシミズク","town":"村松","town_kana":"ムラマツ","prefecture_code":22},"0934":{"zip_code":"4240934","prefecture":"静岡県","prefecture_kana":"シズオカケン","city":"静岡市清水区","city_kana":"シズオカシシミズク","town":"村松原","town_kana":"ムラマツハラ","prefecture_code":22},"0819":{"zip_code":"4240819","prefecture":"静岡県","prefecture_kana":"シズオカケン","city":"静岡市清水区","city_kana":"シズオカシシミズク","town":"元城町","town_kana":"モトシロチョウ","prefecture_code":22},"0101":{"zip_code":"4240101","prefecture":"静岡県","prefecture_kana":"シズオカケン","city":"静岡市清水区","city_kana":"シズオカシシミズク","town":"茂畑","town_kana":"モバタ","prefecture_code":22},"0212":{"zip_code":"4240212","prefecture":"静岡県","prefecture_kana":"シズオカケン","city":"静岡市清水区","city_kana":"シズオカシシミズク","town":"八木間町","town_kana":"ヤギマチョウ","prefecture_code":22},"0802":{"zip_code":"4240802","prefecture":"静岡県","prefecture_kana":"シズオカケン","city":"静岡市清水区","city_kana":"シズオカシシミズク","town":"矢倉町","town_kana":"ヤグラチョウ","prefecture_code":22},"0023":{"zip_code":"4240023","prefecture":"静岡県","prefecture_kana":"シズオカケン","city":"静岡市清水区","city_kana":"シズオカシシミズク","town":"八坂北","town_kana":"ヤサカキタ","prefecture_code":22},"0022":{"zip_code":"4240022","prefecture":"静岡県","prefecture_kana":"シズオカケン","city":"静岡市清水区","city_kana":"シズオカシシミズク","town":"八坂町","town_kana":"ヤサカチョウ","prefecture_code":22},"0025":{"zip_code":"4240025","prefecture":"静岡県","prefecture_kana":"シズオカケン","city":"静岡市清水区","city_kana":"シズオカシシミズク","town":"八坂西町","town_kana":"ヤサカニシチョウ","prefecture_code":22},"0024":{"zip_code":"4240024","prefecture":"静岡県","prefecture_kana":"シズオカケン","city":"静岡市清水区","city_kana":"シズオカシシミズク","town":"八坂東","town_kana":"ヤサカヒガシ","prefecture_code":22},"0026":{"zip_code":"4240026","prefecture":"静岡県","prefecture_kana":"シズオカケン","city":"静岡市清水区","city_kana":"シズオカシシミズク","town":"八坂南町","town_kana":"ヤサカミナミチョウ","prefecture_code":22},"0887":{"zip_code":"4240887","prefecture":"静岡県","prefecture_kana":"シズオカケン","city":"静岡市清水区","city_kana":"シズオカシシミズク","town":"谷田","town_kana":"ヤダ","prefecture_code":22},"0946":{"zip_code":"4240946","prefecture":"静岡県","prefecture_kana":"シズオカケン","city":"静岡市清水区","city_kana":"シズオカシシミズク","town":"八千代町","town_kana":"ヤチヨチョウ","prefecture_code":22},"0211":{"zip_code":"4240211","prefecture":"静岡県","prefecture_kana":"シズオカケン","city":"静岡市清水区","city_kana":"シズオカシシミズク","town":"谷津町","town_kana":"ヤツチョウ","prefecture_code":22},"0105":{"zip_code":"4240105","prefecture":"静岡県","prefecture_kana":"シズオカケン","city":"静岡市清水区","city_kana":"シズオカシシミズク","town":"山切","town_kana":"ヤマキリ","prefecture_code":22},"0018":{"zip_code":"4240018","prefecture":"静岡県","prefecture_kana":"シズオカケン","city":"静岡市清水区","city_kana":"シズオカシシミズク","town":"弥生町","town_kana":"ヤヨイチョウ","prefecture_code":22},"0002":{"zip_code":"4240002","prefecture":"静岡県","prefecture_kana":"シズオカケン","city":"静岡市清水区","city_kana":"シズオカシシミズク","town":"山原","town_kana":"ヤンバラ","prefecture_code":22},"0031":{"zip_code":"4240031","prefecture":"静岡県","prefecture_kana":"シズオカケン","city":"静岡市清水区","city_kana":"シズオカシシミズク","town":"横砂","town_kana":"ヨコスナ","prefecture_code":22},"0034":{"zip_code":"4240034","prefecture":"静岡県","prefecture_kana":"シズオカケン","city":"静岡市清水区","city_kana":"シズオカシシミズク","town":"横砂中町","town_kana":"ヨコスナナカチョウ","prefecture_code":22},"0036":{"zip_code":"4240036","prefecture":"静岡県","prefecture_kana":"シズオカケン","city":"静岡市清水区","city_kana":"シズオカシシミズク","town":"横砂西町","town_kana":"ヨコスナニシチョウ","prefecture_code":22},"0032":{"zip_code":"4240032","prefecture":"静岡県","prefecture_kana":"シズオカケン","city":"静岡市清水区","city_kana":"シズオカシシミズク","town":"横砂東町","town_kana":"ヨコスナヒガシチョウ","prefecture_code":22},"0033":{"zip_code":"4240033","prefecture":"静岡県","prefecture_kana":"シズオカケン","city":"静岡市清水区","city_kana":"シズオカシシミズク","town":"横砂本町","town_kana":"ヨコスナホンチョウ","prefecture_code":22},"0035":{"zip_code":"4240035","prefecture":"静岡県","prefecture_kana":"シズオカケン","city":"静岡市清水区","city_kana":"シズオカシシミズク","town":"横砂南町","town_kana":"ヨコスナミナミチョウ","prefecture_code":22},"0111":{"zip_code":"4240111","prefecture":"静岡県","prefecture_kana":"シズオカケン","city":"静岡市清水区","city_kana":"シズオカシシミズク","town":"吉原","town_kana":"ヨシワラ","prefecture_code":22},"0403":{"zip_code":"4240403","prefecture":"静岡県","prefecture_kana":"シズオカケン","city":"静岡市清水区","city_kana":"シズオカシシミズク","town":"和田島","town_kana":"ワダシマ","prefecture_code":22}}