{"0805":{"zip_code":"4300805","prefecture":"静岡県","prefecture_kana":"シズオカケン","city":"浜松市中区","city_kana":"ハママツシナカク","town":"相生町","town_kana":"アイオイチョウ","prefecture_code":22},"0927":{"zip_code":"4300927","prefecture":"静岡県","prefecture_kana":"シズオカケン","city":"浜松市中区","city_kana":"ハママツシナカク","town":"旭町","town_kana":"アサヒチョウ","prefecture_code":22},"0945":{"zip_code":"4300945","prefecture":"静岡県","prefecture_kana":"シズオカケン","city":"浜松市中区","city_kana":"ハママツシナカク","town":"池町","town_kana":"イケマチ","prefecture_code":22},"0928":{"zip_code":"4300928","prefecture":"静岡県","prefecture_kana":"シズオカケン","city":"浜松市中区","city_kana":"ハママツシナカク","town":"板屋町","town_kana":"イタヤマチ","prefecture_code":22},"7790":{"zip_code":"4307790","prefecture":"静岡県","prefecture_kana":"シズオカケン","city":"浜松市中区","city_kana":"ハママツシナカク","town":"板屋町浜松アクトタワー","town_kana":"イタヤマチハママツアクトタワー","prefecture_code":22},"7701":{"zip_code":"4307701","prefecture":"静岡県","prefecture_kana":"シズオカケン","city":"浜松市中区","city_kana":"ハママツシナカク","town":"板屋町浜松アクトタワー　１階","town_kana":"イタヤマチハママツアクトタワー1カイ","prefecture_code":22},"7702":{"zip_code":"4307702","prefecture":"静岡県","prefecture_kana":"シズオカケン","city":"浜松市中区","city_kana":"ハママツシナカク","town":"板屋町浜松アクトタワー　２階","town_kana":"イタヤマチハママツアクトタワー2カイ","prefecture_code":22},"7703":{"zip_code":"4307703","prefecture":"静岡県","prefecture_kana":"シズオカケン","city":"浜松市中区","city_kana":"ハママツシナカク","town":"板屋町浜松アクトタワー　３階","town_kana":"イタヤマチハママツアクトタワー3カイ","prefecture_code":22},"7704":{"zip_code":"4307704","prefecture":"静岡県","prefecture_kana":"シズオカケン","city":"浜松市中区","city_kana":"ハママツシナカク","town":"板屋町浜松アクトタワー　４階","town_kana":"イタヤマチハママツアクトタワー4カイ","prefecture_code":22},"7705":{"zip_code":"4307705","prefecture":"静岡県","prefecture_kana":"シズオカケン","city":"浜松市中区","city_kana":"ハママツシナカク","town":"板屋町浜松アクトタワー　５階","town_kana":"イタヤマチハママツアクトタワー5カイ","prefecture_code":22},"7706":{"zip_code":"4307706","prefecture":"静岡県","prefecture_kana":"シズオカケン","city":"浜松市中区","city_kana":"ハママツシナカク","town":"板屋町浜松アクトタワー　６階","town_kana":"イタヤマチハママツアクトタワー6カイ","prefecture_code":22},"7707":{"zip_code":"4307707","prefecture":"静岡県","prefecture_kana":"シズオカケン","city":"浜松市中区","city_kana":"ハママツシナカク","town":"板屋町浜松アクトタワー　７階","town_kana":"イタヤマチハママツアクトタワー7カイ","prefecture_code":22},"7708":{"zip_code":"4307708","prefecture":"静岡県","prefecture_kana":"シズオカケン","city":"浜松市中区","city_kana":"ハママツシナカク","town":"板屋町浜松アクトタワー　８階","town_kana":"イタヤマチハママツアクトタワー8カイ","prefecture_code":22},"7709":{"zip_code":"4307709","prefecture":"静岡県","prefecture_kana":"シズオカケン","city":"浜松市中区","city_kana":"ハママツシナカク","town":"板屋町浜松アクトタワー　９階","town_kana":"イタヤマチハママツアクトタワー9カイ","prefecture_code":22},"7710":{"zip_code":"4307710","prefecture":"静岡県","prefecture_kana":"シズオカケン","city":"浜松市中区","city_kana":"ハママツシナカク","town":"板屋町浜松アクトタワー　１０階","town_kana":"イタヤマチハママツアクトタワー10カイ","prefecture_code":22},"7711":{"zip_code":"4307711","prefecture":"静岡県","prefecture_kana":"シズオカケン","city":"浜松市中区","city_kana":"ハママツシナカク","town":"板屋町浜松アクトタワー　１１階","town_kana":"イタヤマチハママツアクトタワー11カイ","prefecture_code":22},"7712":{"zip_code":"4307712","prefecture":"静岡県","prefecture_kana":"シズオカケン","city":"浜松市中区","city_kana":"ハママツシナカク","town":"板屋町浜松アクトタワー　１２階","town_kana":"イタヤマチハママツアクトタワー12カイ","prefecture_code":22},"7713":{"zip_code":"4307713","prefecture":"静岡県","prefecture_kana":"シズオカケン","city":"浜松市中区","city_kana":"ハママツシナカク","town":"板屋町浜松アクトタワー　１３階","town_kana":"イタヤマチハママツアクトタワー13カイ","prefecture_code":22},"7714":{"zip_code":"4307714","prefecture":"静岡県","prefecture_kana":"シズオカケン","city":"浜松市中区","city_kana":"ハママツシナカク","town":"板屋町浜松アクトタワー　１４階","town_kana":"イタヤマチハママツアクトタワー14カイ","prefecture_code":22},"7715":{"zip_code":"4307715","prefecture":"静岡県","prefecture_kana":"シズオカケン","city":"浜松市中区","city_kana":"ハママツシナカク","town":"板屋町浜松アクトタワー　１５階","town_kana":"イタヤマチハママツアクトタワー15カイ","prefecture_code":22},"7716":{"zip_code":"4307716","prefecture":"静岡県","prefecture_kana":"シズオカケン","city":"浜松市中区","city_kana":"ハママツシナカク","town":"板屋町浜松アクトタワー　１６階","town_kana":"イタヤマチハママツアクトタワー16カイ","prefecture_code":22},"7717":{"zip_code":"4307717","prefecture":"静岡県","prefecture_kana":"シズオカケン","city":"浜松市中区","city_kana":"ハママツシナカク","town":"板屋町浜松アクトタワー　１７階","town_kana":"イタヤマチハママツアクトタワー17カイ","prefecture_code":22},"7718":{"zip_code":"4307718","prefecture":"静岡県","prefecture_kana":"シズオカケン","city":"浜松市中区","city_kana":"ハママツシナカク","town":"板屋町浜松アクトタワー　１８階","town_kana":"イタヤマチハママツアクトタワー18カイ","prefecture_code":22},"7719":{"zip_code":"4307719","prefecture":"静岡県","prefecture_kana":"シズオカケン","city":"浜松市中区","city_kana":"ハママツシナカク","town":"板屋町浜松アクトタワー　１９階","town_kana":"イタヤマチハママツアクトタワー19カイ","prefecture_code":22},"7720":{"zip_code":"4307720","prefecture":"静岡県","prefecture_kana":"シズオカケン","city":"浜松市中区","city_kana":"ハママツシナカク","town":"板屋町浜松アクトタワー　２０階","town_kana":"イタヤマチハママツアクトタワー20カイ","prefecture_code":22},"7721":{"zip_code":"4307721","prefecture":"静岡県","prefecture_kana":"シズオカケン","city":"浜松市中区","city_kana":"ハママツシナカク","town":"板屋町浜松アクトタワー　２１階","town_kana":"イタヤマチハママツアクトタワー21カイ","prefecture_code":22},"7722":{"zip_code":"4307722","prefecture":"静岡県","prefecture_kana":"シズオカケン","city":"浜松市中区","city_kana":"ハママツシナカク","town":"板屋町浜松アクトタワー　２２階","town_kana":"イタヤマチハママツアクトタワー22カイ","prefecture_code":22},"7723":{"zip_code":"4307723","prefecture":"静岡県","prefecture_kana":"シズオカケン","city":"浜松市中区","city_kana":"ハママツシナカク","town":"板屋町浜松アクトタワー　２３階","town_kana":"イタヤマチハママツアクトタワー23カイ","prefecture_code":22},"7724":{"zip_code":"4307724","prefecture":"静岡県","prefecture_kana":"シズオカケン","city":"浜松市中区","city_kana":"ハママツシナカク","town":"板屋町浜松アクトタワー　２４階","town_kana":"イタヤマチハママツアクトタワー24カイ","prefecture_code":22},"7725":{"zip_code":"4307725","prefecture":"静岡県","prefecture_kana":"シズオカケン","city":"浜松市中区","city_kana":"ハママツシナカク","town":"板屋町浜松アクトタワー　２５階","town_kana":"イタヤマチハママツアクトタワー25カイ","prefecture_code":22},"7726":{"zip_code":"4307726","prefecture":"静岡県","prefecture_kana":"シズオカケン","city":"浜松市中区","city_kana":"ハママツシナカク","town":"板屋町浜松アクトタワー　２６階","town_kana":"イタヤマチハママツアクトタワー26カイ","prefecture_code":22},"7727":{"zip_code":"4307727","prefecture":"静岡県","prefecture_kana":"シズオカケン","city":"浜松市中区","city_kana":"ハママツシナカク","town":"板屋町浜松アクトタワー　２７階","town_kana":"イタヤマチハママツアクトタワー27カイ","prefecture_code":22},"7728":{"zip_code":"4307728","prefecture":"静岡県","prefecture_kana":"シズオカケン","city":"浜松市中区","city_kana":"ハママツシナカク","town":"板屋町浜松アクトタワー　２８階","town_kana":"イタヤマチハママツアクトタワー28カイ","prefecture_code":22},"7729":{"zip_code":"4307729","prefecture":"静岡県","prefecture_kana":"シズオカケン","city":"浜松市中区","city_kana":"ハママツシナカク","town":"板屋町浜松アクトタワー　２９階","town_kana":"イタヤマチハママツアクトタワー29カイ","prefecture_code":22},"7730":{"zip_code":"4307730","prefecture":"静岡県","prefecture_kana":"シズオカケン","city":"浜松市中区","city_kana":"ハママツシナカク","town":"板屋町浜松アクトタワー　３０階","town_kana":"イタヤマチハママツアクトタワー30カイ","prefecture_code":22},"7731":{"zip_code":"4307731","prefecture":"静岡県","prefecture_kana":"シズオカケン","city":"浜松市中区","city_kana":"ハママツシナカク","town":"板屋町浜松アクトタワー　３１階","town_kana":"イタヤマチハママツアクトタワー31カイ","prefecture_code":22},"7732":{"zip_code":"4307732","prefecture":"静岡県","prefecture_kana":"シズオカケン","city":"浜松市中区","city_kana":"ハママツシナカク","town":"板屋町浜松アクトタワー　３２階","town_kana":"イタヤマチハママツアクトタワー32カイ","prefecture_code":22},"7733":{"zip_code":"4307733","prefecture":"静岡県","prefecture_kana":"シズオカケン","city":"浜松市中区","city_kana":"ハママツシナカク","town":"板屋町浜松アクトタワー　３３階","town_kana":"イタヤマチハママツアクトタワー33カイ","prefecture_code":22},"7734":{"zip_code":"4307734","prefecture":"静岡県","prefecture_kana":"シズオカケン","city":"浜松市中区","city_kana":"ハママツシナカク","town":"板屋町浜松アクトタワー　３４階","town_kana":"イタヤマチハママツアクトタワー34カイ","prefecture_code":22},"7735":{"zip_code":"4307735","prefecture":"静岡県","prefecture_kana":"シズオカケン","city":"浜松市中区","city_kana":"ハママツシナカク","town":"板屋町浜松アクトタワー　３５階","town_kana":"イタヤマチハママツアクトタワー35カイ","prefecture_code":22},"7736":{"zip_code":"4307736","prefecture":"静岡県","prefecture_kana":"シズオカケン","city":"浜松市中区","city_kana":"ハママツシナカク","town":"板屋町浜松アクトタワー　３６階","town_kana":"イタヤマチハママツアクトタワー36カイ","prefecture_code":22},"7737":{"zip_code":"4307737","prefecture":"静岡県","prefecture_kana":"シズオカケン","city":"浜松市中区","city_kana":"ハママツシナカク","town":"板屋町浜松アクトタワー　３７階","town_kana":"イタヤマチハママツアクトタワー37カイ","prefecture_code":22},"7738":{"zip_code":"4307738","prefecture":"静岡県","prefecture_kana":"シズオカケン","city":"浜松市中区","city_kana":"ハママツシナカク","town":"板屋町浜松アクトタワー　３８階","town_kana":"イタヤマチハママツアクトタワー38カイ","prefecture_code":22},"7739":{"zip_code":"4307739","prefecture":"静岡県","prefecture_kana":"シズオカケン","city":"浜松市中区","city_kana":"ハママツシナカク","town":"板屋町浜松アクトタワー　３９階","town_kana":"イタヤマチハママツアクトタワー39カイ","prefecture_code":22},"7740":{"zip_code":"4307740","prefecture":"静岡県","prefecture_kana":"シズオカケン","city":"浜松市中区","city_kana":"ハママツシナカク","town":"板屋町浜松アクトタワー　４０階","town_kana":"イタヤマチハママツアクトタワー40カイ","prefecture_code":22},"7741":{"zip_code":"4307741","prefecture":"静岡県","prefecture_kana":"シズオカケン","city":"浜松市中区","city_kana":"ハママツシナカク","town":"板屋町浜松アクトタワー　４１階","town_kana":"イタヤマチハママツアクトタワー41カイ","prefecture_code":22},"7742":{"zip_code":"4307742","prefecture":"静岡県","prefecture_kana":"シズオカケン","city":"浜松市中区","city_kana":"ハママツシナカク","town":"板屋町浜松アクトタワー　４２階","town_kana":"イタヤマチハママツアクトタワー42カイ","prefecture_code":22},"7743":{"zip_code":"4307743","prefecture":"静岡県","prefecture_kana":"シズオカケン","city":"浜松市中区","city_kana":"ハママツシナカク","town":"板屋町浜松アクトタワー　４３階","town_kana":"イタヤマチハママツアクトタワー43カイ","prefecture_code":22},"7744":{"zip_code":"4307744","prefecture":"静岡県","prefecture_kana":"シズオカケン","city":"浜松市中区","city_kana":"ハママツシナカク","town":"板屋町浜松アクトタワー　４４階","town_kana":"イタヤマチハママツアクトタワー44カイ","prefecture_code":22},"7745":{"zip_code":"4307745","prefecture":"静岡県","prefecture_kana":"シズオカケン","city":"浜松市中区","city_kana":"ハママツシナカク","town":"板屋町浜松アクトタワー　４５階","town_kana":"イタヤマチハママツアクトタワー45カイ","prefecture_code":22},"0854":[{"zip_code":"4300854","prefecture":"静岡県","prefecture_kana":"シズオカケン","city":"浜松市中区","city_kana":"ハママツシナカク","town":"瓜内町","town_kana":"ウリウチチョウ","prefecture_code":22},{"zip_code":"4300854","prefecture":"静岡県","prefecture_kana":"シズオカケン","city":"浜松市南区","city_kana":"ハママツシミナミク","town":"瓜内町","town_kana":"ウリウチチョウ","prefecture_code":22}],"0949":{"zip_code":"4300949","prefecture":"静岡県","prefecture_kana":"シズオカケン","city":"浜松市中区","city_kana":"ハママツシナカク","town":"尾張町","town_kana":"オワリチョウ","prefecture_code":22},"0933":{"zip_code":"4300933","prefecture":"静岡県","prefecture_kana":"シズオカケン","city":"浜松市中区","city_kana":"ハママツシナカク","town":"鍛冶町","town_kana":"カジマチ","prefecture_code":22},"0943":{"zip_code":"4300943","prefecture":"静岡県","prefecture_kana":"シズオカケン","city":"浜松市中区","city_kana":"ハママツシナカク","town":"北田町","town_kana":"キタタマチ","prefecture_code":22},"0923":{"zip_code":"4300923","prefecture":"静岡県","prefecture_kana":"シズオカケン","city":"浜松市中区","city_kana":"ハママツシナカク","town":"北寺島町","town_kana":"キタテラジマチョウ","prefecture_code":22},"0806":{"zip_code":"4300806","prefecture":"静岡県","prefecture_kana":"シズオカケン","city":"浜松市中区","city_kana":"ハママツシナカク","town":"木戸町","town_kana":"キドチョウ","prefecture_code":22},"0948":{"zip_code":"4300948","prefecture":"静岡県","prefecture_kana":"シズオカケン","city":"浜松市中区","city_kana":"ハママツシナカク","town":"元目町","town_kana":"ゲンモクチョウ","prefecture_code":22},"0938":{"zip_code":"4300938","prefecture":"静岡県","prefecture_kana":"シズオカケン","city":"浜松市中区","city_kana":"ハママツシナカク","town":"紺屋町","town_kana":"コウヤマチ","prefecture_code":22},"0932":{"zip_code":"4300932","prefecture":"静岡県","prefecture_kana":"シズオカケン","city":"浜松市中区","city_kana":"ハママツシナカク","town":"肴町","town_kana":"サカナマチ","prefecture_code":22},"0807":{"zip_code":"4300807","prefecture":"静岡県","prefecture_kana":"シズオカケン","city":"浜松市中区","city_kana":"ハママツシナカク","town":"佐藤","town_kana":"サトウ","prefecture_code":22},"0905":{"zip_code":"4300905","prefecture":"静岡県","prefecture_kana":"シズオカケン","city":"浜松市中区","city_kana":"ハママツシナカク","town":"下池川町","town_kana":"シモイケガワチョウ","prefecture_code":22},"0911":{"zip_code":"4300911","prefecture":"静岡県","prefecture_kana":"シズオカケン","city":"浜松市中区","city_kana":"ハママツシナカク","town":"新津町","town_kana":"シンヅチョウ","prefecture_code":22},"0931":{"zip_code":"4300931","prefecture":"静岡県","prefecture_kana":"シズオカケン","city":"浜松市中区","city_kana":"ハママツシナカク","town":"神明町","town_kana":"シンメイチョウ","prefecture_code":22},"0903":{"zip_code":"4300903","prefecture":"静岡県","prefecture_kana":"シズオカケン","city":"浜松市中区","city_kana":"ハママツシナカク","town":"助信町","town_kana":"スケノブチョウ","prefecture_code":22},"0926":{"zip_code":"4300926","prefecture":"静岡県","prefecture_kana":"シズオカケン","city":"浜松市中区","city_kana":"ハママツシナカク","town":"砂山町","town_kana":"スナヤマチョウ","prefecture_code":22},"0906":{"zip_code":"4300906","prefecture":"静岡県","prefecture_kana":"シズオカケン","city":"浜松市中区","city_kana":"ハママツシナカク","town":"住吉","town_kana":"スミヨシ","prefecture_code":22},"0936":{"zip_code":"4300936","prefecture":"静岡県","prefecture_kana":"シズオカケン","city":"浜松市中区","city_kana":"ハママツシナカク","town":"大工町","town_kana":"ダイクマチ","prefecture_code":22},"0907":{"zip_code":"4300907","prefecture":"静岡県","prefecture_kana":"シズオカケン","city":"浜松市中区","city_kana":"ハママツシナカク","town":"高林","town_kana":"タカバヤシ","prefecture_code":22},"0944":{"zip_code":"4300944","prefecture":"静岡県","prefecture_kana":"シズオカケン","city":"浜松市中区","city_kana":"ハママツシナカク","town":"田町","town_kana":"タマチ","prefecture_code":22},"0934":{"zip_code":"4300934","prefecture":"静岡県","prefecture_kana":"シズオカケン","city":"浜松市中区","city_kana":"ハママツシナカク","town":"千歳町","town_kana":"チトセチョウ","prefecture_code":22},"0929":{"zip_code":"4300929","prefecture":"静岡県","prefecture_kana":"シズオカケン","city":"浜松市中区","city_kana":"ハママツシナカク","town":"中央","town_kana":"チュウオウ","prefecture_code":22},"0925":{"zip_code":"4300925","prefecture":"静岡県","prefecture_kana":"シズオカケン","city":"浜松市中区","city_kana":"ハママツシナカク","town":"寺島町","town_kana":"テラジマチョウ","prefecture_code":22},"0808":{"zip_code":"4300808","prefecture":"静岡県","prefecture_kana":"シズオカケン","city":"浜松市中区","city_kana":"ハママツシナカク","town":"天神町","town_kana":"テンジンマチ","prefecture_code":22},"0935":{"zip_code":"4300935","prefecture":"静岡県","prefecture_kana":"シズオカケン","city":"浜松市中区","city_kana":"ハママツシナカク","town":"伝馬町","town_kana":"テンマチョウ","prefecture_code":22},"0937":{"zip_code":"4300937","prefecture":"静岡県","prefecture_kana":"シズオカケン","city":"浜松市中区","city_kana":"ハママツシナカク","town":"利町","town_kana":"トギマチ","prefecture_code":22},"0917":{"zip_code":"4300917","prefecture":"静岡県","prefecture_kana":"シズオカケン","city":"浜松市中区","city_kana":"ハママツシナカク","town":"常盤町","town_kana":"トキワチョウ","prefecture_code":22},"0804":{"zip_code":"4300804","prefecture":"静岡県","prefecture_kana":"シズオカケン","city":"浜松市中区","city_kana":"ハママツシナカク","town":"富吉町","town_kana":"トミヨシチョウ","prefecture_code":22},"0904":{"zip_code":"4300904","prefecture":"静岡県","prefecture_kana":"シズオカケン","city":"浜松市中区","city_kana":"ハママツシナカク","town":"中沢町","town_kana":"ナカザワチョウ","prefecture_code":22},"0856":{"zip_code":"4300856","prefecture":"静岡県","prefecture_kana":"シズオカケン","city":"浜松市中区","city_kana":"ハママツシナカク","town":"中島","town_kana":"ナカジマ","prefecture_code":22},"0857":{"zip_code":"4300857","prefecture":"静岡県","prefecture_kana":"シズオカケン","city":"浜松市中区","city_kana":"ハママツシナカク","town":"中島町","town_kana":"ナカジマチョウ","prefecture_code":22},"0912":{"zip_code":"4300912","prefecture":"静岡県","prefecture_kana":"シズオカケン","city":"浜松市中区","city_kana":"ハママツシナカク","town":"茄子町","town_kana":"ナスビチョウ","prefecture_code":22},"0811":{"zip_code":"4300811","prefecture":"静岡県","prefecture_kana":"シズオカケン","city":"浜松市中区","city_kana":"ハママツシナカク","town":"名塚町","town_kana":"ナヅカチョウ","prefecture_code":22},"0919":{"zip_code":"4300919","prefecture":"静岡県","prefecture_kana":"シズオカケン","city":"浜松市中区","city_kana":"ハママツシナカク","town":"野口町","town_kana":"ノグチチョウ","prefecture_code":22},"0918":{"zip_code":"4300918","prefecture":"静岡県","prefecture_kana":"シズオカケン","city":"浜松市中区","city_kana":"ハママツシナカク","town":"八幡町","town_kana":"ハチマンチョウ","prefecture_code":22},"0916":{"zip_code":"4300916","prefecture":"静岡県","prefecture_kana":"シズオカケン","city":"浜松市中区","city_kana":"ハママツシナカク","town":"早馬町","town_kana":"ハヤウマチョウ","prefecture_code":22},"0915":{"zip_code":"4300915","prefecture":"静岡県","prefecture_kana":"シズオカケン","city":"浜松市中区","city_kana":"ハママツシナカク","town":"東田町","town_kana":"ヒガシタマチ","prefecture_code":22},"0901":{"zip_code":"4300901","prefecture":"静岡県","prefecture_kana":"シズオカケン","city":"浜松市中区","city_kana":"ハママツシナカク","town":"曳馬","town_kana":"ヒクマ","prefecture_code":22},"0902":{"zip_code":"4300902","prefecture":"静岡県","prefecture_kana":"シズオカケン","city":"浜松市中区","city_kana":"ハママツシナカク","town":"曳馬町","town_kana":"ヒクマチョウ","prefecture_code":22},"0913":{"zip_code":"4300913","prefecture":"静岡県","prefecture_kana":"シズオカケン","city":"浜松市中区","city_kana":"ハママツシナカク","town":"船越町","town_kana":"フナコシチョウ","prefecture_code":22},"0947":{"zip_code":"4300947","prefecture":"静岡県","prefecture_kana":"シズオカケン","city":"浜松市中区","city_kana":"ハママツシナカク","town":"松城町","town_kana":"マツシロチョウ","prefecture_code":22},"0851":{"zip_code":"4300851","prefecture":"静岡県","prefecture_kana":"シズオカケン","city":"浜松市中区","city_kana":"ハママツシナカク","town":"向宿","town_kana":"ムコウジュク","prefecture_code":22},"0946":{"zip_code":"4300946","prefecture":"静岡県","prefecture_kana":"シズオカケン","city":"浜松市中区","city_kana":"ハママツシナカク","town":"元城町","town_kana":"モトシロチョウ","prefecture_code":22},"0942":{"zip_code":"4300942","prefecture":"静岡県","prefecture_kana":"シズオカケン","city":"浜松市中区","city_kana":"ハママツシナカク","town":"元浜町","town_kana":"モトハマチョウ","prefecture_code":22},"0941":{"zip_code":"4300941","prefecture":"静岡県","prefecture_kana":"シズオカケン","city":"浜松市中区","city_kana":"ハママツシナカク","town":"山下町","town_kana":"ヤマシタチョウ","prefecture_code":22},"0924":{"zip_code":"4300924","prefecture":"静岡県","prefecture_kana":"シズオカケン","city":"浜松市中区","city_kana":"ハママツシナカク","town":"龍禅寺町","town_kana":"リュウゼンジチョウ","prefecture_code":22},"0852":{"zip_code":"4300852","prefecture":"静岡県","prefecture_kana":"シズオカケン","city":"浜松市中区","city_kana":"ハママツシナカク","town":"領家","town_kana":"リョウケ","prefecture_code":22},"0939":{"zip_code":"4300939","prefecture":"静岡県","prefecture_kana":"シズオカケン","city":"浜松市中区","city_kana":"ハママツシナカク","town":"連尺町","town_kana":"レンジャクチョウ","prefecture_code":22},"0803":{"zip_code":"4300803","prefecture":"静岡県","prefecture_kana":"シズオカケン","city":"浜松市東区","city_kana":"ハママツシヒガシク","town":"植松町","town_kana":"ウエマツチョウ","prefecture_code":22},"0801":{"zip_code":"4300801","prefecture":"静岡県","prefecture_kana":"シズオカケン","city":"浜松市東区","city_kana":"ハママツシヒガシク","town":"神立町","town_kana":"コウダチチョウ","prefecture_code":22},"0802":{"zip_code":"4300802","prefecture":"静岡県","prefecture_kana":"シズオカケン","city":"浜松市東区","city_kana":"ハママツシヒガシク","town":"将監町","town_kana":"ショウゲンチョウ","prefecture_code":22},"0844":{"zip_code":"4300844","prefecture":"静岡県","prefecture_kana":"シズオカケン","city":"浜松市南区","city_kana":"ハママツシミナミク","town":"江之島町","town_kana":"エノシマチョウ","prefecture_code":22},"0835":{"zip_code":"4300835","prefecture":"静岡県","prefecture_kana":"シズオカケン","city":"浜松市南区","city_kana":"ハママツシミナミク","town":"遠州浜","town_kana":"エンシュウハマ","prefecture_code":22},"0842":{"zip_code":"4300842","prefecture":"静岡県","prefecture_kana":"シズオカケン","city":"浜松市南区","city_kana":"ハママツシミナミク","town":"大柳町","town_kana":"オオヤギチョウ","prefecture_code":22},"0814":{"zip_code":"4300814","prefecture":"静岡県","prefecture_kana":"シズオカケン","city":"浜松市南区","city_kana":"ハママツシミナミク","town":"恩地町","town_kana":"オンヂチョウ","prefecture_code":22},"0823":{"zip_code":"4300823","prefecture":"静岡県","prefecture_kana":"シズオカケン","city":"浜松市南区","city_kana":"ハママツシミナミク","town":"河輪町","town_kana":"カワワチョウ","prefecture_code":22},"0831":{"zip_code":"4300831","prefecture":"静岡県","prefecture_kana":"シズオカケン","city":"浜松市南区","city_kana":"ハママツシミナミク","town":"御給町","town_kana":"ゴキュウチョウ","prefecture_code":22},"0816":{"zip_code":"4300816","prefecture":"静岡県","prefecture_kana":"シズオカケン","city":"浜松市南区","city_kana":"ハママツシミナミク","town":"参野町","town_kana":"サンジノチョウ","prefecture_code":22},"0833":{"zip_code":"4300833","prefecture":"静岡県","prefecture_kana":"シズオカケン","city":"浜松市南区","city_kana":"ハママツシミナミク","town":"三新町","town_kana":"サンシンチョウ","prefecture_code":22},"0826":{"zip_code":"4300826","prefecture":"静岡県","prefecture_kana":"シズオカケン","city":"浜松市南区","city_kana":"ハママツシミナミク","town":"四本松町","town_kana":"シホンマツチョウ","prefecture_code":22},"0825":{"zip_code":"4300825","prefecture":"静岡県","prefecture_kana":"シズオカケン","city":"浜松市南区","city_kana":"ハママツシミナミク","town":"下江町","town_kana":"シモエチョウ","prefecture_code":22},"0846":{"zip_code":"4300846","prefecture":"静岡県","prefecture_kana":"シズオカケン","city":"浜松市南区","city_kana":"ハママツシミナミク","town":"白羽町","town_kana":"シロワチョウ","prefecture_code":22},"0817":{"zip_code":"4300817","prefecture":"静岡県","prefecture_kana":"シズオカケン","city":"浜松市南区","city_kana":"ハママツシミナミク","town":"頭陀寺町","town_kana":"ズダジチョウ","prefecture_code":22},"0827":{"zip_code":"4300827","prefecture":"静岡県","prefecture_kana":"シズオカケン","city":"浜松市南区","city_kana":"ハママツシミナミク","town":"立野町","town_kana":"タテノチョウ","prefecture_code":22},"0815":{"zip_code":"4300815","prefecture":"静岡県","prefecture_kana":"シズオカケン","city":"浜松市南区","city_kana":"ハママツシミナミク","town":"都盛町","town_kana":"ツモリチョウ","prefecture_code":22},"0841":{"zip_code":"4300841","prefecture":"静岡県","prefecture_kana":"シズオカケン","city":"浜松市南区","city_kana":"ハママツシミナミク","town":"寺脇町","town_kana":"テラワキチョウ","prefecture_code":22},"0824":{"zip_code":"4300824","prefecture":"静岡県","prefecture_kana":"シズオカケン","city":"浜松市南区","city_kana":"ハママツシミナミク","town":"富屋町","town_kana":"トミヤチョウ","prefecture_code":22},"0845":{"zip_code":"4300845","prefecture":"静岡県","prefecture_kana":"シズオカケン","city":"浜松市南区","city_kana":"ハママツシミナミク","town":"中田島町","town_kana":"ナカタジマチョウ","prefecture_code":22},"0832":{"zip_code":"4300832","prefecture":"静岡県","prefecture_kana":"シズオカケン","city":"浜松市南区","city_kana":"ハママツシミナミク","town":"長田町","town_kana":"ナガタチョウ","prefecture_code":22},"0837":{"zip_code":"4300837","prefecture":"静岡県","prefecture_kana":"シズオカケン","city":"浜松市南区","city_kana":"ハママツシミナミク","town":"西島町","town_kana":"ニシジマチョウ","prefecture_code":22},"0821":{"zip_code":"4300821","prefecture":"静岡県","prefecture_kana":"シズオカケン","city":"浜松市南区","city_kana":"ハママツシミナミク","town":"西町","town_kana":"ニシマチ","prefecture_code":22},"0838":{"zip_code":"4300838","prefecture":"静岡県","prefecture_kana":"シズオカケン","city":"浜松市南区","city_kana":"ハママツシミナミク","town":"鼡野町","town_kana":"ネズミノチョウ","prefecture_code":22},"0822":{"zip_code":"4300822","prefecture":"静岡県","prefecture_kana":"シズオカケン","city":"浜松市南区","city_kana":"ハママツシミナミク","town":"東町","town_kana":"ヒガシマチ","prefecture_code":22},"0836":{"zip_code":"4300836","prefecture":"静岡県","prefecture_kana":"シズオカケン","city":"浜松市南区","city_kana":"ハママツシミナミク","town":"福島町","town_kana":"フクシマチョウ","prefecture_code":22},"0843":{"zip_code":"4300843","prefecture":"静岡県","prefecture_kana":"シズオカケン","city":"浜松市南区","city_kana":"ハママツシミナミク","town":"福塚町","town_kana":"フクヅカチョウ","prefecture_code":22},"0813":{"zip_code":"4300813","prefecture":"静岡県","prefecture_kana":"シズオカケン","city":"浜松市南区","city_kana":"ハママツシミナミク","town":"芳川町","town_kana":"ホウガワチョウ","prefecture_code":22},"0812":{"zip_code":"4300812","prefecture":"静岡県","prefecture_kana":"シズオカケン","city":"浜松市南区","city_kana":"ハママツシミナミク","town":"本郷町","town_kana":"ホンゴウチョウ","prefecture_code":22},"0834":{"zip_code":"4300834","prefecture":"静岡県","prefecture_kana":"シズオカケン","city":"浜松市南区","city_kana":"ハママツシミナミク","town":"松島町","town_kana":"マツシマチョウ","prefecture_code":22},"0853":{"zip_code":"4300853","prefecture":"静岡県","prefecture_kana":"シズオカケン","city":"浜松市南区","city_kana":"ハママツシミナミク","town":"三島町","town_kana":"ミシマチョウ","prefecture_code":22},"0855":{"zip_code":"4300855","prefecture":"静岡県","prefecture_kana":"シズオカケン","city":"浜松市南区","city_kana":"ハママツシミナミク","town":"楊子町","town_kana":"ヨウズチョウ","prefecture_code":22}}