{"3121":{"zip_code":"4313121","prefecture":"静岡県","prefecture_kana":"シズオカケン","city":"浜松市東区","city_kana":"ハママツシヒガシク","town":"有玉北町","town_kana":"アリタマキタマチ","prefecture_code":22},"3126":{"zip_code":"4313126","prefecture":"静岡県","prefecture_kana":"シズオカケン","city":"浜松市東区","city_kana":"ハママツシヒガシク","town":"有玉台","town_kana":"アリタマダイ","prefecture_code":22},"3123":{"zip_code":"4313123","prefecture":"静岡県","prefecture_kana":"シズオカケン","city":"浜松市東区","city_kana":"ハママツシヒガシク","town":"有玉西町","town_kana":"アリタマニシマチ","prefecture_code":22},"3122":{"zip_code":"4313122","prefecture":"静岡県","prefecture_kana":"シズオカケン","city":"浜松市東区","city_kana":"ハママツシヒガシク","town":"有玉南町","town_kana":"アリタマミナミマチ","prefecture_code":22},"3112":{"zip_code":"4313112","prefecture":"静岡県","prefecture_kana":"シズオカケン","city":"浜松市東区","city_kana":"ハママツシヒガシク","town":"大島町","town_kana":"オオシマチョウ","prefecture_code":22},"3113":{"zip_code":"4313113","prefecture":"静岡県","prefecture_kana":"シズオカケン","city":"浜松市東区","city_kana":"ハママツシヒガシク","town":"大瀬町","town_kana":"オオセチョウ","prefecture_code":22},"3106":{"zip_code":"4313106","prefecture":"静岡県","prefecture_kana":"シズオカケン","city":"浜松市東区","city_kana":"ハママツシヒガシク","town":"笠井上町","town_kana":"カサイカミマチ","prefecture_code":22},"3105":{"zip_code":"4313105","prefecture":"静岡県","prefecture_kana":"シズオカケン","city":"浜松市東区","city_kana":"ハママツシヒガシク","town":"笠井新田町","town_kana":"カサイシンデンチョウ","prefecture_code":22},"3107":{"zip_code":"4313107","prefecture":"静岡県","prefecture_kana":"シズオカケン","city":"浜松市東区","city_kana":"ハママツシヒガシク","town":"笠井町","town_kana":"カサイチョウ","prefecture_code":22},"3104":{"zip_code":"4313104","prefecture":"静岡県","prefecture_kana":"シズオカケン","city":"浜松市東区","city_kana":"ハママツシヒガシク","town":"貴平町","town_kana":"キヘイチョウ","prefecture_code":22},"3103":{"zip_code":"4313103","prefecture":"静岡県","prefecture_kana":"シズオカケン","city":"浜松市東区","city_kana":"ハママツシヒガシク","town":"常光町","town_kana":"ジョウコウチョウ","prefecture_code":22},"3114":{"zip_code":"4313114","prefecture":"静岡県","prefecture_kana":"シズオカケン","city":"浜松市東区","city_kana":"ハママツシヒガシク","town":"積志町","town_kana":"セキシチョウ","prefecture_code":22},"3108":{"zip_code":"4313108","prefecture":"静岡県","prefecture_kana":"シズオカケン","city":"浜松市東区","city_kana":"ハママツシヒガシク","town":"恒武町","town_kana":"ツネタケチョウ","prefecture_code":22},"3102":{"zip_code":"4313102","prefecture":"静岡県","prefecture_kana":"シズオカケン","city":"浜松市東区","city_kana":"ハママツシヒガシク","town":"豊西町","town_kana":"トヨニシチョウ","prefecture_code":22},"3111":{"zip_code":"4313111","prefecture":"静岡県","prefecture_kana":"シズオカケン","city":"浜松市東区","city_kana":"ハママツシヒガシク","town":"中郡町","town_kana":"ナカゴオリチョウ","prefecture_code":22},"3115":{"zip_code":"4313115","prefecture":"静岡県","prefecture_kana":"シズオカケン","city":"浜松市東区","city_kana":"ハママツシヒガシク","town":"西ケ崎町","town_kana":"ニシガサキチョウ","prefecture_code":22},"3124":{"zip_code":"4313124","prefecture":"静岡県","prefecture_kana":"シズオカケン","city":"浜松市東区","city_kana":"ハママツシヒガシク","town":"半田町","town_kana":"ハンダチョウ","prefecture_code":22},"3125":{"zip_code":"4313125","prefecture":"静岡県","prefecture_kana":"シズオカケン","city":"浜松市東区","city_kana":"ハママツシヒガシク","town":"半田山","town_kana":"ハンダヤマ","prefecture_code":22},"3101":{"zip_code":"4313101","prefecture":"静岡県","prefecture_kana":"シズオカケン","city":"浜松市東区","city_kana":"ハママツシヒガシク","town":"豊町","town_kana":"ユタカチョウ","prefecture_code":22},"1111":{"zip_code":"4311111","prefecture":"静岡県","prefecture_kana":"シズオカケン","city":"浜松市西区","city_kana":"ハママツシニシク","town":"伊左地町","town_kana":"イサジチョウ","prefecture_code":22},"1112":{"zip_code":"4311112","prefecture":"静岡県","prefecture_kana":"シズオカケン","city":"浜松市西区","city_kana":"ハママツシニシク","town":"大人見町","town_kana":"オオヒトミチョウ","prefecture_code":22},"1102":{"zip_code":"4311102","prefecture":"静岡県","prefecture_kana":"シズオカケン","city":"浜松市西区","city_kana":"ハママツシニシク","town":"大山町","town_kana":"オオヤマチョウ","prefecture_code":22},"1209":{"zip_code":"4311209","prefecture":"静岡県","prefecture_kana":"シズオカケン","city":"浜松市西区","city_kana":"ハママツシニシク","town":"舘山寺町","town_kana":"カンザンジチョウ","prefecture_code":22},"1205":{"zip_code":"4311205","prefecture":"静岡県","prefecture_kana":"シズオカケン","city":"浜松市西区","city_kana":"ハママツシニシク","town":"協和町","town_kana":"キョウワチョウ","prefecture_code":22},"1202":{"zip_code":"4311202","prefecture":"静岡県","prefecture_kana":"シズオカケン","city":"浜松市西区","city_kana":"ハママツシニシク","town":"呉松町","town_kana":"クレマツチョウ","prefecture_code":22},"1103":{"zip_code":"4311103","prefecture":"静岡県","prefecture_kana":"シズオカケン","city":"浜松市西区","city_kana":"ハママツシニシク","town":"湖東町","town_kana":"コトウチョウ","prefecture_code":22},"1113":{"zip_code":"4311113","prefecture":"静岡県","prefecture_kana":"シズオカケン","city":"浜松市西区","city_kana":"ハママツシニシク","town":"古人見町","town_kana":"コヒトミチョウ","prefecture_code":22},"1104":{"zip_code":"4311104","prefecture":"静岡県","prefecture_kana":"シズオカケン","city":"浜松市西区","city_kana":"ハママツシニシク","town":"桜台","town_kana":"サクラダイ","prefecture_code":22},"1114":{"zip_code":"4311114","prefecture":"静岡県","prefecture_kana":"シズオカケン","city":"浜松市西区","city_kana":"ハママツシニシク","town":"佐浜町","town_kana":"サハマチョウ","prefecture_code":22},"0201":{"zip_code":"4310201","prefecture":"静岡県","prefecture_kana":"シズオカケン","city":"浜松市西区","city_kana":"ハママツシニシク","town":"篠原町","town_kana":"シノハラチョウ","prefecture_code":22},"1208":{"zip_code":"4311208","prefecture":"静岡県","prefecture_kana":"シズオカケン","city":"浜松市西区","city_kana":"ハママツシニシク","town":"庄内町","town_kana":"ショウナイチョウ","prefecture_code":22},"1206":{"zip_code":"4311206","prefecture":"静岡県","prefecture_kana":"シズオカケン","city":"浜松市西区","city_kana":"ハママツシニシク","town":"庄和町","town_kana":"ショウワチョウ","prefecture_code":22},"1204":{"zip_code":"4311204","prefecture":"静岡県","prefecture_kana":"シズオカケン","city":"浜松市西区","city_kana":"ハママツシニシク","town":"白洲町","town_kana":"シラスチョウ","prefecture_code":22},"0202":{"zip_code":"4310202","prefecture":"静岡県","prefecture_kana":"シズオカケン","city":"浜松市西区","city_kana":"ハママツシニシク","town":"坪井町","town_kana":"ツボイチョウ","prefecture_code":22},"1203":{"zip_code":"4311203","prefecture":"静岡県","prefecture_kana":"シズオカケン","city":"浜松市西区","city_kana":"ハママツシニシク","town":"平松町","town_kana":"ヒラマツチョウ","prefecture_code":22},"1201":{"zip_code":"4311201","prefecture":"静岡県","prefecture_kana":"シズオカケン","city":"浜松市西区","city_kana":"ハママツシニシク","town":"深萩町","town_kana":"フカハギチョウ","prefecture_code":22},"0212":{"zip_code":"4310212","prefecture":"静岡県","prefecture_kana":"シズオカケン","city":"浜松市西区","city_kana":"ハママツシニシク","town":"舞阪町長十新田","town_kana":"マイサカチョウチョウジュウシンデン","prefecture_code":22},"0213":{"zip_code":"4310213","prefecture":"静岡県","prefecture_kana":"シズオカケン","city":"浜松市西区","city_kana":"ハママツシニシク","town":"舞阪町浜田","town_kana":"マイサカチョウハマダ","prefecture_code":22},"0214":{"zip_code":"4310214","prefecture":"静岡県","prefecture_kana":"シズオカケン","city":"浜松市西区","city_kana":"ハママツシニシク","town":"舞阪町弁天島","town_kana":"マイサカチョウベンテンジマ","prefecture_code":22},"0211":{"zip_code":"4310211","prefecture":"静岡県","prefecture_kana":"シズオカケン","city":"浜松市西区","city_kana":"ハママツシニシク","town":"舞阪町舞阪","town_kana":"マイサカチョウマイサカ","prefecture_code":22},"0203":{"zip_code":"4310203","prefecture":"静岡県","prefecture_kana":"シズオカケン","city":"浜松市西区","city_kana":"ハママツシニシク","town":"馬郡町","town_kana":"マゴオリチョウ","prefecture_code":22},"1207":{"zip_code":"4311207","prefecture":"静岡県","prefecture_kana":"シズオカケン","city":"浜松市西区","city_kana":"ハママツシニシク","town":"村櫛町","town_kana":"ムラクシチョウ","prefecture_code":22},"0103":{"zip_code":"4310103","prefecture":"静岡県","prefecture_kana":"シズオカケン","city":"浜松市西区","city_kana":"ハママツシニシク","town":"雄踏","town_kana":"ユウトウ","prefecture_code":22},"0102":{"zip_code":"4310102","prefecture":"静岡県","prefecture_kana":"シズオカケン","city":"浜松市西区","city_kana":"ハママツシニシク","town":"雄踏町宇布見","town_kana":"ユウトウチョウウブミ","prefecture_code":22},"0101":{"zip_code":"4310101","prefecture":"静岡県","prefecture_kana":"シズオカケン","city":"浜松市西区","city_kana":"ハママツシニシク","town":"雄踏町山崎","town_kana":"ユウトウチョウヤマザキ","prefecture_code":22},"1101":{"zip_code":"4311101","prefecture":"静岡県","prefecture_kana":"シズオカケン","city":"浜松市西区","city_kana":"ハママツシニシク","town":"和光町","town_kana":"ワコウチョウ","prefecture_code":22},"1115":{"zip_code":"4311115","prefecture":"静岡県","prefecture_kana":"シズオカケン","city":"浜松市西区","city_kana":"ハママツシニシク","town":"和地町","town_kana":"ワジチョウ","prefecture_code":22},"2212":{"zip_code":"4312212","prefecture":"静岡県","prefecture_kana":"シズオカケン","city":"浜松市北区","city_kana":"ハママツシキタク","town":"引佐町井伊谷","town_kana":"イナサチョウイイノヤ","prefecture_code":22},"2205":{"zip_code":"4312205","prefecture":"静岡県","prefecture_kana":"シズオカケン","city":"浜松市北区","city_kana":"ハママツシキタク","town":"引佐町伊平","town_kana":"イナサチョウイダイラ","prefecture_code":22},"2224":{"zip_code":"4312224","prefecture":"静岡県","prefecture_kana":"シズオカケン","city":"浜松市北区","city_kana":"ハママツシキタク","town":"引佐町奥山","town_kana":"イナサチョウオクヤマ","prefecture_code":22},"2213":{"zip_code":"4312213","prefecture":"静岡県","prefecture_kana":"シズオカケン","city":"浜松市北区","city_kana":"ハママツシキタク","town":"引佐町金指","town_kana":"イナサチョウカナサシ","prefecture_code":22},"2225":{"zip_code":"4312225","prefecture":"静岡県","prefecture_kana":"シズオカケン","city":"浜松市北区","city_kana":"ハママツシキタク","town":"引佐町狩宿","town_kana":"イナサチョウカリシュク","prefecture_code":22},"2202":{"zip_code":"4312202","prefecture":"静岡県","prefecture_kana":"シズオカケン","city":"浜松市北区","city_kana":"ハママツシキタク","town":"引佐町川名","town_kana":"イナサチョウカワナ","prefecture_code":22},"2222":{"zip_code":"4312222","prefecture":"静岡県","prefecture_kana":"シズオカケン","city":"浜松市北区","city_kana":"ハママツシキタク","town":"引佐町黒渕","town_kana":"イナサチョウクロブチ","prefecture_code":22},"2537":{"zip_code":"4312537","prefecture":"静岡県","prefecture_kana":"シズオカケン","city":"浜松市北区","city_kana":"ハママツシキタク","town":"引佐町渋川","town_kana":"イナサチョウシブカワ","prefecture_code":22},"2533":{"zip_code":"4312533","prefecture":"静岡県","prefecture_kana":"シズオカケン","city":"浜松市北区","city_kana":"ハママツシキタク","town":"引佐町四方浄","town_kana":"イナサチョウシホウジョウ","prefecture_code":22},"2215":{"zip_code":"4312215","prefecture":"静岡県","prefecture_kana":"シズオカケン","city":"浜松市北区","city_kana":"ハママツシキタク","town":"引佐町白岩","town_kana":"イナサチョウシライワ","prefecture_code":22},"2536":{"zip_code":"4312536","prefecture":"静岡県","prefecture_kana":"シズオカケン","city":"浜松市北区","city_kana":"ハママツシキタク","town":"引佐町田沢","town_kana":"イナサチョウタザワ","prefecture_code":22},"2221":{"zip_code":"4312221","prefecture":"静岡県","prefecture_kana":"シズオカケン","city":"浜松市北区","city_kana":"ハママツシキタク","town":"引佐町田畑","town_kana":"イナサチョウタバタケ","prefecture_code":22},"2223":{"zip_code":"4312223","prefecture":"静岡県","prefecture_kana":"シズオカケン","city":"浜松市北区","city_kana":"ハママツシキタク","town":"引佐町栃窪","town_kana":"イナサチョウトチクボ","prefecture_code":22},"2204":{"zip_code":"4312204","prefecture":"静岡県","prefecture_kana":"シズオカケン","city":"浜松市北区","city_kana":"ハママツシキタク","town":"引佐町兎荷","town_kana":"イナサチョウトッカ","prefecture_code":22},"2532":{"zip_code":"4312532","prefecture":"静岡県","prefecture_kana":"シズオカケン","city":"浜松市北区","city_kana":"ハママツシキタク","town":"引佐町西久留女木","town_kana":"イナサチョウニシクルメキ","prefecture_code":22},"2206":{"zip_code":"4312206","prefecture":"静岡県","prefecture_kana":"シズオカケン","city":"浜松市北区","city_kana":"ハママツシキタク","town":"引佐町西黒田","town_kana":"イナサチョウニシクロダ","prefecture_code":22},"2211":{"zip_code":"4312211","prefecture":"静岡県","prefecture_kana":"シズオカケン","city":"浜松市北区","city_kana":"ハママツシキタク","town":"引佐町花平","town_kana":"イナサチョウハナダイラ","prefecture_code":22},"2531":{"zip_code":"4312531","prefecture":"静岡県","prefecture_kana":"シズオカケン","city":"浜松市北区","city_kana":"ハママツシキタク","town":"引佐町東久留女木","town_kana":"イナサチョウヒガシクルメキ","prefecture_code":22},"2201":{"zip_code":"4312201","prefecture":"静岡県","prefecture_kana":"シズオカケン","city":"浜松市北区","city_kana":"ハママツシキタク","town":"引佐町東久留女木","town_kana":"イナサチョウヒガシクルメキ","prefecture_code":22},"2207":{"zip_code":"4312207","prefecture":"静岡県","prefecture_kana":"シズオカケン","city":"浜松市北区","city_kana":"ハママツシキタク","town":"引佐町東黒田","town_kana":"イナサチョウヒガシクロダ","prefecture_code":22},"2534":{"zip_code":"4312534","prefecture":"静岡県","prefecture_kana":"シズオカケン","city":"浜松市北区","city_kana":"ハママツシキタク","town":"引佐町別所","town_kana":"イナサチョウベッシヨ","prefecture_code":22},"2535":{"zip_code":"4312535","prefecture":"静岡県","prefecture_kana":"シズオカケン","city":"浜松市北区","city_kana":"ハママツシキタク","town":"引佐町的場","town_kana":"イナサチョウマトバ","prefecture_code":22},"2203":{"zip_code":"4312203","prefecture":"静岡県","prefecture_kana":"シズオカケン","city":"浜松市北区","city_kana":"ハママツシキタク","town":"引佐町三岳","town_kana":"イナサチョウミタケ","prefecture_code":22},"2226":{"zip_code":"4312226","prefecture":"静岡県","prefecture_kana":"シズオカケン","city":"浜松市北区","city_kana":"ハママツシキタク","town":"引佐町谷沢","town_kana":"イナサチョウヤザワ","prefecture_code":22},"2214":{"zip_code":"4312214","prefecture":"静岡県","prefecture_kana":"シズオカケン","city":"浜松市北区","city_kana":"ハママツシキタク","town":"引佐町横尾","town_kana":"イナサチョウヨコオ","prefecture_code":22},"2216":{"zip_code":"4312216","prefecture":"静岡県","prefecture_kana":"シズオカケン","city":"浜松市北区","city_kana":"ハママツシキタク","town":"神宮寺町","town_kana":"ジングウジチョウ","prefecture_code":22},"2103":{"zip_code":"4312103","prefecture":"静岡県","prefecture_kana":"シズオカケン","city":"浜松市北区","city_kana":"ハママツシキタク","town":"新都田","town_kana":"シンミヤコダ","prefecture_code":22},"2101":{"zip_code":"4312101","prefecture":"静岡県","prefecture_kana":"シズオカケン","city":"浜松市北区","city_kana":"ハママツシキタク","town":"滝沢町","town_kana":"タキサワチョウ","prefecture_code":22},"1301":{"zip_code":"4311301","prefecture":"静岡県","prefecture_kana":"シズオカケン","city":"浜松市北区","city_kana":"ハママツシキタク","town":"細江町小野","town_kana":"ホソエチョウオノ","prefecture_code":22},"1305":{"zip_code":"4311305","prefecture":"静岡県","prefecture_kana":"シズオカケン","city":"浜松市北区","city_kana":"ハママツシキタク","town":"細江町気賀","town_kana":"ホソエチョウキガ","prefecture_code":22},"1304":{"zip_code":"4311304","prefecture":"静岡県","prefecture_kana":"シズオカケン","city":"浜松市北区","city_kana":"ハママツシキタク","town":"細江町中川","town_kana":"ホソエチョウナカガワ","prefecture_code":22},"1302":{"zip_code":"4311302","prefecture":"静岡県","prefecture_kana":"シズオカケン","city":"浜松市北区","city_kana":"ハママツシキタク","town":"細江町広岡","town_kana":"ホソエチョウヒロオカ","prefecture_code":22},"1303":{"zip_code":"4311303","prefecture":"静岡県","prefecture_kana":"シズオカケン","city":"浜松市北区","city_kana":"ハママツシキタク","town":"細江町三和","town_kana":"ホソエチョウミワ","prefecture_code":22},"1404":{"zip_code":"4311404","prefecture":"静岡県","prefecture_kana":"シズオカケン","city":"浜松市北区","city_kana":"ハママツシキタク","town":"三ヶ日町宇志","town_kana":"ミッカビチョウウシ","prefecture_code":22},"1403":{"zip_code":"4311403","prefecture":"静岡県","prefecture_kana":"シズオカケン","city":"浜松市北区","city_kana":"ハママツシキタク","town":"三ヶ日町大崎","town_kana":"ミッカビチョウオオサキ","prefecture_code":22},"1407":{"zip_code":"4311407","prefecture":"静岡県","prefecture_kana":"シズオカケン","city":"浜松市北区","city_kana":"ハママツシキタク","town":"三ヶ日町大谷","town_kana":"ミッカビチョウオオヤ","prefecture_code":22},"1415":{"zip_code":"4311415","prefecture":"静岡県","prefecture_kana":"シズオカケン","city":"浜松市北区","city_kana":"ハママツシキタク","town":"三ヶ日町岡本","town_kana":"ミッカビチョウオカモト","prefecture_code":22},"1425":{"zip_code":"4311425","prefecture":"静岡県","prefecture_kana":"シズオカケン","city":"浜松市北区","city_kana":"ハママツシキタク","town":"三ヶ日町上尾奈","town_kana":"ミッカビチョウカミオナ","prefecture_code":22},"1406":{"zip_code":"4311406","prefecture":"静岡県","prefecture_kana":"シズオカケン","city":"浜松市北区","city_kana":"ハママツシキタク","town":"三ヶ日町駒場","town_kana":"ミッカビチョウコマバ","prefecture_code":22},"1401":{"zip_code":"4311401","prefecture":"静岡県","prefecture_kana":"シズオカケン","city":"浜松市北区","city_kana":"ハママツシキタク","town":"三ヶ日町佐久米","town_kana":"ミッカビチョウサクメ","prefecture_code":22},"1424":{"zip_code":"4311424","prefecture":"静岡県","prefecture_kana":"シズオカケン","city":"浜松市北区","city_kana":"ハママツシキタク","town":"三ヶ日町下尾奈","town_kana":"ミッカビチョウシモオナ","prefecture_code":22},"1412":{"zip_code":"4311412","prefecture":"静岡県","prefecture_kana":"シズオカケン","city":"浜松市北区","city_kana":"ハママツシキタク","town":"三ヶ日町只木","town_kana":"ミッカビチョウタダキ","prefecture_code":22},"1402":{"zip_code":"4311402","prefecture":"静岡県","prefecture_kana":"シズオカケン","city":"浜松市北区","city_kana":"ハママツシキタク","town":"三ヶ日町都筑","town_kana":"ミッカビチョウツヅキ","prefecture_code":22},"1405":{"zip_code":"4311405","prefecture":"静岡県","prefecture_kana":"シズオカケン","city":"浜松市北区","city_kana":"ハママツシキタク","town":"三ヶ日町津々崎","town_kana":"ミッカビチョウツヅサキ","prefecture_code":22},"1416":{"zip_code":"4311416","prefecture":"静岡県","prefecture_kana":"シズオカケン","city":"浜松市北区","city_kana":"ハママツシキタク","town":"三ヶ日町釣","town_kana":"ミッカビチョウツリ","prefecture_code":22},"1423":{"zip_code":"4311423","prefecture":"静岡県","prefecture_kana":"シズオカケン","city":"浜松市北区","city_kana":"ハママツシキタク","town":"三ヶ日町鵺代","town_kana":"ミッカビチョウヌエシロ","prefecture_code":22},"1422":{"zip_code":"4311422","prefecture":"静岡県","prefecture_kana":"シズオカケン","city":"浜松市北区","city_kana":"ハママツシキタク","town":"三ヶ日町日比沢","town_kana":"ミッカビチョウヒビサワ","prefecture_code":22},"1417":{"zip_code":"4311417","prefecture":"静岡県","prefecture_kana":"シズオカケン","city":"浜松市北区","city_kana":"ハママツシキタク","town":"三ヶ日町平山","town_kana":"ミッカビチョウヒラヤマ","prefecture_code":22},"1411":{"zip_code":"4311411","prefecture":"静岡県","prefecture_kana":"シズオカケン","city":"浜松市北区","city_kana":"ハママツシキタク","town":"三ヶ日町福長","town_kana":"ミッカビチョウフクナガ","prefecture_code":22},"1421":{"zip_code":"4311421","prefecture":"静岡県","prefecture_kana":"シズオカケン","city":"浜松市北区","city_kana":"ハママツシキタク","town":"三ヶ日町本坂","town_kana":"ミッカビチョウホンザカ","prefecture_code":22},"1413":{"zip_code":"4311413","prefecture":"静岡県","prefecture_kana":"シズオカケン","city":"浜松市北区","city_kana":"ハママツシキタク","town":"三ヶ日町摩訶耶","town_kana":"ミッカビチョウマカヤ","prefecture_code":22},"1414":{"zip_code":"4311414","prefecture":"静岡県","prefecture_kana":"シズオカケン","city":"浜松市北区","city_kana":"ハママツシキタク","town":"三ヶ日町三ヶ日","town_kana":"ミッカビチョウミッカビ","prefecture_code":22},"2102":{"zip_code":"4312102","prefecture":"静岡県","prefecture_kana":"シズオカケン","city":"浜松市北区","city_kana":"ハママツシキタク","town":"都田町","town_kana":"ミヤコダチョウ","prefecture_code":22},"2104":{"zip_code":"4312104","prefecture":"静岡県","prefecture_kana":"シズオカケン","city":"浜松市北区","city_kana":"ハママツシキタク","town":"鷲沢町","town_kana":"ワシザワチョウ","prefecture_code":22},"3425":{"zip_code":"4313425","prefecture":"静岡県","prefecture_kana":"シズオカケン","city":"浜松市天竜区","city_kana":"ハママツシテンリュウク","town":"青谷","town_kana":"アオヤ","prefecture_code":22},"3535":{"zip_code":"4313535","prefecture":"静岡県","prefecture_kana":"シズオカケン","city":"浜松市天竜区","city_kana":"ハママツシテンリュウク","town":"芦窪","town_kana":"アシクボ","prefecture_code":22},"3536":{"zip_code":"4313536","prefecture":"静岡県","prefecture_kana":"シズオカケン","city":"浜松市天竜区","city_kana":"ハママツシテンリュウク","town":"阿寺","town_kana":"アテラ","prefecture_code":22},"3428":{"zip_code":"4313428","prefecture":"静岡県","prefecture_kana":"シズオカケン","city":"浜松市天竜区","city_kana":"ハママツシテンリュウク","town":"石神","town_kana":"イシガミ","prefecture_code":22},"3762":{"zip_code":"4313762","prefecture":"静岡県","prefecture_kana":"シズオカケン","city":"浜松市天竜区","city_kana":"ハママツシテンリュウク","town":"伊砂","town_kana":"イスカ","prefecture_code":22},"3755":{"zip_code":"4313755","prefecture":"静岡県","prefecture_kana":"シズオカケン","city":"浜松市天竜区","city_kana":"ハママツシテンリュウク","town":"大川","town_kana":"オオカワ","prefecture_code":22},"3642":{"zip_code":"4313642","prefecture":"静岡県","prefecture_kana":"シズオカケン","city":"浜松市天竜区","city_kana":"ハママツシテンリュウク","town":"大栗安","town_kana":"オオグリヤス","prefecture_code":22},"3305":{"zip_code":"4313305","prefecture":"静岡県","prefecture_kana":"シズオカケン","city":"浜松市天竜区","city_kana":"ハママツシテンリュウク","town":"大谷","town_kana":"オオヤ","prefecture_code":22},"3752":{"zip_code":"4313752","prefecture":"静岡県","prefecture_kana":"シズオカケン","city":"浜松市天竜区","city_kana":"ハママツシテンリュウク","town":"小川","town_kana":"オガワ","prefecture_code":22},"3427":{"zip_code":"4313427","prefecture":"静岡県","prefecture_kana":"シズオカケン","city":"浜松市天竜区","city_kana":"ハママツシテンリュウク","town":"上野","town_kana":"カミノ","prefecture_code":22},"3643":{"zip_code":"4313643","prefecture":"静岡県","prefecture_kana":"シズオカケン","city":"浜松市天竜区","city_kana":"ハママツシテンリュウク","town":"神沢","town_kana":"カンザワ","prefecture_code":22},"3641":{"zip_code":"4313641","prefecture":"静岡県","prefecture_kana":"シズオカケン","city":"浜松市天竜区","city_kana":"ハママツシテンリュウク","town":"熊","town_kana":"クマ","prefecture_code":22},"3753":{"zip_code":"4313753","prefecture":"静岡県","prefecture_kana":"シズオカケン","city":"浜松市天竜区","city_kana":"ハママツシテンリュウク","town":"佐久","town_kana":"サク","prefecture_code":22},"4111":{"zip_code":"4314111","prefecture":"静岡県","prefecture_kana":"シズオカケン","city":"浜松市天竜区","city_kana":"ハママツシテンリュウク","town":"佐久間町相月","town_kana":"サクマチョウアイヅキ","prefecture_code":22},"3906":{"zip_code":"4313906","prefecture":"静岡県","prefecture_kana":"シズオカケン","city":"浜松市天竜区","city_kana":"ハママツシテンリュウク","town":"佐久間町浦川","town_kana":"サクマチョウウラカワ","prefecture_code":22},"3902":{"zip_code":"4313902","prefecture":"静岡県","prefecture_kana":"シズオカケン","city":"浜松市天竜区","city_kana":"ハママツシテンリュウク","town":"佐久間町大井","town_kana":"サクマチョウオオイ","prefecture_code":22},"4112":{"zip_code":"4314112","prefecture":"静岡県","prefecture_kana":"シズオカケン","city":"浜松市天竜区","city_kana":"ハママツシテンリュウク","town":"佐久間町奥領家","town_kana":"サクマチョウオクリョウケ","prefecture_code":22},"3903":{"zip_code":"4313903","prefecture":"静岡県","prefecture_kana":"シズオカケン","city":"浜松市天竜区","city_kana":"ハママツシテンリュウク","town":"佐久間町上平山","town_kana":"サクマチョウカミヒラヤマ","prefecture_code":22},"3907":{"zip_code":"4313907","prefecture":"静岡県","prefecture_kana":"シズオカケン","city":"浜松市天竜区","city_kana":"ハママツシテンリュウク","town":"佐久間町川合","town_kana":"サクマチョウカワイ","prefecture_code":22},"3901":{"zip_code":"4313901","prefecture":"静岡県","prefecture_kana":"シズオカケン","city":"浜松市天竜区","city_kana":"ハママツシテンリュウク","town":"佐久間町佐久間","town_kana":"サクマチョウサクマ","prefecture_code":22},"3904":{"zip_code":"4313904","prefecture":"静岡県","prefecture_kana":"シズオカケン","city":"浜松市天竜区","city_kana":"ハママツシテンリュウク","town":"佐久間町戸口","town_kana":"サクマチョウトグチ","prefecture_code":22},"3908":{"zip_code":"4313908","prefecture":"静岡県","prefecture_kana":"シズオカケン","city":"浜松市天竜区","city_kana":"ハママツシテンリュウク","town":"佐久間町中部","town_kana":"サクマチョウナカベ","prefecture_code":22},"3905":{"zip_code":"4313905","prefecture":"静岡県","prefecture_kana":"シズオカケン","city":"浜松市天竜区","city_kana":"ハママツシテンリュウク","town":"佐久間町半場","town_kana":"サクマチョウハンバ","prefecture_code":22},"3304":{"zip_code":"4313304","prefecture":"静岡県","prefecture_kana":"シズオカケン","city":"浜松市天竜区","city_kana":"ハママツシテンリュウク","town":"次郎八新田","town_kana":"ジロウハチシンデン","prefecture_code":22},"3754":{"zip_code":"4313754","prefecture":"静岡県","prefecture_kana":"シズオカケン","city":"浜松市天竜区","city_kana":"ハママツシテンリュウク","town":"相津","town_kana":"ソウヅ","prefecture_code":22},"3302":{"zip_code":"4313302","prefecture":"静岡県","prefecture_kana":"シズオカケン","city":"浜松市天竜区","city_kana":"ハママツシテンリュウク","town":"只来","town_kana":"タダライ","prefecture_code":22},"3804":{"zip_code":"4313804","prefecture":"静岡県","prefecture_kana":"シズオカケン","city":"浜松市天竜区","city_kana":"ハママツシテンリュウク","town":"龍山町大嶺","town_kana":"タツヤマチョウオオミネ","prefecture_code":22},"3802":{"zip_code":"4313802","prefecture":"静岡県","prefecture_kana":"シズオカケン","city":"浜松市天竜区","city_kana":"ハママツシテンリュウク","town":"龍山町下平山","town_kana":"タツヤマチョウシモヒラヤマ","prefecture_code":22},"3801":{"zip_code":"4313801","prefecture":"静岡県","prefecture_kana":"シズオカケン","city":"浜松市天竜区","city_kana":"ハママツシテンリュウク","town":"龍山町瀬尻","town_kana":"タツヤマチョウセジリ","prefecture_code":22},"3803":{"zip_code":"4313803","prefecture":"静岡県","prefecture_kana":"シズオカケン","city":"浜松市天竜区","city_kana":"ハママツシテンリュウク","town":"龍山町戸倉","town_kana":"タツヤマチョウトクラ","prefecture_code":22},"3763":{"zip_code":"4313763","prefecture":"静岡県","prefecture_kana":"シズオカケン","city":"浜松市天竜区","city_kana":"ハママツシテンリュウク","town":"月","town_kana":"ツキ","prefecture_code":22},"3533":{"zip_code":"4313533","prefecture":"静岡県","prefecture_kana":"シズオカケン","city":"浜松市天竜区","city_kana":"ハママツシテンリュウク","town":"長沢","town_kana":"ナガサワ","prefecture_code":22},"3761":{"zip_code":"4313761","prefecture":"静岡県","prefecture_kana":"シズオカケン","city":"浜松市天竜区","city_kana":"ハママツシテンリュウク","town":"西雲名","town_kana":"ニシウンナ","prefecture_code":22},"3532":{"zip_code":"4313532","prefecture":"静岡県","prefecture_kana":"シズオカケン","city":"浜松市天竜区","city_kana":"ハママツシテンリュウク","town":"西藤平","town_kana":"ニシフジダイラ","prefecture_code":22},"3421":{"zip_code":"4313421","prefecture":"静岡県","prefecture_kana":"シズオカケン","city":"浜松市天竜区","city_kana":"ハママツシテンリュウク","town":"日明","town_kana":"ヒアリ","prefecture_code":22},"3751":{"zip_code":"4313751","prefecture":"静岡県","prefecture_kana":"シズオカケン","city":"浜松市天竜区","city_kana":"ハママツシテンリュウク","town":"東雲名","town_kana":"ヒガシウンナ","prefecture_code":22},"3531":{"zip_code":"4313531","prefecture":"静岡県","prefecture_kana":"シズオカケン","city":"浜松市天竜区","city_kana":"ハママツシテンリュウク","town":"東藤平","town_kana":"ヒガシフジダイラ","prefecture_code":22},"3311":{"zip_code":"4313311","prefecture":"静岡県","prefecture_kana":"シズオカケン","city":"浜松市天竜区","city_kana":"ハママツシテンリュウク","town":"二俣町阿蔵","town_kana":"フタマタチョウアクラ","prefecture_code":22},"3315":{"zip_code":"4313315","prefecture":"静岡県","prefecture_kana":"シズオカケン","city":"浜松市天竜区","city_kana":"ハママツシテンリュウク","town":"二俣町大園","town_kana":"フタマタチョウオオソノ","prefecture_code":22},"3313":{"zip_code":"4313313","prefecture":"静岡県","prefecture_kana":"シズオカケン","city":"浜松市天竜区","city_kana":"ハママツシテンリュウク","town":"二俣町鹿島","town_kana":"フタマタチョウカジマ","prefecture_code":22},"3314":{"zip_code":"4313314","prefecture":"静岡県","prefecture_kana":"シズオカケン","city":"浜松市天竜区","city_kana":"ハママツシテンリュウク","town":"二俣町二俣","town_kana":"フタマタチョウフタマタ","prefecture_code":22},"3312":{"zip_code":"4313312","prefecture":"静岡県","prefecture_kana":"シズオカケン","city":"浜松市天竜区","city_kana":"ハママツシテンリュウク","town":"二俣町南鹿島","town_kana":"フタマタチョウミナミカジマ","prefecture_code":22},"3534":{"zip_code":"4313534","prefecture":"静岡県","prefecture_kana":"シズオカケン","city":"浜松市天竜区","city_kana":"ハママツシテンリュウク","town":"懐山","town_kana":"フトコロヤマ","prefecture_code":22},"3306":{"zip_code":"4313306","prefecture":"静岡県","prefecture_kana":"シズオカケン","city":"浜松市天竜区","city_kana":"ハママツシテンリュウク","town":"船明","town_kana":"フナギラ","prefecture_code":22},"4101":{"zip_code":"4314101","prefecture":"静岡県","prefecture_kana":"シズオカケン","city":"浜松市天竜区","city_kana":"ハママツシテンリュウク","town":"水窪町奥領家","town_kana":"ミサクボチョウオクリョウケ","prefecture_code":22},"4102":{"zip_code":"4314102","prefecture":"静岡県","prefecture_kana":"シズオカケン","city":"浜松市天竜区","city_kana":"ハママツシテンリュウク","town":"水窪町地頭方","town_kana":"ミサクボチョウジトウガタ","prefecture_code":22},"4103":{"zip_code":"4314103","prefecture":"静岡県","prefecture_kana":"シズオカケン","city":"浜松市天竜区","city_kana":"ハママツシテンリュウク","town":"水窪町山住","town_kana":"ミサクボチョウヤマズミ","prefecture_code":22},"3422":{"zip_code":"4313422","prefecture":"静岡県","prefecture_kana":"シズオカケン","city":"浜松市天竜区","city_kana":"ハママツシテンリュウク","town":"米沢","town_kana":"ミナザワ","prefecture_code":22},"3303":{"zip_code":"4313303","prefecture":"静岡県","prefecture_kana":"シズオカケン","city":"浜松市天竜区","city_kana":"ハママツシテンリュウク","town":"山東","town_kana":"ヤマヒガシ","prefecture_code":22},"3756":{"zip_code":"4313756","prefecture":"静岡県","prefecture_kana":"シズオカケン","city":"浜松市天竜区","city_kana":"ハママツシテンリュウク","town":"谷山","town_kana":"ヤヤマ","prefecture_code":22},"3301":{"zip_code":"4313301","prefecture":"静岡県","prefecture_kana":"シズオカケン","city":"浜松市天竜区","city_kana":"ハママツシテンリュウク","town":"横川","town_kana":"ヨコカワ","prefecture_code":22},"3764":{"zip_code":"4313764","prefecture":"静岡県","prefecture_kana":"シズオカケン","city":"浜松市天竜区","city_kana":"ハママツシテンリュウク","town":"横山町","town_kana":"ヨコヤマチョウ","prefecture_code":22},"3426":{"zip_code":"4313426","prefecture":"静岡県","prefecture_kana":"シズオカケン","city":"浜松市天竜区","city_kana":"ハママツシテンリュウク","town":"両島","town_kana":"リョウシマ","prefecture_code":22},"3424":{"zip_code":"4313424","prefecture":"静岡県","prefecture_kana":"シズオカケン","city":"浜松市天竜区","city_kana":"ハママツシテンリュウク","town":"緑恵台","town_kana":"リョクケイダイ","prefecture_code":22},"3423":{"zip_code":"4313423","prefecture":"静岡県","prefecture_kana":"シズオカケン","city":"浜松市天竜区","city_kana":"ハママツシテンリュウク","town":"渡ケ島","town_kana":"ワタガシマ","prefecture_code":22},"0400":{"zip_code":"4310400","prefecture":"静岡県","prefecture_kana":"シズオカケン","city":"湖西市","city_kana":"コサイシ","town":"","town_kana":"","prefecture_code":22},"0302":{"zip_code":"4310302","prefecture":"静岡県","prefecture_kana":"シズオカケン","city":"湖西市","city_kana":"コサイシ","town":"新居町新居","town_kana":"アライチョウアライ","prefecture_code":22},"0304":{"zip_code":"4310304","prefecture":"静岡県","prefecture_kana":"シズオカケン","city":"湖西市","city_kana":"コサイシ","town":"新居町内山","town_kana":"アライチョウウチヤマ","prefecture_code":22},"0301":{"zip_code":"4310301","prefecture":"静岡県","prefecture_kana":"シズオカケン","city":"湖西市","city_kana":"コサイシ","town":"新居町中之郷","town_kana":"アライチョウナカノゴウ","prefecture_code":22},"0303":{"zip_code":"4310303","prefecture":"静岡県","prefecture_kana":"シズオカケン","city":"湖西市","city_kana":"コサイシ","town":"新居町浜名","town_kana":"アライチョウハマナ","prefecture_code":22},"0411":{"zip_code":"4310411","prefecture":"静岡県","prefecture_kana":"シズオカケン","city":"湖西市","city_kana":"コサイシ","town":"入出","town_kana":"イリデ","prefecture_code":22},"0412":{"zip_code":"4310412","prefecture":"静岡県","prefecture_kana":"シズオカケン","city":"湖西市","city_kana":"コサイシ","town":"内浦","town_kana":"ウチウラ","prefecture_code":22},"0425":{"zip_code":"4310425","prefecture":"静岡県","prefecture_kana":"シズオカケン","city":"湖西市","city_kana":"コサイシ","town":"梅田","town_kana":"ウメダ","prefecture_code":22},"0427":{"zip_code":"4310427","prefecture":"静岡県","prefecture_kana":"シズオカケン","city":"湖西市","city_kana":"コサイシ","town":"駅南","town_kana":"エキミナミ","prefecture_code":22},"0404":{"zip_code":"4310404","prefecture":"静岡県","prefecture_kana":"シズオカケン","city":"湖西市","city_kana":"コサイシ","town":"太田","town_kana":"オオタ","prefecture_code":22},"0403":{"zip_code":"4310403","prefecture":"静岡県","prefecture_kana":"シズオカケン","city":"湖西市","city_kana":"コサイシ","town":"大知波","town_kana":"オオチバ","prefecture_code":22},"0422":{"zip_code":"4310422","prefecture":"静岡県","prefecture_kana":"シズオカケン","city":"湖西市","city_kana":"コサイシ","town":"岡崎","town_kana":"オカサキ","prefecture_code":22},"0432":{"zip_code":"4310432","prefecture":"静岡県","prefecture_kana":"シズオカケン","city":"湖西市","city_kana":"コサイシ","town":"風の杜","town_kana":"カゼノモリ","prefecture_code":22},"0405":{"zip_code":"4310405","prefecture":"静岡県","prefecture_kana":"シズオカケン","city":"湖西市","city_kana":"コサイシ","town":"神座","town_kana":"カンザ","prefecture_code":22},"0441":{"zip_code":"4310441","prefecture":"静岡県","prefecture_kana":"シズオカケン","city":"湖西市","city_kana":"コサイシ","town":"吉美","town_kana":"キビ","prefecture_code":22},"0442":{"zip_code":"4310442","prefecture":"静岡県","prefecture_kana":"シズオカケン","city":"湖西市","city_kana":"コサイシ","town":"古見","town_kana":"コミ","prefecture_code":22},"0452":{"zip_code":"4310452","prefecture":"静岡県","prefecture_kana":"シズオカケン","city":"湖西市","city_kana":"コサイシ","town":"境宿","town_kana":"サカイジュク","prefecture_code":22},"0451":{"zip_code":"4310451","prefecture":"静岡県","prefecture_kana":"シズオカケン","city":"湖西市","city_kana":"コサイシ","town":"白須賀","town_kana":"シラスカ","prefecture_code":22},"0421":{"zip_code":"4310421","prefecture":"静岡県","prefecture_kana":"シズオカケン","city":"湖西市","city_kana":"コサイシ","town":"新所","town_kana":"シンジョ","prefecture_code":22},"0423":{"zip_code":"4310423","prefecture":"静岡県","prefecture_kana":"シズオカケン","city":"湖西市","city_kana":"コサイシ","town":"新所・岡崎・梅田入会地","town_kana":"シンジョ・オカサキ・ウメダニュウカイチ","prefecture_code":22},"0424":{"zip_code":"4310424","prefecture":"静岡県","prefecture_kana":"シズオカケン","city":"湖西市","city_kana":"コサイシ","town":"新所原","town_kana":"シンジョハラ","prefecture_code":22},"0426":{"zip_code":"4310426","prefecture":"静岡県","prefecture_kana":"シズオカケン","city":"湖西市","city_kana":"コサイシ","town":"新所原東","town_kana":"シンジョハラヒガシ","prefecture_code":22},"0428":{"zip_code":"4310428","prefecture":"静岡県","prefecture_kana":"シズオカケン","city":"湖西市","city_kana":"コサイシ","town":"ときわ","town_kana":"トキワ","prefecture_code":22},"0444":{"zip_code":"4310444","prefecture":"静岡県","prefecture_kana":"シズオカケン","city":"湖西市","city_kana":"コサイシ","town":"坊瀬","town_kana":"ボウゼ","prefecture_code":22},"0429":{"zip_code":"4310429","prefecture":"静岡県","prefecture_kana":"シズオカケン","city":"湖西市","city_kana":"コサイシ","town":"南台","town_kana":"ミナミダイ","prefecture_code":22},"0443":{"zip_code":"4310443","prefecture":"静岡県","prefecture_kana":"シズオカケン","city":"湖西市","city_kana":"コサイシ","town":"山口","town_kana":"ヤマグチ","prefecture_code":22},"0401":{"zip_code":"4310401","prefecture":"静岡県","prefecture_kana":"シズオカケン","city":"湖西市","city_kana":"コサイシ","town":"横山","town_kana":"ヨコヤマ","prefecture_code":22},"0402":{"zip_code":"4310402","prefecture":"静岡県","prefecture_kana":"シズオカケン","city":"湖西市","city_kana":"コサイシ","town":"利木","town_kana":"リキ","prefecture_code":22},"0431":{"zip_code":"4310431","prefecture":"静岡県","prefecture_kana":"シズオカケン","city":"湖西市","city_kana":"コサイシ","town":"鷲津","town_kana":"ワシヅ","prefecture_code":22},"4121":{"zip_code":"4314121","prefecture":"愛知県","prefecture_kana":"アイチケン","city":"北設楽郡豊根村","city_kana":"キタシタラグントヨネムラ","town":"富山","town_kana":"トミヤマ","prefecture_code":23}}