{"8111":{"zip_code":"4338111","prefecture":"静岡県","prefecture_kana":"シズオカケン","city":"浜松市中区","city_kana":"ハママツシナカク","town":"葵西","town_kana":"アオイニシ","prefecture_code":22},"8114":{"zip_code":"4338114","prefecture":"静岡県","prefecture_kana":"シズオカケン","city":"浜松市中区","city_kana":"ハママツシナカク","town":"葵東","town_kana":"アオイヒガシ","prefecture_code":22},"8113":{"zip_code":"4338113","prefecture":"静岡県","prefecture_kana":"シズオカケン","city":"浜松市中区","city_kana":"ハママツシナカク","town":"小豆餅","town_kana":"アズキモチ","prefecture_code":22},"8124":{"zip_code":"4338124","prefecture":"静岡県","prefecture_kana":"シズオカケン","city":"浜松市中区","city_kana":"ハママツシナカク","town":"泉","town_kana":"イズミ","prefecture_code":22},"8126":{"zip_code":"4338126","prefecture":"静岡県","prefecture_kana":"シズオカケン","city":"浜松市中区","city_kana":"ハママツシナカク","town":"泉町","town_kana":"イズミチョウ","prefecture_code":22},"8122":{"zip_code":"4338122","prefecture":"静岡県","prefecture_kana":"シズオカケン","city":"浜松市中区","city_kana":"ハママツシナカク","town":"上島","town_kana":"カミジマ","prefecture_code":22},"8123":{"zip_code":"4338123","prefecture":"静岡県","prefecture_kana":"シズオカケン","city":"浜松市中区","city_kana":"ハママツシナカク","town":"幸","town_kana":"サイワイ","prefecture_code":22},"8119":{"zip_code":"4338119","prefecture":"静岡県","prefecture_kana":"シズオカケン","city":"浜松市中区","city_kana":"ハママツシナカク","town":"高丘北","town_kana":"タカオカキタ","prefecture_code":22},"8118":{"zip_code":"4338118","prefecture":"静岡県","prefecture_kana":"シズオカケン","city":"浜松市中区","city_kana":"ハママツシナカク","town":"高丘西","town_kana":"タカオカニシ","prefecture_code":22},"8117":{"zip_code":"4338117","prefecture":"静岡県","prefecture_kana":"シズオカケン","city":"浜松市中区","city_kana":"ハママツシナカク","town":"高丘東","town_kana":"タカオカヒガシ","prefecture_code":22},"8116":{"zip_code":"4338116","prefecture":"静岡県","prefecture_kana":"シズオカケン","city":"浜松市中区","city_kana":"ハママツシナカク","town":"西丘町","town_kana":"ニシオカチョウ","prefecture_code":22},"8121":{"zip_code":"4338121","prefecture":"静岡県","prefecture_kana":"シズオカケン","city":"浜松市中区","city_kana":"ハママツシナカク","town":"萩丘","town_kana":"ハギオカ","prefecture_code":22},"8109":{"zip_code":"4338109","prefecture":"静岡県","prefecture_kana":"シズオカケン","city":"浜松市中区","city_kana":"ハママツシナカク","town":"花川町","town_kana":"ハナカワチョウ","prefecture_code":22},"8127":{"zip_code":"4338127","prefecture":"静岡県","prefecture_kana":"シズオカケン","city":"浜松市中区","city_kana":"ハママツシナカク","town":"和合北","town_kana":"ワゴウキタ","prefecture_code":22},"8125":{"zip_code":"4338125","prefecture":"静岡県","prefecture_kana":"シズオカケン","city":"浜松市中区","city_kana":"ハママツシナカク","town":"和合町","town_kana":"ワゴウチョウ","prefecture_code":22},"8102":{"zip_code":"4338102","prefecture":"静岡県","prefecture_kana":"シズオカケン","city":"浜松市北区","city_kana":"ハママツシキタク","town":"大原町","town_kana":"オオハラチョウ","prefecture_code":22},"8103":{"zip_code":"4338103","prefecture":"静岡県","prefecture_kana":"シズオカケン","city":"浜松市北区","city_kana":"ハママツシキタク","town":"豊岡町","town_kana":"トヨオカチョウ","prefecture_code":22},"8108":{"zip_code":"4338108","prefecture":"静岡県","prefecture_kana":"シズオカケン","city":"浜松市北区","city_kana":"ハママツシキタク","town":"根洗町","town_kana":"ネアライチョウ","prefecture_code":22},"8112":{"zip_code":"4338112","prefecture":"静岡県","prefecture_kana":"シズオカケン","city":"浜松市北区","city_kana":"ハママツシキタク","town":"初生町","town_kana":"ハツオイチョウ","prefecture_code":22},"8104":{"zip_code":"4338104","prefecture":"静岡県","prefecture_kana":"シズオカケン","city":"浜松市北区","city_kana":"ハママツシキタク","town":"東三方町","town_kana":"ヒガシミカタチョウ","prefecture_code":22},"8105":{"zip_code":"4338105","prefecture":"静岡県","prefecture_kana":"シズオカケン","city":"浜松市北区","city_kana":"ハママツシキタク","town":"三方原町","town_kana":"ミカタハラチョウ","prefecture_code":22},"8101":{"zip_code":"4338101","prefecture":"静岡県","prefecture_kana":"シズオカケン","city":"浜松市北区","city_kana":"ハママツシキタク","town":"三幸町","town_kana":"ミユキチョウ","prefecture_code":22}}