{"0000":{"zip_code":"4340000","prefecture":"静岡県","prefecture_kana":"シズオカケン","city":"浜松市浜北区","city_kana":"ハママツシハマキタク","town":"","town_kana":"","prefecture_code":22},"0027":{"zip_code":"4340027","prefecture":"静岡県","prefecture_kana":"シズオカケン","city":"浜松市浜北区","city_kana":"ハママツシハマキタク","town":"油一色","town_kana":"アブライシキ","prefecture_code":22},"0044":{"zip_code":"4340044","prefecture":"静岡県","prefecture_kana":"シズオカケン","city":"浜松市浜北区","city_kana":"ハママツシハマキタク","town":"内野","town_kana":"ウチノ","prefecture_code":22},"0045":{"zip_code":"4340045","prefecture":"静岡県","prefecture_kana":"シズオカケン","city":"浜松市浜北区","city_kana":"ハママツシハマキタク","town":"内野台","town_kana":"ウチノダイ","prefecture_code":22},"0005":{"zip_code":"4340005","prefecture":"静岡県","prefecture_kana":"シズオカケン","city":"浜松市浜北区","city_kana":"ハママツシハマキタク","town":"大平","town_kana":"オイダイラ","prefecture_code":22},"0002":{"zip_code":"4340002","prefecture":"静岡県","prefecture_kana":"シズオカケン","city":"浜松市浜北区","city_kana":"ハママツシハマキタク","town":"尾野","town_kana":"オノ","prefecture_code":22},"0015":{"zip_code":"4340015","prefecture":"静岡県","prefecture_kana":"シズオカケン","city":"浜松市浜北区","city_kana":"ハママツシハマキタク","town":"於呂","town_kana":"オロ","prefecture_code":22},"0011":{"zip_code":"4340011","prefecture":"静岡県","prefecture_kana":"シズオカケン","city":"浜松市浜北区","city_kana":"ハママツシハマキタク","town":"上島","town_kana":"カミジマ","prefecture_code":22},"0028":{"zip_code":"4340028","prefecture":"静岡県","prefecture_kana":"シズオカケン","city":"浜松市浜北区","city_kana":"ハママツシハマキタク","town":"上善地","town_kana":"カミゼンジ","prefecture_code":22},"0038":{"zip_code":"4340038","prefecture":"静岡県","prefecture_kana":"シズオカケン","city":"浜松市浜北区","city_kana":"ハママツシハマキタク","town":"貴布祢","town_kana":"キブネ","prefecture_code":22},"0031":{"zip_code":"4340031","prefecture":"静岡県","prefecture_kana":"シズオカケン","city":"浜松市浜北区","city_kana":"ハママツシハマキタク","town":"小林","town_kana":"コバヤシ","prefecture_code":22},"0042":{"zip_code":"4340042","prefecture":"静岡県","prefecture_kana":"シズオカケン","city":"浜松市浜北区","city_kana":"ハママツシハマキタク","town":"小松","town_kana":"コマツ","prefecture_code":22},"0003":{"zip_code":"4340003","prefecture":"静岡県","prefecture_kana":"シズオカケン","city":"浜松市浜北区","city_kana":"ハママツシハマキタク","town":"新原","town_kana":"シンパラ","prefecture_code":22},"0025":{"zip_code":"4340025","prefecture":"静岡県","prefecture_kana":"シズオカケン","city":"浜松市浜北区","city_kana":"ハママツシハマキタク","town":"善地","town_kana":"ゼンジ","prefecture_code":22},"0046":{"zip_code":"4340046","prefecture":"静岡県","prefecture_kana":"シズオカケン","city":"浜松市浜北区","city_kana":"ハママツシハマキタク","town":"染地台","town_kana":"ソメジダイ","prefecture_code":22},"0023":{"zip_code":"4340023","prefecture":"静岡県","prefecture_kana":"シズオカケン","city":"浜松市浜北区","city_kana":"ハママツシハマキタク","town":"高薗","town_kana":"タカソノ","prefecture_code":22},"0034":{"zip_code":"4340034","prefecture":"静岡県","prefecture_kana":"シズオカケン","city":"浜松市浜北区","city_kana":"ハママツシハマキタク","town":"高畑","town_kana":"タカバタケ","prefecture_code":22},"0035":{"zip_code":"4340035","prefecture":"静岡県","prefecture_kana":"シズオカケン","city":"浜松市浜北区","city_kana":"ハママツシハマキタク","town":"寺島","town_kana":"テラジマ","prefecture_code":22},"0032":{"zip_code":"4340032","prefecture":"静岡県","prefecture_kana":"シズオカケン","city":"浜松市浜北区","city_kana":"ハママツシハマキタク","town":"道本","town_kana":"ドウホン","prefecture_code":22},"0017":{"zip_code":"4340017","prefecture":"静岡県","prefecture_kana":"シズオカケン","city":"浜松市浜北区","city_kana":"ハママツシハマキタク","town":"豊保","town_kana":"トヨヤス","prefecture_code":22},"0013":{"zip_code":"4340013","prefecture":"静岡県","prefecture_kana":"シズオカケン","city":"浜松市浜北区","city_kana":"ハママツシハマキタク","town":"永島","town_kana":"ナガシマ","prefecture_code":22},"0043":{"zip_code":"4340043","prefecture":"静岡県","prefecture_kana":"シズオカケン","city":"浜松市浜北区","city_kana":"ハママツシハマキタク","town":"中条","town_kana":"ナカジョウ","prefecture_code":22},"0012":{"zip_code":"4340012","prefecture":"静岡県","prefecture_kana":"シズオカケン","city":"浜松市浜北区","city_kana":"ハママツシハマキタク","town":"中瀬","town_kana":"ナカゼ","prefecture_code":22},"0029":{"zip_code":"4340029","prefecture":"静岡県","prefecture_kana":"シズオカケン","city":"浜松市浜北区","city_kana":"ハママツシハマキタク","town":"新野","town_kana":"ニイノ","prefecture_code":22},"0022":{"zip_code":"4340022","prefecture":"静岡県","prefecture_kana":"シズオカケン","city":"浜松市浜北区","city_kana":"ハママツシハマキタク","town":"新堀","town_kana":"ニイボリ","prefecture_code":22},"0033":{"zip_code":"4340033","prefecture":"静岡県","prefecture_kana":"シズオカケン","city":"浜松市浜北区","city_kana":"ハママツシハマキタク","town":"西美薗","town_kana":"ニシミソノ","prefecture_code":22},"0037":{"zip_code":"4340037","prefecture":"静岡県","prefecture_kana":"シズオカケン","city":"浜松市浜北区","city_kana":"ハママツシハマキタク","town":"沼","town_kana":"ヌマ","prefecture_code":22},"0016":{"zip_code":"4340016","prefecture":"静岡県","prefecture_kana":"シズオカケン","city":"浜松市浜北区","city_kana":"ハママツシハマキタク","town":"根堅","town_kana":"ネガタ","prefecture_code":22},"0007":{"zip_code":"4340007","prefecture":"静岡県","prefecture_kana":"シズオカケン","city":"浜松市浜北区","city_kana":"ハママツシハマキタク","town":"灰木","town_kana":"ハイノキ","prefecture_code":22},"0026":{"zip_code":"4340026","prefecture":"静岡県","prefecture_kana":"シズオカケン","city":"浜松市浜北区","city_kana":"ハママツシハマキタク","town":"東美薗","town_kana":"ヒガシミソノ","prefecture_code":22},"0041":{"zip_code":"4340041","prefecture":"静岡県","prefecture_kana":"シズオカケン","city":"浜松市浜北区","city_kana":"ハママツシハマキタク","town":"平口","town_kana":"ヒラクチ","prefecture_code":22},"0001":{"zip_code":"4340001","prefecture":"静岡県","prefecture_kana":"シズオカケン","city":"浜松市浜北区","city_kana":"ハママツシハマキタク","town":"堀谷","town_kana":"ホリヤ","prefecture_code":22},"0014":{"zip_code":"4340014","prefecture":"静岡県","prefecture_kana":"シズオカケン","city":"浜松市浜北区","city_kana":"ハママツシハマキタク","town":"本沢合","town_kana":"ホンザワイ","prefecture_code":22},"0004":{"zip_code":"4340004","prefecture":"静岡県","prefecture_kana":"シズオカケン","city":"浜松市浜北区","city_kana":"ハママツシハマキタク","town":"宮口","town_kana":"ミヤグチ","prefecture_code":22},"0021":{"zip_code":"4340021","prefecture":"静岡県","prefecture_kana":"シズオカケン","city":"浜松市浜北区","city_kana":"ハママツシハマキタク","town":"八幡","town_kana":"ヤワタ","prefecture_code":22},"0036":{"zip_code":"4340036","prefecture":"静岡県","prefecture_kana":"シズオカケン","city":"浜松市浜北区","city_kana":"ハママツシハマキタク","town":"横須賀","town_kana":"ヨコスカ","prefecture_code":22},"0006":{"zip_code":"4340006","prefecture":"静岡県","prefecture_kana":"シズオカケン","city":"浜松市浜北区","city_kana":"ハママツシハマキタク","town":"四大地","town_kana":"ヨンダイチ","prefecture_code":22},"0024":{"zip_code":"4340024","prefecture":"静岡県","prefecture_kana":"シズオカケン","city":"浜松市浜北区","city_kana":"ハママツシハマキタク","town":"竜南","town_kana":"リュウナン","prefecture_code":22}}