{"0055":{"zip_code":"4350055","prefecture":"静岡県","prefecture_kana":"シズオカケン","city":"浜松市中区","city_kana":"ハママツシナカク","town":"十軒町","town_kana":"ジッケンチョウ","prefecture_code":22},"0054":{"zip_code":"4350054","prefecture":"静岡県","prefecture_kana":"シズオカケン","city":"浜松市中区","city_kana":"ハママツシナカク","town":"早出町","town_kana":"ソウデチョウ","prefecture_code":22},"0045":{"zip_code":"4350045","prefecture":"静岡県","prefecture_kana":"シズオカケン","city":"浜松市中区","city_kana":"ハママツシナカク","town":"細島町","town_kana":"ホソジマチョウ","prefecture_code":22},"0005":{"zip_code":"4350005","prefecture":"静岡県","prefecture_kana":"シズオカケン","city":"浜松市東区","city_kana":"ハママツシヒガシク","town":"安新町","town_kana":"アンシンチョウ","prefecture_code":22},"0012":{"zip_code":"4350012","prefecture":"静岡県","prefecture_kana":"シズオカケン","city":"浜松市東区","city_kana":"ハママツシヒガシク","town":"安間町","town_kana":"アンマチョウ","prefecture_code":22},"0051":{"zip_code":"4350051","prefecture":"静岡県","prefecture_kana":"シズオカケン","city":"浜松市東区","city_kana":"ハママツシヒガシク","town":"市野町","town_kana":"イチノチョウ","prefecture_code":22},"0014":{"zip_code":"4350014","prefecture":"静岡県","prefecture_kana":"シズオカケン","city":"浜松市東区","city_kana":"ハママツシヒガシク","town":"大蒲町","town_kana":"オオカバチョウ","prefecture_code":22},"0053":{"zip_code":"4350053","prefecture":"静岡県","prefecture_kana":"シズオカケン","city":"浜松市東区","city_kana":"ハママツシヒガシク","town":"上新屋町","town_kana":"カミアラヤチョウ","prefecture_code":22},"0001":{"zip_code":"4350001","prefecture":"静岡県","prefecture_kana":"シズオカケン","city":"浜松市東区","city_kana":"ハママツシヒガシク","town":"上石田町","town_kana":"カミイシダチョウ","prefecture_code":22},"0048":{"zip_code":"4350048","prefecture":"静岡県","prefecture_kana":"シズオカケン","city":"浜松市東区","city_kana":"ハママツシヒガシク","town":"上西町","town_kana":"カミニシチョウ","prefecture_code":22},"0041":{"zip_code":"4350041","prefecture":"静岡県","prefecture_kana":"シズオカケン","city":"浜松市東区","city_kana":"ハママツシヒガシク","town":"北島町","town_kana":"キタジマチョウ","prefecture_code":22},"0011":{"zip_code":"4350011","prefecture":"静岡県","prefecture_kana":"シズオカケン","city":"浜松市東区","city_kana":"ハママツシヒガシク","town":"国吉町","town_kana":"クニヨシチョウ","prefecture_code":22},"0056":{"zip_code":"4350056","prefecture":"静岡県","prefecture_kana":"シズオカケン","city":"浜松市東区","city_kana":"ハママツシヒガシク","town":"小池町","town_kana":"コイケチョウ","prefecture_code":22},"0015":{"zip_code":"4350015","prefecture":"静岡県","prefecture_kana":"シズオカケン","city":"浜松市東区","city_kana":"ハママツシヒガシク","town":"子安町","town_kana":"コヤスチョウ","prefecture_code":22},"0021":{"zip_code":"4350021","prefecture":"静岡県","prefecture_kana":"シズオカケン","city":"浜松市東区","city_kana":"ハママツシヒガシク","town":"材木町","town_kana":"ザイモクチョウ","prefecture_code":22},"0042":{"zip_code":"4350042","prefecture":"静岡県","prefecture_kana":"シズオカケン","city":"浜松市東区","city_kana":"ハママツシヒガシク","town":"篠ケ瀬町","town_kana":"ササガセチョウ","prefecture_code":22},"0006":{"zip_code":"4350006","prefecture":"静岡県","prefecture_kana":"シズオカケン","city":"浜松市東区","city_kana":"ハママツシヒガシク","town":"下石田町","town_kana":"シモイシダチョウ","prefecture_code":22},"0002":{"zip_code":"4350002","prefecture":"静岡県","prefecture_kana":"シズオカケン","city":"浜松市東区","city_kana":"ハママツシヒガシク","town":"白鳥町","town_kana":"シロトリチョウ","prefecture_code":22},"0052":{"zip_code":"4350052","prefecture":"静岡県","prefecture_kana":"シズオカケン","city":"浜松市東区","city_kana":"ハママツシヒガシク","town":"天王町","town_kana":"テンノウチョウ","prefecture_code":22},"0013":{"zip_code":"4350013","prefecture":"静岡県","prefecture_kana":"シズオカケン","city":"浜松市東区","city_kana":"ハママツシヒガシク","town":"天龍川町","town_kana":"テンリュウガワチョウ","prefecture_code":22},"0003":{"zip_code":"4350003","prefecture":"静岡県","prefecture_kana":"シズオカケン","city":"浜松市東区","city_kana":"ハママツシヒガシク","town":"中里町","town_kana":"ナカサトチョウ","prefecture_code":22},"0057":{"zip_code":"4350057","prefecture":"静岡県","prefecture_kana":"シズオカケン","city":"浜松市東区","city_kana":"ハママツシヒガシク","town":"中田町","town_kana":"ナカダチョウ","prefecture_code":22},"0031":{"zip_code":"4350031","prefecture":"静岡県","prefecture_kana":"シズオカケン","city":"浜松市東区","city_kana":"ハママツシヒガシク","town":"長鶴町","town_kana":"ナガツルチョウ","prefecture_code":22},"0004":{"zip_code":"4350004","prefecture":"静岡県","prefecture_kana":"シズオカケン","city":"浜松市東区","city_kana":"ハママツシヒガシク","town":"中野町","town_kana":"ナカノマチ","prefecture_code":22},"0044":{"zip_code":"4350044","prefecture":"静岡県","prefecture_kana":"シズオカケン","city":"浜松市東区","city_kana":"ハママツシヒガシク","town":"西塚町","town_kana":"ニシヅカチョウ","prefecture_code":22},"0047":{"zip_code":"4350047","prefecture":"静岡県","prefecture_kana":"シズオカケン","city":"浜松市東区","city_kana":"ハママツシヒガシク","town":"原島町","town_kana":"バラジマチョウ","prefecture_code":22},"0008":{"zip_code":"4350008","prefecture":"静岡県","prefecture_kana":"シズオカケン","city":"浜松市東区","city_kana":"ハママツシヒガシク","town":"松小池町","town_kana":"マツコイケチョウ","prefecture_code":22},"0046":{"zip_code":"4350046","prefecture":"静岡県","prefecture_kana":"シズオカケン","city":"浜松市東区","city_kana":"ハママツシヒガシク","town":"丸塚町","town_kana":"マルヅカチョウ","prefecture_code":22},"0043":{"zip_code":"4350043","prefecture":"静岡県","prefecture_kana":"シズオカケン","city":"浜松市東区","city_kana":"ハママツシヒガシク","town":"宮竹町","town_kana":"ミヤタケチョウ","prefecture_code":22},"0017":{"zip_code":"4350017","prefecture":"静岡県","prefecture_kana":"シズオカケン","city":"浜松市東区","city_kana":"ハママツシヒガシク","town":"薬師町","town_kana":"ヤクシチョウ","prefecture_code":22},"0018":{"zip_code":"4350018","prefecture":"静岡県","prefecture_kana":"シズオカケン","city":"浜松市東区","city_kana":"ハママツシヒガシク","town":"薬新町","town_kana":"ヤクシンチョウ","prefecture_code":22},"0029":{"zip_code":"4350029","prefecture":"静岡県","prefecture_kana":"シズオカケン","city":"浜松市東区","city_kana":"ハママツシヒガシク","town":"龍光町","town_kana":"リュウコウチョウ","prefecture_code":22},"0007":{"zip_code":"4350007","prefecture":"静岡県","prefecture_kana":"シズオカケン","city":"浜松市東区","city_kana":"ハママツシヒガシク","town":"流通元町","town_kana":"リュウツウモトマチ","prefecture_code":22},"0016":{"zip_code":"4350016","prefecture":"静岡県","prefecture_kana":"シズオカケン","city":"浜松市東区","city_kana":"ハママツシヒガシク","town":"和田町","town_kana":"ワダチョウ","prefecture_code":22},"0037":{"zip_code":"4350037","prefecture":"静岡県","prefecture_kana":"シズオカケン","city":"浜松市南区","city_kana":"ハママツシミナミク","town":"青屋町","town_kana":"アオヤチョウ","prefecture_code":22},"0028":{"zip_code":"4350028","prefecture":"静岡県","prefecture_kana":"シズオカケン","city":"浜松市南区","city_kana":"ハママツシミナミク","town":"飯田町","town_kana":"イイダチョウ","prefecture_code":22},"0033":{"zip_code":"4350033","prefecture":"静岡県","prefecture_kana":"シズオカケン","city":"浜松市南区","city_kana":"ハママツシミナミク","town":"石原町","town_kana":"イシハラチョウ","prefecture_code":22},"0025":{"zip_code":"4350025","prefecture":"静岡県","prefecture_kana":"シズオカケン","city":"浜松市南区","city_kana":"ハママツシミナミク","town":"老間町","town_kana":"オイマチョウ","prefecture_code":22},"0024":{"zip_code":"4350024","prefecture":"静岡県","prefecture_kana":"シズオカケン","city":"浜松市南区","city_kana":"ハママツシミナミク","town":"大塚町","town_kana":"オオツカチョウ","prefecture_code":22},"0026":{"zip_code":"4350026","prefecture":"静岡県","prefecture_kana":"シズオカケン","city":"浜松市南区","city_kana":"ハママツシミナミク","town":"金折町","town_kana":"カナオリチョウ","prefecture_code":22},"0038":{"zip_code":"4350038","prefecture":"静岡県","prefecture_kana":"シズオカケン","city":"浜松市南区","city_kana":"ハママツシミナミク","town":"三和町","town_kana":"サンワチョウ","prefecture_code":22},"0027":{"zip_code":"4350027","prefecture":"静岡県","prefecture_kana":"シズオカケン","city":"浜松市南区","city_kana":"ハママツシミナミク","town":"下飯田町","town_kana":"シモイイダチョウ","prefecture_code":22},"0023":{"zip_code":"4350023","prefecture":"静岡県","prefecture_kana":"シズオカケン","city":"浜松市南区","city_kana":"ハママツシミナミク","town":"新貝町","town_kana":"シンガイチョウ","prefecture_code":22},"0035":{"zip_code":"4350035","prefecture":"静岡県","prefecture_kana":"シズオカケン","city":"浜松市南区","city_kana":"ハママツシミナミク","town":"西伝寺町","town_kana":"セイデンジチョウ","prefecture_code":22},"0022":{"zip_code":"4350022","prefecture":"静岡県","prefecture_kana":"シズオカケン","city":"浜松市南区","city_kana":"ハママツシミナミク","town":"鶴見町","town_kana":"ツルミチョウ","prefecture_code":22},"0032":{"zip_code":"4350032","prefecture":"静岡県","prefecture_kana":"シズオカケン","city":"浜松市南区","city_kana":"ハママツシミナミク","town":"古川町","town_kana":"フルカワチョウ","prefecture_code":22},"0034":{"zip_code":"4350034","prefecture":"静岡県","prefecture_kana":"シズオカケン","city":"浜松市南区","city_kana":"ハママツシミナミク","town":"安松町","town_kana":"ヤスマツチョウ","prefecture_code":22},"0036":{"zip_code":"4350036","prefecture":"静岡県","prefecture_kana":"シズオカケン","city":"浜松市南区","city_kana":"ハママツシミナミク","town":"渡瀬町","town_kana":"ワタセチョウ","prefecture_code":22}}