{"0200":{"zip_code":"4490200","prefecture":"愛知県","prefecture_kana":"アイチケン","city":"北設楽郡東栄町","city_kana":"キタシタラグントウエイチョウ","town":"","town_kana":"","prefecture_code":23},"0202":{"zip_code":"4490202","prefecture":"愛知県","prefecture_kana":"アイチケン","city":"北設楽郡東栄町","city_kana":"キタシタラグントウエイチョウ","town":"足込","town_kana":"アシコメ","prefecture_code":23},"0205":{"zip_code":"4490205","prefecture":"愛知県","prefecture_kana":"アイチケン","city":"北設楽郡東栄町","city_kana":"キタシタラグントウエイチョウ","town":"川角","town_kana":"カワカド","prefecture_code":23},"0206":{"zip_code":"4490206","prefecture":"愛知県","prefecture_kana":"アイチケン","city":"北設楽郡東栄町","city_kana":"キタシタラグントウエイチョウ","town":"下田","town_kana":"シモダ","prefecture_code":23},"0212":{"zip_code":"4490212","prefecture":"愛知県","prefecture_kana":"アイチケン","city":"北設楽郡東栄町","city_kana":"キタシタラグントウエイチョウ","town":"月","town_kana":"ツキ","prefecture_code":23},"0211":{"zip_code":"4490211","prefecture":"愛知県","prefecture_kana":"アイチケン","city":"北設楽郡東栄町","city_kana":"キタシタラグントウエイチョウ","town":"中設楽","town_kana":"ナカシタラ","prefecture_code":23},"0215":{"zip_code":"4490215","prefecture":"愛知県","prefecture_kana":"アイチケン","city":"北設楽郡東栄町","city_kana":"キタシタラグントウエイチョウ","town":"奈根","town_kana":"ナネ","prefecture_code":23},"0204":{"zip_code":"4490204","prefecture":"愛知県","prefecture_kana":"アイチケン","city":"北設楽郡東栄町","city_kana":"キタシタラグントウエイチョウ","town":"西薗目","town_kana":"ニシソノメ","prefecture_code":23},"0203":{"zip_code":"4490203","prefecture":"愛知県","prefecture_kana":"アイチケン","city":"北設楽郡東栄町","city_kana":"キタシタラグントウエイチョウ","town":"東薗目","town_kana":"ヒガシソノメ","prefecture_code":23},"0213":{"zip_code":"4490213","prefecture":"愛知県","prefecture_kana":"アイチケン","city":"北設楽郡東栄町","city_kana":"キタシタラグントウエイチョウ","town":"振草","town_kana":"フリクサ","prefecture_code":23},"0214":{"zip_code":"4490214","prefecture":"愛知県","prefecture_kana":"アイチケン","city":"北設楽郡東栄町","city_kana":"キタシタラグントウエイチョウ","town":"本郷","town_kana":"ホンゴウ","prefecture_code":23},"0201":{"zip_code":"4490201","prefecture":"愛知県","prefecture_kana":"アイチケン","city":"北設楽郡東栄町","city_kana":"キタシタラグントウエイチョウ","town":"御園","town_kana":"ミソノ","prefecture_code":23},"0216":{"zip_code":"4490216","prefecture":"愛知県","prefecture_kana":"アイチケン","city":"北設楽郡東栄町","city_kana":"キタシタラグントウエイチョウ","town":"三輪","town_kana":"ミワ","prefecture_code":23},"0400":{"zip_code":"4490400","prefecture":"愛知県","prefecture_kana":"アイチケン","city":"北設楽郡豊根村","city_kana":"キタシタラグントヨネムラ","town":"","town_kana":"","prefecture_code":23},"0404":{"zip_code":"4490404","prefecture":"愛知県","prefecture_kana":"アイチケン","city":"北設楽郡豊根村","city_kana":"キタシタラグントヨネムラ","town":"上黒川","town_kana":"カミクロガワ","prefecture_code":23},"0402":{"zip_code":"4490402","prefecture":"愛知県","prefecture_kana":"アイチケン","city":"北設楽郡豊根村","city_kana":"キタシタラグントヨネムラ","town":"古真立","town_kana":"コマダテ","prefecture_code":23},"0405":{"zip_code":"4490405","prefecture":"愛知県","prefecture_kana":"アイチケン","city":"北設楽郡豊根村","city_kana":"キタシタラグントヨネムラ","town":"坂宇場","town_kana":"サカウバ","prefecture_code":23},"0403":{"zip_code":"4490403","prefecture":"愛知県","prefecture_kana":"アイチケン","city":"北設楽郡豊根村","city_kana":"キタシタラグントヨネムラ","town":"下黒川","town_kana":"シモクロガワ","prefecture_code":23},"0401":{"zip_code":"4490401","prefecture":"愛知県","prefecture_kana":"アイチケン","city":"北設楽郡豊根村","city_kana":"キタシタラグントヨネムラ","town":"三沢","town_kana":"ミサワ","prefecture_code":23}}