{"0001":{"zip_code":"5020001","prefecture":"岐阜県","prefecture_kana":"ギフケン","city":"岐阜市","city_kana":"ギフシ","town":"粟野","town_kana":"アワノ","prefecture_code":21},"0002":{"zip_code":"5020002","prefecture":"岐阜県","prefecture_kana":"ギフケン","city":"岐阜市","city_kana":"ギフシ","town":"粟野東","town_kana":"アワノヒガシ","prefecture_code":21},"0006":{"zip_code":"5020006","prefecture":"岐阜県","prefecture_kana":"ギフケン","city":"岐阜市","city_kana":"ギフシ","town":"粟野西","town_kana":"アワノニシ","prefecture_code":21},"0007":{"zip_code":"5020007","prefecture":"岐阜県","prefecture_kana":"ギフケン","city":"岐阜市","city_kana":"ギフシ","town":"粟野台","town_kana":"アワノダイ","prefecture_code":21},"0906":{"zip_code":"5020906","prefecture":"岐阜県","prefecture_kana":"ギフケン","city":"岐阜市","city_kana":"ギフシ","town":"池ノ上町","town_kana":"イケノウエチョウ","prefecture_code":21},"0844":{"zip_code":"5020844","prefecture":"岐阜県","prefecture_kana":"ギフケン","city":"岐阜市","city_kana":"ギフシ","town":"岩倉町","town_kana":"イワクラチョウ","prefecture_code":21},"0005":{"zip_code":"5020005","prefecture":"岐阜県","prefecture_kana":"ギフケン","city":"岐阜市","city_kana":"ギフシ","town":"岩崎","town_kana":"イワサキ","prefecture_code":21},"0837":{"zip_code":"5020837","prefecture":"岐阜県","prefecture_kana":"ギフケン","city":"岐阜市","city_kana":"ギフシ","town":"鵜川町","town_kana":"ウカワチョウ","prefecture_code":21},"0802":{"zip_code":"5020802","prefecture":"岐阜県","prefecture_kana":"ギフケン","city":"岐阜市","city_kana":"ギフシ","town":"打越","town_kana":"ウチコシ","prefecture_code":21},"0915":{"zip_code":"5020915","prefecture":"岐阜県","prefecture_kana":"ギフケン","city":"岐阜市","city_kana":"ギフシ","town":"江口","town_kana":"エグチ","prefecture_code":21},"0835":{"zip_code":"5020835","prefecture":"岐阜県","prefecture_kana":"ギフケン","city":"岐阜市","city_kana":"ギフシ","town":"織田町","town_kana":"オダマチ","prefecture_code":21},"0016":{"zip_code":"5020016","prefecture":"岐阜県","prefecture_kana":"ギフケン","city":"岐阜市","city_kana":"ギフシ","town":"雄総桜町","town_kana":"オブササクラマチ","prefecture_code":21},"0014":{"zip_code":"5020014","prefecture":"岐阜県","prefecture_kana":"ギフケン","city":"岐阜市","city_kana":"ギフシ","town":"雄総緑町","town_kana":"オブサミドリマチ","prefecture_code":21},"0015":{"zip_code":"5020015","prefecture":"岐阜県","prefecture_kana":"ギフケン","city":"岐阜市","city_kana":"ギフシ","town":"雄総柳町","town_kana":"オブサヤナギマチ","prefecture_code":21},"0841":{"zip_code":"5020841","prefecture":"岐阜県","prefecture_kana":"ギフケン","city":"岐阜市","city_kana":"ギフシ","town":"学園町","town_kana":"ガクエンチョウ","prefecture_code":21},"0862":{"zip_code":"5020862","prefecture":"岐阜県","prefecture_kana":"ギフケン","city":"岐阜市","city_kana":"ギフシ","town":"上城田寺中","town_kana":"カミキダイジナカ","prefecture_code":21},"0863":{"zip_code":"5020863","prefecture":"岐阜県","prefecture_kana":"ギフケン","city":"岐阜市","city_kana":"ギフシ","town":"上城田寺西","town_kana":"カミキダイジニシ","prefecture_code":21},"0864":{"zip_code":"5020864","prefecture":"岐阜県","prefecture_kana":"ギフケン","city":"岐阜市","city_kana":"ギフシ","town":"上城田寺東","town_kana":"カミキダイジヒガシ","prefecture_code":21},"0861":{"zip_code":"5020861","prefecture":"岐阜県","prefecture_kana":"ギフケン","city":"岐阜市","city_kana":"ギフシ","town":"上城田寺南","town_kana":"カミキダイジミナミ","prefecture_code":21},"0803":{"zip_code":"5020803","prefecture":"岐阜県","prefecture_kana":"ギフケン","city":"岐阜市","city_kana":"ギフシ","town":"上土居","town_kana":"カミツチイ","prefecture_code":21},"0938":{"zip_code":"5020938","prefecture":"岐阜県","prefecture_kana":"ギフケン","city":"岐阜市","city_kana":"ギフシ","town":"萱場北町","town_kana":"カヤバキタマチ","prefecture_code":21},"0935":{"zip_code":"5020935","prefecture":"岐阜県","prefecture_kana":"ギフケン","city":"岐阜市","city_kana":"ギフシ","town":"萱場東町","town_kana":"カヤバヒガシマチ","prefecture_code":21},"0936":{"zip_code":"5020936","prefecture":"岐阜県","prefecture_kana":"ギフケン","city":"岐阜市","city_kana":"ギフシ","town":"萱場南","town_kana":"カヤバミナミ","prefecture_code":21},"0937":{"zip_code":"5020937","prefecture":"岐阜県","prefecture_kana":"ギフケン","city":"岐阜市","city_kana":"ギフシ","town":"萱場町","town_kana":"カヤバチョウ","prefecture_code":21},"0831":{"zip_code":"5020831","prefecture":"岐阜県","prefecture_kana":"ギフケン","city":"岐阜市","city_kana":"ギフシ","town":"菊水町","town_kana":"キクスイチョウ","prefecture_code":21},"0911":{"zip_code":"5020911","prefecture":"岐阜県","prefecture_kana":"ギフケン","city":"岐阜市","city_kana":"ギフシ","town":"北島","town_kana":"キタジマ","prefecture_code":21},"0859":{"zip_code":"5020859","prefecture":"岐阜県","prefecture_kana":"ギフケン","city":"岐阜市","city_kana":"ギフシ","town":"城田寺","town_kana":"キダイジ","prefecture_code":21},"0828":{"zip_code":"5020828","prefecture":"岐阜県","prefecture_kana":"ギフケン","city":"岐阜市","city_kana":"ギフシ","town":"金華町","town_kana":"キンカチョウ","prefecture_code":21},"0826":{"zip_code":"5020826","prefecture":"岐阜県","prefecture_kana":"ギフケン","city":"岐阜市","city_kana":"ギフシ","town":"楠町","town_kana":"クスノキチョウ","prefecture_code":21},"0823":{"zip_code":"5020823","prefecture":"岐阜県","prefecture_kana":"ギフケン","city":"岐阜市","city_kana":"ギフシ","town":"光栄町","town_kana":"コウエイチョウ","prefecture_code":21},"0908":{"zip_code":"5020908","prefecture":"岐阜県","prefecture_kana":"ギフケン","city":"岐阜市","city_kana":"ギフシ","town":"近島","town_kana":"ゴンノシマ","prefecture_code":21},"0021":{"zip_code":"5020021","prefecture":"岐阜県","prefecture_kana":"ギフケン","city":"岐阜市","city_kana":"ギフシ","town":"西後町","town_kana":"サイゴチョウ","prefecture_code":21},"0849":{"zip_code":"5020849","prefecture":"岐阜県","prefecture_kana":"ギフケン","city":"岐阜市","city_kana":"ギフシ","town":"栄新町","town_kana":"サカエシンマチ","prefecture_code":21},"0851":{"zip_code":"5020851","prefecture":"岐阜県","prefecture_kana":"ギフケン","city":"岐阜市","city_kana":"ギフシ","town":"鷺山","town_kana":"サギヤマ","prefecture_code":21},"0872":{"zip_code":"5020872","prefecture":"岐阜県","prefecture_kana":"ギフケン","city":"岐阜市","city_kana":"ギフシ","town":"鷺山北町","town_kana":"サギヤマキタマチ","prefecture_code":21},"0853":{"zip_code":"5020853","prefecture":"岐阜県","prefecture_kana":"ギフケン","city":"岐阜市","city_kana":"ギフシ","town":"鷺山清洲町","town_kana":"サギヤマキヨスチョウ","prefecture_code":21},"0871":{"zip_code":"5020871","prefecture":"岐阜県","prefecture_kana":"ギフケン","city":"岐阜市","city_kana":"ギフシ","town":"鷺山新町","town_kana":"サギヤマシンマチ","prefecture_code":21},"0855":{"zip_code":"5020855","prefecture":"岐阜県","prefecture_kana":"ギフケン","city":"岐阜市","city_kana":"ギフシ","town":"鷺山緑ケ丘","town_kana":"サギヤマミドリガオカ","prefecture_code":21},"0856":{"zip_code":"5020856","prefecture":"岐阜県","prefecture_kana":"ギフケン","city":"岐阜市","city_kana":"ギフシ","town":"鷺山緑ケ丘新町","town_kana":"サギヤマミドリガオカシンマチ","prefecture_code":21},"0854":{"zip_code":"5020854","prefecture":"岐阜県","prefecture_kana":"ギフケン","city":"岐阜市","city_kana":"ギフシ","town":"鷺山向井町","town_kana":"サギヤマムカイチョウ","prefecture_code":21},"0850":{"zip_code":"5020850","prefecture":"岐阜県","prefecture_kana":"ギフケン","city":"岐阜市","city_kana":"ギフシ","town":"鷺山東","town_kana":"サギヤマヒガシ","prefecture_code":21},"0904":{"zip_code":"5020904","prefecture":"岐阜県","prefecture_kana":"ギフケン","city":"岐阜市","city_kana":"ギフシ","town":"島栄町","town_kana":"シマサカエマチ","prefecture_code":21},"0907":{"zip_code":"5020907","prefecture":"岐阜県","prefecture_kana":"ギフケン","city":"岐阜市","city_kana":"ギフシ","town":"島新町","town_kana":"シマシンマチ","prefecture_code":21},"0917":{"zip_code":"5020917","prefecture":"岐阜県","prefecture_kana":"ギフケン","city":"岐阜市","city_kana":"ギフシ","town":"島田","town_kana":"シマダ","prefecture_code":21},"0858":{"zip_code":"5020858","prefecture":"岐阜県","prefecture_kana":"ギフケン","city":"岐阜市","city_kana":"ギフシ","town":"下土居","town_kana":"シモツチイ","prefecture_code":21},"0909":{"zip_code":"5020909","prefecture":"岐阜県","prefecture_kana":"ギフケン","city":"岐阜市","city_kana":"ギフシ","town":"白菊町","town_kana":"シラギクチョウ","prefecture_code":21},"0023":{"zip_code":"5020023","prefecture":"岐阜県","prefecture_kana":"ギフケン","city":"岐阜市","city_kana":"ギフシ","town":"城前町","town_kana":"シロマエチョウ","prefecture_code":21},"0914":{"zip_code":"5020914","prefecture":"岐阜県","prefecture_kana":"ギフケン","city":"岐阜市","city_kana":"ギフシ","town":"菅生","town_kana":"スゴウ","prefecture_code":21},"0842":{"zip_code":"5020842","prefecture":"岐阜県","prefecture_kana":"ギフケン","city":"岐阜市","city_kana":"ギフシ","town":"早田","town_kana":"ソウデン","prefecture_code":21},"0902":{"zip_code":"5020902","prefecture":"岐阜県","prefecture_kana":"ギフケン","city":"岐阜市","city_kana":"ギフシ","town":"早田大通","town_kana":"ソウデンオオドオリ","prefecture_code":21},"0847":{"zip_code":"5020847","prefecture":"岐阜県","prefecture_kana":"ギフケン","city":"岐阜市","city_kana":"ギフシ","town":"早田栄町","town_kana":"ソウデンサカエマチ","prefecture_code":21},"0843":{"zip_code":"5020843","prefecture":"岐阜県","prefecture_kana":"ギフケン","city":"岐阜市","city_kana":"ギフシ","town":"早田東町","town_kana":"ソウデンヒガシマチ","prefecture_code":21},"0848":{"zip_code":"5020848","prefecture":"岐阜県","prefecture_kana":"ギフケン","city":"岐阜市","city_kana":"ギフシ","town":"早田本町","town_kana":"ソウデンホンマチ","prefecture_code":21},"0845":{"zip_code":"5020845","prefecture":"岐阜県","prefecture_kana":"ギフケン","city":"岐阜市","city_kana":"ギフシ","town":"早田町","town_kana":"ソウデンチョウ","prefecture_code":21},"0934":{"zip_code":"5020934","prefecture":"岐阜県","prefecture_kana":"ギフケン","city":"岐阜市","city_kana":"ギフシ","town":"大福町","town_kana":"ダイフクチョウ","prefecture_code":21},"0821":{"zip_code":"5020821","prefecture":"岐阜県","prefecture_kana":"ギフケン","city":"岐阜市","city_kana":"ギフシ","town":"太平町","town_kana":"タイヘイチョウ","prefecture_code":21},"0926":{"zip_code":"5020926","prefecture":"岐阜県","prefecture_kana":"ギフケン","city":"岐阜市","city_kana":"ギフシ","town":"旦島","town_kana":"ダンノシマ","prefecture_code":21},"0928":{"zip_code":"5020928","prefecture":"岐阜県","prefecture_kana":"ギフケン","city":"岐阜市","city_kana":"ギフシ","town":"旦島中","town_kana":"ダンノシマナカ","prefecture_code":21},"0925":{"zip_code":"5020925","prefecture":"岐阜県","prefecture_kana":"ギフケン","city":"岐阜市","city_kana":"ギフシ","town":"旦島中町","town_kana":"ダンノシマナカマチ","prefecture_code":21},"0927":{"zip_code":"5020927","prefecture":"岐阜県","prefecture_kana":"ギフケン","city":"岐阜市","city_kana":"ギフシ","town":"旦島西町","town_kana":"ダンノシマニシマチ","prefecture_code":21},"0924":{"zip_code":"5020924","prefecture":"岐阜県","prefecture_kana":"ギフケン","city":"岐阜市","city_kana":"ギフシ","town":"旦島宮町","town_kana":"ダンノシマミヤマチ","prefecture_code":21},"0832":{"zip_code":"5020832","prefecture":"岐阜県","prefecture_kana":"ギフケン","city":"岐阜市","city_kana":"ギフシ","town":"千代田町","town_kana":"チヨダマチ","prefecture_code":21},"0846":{"zip_code":"5020846","prefecture":"岐阜県","prefecture_kana":"ギフケン","city":"岐阜市","city_kana":"ギフシ","town":"津島町","town_kana":"ツシマチョウ","prefecture_code":21},"0801":{"zip_code":"5020801","prefecture":"岐阜県","prefecture_kana":"ギフケン","city":"岐阜市","city_kana":"ギフシ","town":"椿洞","town_kana":"ツバキボラ","prefecture_code":21},"0816":{"zip_code":"5020816","prefecture":"岐阜県","prefecture_kana":"ギフケン","city":"岐阜市","city_kana":"ギフシ","town":"道三町","town_kana":"ドウサンチョウ","prefecture_code":21},"0013":{"zip_code":"5020013","prefecture":"岐阜県","prefecture_kana":"ギフケン","city":"岐阜市","city_kana":"ギフシ","town":"中川原","town_kana":"ナカガワラ","prefecture_code":21},"0081":{"zip_code":"5020081","prefecture":"岐阜県","prefecture_kana":"ギフケン","city":"岐阜市","city_kana":"ギフシ","town":"長良","town_kana":"ナガラ","prefecture_code":21},"0071":{"zip_code":"5020071","prefecture":"岐阜県","prefecture_kana":"ギフケン","city":"岐阜市","city_kana":"ギフシ","town":"長良","town_kana":"ナガラ","prefecture_code":21},"0047":{"zip_code":"5020047","prefecture":"岐阜県","prefecture_kana":"ギフケン","city":"岐阜市","city_kana":"ギフシ","town":"長良葵町","town_kana":"ナガラアオイチョウ","prefecture_code":21},"0034":{"zip_code":"5020034","prefecture":"岐阜県","prefecture_kana":"ギフケン","city":"岐阜市","city_kana":"ギフシ","town":"長良有明町","town_kana":"ナガラアリアケチョウ","prefecture_code":21},"0054":{"zip_code":"5020054","prefecture":"岐阜県","prefecture_kana":"ギフケン","city":"岐阜市","city_kana":"ギフシ","town":"長良井田","town_kana":"ナガライダ","prefecture_code":21},"0063":{"zip_code":"5020063","prefecture":"岐阜県","prefecture_kana":"ギフケン","city":"岐阜市","city_kana":"ギフシ","town":"長良一楽","town_kana":"ナガライチラク","prefecture_code":21},"0031":{"zip_code":"5020031","prefecture":"岐阜県","prefecture_kana":"ギフケン","city":"岐阜市","city_kana":"ギフシ","town":"長良大路","town_kana":"ナガラオオジ","prefecture_code":21},"0036":{"zip_code":"5020036","prefecture":"岐阜県","prefecture_kana":"ギフケン","city":"岐阜市","city_kana":"ギフシ","town":"長良大前町","town_kana":"ナガラオオマエチョウ","prefecture_code":21},"0838":{"zip_code":"5020838","prefecture":"岐阜県","prefecture_kana":"ギフケン","city":"岐阜市","city_kana":"ギフシ","town":"長良丘","town_kana":"ナガラオカ","prefecture_code":21},"0077":{"zip_code":"5020077","prefecture":"岐阜県","prefecture_kana":"ギフケン","city":"岐阜市","city_kana":"ギフシ","town":"長良奥郷","town_kana":"ナガラオクゴウ","prefecture_code":21},"0017":{"zip_code":"5020017","prefecture":"岐阜県","prefecture_kana":"ギフケン","city":"岐阜市","city_kana":"ギフシ","town":"長良雄総","town_kana":"ナガラオブサ","prefecture_code":21},"0041":{"zip_code":"5020041","prefecture":"岐阜県","prefecture_kana":"ギフケン","city":"岐阜市","city_kana":"ギフシ","town":"長良海用町","town_kana":"ナガラカイヨウチョウ","prefecture_code":21},"0037":{"zip_code":"5020037","prefecture":"岐阜県","prefecture_kana":"ギフケン","city":"岐阜市","city_kana":"ギフシ","town":"長良金碧町","town_kana":"ナガラキンペキチョウ","prefecture_code":21},"0045":{"zip_code":"5020045","prefecture":"岐阜県","prefecture_kana":"ギフケン","city":"岐阜市","city_kana":"ギフシ","town":"長良校前町","town_kana":"ナガラコウゼンチョウ","prefecture_code":21},"0044":{"zip_code":"5020044","prefecture":"岐阜県","prefecture_kana":"ギフケン","city":"岐阜市","city_kana":"ギフシ","town":"長良校文町","town_kana":"ナガラコウブンチョウ","prefecture_code":21},"0051":{"zip_code":"5020051","prefecture":"岐阜県","prefecture_kana":"ギフケン","city":"岐阜市","city_kana":"ギフシ","town":"長良幸和町","town_kana":"ナガラコウワチョウ","prefecture_code":21},"0075":{"zip_code":"5020075","prefecture":"岐阜県","prefecture_kana":"ギフケン","city":"岐阜市","city_kana":"ギフシ","town":"長良子正賀","town_kana":"ナガラコショウガ","prefecture_code":21},"0052":{"zip_code":"5020052","prefecture":"岐阜県","prefecture_kana":"ギフケン","city":"岐阜市","city_kana":"ギフシ","town":"長良小松町","town_kana":"ナガラコマツチョウ","prefecture_code":21},"0026":{"zip_code":"5020026","prefecture":"岐阜県","prefecture_kana":"ギフケン","city":"岐阜市","city_kana":"ギフシ","town":"長良桜井町","town_kana":"ナガラサクライチョウ","prefecture_code":21},"0012":{"zip_code":"5020012","prefecture":"岐阜県","prefecture_kana":"ギフケン","city":"岐阜市","city_kana":"ギフシ","town":"長良志段見","town_kana":"ナガラシダミ","prefecture_code":21},"0028":{"zip_code":"5020028","prefecture":"岐阜県","prefecture_kana":"ギフケン","city":"岐阜市","city_kana":"ギフシ","town":"長良白妙町","town_kana":"ナガラシラタエチョウ","prefecture_code":21},"0042":{"zip_code":"5020042","prefecture":"岐阜県","prefecture_kana":"ギフケン","city":"岐阜市","city_kana":"ギフシ","town":"長良城西町","town_kana":"ナガラシロニシチョウ","prefecture_code":21},"0056":{"zip_code":"5020056","prefecture":"岐阜県","prefecture_kana":"ギフケン","city":"岐阜市","city_kana":"ギフシ","town":"長良真生町","town_kana":"ナガラシンセイチョウ","prefecture_code":21},"0046":{"zip_code":"5020046","prefecture":"岐阜県","prefecture_kana":"ギフケン","city":"岐阜市","city_kana":"ギフシ","town":"長良杉乃町","town_kana":"ナガラスギノチョウ","prefecture_code":21},"0066":{"zip_code":"5020066","prefecture":"岐阜県","prefecture_kana":"ギフケン","city":"岐阜市","city_kana":"ギフシ","town":"長良仙田町","town_kana":"ナガラセンダマチ","prefecture_code":21},"0032":{"zip_code":"5020032","prefecture":"岐阜県","prefecture_kana":"ギフケン","city":"岐阜市","city_kana":"ギフシ","town":"長良高嶺町","town_kana":"ナガラタカミネチョウ","prefecture_code":21},"0073":{"zip_code":"5020073","prefecture":"岐阜県","prefecture_kana":"ギフケン","city":"岐阜市","city_kana":"ギフシ","town":"長良田中","town_kana":"ナガラタナカ","prefecture_code":21},"0064":{"zip_code":"5020064","prefecture":"岐阜県","prefecture_kana":"ギフケン","city":"岐阜市","city_kana":"ギフシ","town":"長良田中前","town_kana":"ナガラタナカマエ","prefecture_code":21},"0022":{"zip_code":"5020022","prefecture":"岐阜県","prefecture_kana":"ギフケン","city":"岐阜市","city_kana":"ギフシ","town":"長良東郷町","town_kana":"ナガラトウゴウチョウ","prefecture_code":21},"0076":{"zip_code":"5020076","prefecture":"岐阜県","prefecture_kana":"ギフケン","city":"岐阜市","city_kana":"ギフシ","town":"長良友瀬","town_kana":"ナガラトモセ","prefecture_code":21},"0035":{"zip_code":"5020035","prefecture":"岐阜県","prefecture_kana":"ギフケン","city":"岐阜市","city_kana":"ギフシ","town":"長良南陽町","town_kana":"ナガラナンヨウチョウ","prefecture_code":21},"0067":{"zip_code":"5020067","prefecture":"岐阜県","prefecture_kana":"ギフケン","city":"岐阜市","city_kana":"ギフシ","town":"長良西野前","town_kana":"ナガラニシノマエ","prefecture_code":21},"0074":{"zip_code":"5020074","prefecture":"岐阜県","prefecture_kana":"ギフケン","city":"岐阜市","city_kana":"ギフシ","town":"長良西山前","town_kana":"ナガラニシヤママエ","prefecture_code":21},"0062":{"zip_code":"5020062","prefecture":"岐阜県","prefecture_kana":"ギフケン","city":"岐阜市","city_kana":"ギフシ","town":"長良春田","town_kana":"ナガラハルタ","prefecture_code":21},"0082":{"zip_code":"5020082","prefecture":"岐阜県","prefecture_kana":"ギフケン","city":"岐阜市","city_kana":"ギフシ","town":"長良東","town_kana":"ナガラヒガシ","prefecture_code":21},"0043":{"zip_code":"5020043","prefecture":"岐阜県","prefecture_kana":"ギフケン","city":"岐阜市","city_kana":"ギフシ","town":"長良東町","town_kana":"ナガラヒガシマチ","prefecture_code":21},"0072":{"zip_code":"5020072","prefecture":"岐阜県","prefecture_kana":"ギフケン","city":"岐阜市","city_kana":"ギフシ","town":"長良福泉","town_kana":"ナガラフクイズミ","prefecture_code":21},"0055":{"zip_code":"5020055","prefecture":"岐阜県","prefecture_kana":"ギフケン","city":"岐阜市","city_kana":"ギフシ","town":"長良福江町","town_kana":"ナガラフクエチョウ","prefecture_code":21},"0817":{"zip_code":"5020817","prefecture":"岐阜県","prefecture_kana":"ギフケン","city":"岐阜市","city_kana":"ギフシ","town":"長良福光","town_kana":"ナガラフクミツ","prefecture_code":21},"0011":{"zip_code":"5020011","prefecture":"岐阜県","prefecture_kana":"ギフケン","city":"岐阜市","city_kana":"ギフシ","town":"長良古津","town_kana":"ナガラフルツ","prefecture_code":21},"0038":{"zip_code":"5020038","prefecture":"岐阜県","prefecture_kana":"ギフケン","city":"岐阜市","city_kana":"ギフシ","town":"長良法久寺町","town_kana":"ナガラホウキュウジチョウ","prefecture_code":21},"0027":{"zip_code":"5020027","prefecture":"岐阜県","prefecture_kana":"ギフケン","city":"岐阜市","city_kana":"ギフシ","town":"長良宮口町","town_kana":"ナガラミヤグチチョウ","prefecture_code":21},"0053":{"zip_code":"5020053","prefecture":"岐阜県","prefecture_kana":"ギフケン","city":"岐阜市","city_kana":"ギフシ","town":"長良宮路町","town_kana":"ナガラミヤジチョウ","prefecture_code":21},"0065":{"zip_code":"5020065","prefecture":"岐阜県","prefecture_kana":"ギフケン","city":"岐阜市","city_kana":"ギフシ","town":"長良森町","town_kana":"ナガラモリマチ","prefecture_code":21},"0033":{"zip_code":"5020033","prefecture":"岐阜県","prefecture_kana":"ギフケン","city":"岐阜市","city_kana":"ギフシ","town":"長良有楽町","town_kana":"ナガラユウラクチョウ","prefecture_code":21},"0061":{"zip_code":"5020061","prefecture":"岐阜県","prefecture_kana":"ギフケン","city":"岐阜市","city_kana":"ギフシ","town":"長良竜東町","town_kana":"ナガラリュウトウチョウ","prefecture_code":21},"0029":{"zip_code":"5020029","prefecture":"岐阜県","prefecture_kana":"ギフケン","city":"岐阜市","city_kana":"ギフシ","town":"長良若葉町","town_kana":"ナガラワカバチョウ","prefecture_code":21},"0912":{"zip_code":"5020912","prefecture":"岐阜県","prefecture_kana":"ギフケン","city":"岐阜市","city_kana":"ギフシ","town":"西島町","town_kana":"ニシジマチョウ","prefecture_code":21},"0916":{"zip_code":"5020916","prefecture":"岐阜県","prefecture_kana":"ギフケン","city":"岐阜市","city_kana":"ギフシ","town":"西中島","town_kana":"ニシナカジマ","prefecture_code":21},"0933":{"zip_code":"5020933","prefecture":"岐阜県","prefecture_kana":"ギフケン","city":"岐阜市","city_kana":"ギフシ","town":"日光町","town_kana":"ニッコウチョウ","prefecture_code":21},"0931":{"zip_code":"5020931","prefecture":"岐阜県","prefecture_kana":"ギフケン","city":"岐阜市","city_kana":"ギフシ","town":"則武","town_kana":"ノリタケ","prefecture_code":21},"0932":{"zip_code":"5020932","prefecture":"岐阜県","prefecture_kana":"ギフケン","city":"岐阜市","city_kana":"ギフシ","town":"則武中","town_kana":"ノリタケナカ","prefecture_code":21},"0939":{"zip_code":"5020939","prefecture":"岐阜県","prefecture_kana":"ギフケン","city":"岐阜市","city_kana":"ギフシ","town":"則武西","town_kana":"ノリタケニシ","prefecture_code":21},"0929":{"zip_code":"5020929","prefecture":"岐阜県","prefecture_kana":"ギフケン","city":"岐阜市","city_kana":"ギフシ","town":"則武東","town_kana":"ノリタケヒガシ","prefecture_code":21},"0825":{"zip_code":"5020825","prefecture":"岐阜県","prefecture_kana":"ギフケン","city":"岐阜市","city_kana":"ギフシ","town":"初日町","town_kana":"ハツヒマチ","prefecture_code":21},"0824":{"zip_code":"5020824","prefecture":"岐阜県","prefecture_kana":"ギフケン","city":"岐阜市","city_kana":"ギフシ","town":"花ノ木町","town_kana":"ハナノキチョウ","prefecture_code":21},"0829":{"zip_code":"5020829","prefecture":"岐阜県","prefecture_kana":"ギフケン","city":"岐阜市","city_kana":"ギフシ","town":"万代町","town_kana":"バンダイチョウ","prefecture_code":21},"0901":{"zip_code":"5020901","prefecture":"岐阜県","prefecture_kana":"ギフケン","city":"岐阜市","city_kana":"ギフシ","town":"光町","town_kana":"ヒカリマチ","prefecture_code":21},"0913":{"zip_code":"5020913","prefecture":"岐阜県","prefecture_kana":"ギフケン","city":"岐阜市","city_kana":"ギフシ","town":"東島","town_kana":"ヒガシジマ","prefecture_code":21},"0822":{"zip_code":"5020822","prefecture":"岐阜県","prefecture_kana":"ギフケン","city":"岐阜市","city_kana":"ギフシ","town":"福田町","town_kana":"フクタマチ","prefecture_code":21},"0813":{"zip_code":"5020813","prefecture":"岐阜県","prefecture_kana":"ギフケン","city":"岐阜市","city_kana":"ギフシ","town":"福光東","town_kana":"フクミツヒガシ","prefecture_code":21},"0814":{"zip_code":"5020814","prefecture":"岐阜県","prefecture_kana":"ギフケン","city":"岐阜市","city_kana":"ギフシ","town":"福光西","town_kana":"フクミツニシ","prefecture_code":21},"0815":{"zip_code":"5020815","prefecture":"岐阜県","prefecture_kana":"ギフケン","city":"岐阜市","city_kana":"ギフシ","town":"福光南町","town_kana":"フクミツミナミマチ","prefecture_code":21},"0827":{"zip_code":"5020827","prefecture":"岐阜県","prefecture_kana":"ギフケン","city":"岐阜市","city_kana":"ギフシ","town":"平和通","town_kana":"ヘイワドオリ","prefecture_code":21},"0024":{"zip_code":"5020024","prefecture":"岐阜県","prefecture_kana":"ギフケン","city":"岐阜市","city_kana":"ギフシ","town":"堀田町","town_kana":"ホリタマチ","prefecture_code":21},"0857":{"zip_code":"5020857","prefecture":"岐阜県","prefecture_kana":"ギフケン","city":"岐阜市","city_kana":"ギフシ","town":"正木","town_kana":"マサキ","prefecture_code":21},"0881":{"zip_code":"5020881","prefecture":"岐阜県","prefecture_kana":"ギフケン","city":"岐阜市","city_kana":"ギフシ","town":"正木北町","town_kana":"マサキキタマチ","prefecture_code":21},"0865":{"zip_code":"5020865","prefecture":"岐阜県","prefecture_kana":"ギフケン","city":"岐阜市","city_kana":"ギフシ","town":"正木西町","town_kana":"マサキニシマチ","prefecture_code":21},"0882":{"zip_code":"5020882","prefecture":"岐阜県","prefecture_kana":"ギフケン","city":"岐阜市","city_kana":"ギフシ","town":"正木中","town_kana":"マサキナカ","prefecture_code":21},"0866":{"zip_code":"5020866","prefecture":"岐阜県","prefecture_kana":"ギフケン","city":"岐阜市","city_kana":"ギフシ","town":"正木南","town_kana":"マサキミナミ","prefecture_code":21},"0833":{"zip_code":"5020833","prefecture":"岐阜県","prefecture_kana":"ギフケン","city":"岐阜市","city_kana":"ギフシ","town":"松風町","town_kana":"マツカゼチョウ","prefecture_code":21},"0903":{"zip_code":"5020903","prefecture":"岐阜県","prefecture_kana":"ギフケン","city":"岐阜市","city_kana":"ギフシ","town":"美島町","town_kana":"ミシマチョウ","prefecture_code":21},"0004":{"zip_code":"5020004","prefecture":"岐阜県","prefecture_kana":"ギフケン","city":"岐阜市","city_kana":"ギフシ","town":"三田洞","town_kana":"ミタホラ","prefecture_code":21},"0003":{"zip_code":"5020003","prefecture":"岐阜県","prefecture_kana":"ギフケン","city":"岐阜市","city_kana":"ギフシ","town":"三田洞東","town_kana":"ミタホラヒガシ","prefecture_code":21},"0852":{"zip_code":"5020852","prefecture":"岐阜県","prefecture_kana":"ギフケン","city":"岐阜市","city_kana":"ギフシ","town":"南蝉","town_kana":"ミナミセミ","prefecture_code":21},"0923":{"zip_code":"5020923","prefecture":"岐阜県","prefecture_kana":"ギフケン","city":"岐阜市","city_kana":"ギフシ","town":"宮浦町","town_kana":"ミヤウラチョウ","prefecture_code":21},"0922":{"zip_code":"5020922","prefecture":"岐阜県","prefecture_kana":"ギフケン","city":"岐阜市","city_kana":"ギフシ","town":"明神町","town_kana":"ミョウジンチョウ","prefecture_code":21},"0921":{"zip_code":"5020921","prefecture":"岐阜県","prefecture_kana":"ギフケン","city":"岐阜市","city_kana":"ギフシ","town":"守口町","town_kana":"モリグチチョウ","prefecture_code":21},"0812":{"zip_code":"5020812","prefecture":"岐阜県","prefecture_kana":"ギフケン","city":"岐阜市","city_kana":"ギフシ","town":"八代","town_kana":"ヤシロ","prefecture_code":21},"0025":{"zip_code":"5020025","prefecture":"岐阜県","prefecture_kana":"ギフケン","city":"岐阜市","city_kana":"ギフシ","town":"山先町","town_kana":"ヤマサキチョウ","prefecture_code":21},"0905":{"zip_code":"5020905","prefecture":"岐阜県","prefecture_kana":"ギフケン","city":"岐阜市","city_kana":"ギフシ","town":"山吹町","town_kana":"ヤマブキチョウ","prefecture_code":21},"0834":{"zip_code":"5020834","prefecture":"岐阜県","prefecture_kana":"ギフケン","city":"岐阜市","city_kana":"ギフシ","town":"養老町","town_kana":"ヨウロウチョウ","prefecture_code":21},"0836":{"zip_code":"5020836","prefecture":"岐阜県","prefecture_kana":"ギフケン","city":"岐阜市","city_kana":"ギフシ","town":"若竹町","town_kana":"ワカタケチョウ","prefecture_code":21},"0811":{"zip_code":"5020811","prefecture":"岐阜県","prefecture_kana":"ギフケン","city":"岐阜市","city_kana":"ギフシ","town":"若福町","town_kana":"ワカフクチョウ","prefecture_code":21}}