{"0000":{"zip_code":"5050000","prefecture":"岐阜県","prefecture_kana":"ギフケン","city":"加茂郡坂祝町","city_kana":"カモグンサカホギチョウ","town":"","town_kana":"","prefecture_code":21},"0008":{"zip_code":"5050008","prefecture":"岐阜県","prefecture_kana":"ギフケン","city":"美濃加茂市","city_kana":"ミノカモシ","town":"伊深町","town_kana":"イブカチョウ","prefecture_code":21},"0041":{"zip_code":"5050041","prefecture":"岐阜県","prefecture_kana":"ギフケン","city":"美濃加茂市","city_kana":"ミノカモシ","town":"太田町","town_kana":"オオタチョウ","prefecture_code":21},"0042":{"zip_code":"5050042","prefecture":"岐阜県","prefecture_kana":"ギフケン","city":"美濃加茂市","city_kana":"ミノカモシ","town":"太田本町","town_kana":"オオタホンマチ","prefecture_code":21},"0035":{"zip_code":"5050035","prefecture":"岐阜県","prefecture_kana":"ギフケン","city":"美濃加茂市","city_kana":"ミノカモシ","town":"大手町","town_kana":"オオテマチ","prefecture_code":21},"0044":{"zip_code":"5050044","prefecture":"岐阜県","prefecture_kana":"ギフケン","city":"美濃加茂市","city_kana":"ミノカモシ","town":"加茂川町","town_kana":"カモガワチョウ","prefecture_code":21},"0056":{"zip_code":"5050056","prefecture":"岐阜県","prefecture_kana":"ギフケン","city":"美濃加茂市","city_kana":"ミノカモシ","town":"加茂野町市橋","town_kana":"カモノチョウイチハシ","prefecture_code":21},"0055":{"zip_code":"5050055","prefecture":"岐阜県","prefecture_kana":"ギフケン","city":"美濃加茂市","city_kana":"ミノカモシ","town":"加茂野町稲辺","town_kana":"カモノチョウイナベ","prefecture_code":21},"0052":{"zip_code":"5050052","prefecture":"岐阜県","prefecture_kana":"ギフケン","city":"美濃加茂市","city_kana":"ミノカモシ","town":"加茂野町今泉","town_kana":"カモノチョウイマイズミ","prefecture_code":21},"0054":{"zip_code":"5050054","prefecture":"岐阜県","prefecture_kana":"ギフケン","city":"美濃加茂市","city_kana":"ミノカモシ","town":"加茂野町加茂野","town_kana":"カモノチョウカモノ","prefecture_code":21},"0053":{"zip_code":"5050053","prefecture":"岐阜県","prefecture_kana":"ギフケン","city":"美濃加茂市","city_kana":"ミノカモシ","town":"加茂野町木野","town_kana":"カモノチョウコノ","prefecture_code":21},"0051":{"zip_code":"5050051","prefecture":"岐阜県","prefecture_kana":"ギフケン","city":"美濃加茂市","city_kana":"ミノカモシ","town":"加茂野町鷹之巣","town_kana":"カモノチョウタカノス","prefecture_code":21},"0022":{"zip_code":"5050022","prefecture":"岐阜県","prefecture_kana":"ギフケン","city":"美濃加茂市","city_kana":"ミノカモシ","town":"川合町","town_kana":"カワイチョウ","prefecture_code":21},"0045":{"zip_code":"5050045","prefecture":"岐阜県","prefecture_kana":"ギフケン","city":"美濃加茂市","city_kana":"ミノカモシ","town":"草笛町","town_kana":"クサブエチョウ","prefecture_code":21},"0034":{"zip_code":"5050034","prefecture":"岐阜県","prefecture_kana":"ギフケン","city":"美濃加茂市","city_kana":"ミノカモシ","town":"古井町下古井","town_kana":"コビチョウシモコビ","prefecture_code":21},"0025":{"zip_code":"5050025","prefecture":"岐阜県","prefecture_kana":"ギフケン","city":"美濃加茂市","city_kana":"ミノカモシ","town":"島町","town_kana":"シマチョウ","prefecture_code":21},"0026":{"zip_code":"5050026","prefecture":"岐阜県","prefecture_kana":"ギフケン","city":"美濃加茂市","city_kana":"ミノカモシ","town":"清水町","town_kana":"シミズチョウ","prefecture_code":21},"0015":{"zip_code":"5050015","prefecture":"岐阜県","prefecture_kana":"ギフケン","city":"美濃加茂市","city_kana":"ミノカモシ","town":"下米田町今","town_kana":"シモヨネダチョウイマ","prefecture_code":21},"0017":{"zip_code":"5050017","prefecture":"岐阜県","prefecture_kana":"ギフケン","city":"美濃加茂市","city_kana":"ミノカモシ","town":"下米田町小山","town_kana":"シモヨネダチョウコヤマ","prefecture_code":21},"0019":{"zip_code":"5050019","prefecture":"岐阜県","prefecture_kana":"ギフケン","city":"美濃加茂市","city_kana":"ミノカモシ","town":"下米田町為岡","town_kana":"シモヨネダチョウタメオカ","prefecture_code":21},"0018":{"zip_code":"5050018","prefecture":"岐阜県","prefecture_kana":"ギフケン","city":"美濃加茂市","city_kana":"ミノカモシ","town":"下米田町西脇","town_kana":"シモヨネダチョウニシワキ","prefecture_code":21},"0013":{"zip_code":"5050013","prefecture":"岐阜県","prefecture_kana":"ギフケン","city":"美濃加茂市","city_kana":"ミノカモシ","town":"下米田町信友","town_kana":"シモヨネダチョウノブトモ","prefecture_code":21},"0014":{"zip_code":"5050014","prefecture":"岐阜県","prefecture_kana":"ギフケン","city":"美濃加茂市","city_kana":"ミノカモシ","town":"下米田町則光","town_kana":"シモヨネダチョウノリミツ","prefecture_code":21},"0011":{"zip_code":"5050011","prefecture":"岐阜県","prefecture_kana":"ギフケン","city":"美濃加茂市","city_kana":"ミノカモシ","town":"下米田町東栃井","town_kana":"シモヨネダチョウヒガシトチイ","prefecture_code":21},"0012":{"zip_code":"5050012","prefecture":"岐阜県","prefecture_kana":"ギフケン","city":"美濃加茂市","city_kana":"ミノカモシ","town":"下米田町山本","town_kana":"シモヨネダチョウヤマモト","prefecture_code":21},"0031":{"zip_code":"5050031","prefecture":"岐阜県","prefecture_kana":"ギフケン","city":"美濃加茂市","city_kana":"ミノカモシ","town":"新池町","town_kana":"シンイケチョウ","prefecture_code":21},"0032":{"zip_code":"5050032","prefecture":"岐阜県","prefecture_kana":"ギフケン","city":"美濃加茂市","city_kana":"ミノカモシ","town":"田島町","town_kana":"タジマチョウ","prefecture_code":21},"0038":{"zip_code":"5050038","prefecture":"岐阜県","prefecture_kana":"ギフケン","city":"美濃加茂市","city_kana":"ミノカモシ","town":"中部台","town_kana":"チュウブダイ","prefecture_code":21},"0033":{"zip_code":"5050033","prefecture":"岐阜県","prefecture_kana":"ギフケン","city":"美濃加茂市","city_kana":"ミノカモシ","town":"中富町","town_kana":"ナカトミチョウ","prefecture_code":21},"0046":{"zip_code":"5050046","prefecture":"岐阜県","prefecture_kana":"ギフケン","city":"美濃加茂市","city_kana":"ミノカモシ","town":"西町","town_kana":"ニシマチ","prefecture_code":21},"0023":{"zip_code":"5050023","prefecture":"岐阜県","prefecture_kana":"ギフケン","city":"美濃加茂市","city_kana":"ミノカモシ","town":"野笹町","town_kana":"ノザサチョウ","prefecture_code":21},"0039":{"zip_code":"5050039","prefecture":"岐阜県","prefecture_kana":"ギフケン","city":"美濃加茂市","city_kana":"ミノカモシ","town":"蜂屋台","town_kana":"ハチヤダイ","prefecture_code":21},"0006":{"zip_code":"5050006","prefecture":"岐阜県","prefecture_kana":"ギフケン","city":"美濃加茂市","city_kana":"ミノカモシ","town":"蜂屋町伊瀬","town_kana":"ハチヤチョウイゼ","prefecture_code":21},"0004":{"zip_code":"5050004","prefecture":"岐阜県","prefecture_kana":"ギフケン","city":"美濃加茂市","city_kana":"ミノカモシ","town":"蜂屋町上蜂屋","town_kana":"ハチヤチョウカミハチヤ","prefecture_code":21},"0005":{"zip_code":"5050005","prefecture":"岐阜県","prefecture_kana":"ギフケン","city":"美濃加茂市","city_kana":"ミノカモシ","town":"蜂屋町中蜂屋","town_kana":"ハチヤチョウナカハチヤ","prefecture_code":21},"0007":{"zip_code":"5050007","prefecture":"岐阜県","prefecture_kana":"ギフケン","city":"美濃加茂市","city_kana":"ミノカモシ","town":"蜂屋町下蜂屋","town_kana":"ハチヤチョウシモハチヤ","prefecture_code":21},"0009":{"zip_code":"5050009","prefecture":"岐阜県","prefecture_kana":"ギフケン","city":"美濃加茂市","city_kana":"ミノカモシ","town":"蜂屋町矢田","town_kana":"ハチヤチョウヤタ","prefecture_code":21},"0043":{"zip_code":"5050043","prefecture":"岐阜県","prefecture_kana":"ギフケン","city":"美濃加茂市","city_kana":"ミノカモシ","town":"深田町","town_kana":"フカタチョウ","prefecture_code":21},"0027":{"zip_code":"5050027","prefecture":"岐阜県","prefecture_kana":"ギフケン","city":"美濃加茂市","city_kana":"ミノカモシ","town":"本郷町","town_kana":"ホンゴウチョウ","prefecture_code":21},"0037":{"zip_code":"5050037","prefecture":"岐阜県","prefecture_kana":"ギフケン","city":"美濃加茂市","city_kana":"ミノカモシ","town":"前平町","town_kana":"マエヒラチョウ","prefecture_code":21},"0016":{"zip_code":"5050016","prefecture":"岐阜県","prefecture_kana":"ギフケン","city":"美濃加茂市","city_kana":"ミノカモシ","town":"牧野","town_kana":"マキノ","prefecture_code":21},"0024":{"zip_code":"5050024","prefecture":"岐阜県","prefecture_kana":"ギフケン","city":"美濃加茂市","city_kana":"ミノカモシ","town":"御門町","town_kana":"ミカドチョウ","prefecture_code":21},"0002":{"zip_code":"5050002","prefecture":"岐阜県","prefecture_kana":"ギフケン","city":"美濃加茂市","city_kana":"ミノカモシ","town":"三和町川浦","town_kana":"ミワチョウカワウラ","prefecture_code":21},"0001":{"zip_code":"5050001","prefecture":"岐阜県","prefecture_kana":"ギフケン","city":"美濃加茂市","city_kana":"ミノカモシ","town":"三和町廿屋","town_kana":"ミワチョウツヅヤ","prefecture_code":21},"0021":{"zip_code":"5050021","prefecture":"岐阜県","prefecture_kana":"ギフケン","city":"美濃加茂市","city_kana":"ミノカモシ","town":"森山町","town_kana":"モリヤマチョウ","prefecture_code":21},"0036":{"zip_code":"5050036","prefecture":"岐阜県","prefecture_kana":"ギフケン","city":"美濃加茂市","city_kana":"ミノカモシ","town":"山手町","town_kana":"ヤマテチョウ","prefecture_code":21},"0003":{"zip_code":"5050003","prefecture":"岐阜県","prefecture_kana":"ギフケン","city":"美濃加茂市","city_kana":"ミノカモシ","town":"山之上町","town_kana":"ヤマノウエチョウ","prefecture_code":21},"0130":{"zip_code":"5050130","prefecture":"岐阜県","prefecture_kana":"ギフケン","city":"可児市","city_kana":"カニシ","town":"兼山","town_kana":"カネヤマ","prefecture_code":21},"0072":{"zip_code":"5050072","prefecture":"岐阜県","prefecture_kana":"ギフケン","city":"加茂郡坂祝町","city_kana":"カモグンサカホギチョウ","town":"大針","town_kana":"オオハリ","prefecture_code":21},"0076":{"zip_code":"5050076","prefecture":"岐阜県","prefecture_kana":"ギフケン","city":"加茂郡坂祝町","city_kana":"カモグンサカホギチョウ","town":"勝山","town_kana":"カツヤマ","prefecture_code":21},"0073":{"zip_code":"5050073","prefecture":"岐阜県","prefecture_kana":"ギフケン","city":"加茂郡坂祝町","city_kana":"カモグンサカホギチョウ","town":"加茂山","town_kana":"カモヤマ","prefecture_code":21},"0071":{"zip_code":"5050071","prefecture":"岐阜県","prefecture_kana":"ギフケン","city":"加茂郡坂祝町","city_kana":"カモグンサカホギチョウ","town":"黒岩","town_kana":"クロイワ","prefecture_code":21},"0074":{"zip_code":"5050074","prefecture":"岐阜県","prefecture_kana":"ギフケン","city":"加茂郡坂祝町","city_kana":"カモグンサカホギチョウ","town":"酒倉","town_kana":"サカクラ","prefecture_code":21},"0075":{"zip_code":"5050075","prefecture":"岐阜県","prefecture_kana":"ギフケン","city":"加茂郡坂祝町","city_kana":"カモグンサカホギチョウ","town":"取組","town_kana":"トリクミ","prefecture_code":21},"0077":{"zip_code":"5050077","prefecture":"岐阜県","prefecture_kana":"ギフケン","city":"加茂郡坂祝町","city_kana":"カモグンサカホギチョウ","town":"深萱","town_kana":"フカガヤ","prefecture_code":21},"0300":{"zip_code":"5050300","prefecture":"岐阜県","prefecture_kana":"ギフケン","city":"加茂郡八百津町","city_kana":"カモグンヤオツチョウ","town":"","town_kana":"","prefecture_code":21},"0303":{"zip_code":"5050303","prefecture":"岐阜県","prefecture_kana":"ギフケン","city":"加茂郡八百津町","city_kana":"カモグンヤオツチョウ","town":"伊岐津志","town_kana":"イギツシ","prefecture_code":21},"0306":{"zip_code":"5050306","prefecture":"岐阜県","prefecture_kana":"ギフケン","city":"加茂郡八百津町","city_kana":"カモグンヤオツチョウ","town":"上飯田","town_kana":"カミイイダ","prefecture_code":21},"0304":{"zip_code":"5050304","prefecture":"岐阜県","prefecture_kana":"ギフケン","city":"加茂郡八百津町","city_kana":"カモグンヤオツチョウ","town":"上牧野","town_kana":"カミマキノ","prefecture_code":21},"0423":{"zip_code":"5050423","prefecture":"岐阜県","prefecture_kana":"ギフケン","city":"加茂郡八百津町","city_kana":"カモグンヤオツチョウ","town":"上吉田","town_kana":"カミヨシダ","prefecture_code":21},"0422":{"zip_code":"5050422","prefecture":"岐阜県","prefecture_kana":"ギフケン","city":"加茂郡八百津町","city_kana":"カモグンヤオツチョウ","town":"久田見","town_kana":"クタミ","prefecture_code":21},"0531":{"zip_code":"5050531","prefecture":"岐阜県","prefecture_kana":"ギフケン","city":"加茂郡八百津町","city_kana":"カモグンヤオツチョウ","town":"潮見","town_kana":"シオミ","prefecture_code":21},"0302":{"zip_code":"5050302","prefecture":"岐阜県","prefecture_kana":"ギフケン","city":"加茂郡八百津町","city_kana":"カモグンヤオツチョウ","town":"錦織","town_kana":"ニシコオリ","prefecture_code":21},"0307":{"zip_code":"5050307","prefecture":"岐阜県","prefecture_kana":"ギフケン","city":"加茂郡八百津町","city_kana":"カモグンヤオツチョウ","town":"野上","town_kana":"ノガミ","prefecture_code":21},"0421":{"zip_code":"5050421","prefecture":"岐阜県","prefecture_kana":"ギフケン","city":"加茂郡八百津町","city_kana":"カモグンヤオツチョウ","town":"福地","town_kana":"フクチ","prefecture_code":21},"0532":{"zip_code":"5050532","prefecture":"岐阜県","prefecture_kana":"ギフケン","city":"加茂郡八百津町","city_kana":"カモグンヤオツチョウ","town":"南戸","town_kana":"ミナト","prefecture_code":21},"0301":{"zip_code":"5050301","prefecture":"岐阜県","prefecture_kana":"ギフケン","city":"加茂郡八百津町","city_kana":"カモグンヤオツチョウ","town":"八百津","town_kana":"ヤオツ","prefecture_code":21},"0305":{"zip_code":"5050305","prefecture":"岐阜県","prefecture_kana":"ギフケン","city":"加茂郡八百津町","city_kana":"カモグンヤオツチョウ","town":"和知","town_kana":"ワチ","prefecture_code":21},"0100":{"zip_code":"5050100","prefecture":"岐阜県","prefecture_kana":"ギフケン","city":"可児郡御嵩町","city_kana":"カニグンミタケチョウ","town":"","town_kana":"","prefecture_code":21},"0115":{"zip_code":"5050115","prefecture":"岐阜県","prefecture_kana":"ギフケン","city":"可児郡御嵩町","city_kana":"カニグンミタケチョウ","town":"井尻","town_kana":"イジリ","prefecture_code":21},"0104":{"zip_code":"5050104","prefecture":"岐阜県","prefecture_kana":"ギフケン","city":"可児郡御嵩町","city_kana":"カニグンミタケチョウ","town":"謡坂","town_kana":"ウトウザカ","prefecture_code":21},"0101":{"zip_code":"5050101","prefecture":"岐阜県","prefecture_kana":"ギフケン","city":"可児郡御嵩町","city_kana":"カニグンミタケチョウ","town":"大久後","town_kana":"オオクゴ","prefecture_code":21},"0106":{"zip_code":"5050106","prefecture":"岐阜県","prefecture_kana":"ギフケン","city":"可児郡御嵩町","city_kana":"カニグンミタケチョウ","town":"小原","town_kana":"オバラ","prefecture_code":21},"0126":{"zip_code":"5050126","prefecture":"岐阜県","prefecture_kana":"ギフケン","city":"可児郡御嵩町","city_kana":"カニグンミタケチョウ","town":"上恵土","town_kana":"カミエド","prefecture_code":21},"0107":{"zip_code":"5050107","prefecture":"岐阜県","prefecture_kana":"ギフケン","city":"可児郡御嵩町","city_kana":"カニグンミタケチョウ","town":"上之郷","town_kana":"カミノゴウ","prefecture_code":21},"0122":{"zip_code":"5050122","prefecture":"岐阜県","prefecture_kana":"ギフケン","city":"可児郡御嵩町","city_kana":"カニグンミタケチョウ","town":"顔戸","town_kana":"ゴウト","prefecture_code":21},"0108":{"zip_code":"5050108","prefecture":"岐阜県","prefecture_kana":"ギフケン","city":"可児郡御嵩町","city_kana":"カニグンミタケチョウ","town":"小和沢","town_kana":"コワサワ","prefecture_code":21},"0105":{"zip_code":"5050105","prefecture":"岐阜県","prefecture_kana":"ギフケン","city":"可児郡御嵩町","city_kana":"カニグンミタケチョウ","town":"西洞","town_kana":"サイト","prefecture_code":21},"0111":{"zip_code":"5050111","prefecture":"岐阜県","prefecture_kana":"ギフケン","city":"可児郡御嵩町","city_kana":"カニグンミタケチョウ","town":"次月","town_kana":"シヅキ","prefecture_code":21},"0113":{"zip_code":"5050113","prefecture":"岐阜県","prefecture_kana":"ギフケン","city":"可児郡御嵩町","city_kana":"カニグンミタケチョウ","town":"宿","town_kana":"シュク","prefecture_code":21},"0103":{"zip_code":"5050103","prefecture":"岐阜県","prefecture_kana":"ギフケン","city":"可児郡御嵩町","city_kana":"カニグンミタケチョウ","town":"津橋","town_kana":"ツバシ","prefecture_code":21},"0121":{"zip_code":"5050121","prefecture":"岐阜県","prefecture_kana":"ギフケン","city":"可児郡御嵩町","city_kana":"カニグンミタケチョウ","town":"中","town_kana":"ナカ","prefecture_code":21},"0114":{"zip_code":"5050114","prefecture":"岐阜県","prefecture_kana":"ギフケン","city":"可児郡御嵩町","city_kana":"カニグンミタケチョウ","town":"中切","town_kana":"ナカギリ","prefecture_code":21},"0124":{"zip_code":"5050124","prefecture":"岐阜県","prefecture_kana":"ギフケン","city":"可児郡御嵩町","city_kana":"カニグンミタケチョウ","town":"比衣","town_kana":"ヒエ","prefecture_code":21},"0125":{"zip_code":"5050125","prefecture":"岐阜県","prefecture_kana":"ギフケン","city":"可児郡御嵩町","city_kana":"カニグンミタケチョウ","town":"伏見","town_kana":"フシミ","prefecture_code":21},"0123":{"zip_code":"5050123","prefecture":"岐阜県","prefecture_kana":"ギフケン","city":"可児郡御嵩町","city_kana":"カニグンミタケチョウ","town":"古屋敷","town_kana":"フルヤシキ","prefecture_code":21},"0102":{"zip_code":"5050102","prefecture":"岐阜県","prefecture_kana":"ギフケン","city":"可児郡御嵩町","city_kana":"カニグンミタケチョウ","town":"前沢","town_kana":"マエザワ","prefecture_code":21},"0112":{"zip_code":"5050112","prefecture":"岐阜県","prefecture_kana":"ギフケン","city":"可児郡御嵩町","city_kana":"カニグンミタケチョウ","town":"美佐野","town_kana":"ミザノ","prefecture_code":21},"0116":{"zip_code":"5050116","prefecture":"岐阜県","prefecture_kana":"ギフケン","city":"可児郡御嵩町","city_kana":"カニグンミタケチョウ","town":"御嵩","town_kana":"ミタケ","prefecture_code":21}}