{"0000":{"zip_code":"5060000","prefecture":"岐阜県","prefecture_kana":"ギフケン","city":"高山市","city_kana":"タカヤマシ","town":"","town_kana":"","prefecture_code":21},"0014":{"zip_code":"5060014","prefecture":"岐阜県","prefecture_kana":"ギフケン","city":"高山市","city_kana":"タカヤマシ","town":"相生町","town_kana":"アイオイマチ","prefecture_code":21},"0045":{"zip_code":"5060045","prefecture":"岐阜県","prefecture_kana":"ギフケン","city":"高山市","city_kana":"タカヤマシ","town":"赤保木町","town_kana":"アカホキマチ","prefecture_code":21},"0806":{"zip_code":"5060806","prefecture":"岐阜県","prefecture_kana":"ギフケン","city":"高山市","city_kana":"タカヤマシ","town":"曙町","town_kana":"アケボノマチ","prefecture_code":21},"0042":{"zip_code":"5060042","prefecture":"岐阜県","prefecture_kana":"ギフケン","city":"高山市","city_kana":"タカヤマシ","town":"旭ケ丘町","town_kana":"アサヒガオカマチ","prefecture_code":21},"0017":{"zip_code":"5060017","prefecture":"岐阜県","prefecture_kana":"ギフケン","city":"高山市","city_kana":"タカヤマシ","town":"朝日町","town_kana":"アサヒマチ","prefecture_code":21},"0855":{"zip_code":"5060855","prefecture":"岐阜県","prefecture_kana":"ギフケン","city":"高山市","city_kana":"タカヤマシ","town":"愛宕町","town_kana":"アタゴマチ","prefecture_code":21},"0825":{"zip_code":"5060825","prefecture":"岐阜県","prefecture_kana":"ギフケン","city":"高山市","city_kana":"タカヤマシ","town":"石浦町","town_kana":"イシウラマチ","prefecture_code":21},"0815":{"zip_code":"5060815","prefecture":"岐阜県","prefecture_kana":"ギフケン","city":"高山市","city_kana":"タカヤマシ","town":"岩井町","town_kana":"イワイマチ","prefecture_code":21},"0013":{"zip_code":"5060013","prefecture":"岐阜県","prefecture_kana":"ギフケン","city":"高山市","city_kana":"タカヤマシ","town":"有楽町","town_kana":"ウラマチ","prefecture_code":21},"0812":{"zip_code":"5060812","prefecture":"岐阜県","prefecture_kana":"ギフケン","city":"高山市","city_kana":"タカヤマシ","town":"漆垣内町","town_kana":"ウルシガイトウマチ","prefecture_code":21},"0801":{"zip_code":"5060801","prefecture":"岐阜県","prefecture_kana":"ギフケン","city":"高山市","city_kana":"タカヤマシ","town":"上野町","town_kana":"ウワノマチ","prefecture_code":21},"0033":{"zip_code":"5060033","prefecture":"岐阜県","prefecture_kana":"ギフケン","city":"高山市","city_kana":"タカヤマシ","town":"越後町","town_kana":"エチゴマチ","prefecture_code":21},"0818":{"zip_code":"5060818","prefecture":"岐阜県","prefecture_kana":"ギフケン","city":"高山市","city_kana":"タカヤマシ","town":"江名子町","town_kana":"エナコマチ","prefecture_code":21},"0851":{"zip_code":"5060851","prefecture":"岐阜県","prefecture_kana":"ギフケン","city":"高山市","city_kana":"タカヤマシ","town":"大新町","town_kana":"オオシンマチ","prefecture_code":21},"0816":{"zip_code":"5060816","prefecture":"岐阜県","prefecture_kana":"ギフケン","city":"高山市","city_kana":"タカヤマシ","town":"大島町","town_kana":"オオジママチ","prefecture_code":21},"0811":{"zip_code":"5060811","prefecture":"岐阜県","prefecture_kana":"ギフケン","city":"高山市","city_kana":"タカヤマシ","town":"大洞町","town_kana":"オオボラマチ","prefecture_code":21},"0054":{"zip_code":"5060054","prefecture":"岐阜県","prefecture_kana":"ギフケン","city":"高山市","city_kana":"タカヤマシ","town":"岡本町","town_kana":"オカモトマチ","prefecture_code":21},"1429":{"zip_code":"5061429","prefecture":"岐阜県","prefecture_kana":"ギフケン","city":"高山市","city_kana":"タカヤマシ","town":"奥飛騨温泉郷赤桶","town_kana":"オクヒダオンセンゴウアカオケ","prefecture_code":21},"1425":{"zip_code":"5061425","prefecture":"岐阜県","prefecture_kana":"ギフケン","city":"高山市","city_kana":"タカヤマシ","town":"奥飛騨温泉郷今見","town_kana":"オクヒダオンセンゴウイマミ","prefecture_code":21},"1424":{"zip_code":"5061424","prefecture":"岐阜県","prefecture_kana":"ギフケン","city":"高山市","city_kana":"タカヤマシ","town":"奥飛騨温泉郷柏当","town_kana":"オクヒダオンセンゴウカシアテ","prefecture_code":21},"1421":{"zip_code":"5061421","prefecture":"岐阜県","prefecture_kana":"ギフケン","city":"高山市","city_kana":"タカヤマシ","town":"奥飛騨温泉郷神坂新穂高","town_kana":"オクヒダオンセンゴウカンサカシンホダカ","prefecture_code":21},"1428":{"zip_code":"5061428","prefecture":"岐阜県","prefecture_kana":"ギフケン","city":"高山市","city_kana":"タカヤマシ","town":"奥飛騨温泉郷笹嶋","town_kana":"オクヒダオンセンゴウササジマ","prefecture_code":21},"1427":{"zip_code":"5061427","prefecture":"岐阜県","prefecture_kana":"ギフケン","city":"高山市","city_kana":"タカヤマシ","town":"奥飛騨温泉郷田頃家","town_kana":"オクヒダオンセンゴウタゴロケ","prefecture_code":21},"1426":{"zip_code":"5061426","prefecture":"岐阜県","prefecture_kana":"ギフケン","city":"高山市","city_kana":"タカヤマシ","town":"奥飛騨温泉郷蓼之俣","town_kana":"オクヒダオンセンゴウタテノマタ","prefecture_code":21},"1423":{"zip_code":"5061423","prefecture":"岐阜県","prefecture_kana":"ギフケン","city":"高山市","city_kana":"タカヤマシ","town":"奥飛騨温泉郷栃尾","town_kana":"オクヒダオンセンゴウトチオ","prefecture_code":21},"1422":{"zip_code":"5061422","prefecture":"岐阜県","prefecture_kana":"ギフケン","city":"高山市","city_kana":"タカヤマシ","town":"奥飛騨温泉郷中尾","town_kana":"オクヒダオンセンゴウナカオ","prefecture_code":21},"1432":{"zip_code":"5061432","prefecture":"岐阜県","prefecture_kana":"ギフケン","city":"高山市","city_kana":"タカヤマシ","town":"奥飛騨温泉郷一重ケ根","town_kana":"オクヒダオンセンゴウヒトエガネ","prefecture_code":21},"1433":{"zip_code":"5061433","prefecture":"岐阜県","prefecture_kana":"ギフケン","city":"高山市","city_kana":"タカヤマシ","town":"奥飛騨温泉郷平湯","town_kana":"オクヒダオンセンゴウヒラユ","prefecture_code":21},"1434":{"zip_code":"5061434","prefecture":"岐阜県","prefecture_kana":"ギフケン","city":"高山市","city_kana":"タカヤマシ","town":"奥飛騨温泉郷福地","town_kana":"オクヒダオンセンゴウフクジ","prefecture_code":21},"1431":{"zip_code":"5061431","prefecture":"岐阜県","prefecture_kana":"ギフケン","city":"高山市","city_kana":"タカヤマシ","town":"奥飛騨温泉郷村上","town_kana":"オクヒダオンセンゴウムラカミ","prefecture_code":21},"0835":{"zip_code":"5060835","prefecture":"岐阜県","prefecture_kana":"ギフケン","city":"高山市","city_kana":"タカヤマシ","town":"春日町","town_kana":"カスガマチ","prefecture_code":21},"0824":{"zip_code":"5060824","prefecture":"岐阜県","prefecture_kana":"ギフケン","city":"高山市","city_kana":"タカヤマシ","town":"片野町","town_kana":"カタノマチ","prefecture_code":21},"0847":{"zip_code":"5060847","prefecture":"岐阜県","prefecture_kana":"ギフケン","city":"高山市","city_kana":"タカヤマシ","town":"片原町","town_kana":"カタハラマチ","prefecture_code":21},"0844":{"zip_code":"5060844","prefecture":"岐阜県","prefecture_kana":"ギフケン","city":"高山市","city_kana":"タカヤマシ","town":"上一之町","town_kana":"カミ1ノマチ","prefecture_code":21},"0845":{"zip_code":"5060845","prefecture":"岐阜県","prefecture_kana":"ギフケン","city":"高山市","city_kana":"タカヤマシ","town":"上二之町","town_kana":"カミ2ノマチ","prefecture_code":21},"0846":{"zip_code":"5060846","prefecture":"岐阜県","prefecture_kana":"ギフケン","city":"高山市","city_kana":"タカヤマシ","town":"上三之町","town_kana":"カミ3ノマチ","prefecture_code":21},"0055":{"zip_code":"5060055","prefecture":"岐阜県","prefecture_kana":"ギフケン","city":"高山市","city_kana":"タカヤマシ","town":"上岡本町","town_kana":"カミオカモトマチ","prefecture_code":21},"0024":{"zip_code":"5060024","prefecture":"岐阜県","prefecture_kana":"ギフケン","city":"高山市","city_kana":"タカヤマシ","town":"上川原町","town_kana":"カミカワハラマチ","prefecture_code":21},"0044":{"zip_code":"5060044","prefecture":"岐阜県","prefecture_kana":"ギフケン","city":"高山市","city_kana":"タカヤマシ","town":"上切町","town_kana":"カミギリマチ","prefecture_code":21},"1312":{"zip_code":"5061312","prefecture":"岐阜県","prefecture_kana":"ギフケン","city":"高山市","city_kana":"タカヤマシ","town":"上宝町新田","town_kana":"カミタカラチョウアラタ","prefecture_code":21},"1315":{"zip_code":"5061315","prefecture":"岐阜県","prefecture_kana":"ギフケン","city":"高山市","city_kana":"タカヤマシ","town":"上宝町荒原","town_kana":"カミタカラチョウアラハラ","prefecture_code":21},"1303":{"zip_code":"5061303","prefecture":"岐阜県","prefecture_kana":"ギフケン","city":"高山市","city_kana":"タカヤマシ","town":"上宝町岩井戸","town_kana":"カミタカラチョウイワイド","prefecture_code":21},"1318":{"zip_code":"5061318","prefecture":"岐阜県","prefecture_kana":"ギフケン","city":"高山市","city_kana":"タカヤマシ","town":"上宝町芋生茂","town_kana":"カミタカラチョウオイモ","prefecture_code":21},"1308":{"zip_code":"5061308","prefecture":"岐阜県","prefecture_kana":"ギフケン","city":"高山市","city_kana":"タカヤマシ","town":"上宝町金木戸","town_kana":"カミタカラチョウカナキド","prefecture_code":21},"1301":{"zip_code":"5061301","prefecture":"岐阜県","prefecture_kana":"ギフケン","city":"高山市","city_kana":"タカヤマシ","town":"上宝町葛山","town_kana":"カミタカラチョウクズヤマ","prefecture_code":21},"1314":{"zip_code":"5061314","prefecture":"岐阜県","prefecture_kana":"ギフケン","city":"高山市","city_kana":"タカヤマシ","town":"上宝町蔵柱","town_kana":"カミタカラチョウクラバシラ","prefecture_code":21},"1313":{"zip_code":"5061313","prefecture":"岐阜県","prefecture_kana":"ギフケン","city":"高山市","city_kana":"タカヤマシ","town":"上宝町在家","town_kana":"カミタカラチョウザイケ","prefecture_code":21},"1319":{"zip_code":"5061319","prefecture":"岐阜県","prefecture_kana":"ギフケン","city":"高山市","city_kana":"タカヤマシ","town":"上宝町下佐谷","town_kana":"カミタカラチョウシモサダニ","prefecture_code":21},"1307":{"zip_code":"5061307","prefecture":"岐阜県","prefecture_kana":"ギフケン","city":"高山市","city_kana":"タカヤマシ","town":"上宝町双六","town_kana":"カミタカラチョウスゴロク","prefecture_code":21},"1302":{"zip_code":"5061302","prefecture":"岐阜県","prefecture_kana":"ギフケン","city":"高山市","city_kana":"タカヤマシ","town":"上宝町長倉","town_kana":"カミタカラチョウナガクラ","prefecture_code":21},"1305":{"zip_code":"5061305","prefecture":"岐阜県","prefecture_kana":"ギフケン","city":"高山市","city_kana":"タカヤマシ","town":"上宝町中山","town_kana":"カミタカラチョウナカヤマ","prefecture_code":21},"1311":{"zip_code":"5061311","prefecture":"岐阜県","prefecture_kana":"ギフケン","city":"高山市","city_kana":"タカヤマシ","town":"上宝町鼠餅","town_kana":"カミタカラチョウネズモチ","prefecture_code":21},"1317":{"zip_code":"5061317","prefecture":"岐阜県","prefecture_kana":"ギフケン","city":"高山市","city_kana":"タカヤマシ","town":"上宝町本郷","town_kana":"カミタカラチョウホンゴウ","prefecture_code":21},"1306":{"zip_code":"5061306","prefecture":"岐阜県","prefecture_kana":"ギフケン","city":"高山市","city_kana":"タカヤマシ","town":"上宝町見座","town_kana":"カミタカラチョウミザ","prefecture_code":21},"1304":{"zip_code":"5061304","prefecture":"岐阜県","prefecture_kana":"ギフケン","city":"高山市","city_kana":"タカヤマシ","town":"上宝町宮原","town_kana":"カミタカラチョウミヤハラ","prefecture_code":21},"1316":{"zip_code":"5061316","prefecture":"岐阜県","prefecture_kana":"ギフケン","city":"高山市","city_kana":"タカヤマシ","town":"上宝町吉野","town_kana":"カミタカラチョウヨシノ","prefecture_code":21},"0023":{"zip_code":"5060023","prefecture":"岐阜県","prefecture_kana":"ギフケン","city":"高山市","city_kana":"タカヤマシ","town":"川原町","town_kana":"カワハラマチ","prefecture_code":21},"0006":{"zip_code":"5060006","prefecture":"岐阜県","prefecture_kana":"ギフケン","city":"高山市","city_kana":"タカヤマシ","town":"神田町","town_kana":"カンダマチ","prefecture_code":21},"0203":{"zip_code":"5060203","prefecture":"岐阜県","prefecture_kana":"ギフケン","city":"高山市","city_kana":"タカヤマシ","town":"清見町池本","town_kana":"キヨミチョウイケモト","prefecture_code":21},"0201":{"zip_code":"5060201","prefecture":"岐阜県","prefecture_kana":"ギフケン","city":"高山市","city_kana":"タカヤマシ","town":"清見町江黒","town_kana":"キヨミチョウエグロ","prefecture_code":21},"0202":{"zip_code":"5060202","prefecture":"岐阜県","prefecture_kana":"ギフケン","city":"高山市","city_kana":"タカヤマシ","town":"清見町大谷","town_kana":"キヨミチョウオオタニ","prefecture_code":21},"0206":{"zip_code":"5060206","prefecture":"岐阜県","prefecture_kana":"ギフケン","city":"高山市","city_kana":"タカヤマシ","town":"清見町上小鳥","town_kana":"キヨミチョウカミオドリ","prefecture_code":21},"0106":{"zip_code":"5060106","prefecture":"岐阜県","prefecture_kana":"ギフケン","city":"高山市","city_kana":"タカヤマシ","town":"清見町坂下","town_kana":"キヨミチョウサカシタ","prefecture_code":21},"0107":{"zip_code":"5060107","prefecture":"岐阜県","prefecture_kana":"ギフケン","city":"高山市","city_kana":"タカヤマシ","town":"清見町巣野俣","town_kana":"キヨミチョウスノマタ","prefecture_code":21},"0205":{"zip_code":"5060205","prefecture":"岐阜県","prefecture_kana":"ギフケン","city":"高山市","city_kana":"タカヤマシ","town":"清見町夏厩","town_kana":"キヨミチョウナツマヤ","prefecture_code":21},"0204":{"zip_code":"5060204","prefecture":"岐阜県","prefecture_kana":"ギフケン","city":"高山市","city_kana":"タカヤマシ","town":"清見町二本木","town_kana":"キヨミチョウニホンギ","prefecture_code":21},"0104":{"zip_code":"5060104","prefecture":"岐阜県","prefecture_kana":"ギフケン","city":"高山市","city_kana":"タカヤマシ","town":"清見町福寄","town_kana":"キヨミチョウフクヨリ","prefecture_code":21},"0103":{"zip_code":"5060103","prefecture":"岐阜県","prefecture_kana":"ギフケン","city":"高山市","city_kana":"タカヤマシ","town":"清見町藤瀬","town_kana":"キヨミチョウフジセ","prefecture_code":21},"0101":{"zip_code":"5060101","prefecture":"岐阜県","prefecture_kana":"ギフケン","city":"高山市","city_kana":"タカヤマシ","town":"清見町牧ケ洞","town_kana":"キヨミチョウマキガホラ","prefecture_code":21},"0102":{"zip_code":"5060102","prefecture":"岐阜県","prefecture_kana":"ギフケン","city":"高山市","city_kana":"タカヤマシ","town":"清見町三日町","town_kana":"キヨミチョウミッカマチ","prefecture_code":21},"0105":{"zip_code":"5060105","prefecture":"岐阜県","prefecture_kana":"ギフケン","city":"高山市","city_kana":"タカヤマシ","town":"清見町三ツ谷","town_kana":"キヨミチョウミツダニ","prefecture_code":21},"0207":{"zip_code":"5060207","prefecture":"岐阜県","prefecture_kana":"ギフケン","city":"高山市","city_kana":"タカヤマシ","town":"清見町森茂","town_kana":"キヨミチョウモリモ","prefecture_code":21},"0004":{"zip_code":"5060004","prefecture":"岐阜県","prefecture_kana":"ギフケン","city":"高山市","city_kana":"タカヤマシ","town":"桐生町","town_kana":"キリウマチ","prefecture_code":21},"0853":{"zip_code":"5060853","prefecture":"岐阜県","prefecture_kana":"ギフケン","city":"高山市","city_kana":"タカヤマシ","town":"左京町","town_kana":"サキョウマチ","prefecture_code":21},"0858":{"zip_code":"5060858","prefecture":"岐阜県","prefecture_kana":"ギフケン","city":"高山市","city_kana":"タカヤマシ","town":"桜町","town_kana":"サクラマチ","prefecture_code":21},"0807":{"zip_code":"5060807","prefecture":"岐阜県","prefecture_kana":"ギフケン","city":"高山市","city_kana":"タカヤマシ","town":"三福寺町","town_kana":"サンフクジマチ","prefecture_code":21},"0813":{"zip_code":"5060813","prefecture":"岐阜県","prefecture_kana":"ギフケン","city":"高山市","city_kana":"タカヤマシ","town":"塩屋町","town_kana":"シオヤマチ","prefecture_code":21},"0836":{"zip_code":"5060836","prefecture":"岐阜県","prefecture_kana":"ギフケン","city":"高山市","city_kana":"タカヤマシ","town":"島川原町","town_kana":"シマカワハラマチ","prefecture_code":21},"0843":{"zip_code":"5060843","prefecture":"岐阜県","prefecture_kana":"ギフケン","city":"高山市","city_kana":"タカヤマシ","town":"下一之町","town_kana":"シモ1ノマチ","prefecture_code":21},"0842":{"zip_code":"5060842","prefecture":"岐阜県","prefecture_kana":"ギフケン","city":"高山市","city_kana":"タカヤマシ","town":"下二之町","town_kana":"シモ2ノマチ","prefecture_code":21},"0841":{"zip_code":"5060841","prefecture":"岐阜県","prefecture_kana":"ギフケン","city":"高山市","city_kana":"タカヤマシ","town":"下三之町","town_kana":"シモ3ノマチ","prefecture_code":21},"0052":{"zip_code":"5060052","prefecture":"岐阜県","prefecture_kana":"ギフケン","city":"高山市","city_kana":"タカヤマシ","town":"下岡本町","town_kana":"シモオカモトマチ","prefecture_code":21},"0041":{"zip_code":"5060041","prefecture":"岐阜県","prefecture_kana":"ギフケン","city":"高山市","city_kana":"タカヤマシ","town":"下切町","town_kana":"シモギリマチ","prefecture_code":21},"0046":{"zip_code":"5060046","prefecture":"岐阜県","prefecture_kana":"ギフケン","city":"高山市","city_kana":"タカヤマシ","town":"下之切町","town_kana":"シモノキリマチ","prefecture_code":21},"0059":{"zip_code":"5060059","prefecture":"岐阜県","prefecture_kana":"ギフケン","city":"高山市","city_kana":"タカヤマシ","town":"下林町","town_kana":"シモバヤシマチ","prefecture_code":21},"0053":{"zip_code":"5060053","prefecture":"岐阜県","prefecture_kana":"ギフケン","city":"高山市","city_kana":"タカヤマシ","town":"昭和町","town_kana":"ショウワマチ","prefecture_code":21},"0822":{"zip_code":"5060822","prefecture":"岐阜県","prefecture_kana":"ギフケン","city":"高山市","city_kana":"タカヤマシ","town":"城山","town_kana":"シロヤマ","prefecture_code":21},"0035":{"zip_code":"5060035","prefecture":"岐阜県","prefecture_kana":"ギフケン","city":"高山市","city_kana":"タカヤマシ","town":"新宮町","town_kana":"シングウマチ","prefecture_code":21},"0821":{"zip_code":"5060821","prefecture":"岐阜県","prefecture_kana":"ギフケン","city":"高山市","city_kana":"タカヤマシ","town":"神明町","town_kana":"シンメイマチ","prefecture_code":21},"0016":{"zip_code":"5060016","prefecture":"岐阜県","prefecture_kana":"ギフケン","city":"高山市","city_kana":"タカヤマシ","town":"末広町","town_kana":"スエヒロマチ","prefecture_code":21},"0834":{"zip_code":"5060834","prefecture":"岐阜県","prefecture_kana":"ギフケン","city":"高山市","city_kana":"タカヤマシ","town":"宗猷寺町","town_kana":"ソウユウジマチ","prefecture_code":21},"0007":{"zip_code":"5060007","prefecture":"岐阜県","prefecture_kana":"ギフケン","city":"高山市","city_kana":"タカヤマシ","town":"総和町","town_kana":"ソウワマチ","prefecture_code":21},"0856":{"zip_code":"5060856","prefecture":"岐阜県","prefecture_kana":"ギフケン","city":"高山市","city_kana":"タカヤマシ","town":"大門町","town_kana":"ダイモンマチ","prefecture_code":21},"0814":{"zip_code":"5060814","prefecture":"岐阜県","prefecture_kana":"ギフケン","city":"高山市","city_kana":"タカヤマシ","town":"滝町","town_kana":"タキマチ","prefecture_code":21},"0057":{"zip_code":"5060057","prefecture":"岐阜県","prefecture_kana":"ギフケン","city":"高山市","city_kana":"タカヤマシ","town":"匠ケ丘町","town_kana":"タクミガオカマチ","prefecture_code":21},"0032":{"zip_code":"5060032","prefecture":"岐阜県","prefecture_kana":"ギフケン","city":"高山市","city_kana":"タカヤマシ","town":"千島町","town_kana":"チシママチ","prefecture_code":21},"0857":{"zip_code":"5060857","prefecture":"岐阜県","prefecture_kana":"ギフケン","city":"高山市","city_kana":"タカヤマシ","town":"鉄砲町","town_kana":"テッポウマチ","prefecture_code":21},"0832":{"zip_code":"5060832","prefecture":"岐阜県","prefecture_kana":"ギフケン","city":"高山市","city_kana":"タカヤマシ","town":"天性寺町","town_kana":"テンショウジマチ","prefecture_code":21},"0025":{"zip_code":"5060025","prefecture":"岐阜県","prefecture_kana":"ギフケン","city":"高山市","city_kana":"タカヤマシ","town":"天満町","town_kana":"テンマンマチ","prefecture_code":21},"0002":{"zip_code":"5060002","prefecture":"岐阜県","prefecture_kana":"ギフケン","city":"高山市","city_kana":"タカヤマシ","town":"問屋町","town_kana":"トンヤマチ","prefecture_code":21},"0043":{"zip_code":"5060043","prefecture":"岐阜県","prefecture_kana":"ギフケン","city":"高山市","city_kana":"タカヤマシ","town":"中切町","town_kana":"ナカギリマチ","prefecture_code":21},"0051":{"zip_code":"5060051","prefecture":"岐阜県","prefecture_kana":"ギフケン","city":"高山市","city_kana":"タカヤマシ","town":"中山町","town_kana":"ナカヤママチ","prefecture_code":21},"0804":{"zip_code":"5060804","prefecture":"岐阜県","prefecture_kana":"ギフケン","city":"高山市","city_kana":"タカヤマシ","town":"長坂町","town_kana":"ナガサカマチ","prefecture_code":21},"0021":{"zip_code":"5060021","prefecture":"岐阜県","prefecture_kana":"ギフケン","city":"高山市","city_kana":"タカヤマシ","town":"名田町","town_kana":"ナダマチ","prefecture_code":21},"0005":{"zip_code":"5060005","prefecture":"岐阜県","prefecture_kana":"ギフケン","city":"高山市","city_kana":"タカヤマシ","town":"七日町","town_kana":"ナヌカマチ","prefecture_code":21},"0031":{"zip_code":"5060031","prefecture":"岐阜県","prefecture_kana":"ギフケン","city":"高山市","city_kana":"タカヤマシ","town":"西之一色町","town_kana":"ニシノイッシキマチ","prefecture_code":21},"0833":{"zip_code":"5060833","prefecture":"岐阜県","prefecture_kana":"ギフケン","city":"高山市","city_kana":"タカヤマシ","town":"西洞町","town_kana":"ニシボラマチ","prefecture_code":21},"0022":{"zip_code":"5060022","prefecture":"岐阜県","prefecture_kana":"ギフケン","city":"高山市","city_kana":"タカヤマシ","town":"西町","town_kana":"ニシマチ","prefecture_code":21},"2113":{"zip_code":"5062113","prefecture":"岐阜県","prefecture_kana":"ギフケン","city":"高山市","city_kana":"タカヤマシ","town":"丹生川町芦谷","town_kana":"ニュウカワチョウアシタニ","prefecture_code":21},"2253":{"zip_code":"5062253","prefecture":"岐阜県","prefecture_kana":"ギフケン","city":"高山市","city_kana":"タカヤマシ","town":"丹生川町池之俣","town_kana":"ニュウカワチョウイケノマタ","prefecture_code":21},"2112":{"zip_code":"5062112","prefecture":"岐阜県","prefecture_kana":"ギフケン","city":"高山市","city_kana":"タカヤマシ","town":"丹生川町板殿","town_kana":"ニュウカワチョウイタンド","prefecture_code":21},"2254":{"zip_code":"5062254","prefecture":"岐阜県","prefecture_kana":"ギフケン","city":"高山市","city_kana":"タカヤマシ","town":"丹生川町岩井谷","town_kana":"ニュウカワチョウイワイタニ","prefecture_code":21},"2111":{"zip_code":"5062111","prefecture":"岐阜県","prefecture_kana":"ギフケン","city":"高山市","city_kana":"タカヤマシ","town":"丹生川町瓜田","town_kana":"ニュウカワチョウウリダ","prefecture_code":21},"2131":{"zip_code":"5062131","prefecture":"岐阜県","prefecture_kana":"ギフケン","city":"高山市","city_kana":"タカヤマシ","town":"丹生川町大萱","town_kana":"ニュウカワチョウオオガヤ","prefecture_code":21},"2116":{"zip_code":"5062116","prefecture":"岐阜県","prefecture_kana":"ギフケン","city":"高山市","city_kana":"タカヤマシ","town":"丹生川町大谷","town_kana":"ニュウカワチョウオオタニ","prefecture_code":21},"2104":{"zip_code":"5062104","prefecture":"岐阜県","prefecture_kana":"ギフケン","city":"高山市","city_kana":"タカヤマシ","town":"丹生川町大沼","town_kana":"ニュウカワチョウオオヌマ","prefecture_code":21},"2103":{"zip_code":"5062103","prefecture":"岐阜県","prefecture_kana":"ギフケン","city":"高山市","city_kana":"タカヤマシ","town":"丹生川町折敷地","town_kana":"ニュウカワチョウオシキジ","prefecture_code":21},"2106":{"zip_code":"5062106","prefecture":"岐阜県","prefecture_kana":"ギフケン","city":"高山市","city_kana":"タカヤマシ","town":"丹生川町柏原","town_kana":"ニュウカワチョウカシハラ","prefecture_code":21},"2133":{"zip_code":"5062133","prefecture":"岐阜県","prefecture_kana":"ギフケン","city":"高山市","city_kana":"タカヤマシ","town":"丹生川町北方","town_kana":"ニュウカワチョウキタカタ","prefecture_code":21},"2134":{"zip_code":"5062134","prefecture":"岐阜県","prefecture_kana":"ギフケン","city":"高山市","city_kana":"タカヤマシ","town":"丹生川町桐山","town_kana":"ニュウカワチョウキリヤマ","prefecture_code":21},"2252":{"zip_code":"5062252","prefecture":"岐阜県","prefecture_kana":"ギフケン","city":"高山市","city_kana":"タカヤマシ","town":"丹生川町久手","town_kana":"ニュウカワチョウクテ","prefecture_code":21},"2115":{"zip_code":"5062115","prefecture":"岐阜県","prefecture_kana":"ギフケン","city":"高山市","city_kana":"タカヤマシ","town":"丹生川町小野","town_kana":"ニュウカワチョウコノ","prefecture_code":21},"2117":{"zip_code":"5062117","prefecture":"岐阜県","prefecture_kana":"ギフケン","city":"高山市","city_kana":"タカヤマシ","town":"丹生川町根方","town_kana":"ニュウカワチョウゴンボウ","prefecture_code":21},"2105":{"zip_code":"5062105","prefecture":"岐阜県","prefecture_kana":"ギフケン","city":"高山市","city_kana":"タカヤマシ","town":"丹生川町三之瀬","town_kana":"ニュウカワチョウサンノセ","prefecture_code":21},"2258":{"zip_code":"5062258","prefecture":"岐阜県","prefecture_kana":"ギフケン","city":"高山市","city_kana":"タカヤマシ","town":"丹生川町塩屋","town_kana":"ニュウカワチョウシオヤ","prefecture_code":21},"2135":{"zip_code":"5062135","prefecture":"岐阜県","prefecture_kana":"ギフケン","city":"高山市","city_kana":"タカヤマシ","town":"丹生川町下保","town_kana":"ニュウカワチョウシモボ","prefecture_code":21},"2118":{"zip_code":"5062118","prefecture":"岐阜県","prefecture_kana":"ギフケン","city":"高山市","city_kana":"タカヤマシ","town":"丹生川町白井","town_kana":"ニュウカワチョウシロイ","prefecture_code":21},"2257":{"zip_code":"5062257","prefecture":"岐阜県","prefecture_kana":"ギフケン","city":"高山市","city_kana":"タカヤマシ","town":"丹生川町曽手","town_kana":"ニュウカワチョウソデ","prefecture_code":21},"2255":{"zip_code":"5062255","prefecture":"岐阜県","prefecture_kana":"ギフケン","city":"高山市","city_kana":"タカヤマシ","town":"丹生川町駄吉","town_kana":"ニュウカワチョウダヨシ","prefecture_code":21},"2124":{"zip_code":"5062124","prefecture":"岐阜県","prefecture_kana":"ギフケン","city":"高山市","city_kana":"タカヤマシ","town":"丹生川町新張","town_kana":"ニュウカワチョウニイバリ","prefecture_code":21},"2251":{"zip_code":"5062251","prefecture":"岐阜県","prefecture_kana":"ギフケン","city":"高山市","city_kana":"タカヤマシ","town":"丹生川町旗鉾","town_kana":"ニュウカワチョウハタホコ","prefecture_code":21},"2114":{"zip_code":"5062114","prefecture":"岐阜県","prefecture_kana":"ギフケン","city":"高山市","city_kana":"タカヤマシ","town":"丹生川町日影","town_kana":"ニュウカワチョウヒカゲ","prefecture_code":21},"2256":{"zip_code":"5062256","prefecture":"岐阜県","prefecture_kana":"ギフケン","city":"高山市","city_kana":"タカヤマシ","town":"丹生川町日面","town_kana":"ニュウカワチョウヒヨモ","prefecture_code":21},"2121":{"zip_code":"5062121","prefecture":"岐阜県","prefecture_kana":"ギフケン","city":"高山市","city_kana":"タカヤマシ","town":"丹生川町坊方","town_kana":"ニュウカワチョウボウカタ","prefecture_code":21},"2132":{"zip_code":"5062132","prefecture":"岐阜県","prefecture_kana":"ギフケン","city":"高山市","city_kana":"タカヤマシ","town":"丹生川町法力","town_kana":"ニュウカワチョウホウリキ","prefecture_code":21},"2125":{"zip_code":"5062125","prefecture":"岐阜県","prefecture_kana":"ギフケン","city":"高山市","city_kana":"タカヤマシ","town":"丹生川町細越","town_kana":"ニュウカワチョウホソゴエ","prefecture_code":21},"2123":{"zip_code":"5062123","prefecture":"岐阜県","prefecture_kana":"ギフケン","city":"高山市","city_kana":"タカヤマシ","town":"丹生川町町方","town_kana":"ニュウカワチョウマチカタ","prefecture_code":21},"2101":{"zip_code":"5062101","prefecture":"岐阜県","prefecture_kana":"ギフケン","city":"高山市","city_kana":"タカヤマシ","town":"丹生川町森部","town_kana":"ニュウカワチョウモリブ","prefecture_code":21},"2122":{"zip_code":"5062122","prefecture":"岐阜県","prefecture_kana":"ギフケン","city":"高山市","city_kana":"タカヤマシ","town":"丹生川町山口","town_kana":"ニュウカワチョウヤマクチ","prefecture_code":21},"0012":{"zip_code":"5060012","prefecture":"岐阜県","prefecture_kana":"ギフケン","city":"高山市","city_kana":"タカヤマシ","town":"八軒町","town_kana":"ハチケンマチ","prefecture_code":21},"0852":{"zip_code":"5060852","prefecture":"岐阜県","prefecture_kana":"ギフケン","city":"高山市","city_kana":"タカヤマシ","town":"八幡町","town_kana":"ハチマンマチ","prefecture_code":21},"0008":{"zip_code":"5060008","prefecture":"岐阜県","prefecture_kana":"ギフケン","city":"高山市","city_kana":"タカヤマシ","town":"初田町","town_kana":"ハツダマチ","prefecture_code":21},"0009":{"zip_code":"5060009","prefecture":"岐阜県","prefecture_kana":"ギフケン","city":"高山市","city_kana":"タカヤマシ","town":"花岡町","town_kana":"ハナオカマチ","prefecture_code":21},"0015":{"zip_code":"5060015","prefecture":"岐阜県","prefecture_kana":"ギフケン","city":"高山市","city_kana":"タカヤマシ","town":"花川町","town_kana":"ハナカワマチ","prefecture_code":21},"0026":{"zip_code":"5060026","prefecture":"岐阜県","prefecture_kana":"ギフケン","city":"高山市","city_kana":"タカヤマシ","town":"花里町","town_kana":"ハナサトマチ","prefecture_code":21},"0838":{"zip_code":"5060838","prefecture":"岐阜県","prefecture_kana":"ギフケン","city":"高山市","city_kana":"タカヤマシ","town":"馬場町","town_kana":"ババマチ","prefecture_code":21},"0805":{"zip_code":"5060805","prefecture":"岐阜県","prefecture_kana":"ギフケン","city":"高山市","city_kana":"タカヤマシ","town":"東山町","town_kana":"ヒガシヤママチ","prefecture_code":21},"0803":{"zip_code":"5060803","prefecture":"岐阜県","prefecture_kana":"ギフケン","city":"高山市","city_kana":"タカヤマシ","town":"日の出町","town_kana":"ヒノデマチ","prefecture_code":21},"0831":{"zip_code":"5060831","prefecture":"岐阜県","prefecture_kana":"ギフケン","city":"高山市","city_kana":"タカヤマシ","town":"吹屋町","town_kana":"フキヤマチ","prefecture_code":21},"0001":{"zip_code":"5060001","prefecture":"岐阜県","prefecture_kana":"ギフケン","city":"高山市","city_kana":"タカヤマシ","town":"冬頭町","town_kana":"フユトウマチ","prefecture_code":21},"0003":{"zip_code":"5060003","prefecture":"岐阜県","prefecture_kana":"ギフケン","city":"高山市","city_kana":"タカヤマシ","town":"本母町","town_kana":"ホノブマチ","prefecture_code":21},"0837":{"zip_code":"5060837","prefecture":"岐阜県","prefecture_kana":"ギフケン","city":"高山市","city_kana":"タカヤマシ","town":"堀端町","town_kana":"ホリバタマチ","prefecture_code":21},"0011":{"zip_code":"5060011","prefecture":"岐阜県","prefecture_kana":"ギフケン","city":"高山市","city_kana":"タカヤマシ","town":"本町","town_kana":"ホンマチ","prefecture_code":21},"0048":{"zip_code":"5060048","prefecture":"岐阜県","prefecture_kana":"ギフケン","city":"高山市","city_kana":"タカヤマシ","town":"前原町","town_kana":"マエハラマチ","prefecture_code":21},"0034":{"zip_code":"5060034","prefecture":"岐阜県","prefecture_kana":"ギフケン","city":"高山市","city_kana":"タカヤマシ","town":"松倉町","town_kana":"マツクラマチ","prefecture_code":21},"0802":{"zip_code":"5060802","prefecture":"岐阜県","prefecture_kana":"ギフケン","city":"高山市","city_kana":"タカヤマシ","town":"松之木町","town_kana":"マツノキマチ","prefecture_code":21},"0808":{"zip_code":"5060808","prefecture":"岐阜県","prefecture_kana":"ギフケン","city":"高山市","city_kana":"タカヤマシ","town":"松本町","town_kana":"マツモトマチ","prefecture_code":21},"0056":{"zip_code":"5060056","prefecture":"岐阜県","prefecture_kana":"ギフケン","city":"高山市","city_kana":"タカヤマシ","town":"緑ケ丘町","town_kana":"ミドリガオカマチ","prefecture_code":21},"0823":{"zip_code":"5060823","prefecture":"岐阜県","prefecture_kana":"ギフケン","city":"高山市","city_kana":"タカヤマシ","town":"森下町","town_kana":"モリシタマチ","prefecture_code":21},"0817":{"zip_code":"5060817","prefecture":"岐阜県","prefecture_kana":"ギフケン","city":"高山市","city_kana":"タカヤマシ","town":"山口町","town_kana":"ヤマグチマチ","prefecture_code":21},"0058":{"zip_code":"5060058","prefecture":"岐阜県","prefecture_kana":"ギフケン","city":"高山市","city_kana":"タカヤマシ","town":"山田町","town_kana":"ヤマダマチ","prefecture_code":21},"0047":{"zip_code":"5060047","prefecture":"岐阜県","prefecture_kana":"ギフケン","city":"高山市","city_kana":"タカヤマシ","town":"八日町","town_kana":"ヨウカマチ","prefecture_code":21},"0854":{"zip_code":"5060854","prefecture":"岐阜県","prefecture_kana":"ギフケン","city":"高山市","city_kana":"タカヤマシ","town":"若達町","town_kana":"ワカタツマチ","prefecture_code":21},"1100":{"zip_code":"5061100","prefecture":"岐阜県","prefecture_kana":"ギフケン","city":"飛騨市","city_kana":"ヒダシ","town":"","town_kana":"","prefecture_code":21},"1121":[{"zip_code":"5061121","prefecture":"岐阜県","prefecture_kana":"ギフケン","city":"飛騨市","city_kana":"ヒダシ","town":"神岡町旭ケ丘","town_kana":"カミオカチョウアサヒガオカ","prefecture_code":21},{"zip_code":"5061121","prefecture":"岐阜県","prefecture_kana":"ギフケン","city":"飛騨市","city_kana":"ヒダシ","town":"神岡町殿","town_kana":"カミオカチョウトノ","prefecture_code":21}],"1147":{"zip_code":"5061147","prefecture":"岐阜県","prefecture_kana":"ギフケン","city":"飛騨市","city_kana":"ヒダシ","town":"神岡町東雲","town_kana":"カミオカチョウアズモ","prefecture_code":21},"1149":{"zip_code":"5061149","prefecture":"岐阜県","prefecture_kana":"ギフケン","city":"飛騨市","city_kana":"ヒダシ","town":"神岡町阿曽保","town_kana":"カミオカチョウアソボ","prefecture_code":21},"1131":{"zip_code":"5061131","prefecture":"岐阜県","prefecture_kana":"ギフケン","city":"飛騨市","city_kana":"ヒダシ","town":"神岡町麻生野","town_kana":"カミオカチョウアソヤ","prefecture_code":21},"1162":{"zip_code":"5061162","prefecture":"岐阜県","prefecture_kana":"ギフケン","city":"飛騨市","city_kana":"ヒダシ","town":"神岡町朝浦","town_kana":"カミオカチョウアソラ","prefecture_code":21},"1212":{"zip_code":"5061212","prefecture":"岐阜県","prefecture_kana":"ギフケン","city":"飛騨市","city_kana":"ヒダシ","town":"神岡町跡津川","town_kana":"カミオカチョウアトツガワ","prefecture_code":21},"1132":{"zip_code":"5061132","prefecture":"岐阜県","prefecture_kana":"ギフケン","city":"飛騨市","city_kana":"ヒダシ","town":"神岡町石神","town_kana":"カミオカチョウイシガミ","prefecture_code":21},"1106":{"zip_code":"5061106","prefecture":"岐阜県","prefecture_kana":"ギフケン","city":"飛騨市","city_kana":"ヒダシ","town":"神岡町伊西","town_kana":"カミオカチョウイニシ","prefecture_code":21},"1103":{"zip_code":"5061103","prefecture":"岐阜県","prefecture_kana":"ギフケン","city":"飛騨市","city_kana":"ヒダシ","town":"神岡町岩井谷","town_kana":"カミオカチョウイワイダニ","prefecture_code":21},"1102":{"zip_code":"5061102","prefecture":"岐阜県","prefecture_kana":"ギフケン","city":"飛騨市","city_kana":"ヒダシ","town":"神岡町打保","town_kana":"カミオカチョウウツボ","prefecture_code":21},"1125":{"zip_code":"5061125","prefecture":"岐阜県","prefecture_kana":"ギフケン","city":"飛騨市","city_kana":"ヒダシ","town":"神岡町江馬町","town_kana":"カミオカチョウエマチョウ","prefecture_code":21},"1158":{"zip_code":"5061158","prefecture":"岐阜県","prefecture_kana":"ギフケン","city":"飛騨市","city_kana":"ヒダシ","town":"神岡町柏原","town_kana":"カミオカチョウカシハラ","prefecture_code":21},"1145":{"zip_code":"5061145","prefecture":"岐阜県","prefecture_kana":"ギフケン","city":"飛騨市","city_kana":"ヒダシ","town":"神岡町釜崎","town_kana":"カミオカチョウカマサキ","prefecture_code":21},"1143":{"zip_code":"5061143","prefecture":"岐阜県","prefecture_kana":"ギフケン","city":"飛騨市","city_kana":"ヒダシ","town":"神岡町小萱","town_kana":"カミオカチョウコカヤ","prefecture_code":21},"1122":{"zip_code":"5061122","prefecture":"岐阜県","prefecture_kana":"ギフケン","city":"飛騨市","city_kana":"ヒダシ","town":"神岡町坂富町","town_kana":"カミオカチョウサカトミチョウ","prefecture_code":21},"1126":{"zip_code":"5061126","prefecture":"岐阜県","prefecture_kana":"ギフケン","city":"飛騨市","city_kana":"ヒダシ","town":"神岡町桜ケ丘","town_kana":"カミオカチョウサクラガオカ","prefecture_code":21},"1211":{"zip_code":"5061211","prefecture":"岐阜県","prefecture_kana":"ギフケン","city":"飛騨市","city_kana":"ヒダシ","town":"神岡町佐古","town_kana":"カミオカチョウサコ","prefecture_code":21},"1114":{"zip_code":"5061114","prefecture":"岐阜県","prefecture_kana":"ギフケン","city":"飛騨市","city_kana":"ヒダシ","town":"神岡町鹿間","town_kana":"カミオカチョウシカマ","prefecture_code":21},"1107":{"zip_code":"5061107","prefecture":"岐阜県","prefecture_kana":"ギフケン","city":"飛騨市","city_kana":"ヒダシ","town":"神岡町下之本","town_kana":"カミオカチョウシモノモト","prefecture_code":21},"1123":{"zip_code":"5061123","prefecture":"岐阜県","prefecture_kana":"ギフケン","city":"飛騨市","city_kana":"ヒダシ","town":"神岡町城ケ丘","town_kana":"カミオカチョウシロガオカ","prefecture_code":21},"1204":{"zip_code":"5061204","prefecture":"岐阜県","prefecture_kana":"ギフケン","city":"飛騨市","city_kana":"ヒダシ","town":"神岡町杉山","town_kana":"カミオカチョウスギヤマ","prefecture_code":21},"1133":{"zip_code":"5061133","prefecture":"岐阜県","prefecture_kana":"ギフケン","city":"飛騨市","city_kana":"ヒダシ","town":"神岡町数河","town_kana":"カミオカチョウスゴウ","prefecture_code":21},"1157":{"zip_code":"5061157","prefecture":"岐阜県","prefecture_kana":"ギフケン","city":"飛騨市","city_kana":"ヒダシ","town":"神岡町巣山","town_kana":"カミオカチョウスヤマ","prefecture_code":21},"1108":{"zip_code":"5061108","prefecture":"岐阜県","prefecture_kana":"ギフケン","city":"飛騨市","city_kana":"ヒダシ","town":"神岡町瀬戸","town_kana":"カミオカチョウセト","prefecture_code":21},"1148":{"zip_code":"5061148","prefecture":"岐阜県","prefecture_kana":"ギフケン","city":"飛騨市","city_kana":"ヒダシ","town":"神岡町館野町","town_kana":"カミオカチョウタテノチョウ","prefecture_code":21},"1201":{"zip_code":"5061201","prefecture":"岐阜県","prefecture_kana":"ギフケン","city":"飛騨市","city_kana":"ヒダシ","town":"神岡町谷","town_kana":"カミオカチョウタニ","prefecture_code":21},"1152":{"zip_code":"5061152","prefecture":"岐阜県","prefecture_kana":"ギフケン","city":"飛騨市","city_kana":"ヒダシ","town":"神岡町寺林","town_kana":"カミオカチョウテラバヤシ","prefecture_code":21},"1213":{"zip_code":"5061213","prefecture":"岐阜県","prefecture_kana":"ギフケン","city":"飛騨市","city_kana":"ヒダシ","town":"神岡町土","town_kana":"カミオカチョウド","prefecture_code":21},"1202":{"zip_code":"5061202","prefecture":"岐阜県","prefecture_kana":"ギフケン","city":"飛騨市","city_kana":"ヒダシ","town":"神岡町中山","town_kana":"カミオカチョウナカヤマ","prefecture_code":21},"1151":{"zip_code":"5061151","prefecture":"岐阜県","prefecture_kana":"ギフケン","city":"飛騨市","city_kana":"ヒダシ","town":"神岡町梨ケ根","town_kana":"カミオカチョウナシガネ","prefecture_code":21},"1155":{"zip_code":"5061155","prefecture":"岐阜県","prefecture_kana":"ギフケン","city":"飛騨市","city_kana":"ヒダシ","town":"神岡町西","town_kana":"カミオカチョウニシ","prefecture_code":21},"1215":{"zip_code":"5061215","prefecture":"岐阜県","prefecture_kana":"ギフケン","city":"飛騨市","city_kana":"ヒダシ","town":"神岡町西漆山","town_kana":"カミオカチョウニシウルシヤマ","prefecture_code":21},"1206":{"zip_code":"5061206","prefecture":"岐阜県","prefecture_kana":"ギフケン","city":"飛騨市","city_kana":"ヒダシ","town":"神岡町西茂住","town_kana":"カミオカチョウニシモズミ","prefecture_code":21},"1141":{"zip_code":"5061141","prefecture":"岐阜県","prefecture_kana":"ギフケン","city":"飛騨市","city_kana":"ヒダシ","town":"神岡町野首","town_kana":"カミオカチョウノクビ","prefecture_code":21},"1216":{"zip_code":"5061216","prefecture":"岐阜県","prefecture_kana":"ギフケン","city":"飛騨市","city_kana":"ヒダシ","town":"神岡町東漆山","town_kana":"カミオカチョウヒガシウルシヤマ","prefecture_code":21},"1111":[{"zip_code":"5061111","prefecture":"岐阜県","prefecture_kana":"ギフケン","city":"飛騨市","city_kana":"ヒダシ","town":"神岡町東町","town_kana":"カミオカチョウヒガシマチ","prefecture_code":21},{"zip_code":"5061111","prefecture":"岐阜県","prefecture_kana":"ギフケン","city":"飛騨市","city_kana":"ヒダシ","town":"神岡町六郎","town_kana":"カミオカチョウロクロウ","prefecture_code":21}],"1205":{"zip_code":"5061205","prefecture":"岐阜県","prefecture_kana":"ギフケン","city":"飛騨市","city_kana":"ヒダシ","town":"神岡町東茂住","town_kana":"カミオカチョウヒガシモズミ","prefecture_code":21},"1154":{"zip_code":"5061154","prefecture":"岐阜県","prefecture_kana":"ギフケン","city":"飛騨市","city_kana":"ヒダシ","town":"神岡町伏方","town_kana":"カミオカチョウフセガタ","prefecture_code":21},"1217":{"zip_code":"5061217","prefecture":"岐阜県","prefecture_kana":"ギフケン","city":"飛騨市","city_kana":"ヒダシ","town":"神岡町二ツ屋","town_kana":"カミオカチョウフタツヤ","prefecture_code":21},"1161":[{"zip_code":"5061161","prefecture":"岐阜県","prefecture_kana":"ギフケン","city":"飛騨市","city_kana":"ヒダシ","town":"神岡町船津","town_kana":"カミオカチョウフナツ","prefecture_code":21},{"zip_code":"5061161","prefecture":"岐阜県","prefecture_kana":"ギフケン","city":"飛騨市","city_kana":"ヒダシ","town":"神岡町牧ケ平","town_kana":"カミオカチョウマキガヒラ","prefecture_code":21}],"1153":{"zip_code":"5061153","prefecture":"岐阜県","prefecture_kana":"ギフケン","city":"飛騨市","city_kana":"ヒダシ","town":"神岡町堀之内","town_kana":"カミオカチョウホリノウチ","prefecture_code":21},"1214":{"zip_code":"5061214","prefecture":"岐阜県","prefecture_kana":"ギフケン","city":"飛騨市","city_kana":"ヒダシ","town":"神岡町牧","town_kana":"カミオカチョウマキ","prefecture_code":21},"1142":{"zip_code":"5061142","prefecture":"岐阜県","prefecture_kana":"ギフケン","city":"飛騨市","city_kana":"ヒダシ","town":"神岡町丸山","town_kana":"カミオカチョウマルヤマ","prefecture_code":21},"1146":{"zip_code":"5061146","prefecture":"岐阜県","prefecture_kana":"ギフケン","city":"飛騨市","city_kana":"ヒダシ","town":"神岡町緑ケ丘","town_kana":"カミオカチョウミドリガオカ","prefecture_code":21},"1104":{"zip_code":"5061104","prefecture":"岐阜県","prefecture_kana":"ギフケン","city":"飛騨市","city_kana":"ヒダシ","town":"神岡町森茂","town_kana":"カミオカチョウモリモ","prefecture_code":21},"1156":{"zip_code":"5061156","prefecture":"岐阜県","prefecture_kana":"ギフケン","city":"飛騨市","city_kana":"ヒダシ","town":"神岡町山田","town_kana":"カミオカチョウヤマダ","prefecture_code":21},"1124":{"zip_code":"5061124","prefecture":"岐阜県","prefecture_kana":"ギフケン","city":"飛騨市","city_kana":"ヒダシ","town":"神岡町夕陽ケ丘","town_kana":"カミオカチョウユウヒガオカ","prefecture_code":21},"1203":{"zip_code":"5061203","prefecture":"岐阜県","prefecture_kana":"ギフケン","city":"飛騨市","city_kana":"ヒダシ","town":"神岡町横山","town_kana":"カミオカチョウヨコヤマ","prefecture_code":21},"1113":{"zip_code":"5061113","prefecture":"岐阜県","prefecture_kana":"ギフケン","city":"飛騨市","city_kana":"ヒダシ","town":"神岡町吉ケ原","town_kana":"カミオカチョウヨシガハラ","prefecture_code":21},"1144":{"zip_code":"5061144","prefecture":"岐阜県","prefecture_kana":"ギフケン","city":"飛騨市","city_kana":"ヒダシ","town":"神岡町吉田","town_kana":"カミオカチョウヨシダ","prefecture_code":21},"1101":{"zip_code":"5061101","prefecture":"岐阜県","prefecture_kana":"ギフケン","city":"飛騨市","city_kana":"ヒダシ","town":"神岡町和佐府","town_kana":"カミオカチョウワサフ","prefecture_code":21},"1105":{"zip_code":"5061105","prefecture":"岐阜県","prefecture_kana":"ギフケン","city":"飛騨市","city_kana":"ヒダシ","town":"神岡町和佐保","town_kana":"カミオカチョウワサボ","prefecture_code":21},"1112":{"zip_code":"5061112","prefecture":"岐阜県","prefecture_kana":"ギフケン","city":"飛騨市","city_kana":"ヒダシ","town":"神岡町割石","town_kana":"カミオカチョウワリイシ","prefecture_code":21},"0271":{"zip_code":"5060271","prefecture":"岐阜県","prefecture_kana":"ギフケン","city":"飛騨市","city_kana":"ヒダシ","town":"河合町舟原","town_kana":"カワイチョウフナバラ","prefecture_code":21}}