{"3301":{"zip_code":"5093301","prefecture":"岐阜県","prefecture_kana":"ギフケン","city":"高山市","city_kana":"タカヤマシ","town":"朝日町青屋","town_kana":"アサヒチョウアオヤ","prefecture_code":21},"3324":{"zip_code":"5093324","prefecture":"岐阜県","prefecture_kana":"ギフケン","city":"高山市","city_kana":"タカヤマシ","town":"朝日町上ケ見","town_kana":"アサヒチョウアゲミ","prefecture_code":21},"3303":{"zip_code":"5093303","prefecture":"岐阜県","prefecture_kana":"ギフケン","city":"高山市","city_kana":"タカヤマシ","town":"朝日町浅井","town_kana":"アサヒチョウアサイ","prefecture_code":21},"3311":{"zip_code":"5093311","prefecture":"岐阜県","prefecture_kana":"ギフケン","city":"高山市","city_kana":"タカヤマシ","town":"朝日町一之宿","town_kana":"アサヒチョウイチノシュク","prefecture_code":21},"3322":{"zip_code":"5093322","prefecture":"岐阜県","prefecture_kana":"ギフケン","city":"高山市","city_kana":"タカヤマシ","town":"朝日町大廣","town_kana":"アサヒチョウオオヒロ","prefecture_code":21},"3326":{"zip_code":"5093326","prefecture":"岐阜県","prefecture_kana":"ギフケン","city":"高山市","city_kana":"タカヤマシ","town":"朝日町甲","town_kana":"アサヒチョウカブト","prefecture_code":21},"3316":{"zip_code":"5093316","prefecture":"岐阜県","prefecture_kana":"ギフケン","city":"高山市","city_kana":"タカヤマシ","town":"朝日町黍生谷","town_kana":"アサヒチョウキビュウダニ","prefecture_code":21},"3313":{"zip_code":"5093313","prefecture":"岐阜県","prefecture_kana":"ギフケン","city":"高山市","city_kana":"タカヤマシ","town":"朝日町胡桃島","town_kana":"アサヒチョウクルミシマ","prefecture_code":21},"3321":{"zip_code":"5093321","prefecture":"岐阜県","prefecture_kana":"ギフケン","city":"高山市","city_kana":"タカヤマシ","town":"朝日町黒川","town_kana":"アサヒチョウクロカワ","prefecture_code":21},"3312":{"zip_code":"5093312","prefecture":"岐阜県","prefecture_kana":"ギフケン","city":"高山市","city_kana":"タカヤマシ","town":"朝日町桑之島","town_kana":"アサヒチョウクワノシマ","prefecture_code":21},"3305":{"zip_code":"5093305","prefecture":"岐阜県","prefecture_kana":"ギフケン","city":"高山市","city_kana":"タカヤマシ","town":"朝日町小瀬","town_kana":"アサヒチョウコセ","prefecture_code":21},"3317":{"zip_code":"5093317","prefecture":"岐阜県","prefecture_kana":"ギフケン","city":"高山市","city_kana":"タカヤマシ","town":"朝日町小瀬ケ洞","town_kana":"アサヒチョウコセガホラ","prefecture_code":21},"3327":{"zip_code":"5093327","prefecture":"岐阜県","prefecture_kana":"ギフケン","city":"高山市","city_kana":"タカヤマシ","town":"朝日町小谷","town_kana":"アサヒチョウコダニ","prefecture_code":21},"3304":{"zip_code":"5093304","prefecture":"岐阜県","prefecture_kana":"ギフケン","city":"高山市","city_kana":"タカヤマシ","town":"朝日町立岩","town_kana":"アサヒチョウタテイワ","prefecture_code":21},"3323":{"zip_code":"5093323","prefecture":"岐阜県","prefecture_kana":"ギフケン","city":"高山市","city_kana":"タカヤマシ","town":"朝日町寺澤","town_kana":"アサヒチョウテラザワ","prefecture_code":21},"3302":{"zip_code":"5093302","prefecture":"岐阜県","prefecture_kana":"ギフケン","city":"高山市","city_kana":"タカヤマシ","town":"朝日町寺附","town_kana":"アサヒチョウテラヅキ","prefecture_code":21},"3314":{"zip_code":"5093314","prefecture":"岐阜県","prefecture_kana":"ギフケン","city":"高山市","city_kana":"タカヤマシ","town":"朝日町西洞スズラン高原","town_kana":"アサヒチョウニシボラスズランコウゲン","prefecture_code":21},"3325":{"zip_code":"5093325","prefecture":"岐阜県","prefecture_kana":"ギフケン","city":"高山市","city_kana":"タカヤマシ","town":"朝日町万石","town_kana":"アサヒチョウマンゴク","prefecture_code":21},"3306":{"zip_code":"5093306","prefecture":"岐阜県","prefecture_kana":"ギフケン","city":"高山市","city_kana":"タカヤマシ","town":"朝日町見座","town_kana":"アサヒチョウミザ","prefecture_code":21},"3315":{"zip_code":"5093315","prefecture":"岐阜県","prefecture_kana":"ギフケン","city":"高山市","city_kana":"タカヤマシ","town":"朝日町宮之前","town_kana":"アサヒチョウミヤノマエ","prefecture_code":21},"3505":{"zip_code":"5093505","prefecture":"岐阜県","prefecture_kana":"ギフケン","city":"高山市","city_kana":"タカヤマシ","town":"一之宮町","town_kana":"イチノミヤマチ","prefecture_code":21},"2702":{"zip_code":"5092702","prefecture":"岐阜県","prefecture_kana":"ギフケン","city":"高山市","city_kana":"タカヤマシ","town":"清見町大原","town_kana":"キヨミチョウオッパラ","prefecture_code":21},"2701":{"zip_code":"5092701","prefecture":"岐阜県","prefecture_kana":"ギフケン","city":"高山市","city_kana":"タカヤマシ","town":"清見町楢谷","town_kana":"キヨミチョウナラダニ","prefecture_code":21},"3212":{"zip_code":"5093212","prefecture":"岐阜県","prefecture_kana":"ギフケン","city":"高山市","city_kana":"タカヤマシ","town":"久々野町阿多粕","town_kana":"クグノチョウアタガス","prefecture_code":21},"3218":{"zip_code":"5093218","prefecture":"岐阜県","prefecture_kana":"ギフケン","city":"高山市","city_kana":"タカヤマシ","town":"久々野町有道","town_kana":"クグノチョウウトウ","prefecture_code":21},"3201":{"zip_code":"5093201","prefecture":"岐阜県","prefecture_kana":"ギフケン","city":"高山市","city_kana":"タカヤマシ","town":"久々野町大西","town_kana":"クグノチョウオオニシ","prefecture_code":21},"3205":{"zip_code":"5093205","prefecture":"岐阜県","prefecture_kana":"ギフケン","city":"高山市","city_kana":"タカヤマシ","town":"久々野町久々野","town_kana":"クグノチョウクグノ","prefecture_code":21},"3204":{"zip_code":"5093204","prefecture":"岐阜県","prefecture_kana":"ギフケン","city":"高山市","city_kana":"タカヤマシ","town":"久々野町久須母","town_kana":"クグノチョウクスモ","prefecture_code":21},"3211":{"zip_code":"5093211","prefecture":"岐阜県","prefecture_kana":"ギフケン","city":"高山市","city_kana":"タカヤマシ","town":"久々野町小坊","town_kana":"クグノチョウコボウ","prefecture_code":21},"3202":{"zip_code":"5093202","prefecture":"岐阜県","prefecture_kana":"ギフケン","city":"高山市","city_kana":"タカヤマシ","town":"久々野町小屋名","town_kana":"クグノチョウコヤナ","prefecture_code":21},"3207":{"zip_code":"5093207","prefecture":"岐阜県","prefecture_kana":"ギフケン","city":"高山市","city_kana":"タカヤマシ","town":"久々野町辻","town_kana":"クグノチョウツジ","prefecture_code":21},"3216":{"zip_code":"5093216","prefecture":"岐阜県","prefecture_kana":"ギフケン","city":"高山市","city_kana":"タカヤマシ","town":"久々野町木賊洞","town_kana":"クグノチョウトクサボラ","prefecture_code":21},"3217":{"zip_code":"5093217","prefecture":"岐阜県","prefecture_kana":"ギフケン","city":"高山市","city_kana":"タカヤマシ","town":"久々野町長淀","town_kana":"クグノチョウナガトロ","prefecture_code":21},"3213":{"zip_code":"5093213","prefecture":"岐阜県","prefecture_kana":"ギフケン","city":"高山市","city_kana":"タカヤマシ","town":"久々野町渚","town_kana":"クグノチョウナギサ","prefecture_code":21},"3215":{"zip_code":"5093215","prefecture":"岐阜県","prefecture_kana":"ギフケン","city":"高山市","city_kana":"タカヤマシ","town":"久々野町引下","town_kana":"クグノチョウヒキサゲ","prefecture_code":21},"3214":{"zip_code":"5093214","prefecture":"岐阜県","prefecture_kana":"ギフケン","city":"高山市","city_kana":"タカヤマシ","town":"久々野町無数河","town_kana":"クグノチョウムスゴ","prefecture_code":21},"3203":{"zip_code":"5093203","prefecture":"岐阜県","prefecture_kana":"ギフケン","city":"高山市","city_kana":"タカヤマシ","town":"久々野町柳島","town_kana":"クグノチョウヤナジマ","prefecture_code":21},"3206":{"zip_code":"5093206","prefecture":"岐阜県","prefecture_kana":"ギフケン","city":"高山市","city_kana":"タカヤマシ","town":"久々野町山梨","town_kana":"クグノチョウヤマナシ","prefecture_code":21},"4104":{"zip_code":"5094104","prefecture":"岐阜県","prefecture_kana":"ギフケン","city":"高山市","city_kana":"タカヤマシ","town":"国府町今","town_kana":"コクフチョウイマ","prefecture_code":21},"4121":{"zip_code":"5094121","prefecture":"岐阜県","prefecture_kana":"ギフケン","city":"高山市","city_kana":"タカヤマシ","town":"国府町宇津江","town_kana":"コクフチョウウツエ","prefecture_code":21},"4126":{"zip_code":"5094126","prefecture":"岐阜県","prefecture_kana":"ギフケン","city":"高山市","city_kana":"タカヤマシ","town":"国府町瓜巣","town_kana":"コクフチョウウリス","prefecture_code":21},"4106":{"zip_code":"5094106","prefecture":"岐阜県","prefecture_kana":"ギフケン","city":"高山市","city_kana":"タカヤマシ","town":"国府町漆垣内","town_kana":"コクフチョウウルシガイト","prefecture_code":21},"4123":{"zip_code":"5094123","prefecture":"岐阜県","prefecture_kana":"ギフケン","city":"高山市","city_kana":"タカヤマシ","town":"国府町金桶","town_kana":"コクフチョウカネオケ","prefecture_code":21},"4116":{"zip_code":"5094116","prefecture":"岐阜県","prefecture_kana":"ギフケン","city":"高山市","city_kana":"タカヤマシ","town":"国府町上広瀬","town_kana":"コクフチョウカミヒロセ","prefecture_code":21},"4113":{"zip_code":"5094113","prefecture":"岐阜県","prefecture_kana":"ギフケン","city":"高山市","city_kana":"タカヤマシ","town":"国府町木曽垣内","town_kana":"コクフチョウキソガイト","prefecture_code":21},"4101":{"zip_code":"5094101","prefecture":"岐阜県","prefecture_kana":"ギフケン","city":"高山市","city_kana":"タカヤマシ","town":"国府町桐谷","town_kana":"コクフチョウキリダニ","prefecture_code":21},"4117":{"zip_code":"5094117","prefecture":"岐阜県","prefecture_kana":"ギフケン","city":"高山市","city_kana":"タカヤマシ","town":"国府町三川","town_kana":"コクフチョウサンガワ","prefecture_code":21},"4112":{"zip_code":"5094112","prefecture":"岐阜県","prefecture_kana":"ギフケン","city":"高山市","city_kana":"タカヤマシ","town":"国府町鶴巣","town_kana":"コクフチョウツルス","prefecture_code":21},"4122":{"zip_code":"5094122","prefecture":"岐阜県","prefecture_kana":"ギフケン","city":"高山市","city_kana":"タカヤマシ","town":"国府町名張","town_kana":"コクフチョウナバリ","prefecture_code":21},"4107":{"zip_code":"5094107","prefecture":"岐阜県","prefecture_kana":"ギフケン","city":"高山市","city_kana":"タカヤマシ","town":"国府町西門前","town_kana":"コクフチョウニシモンゼン","prefecture_code":21},"4125":{"zip_code":"5094125","prefecture":"岐阜県","prefecture_kana":"ギフケン","city":"高山市","city_kana":"タカヤマシ","town":"国府町糠塚","town_kana":"コクフチョウヌカヅカ","prefecture_code":21},"4114":{"zip_code":"5094114","prefecture":"岐阜県","prefecture_kana":"ギフケン","city":"高山市","city_kana":"タカヤマシ","town":"国府町半田","town_kana":"コクフチョウハンダ","prefecture_code":21},"4108":{"zip_code":"5094108","prefecture":"岐阜県","prefecture_kana":"ギフケン","city":"高山市","city_kana":"タカヤマシ","town":"国府町東門前","town_kana":"コクフチョウヒガシモンゼン","prefecture_code":21},"4119":{"zip_code":"5094119","prefecture":"岐阜県","prefecture_kana":"ギフケン","city":"高山市","city_kana":"タカヤマシ","town":"国府町広瀬町桜野","town_kana":"コクフチョウヒロセマチサクラノ","prefecture_code":21},"4115":{"zip_code":"5094115","prefecture":"岐阜県","prefecture_kana":"ギフケン","city":"高山市","city_kana":"タカヤマシ","town":"国府町三日町","town_kana":"コクフチョウミッカマチ","prefecture_code":21},"4105":{"zip_code":"5094105","prefecture":"岐阜県","prefecture_kana":"ギフケン","city":"高山市","city_kana":"タカヤマシ","town":"国府町蓑輪","town_kana":"コクフチョウミノワ","prefecture_code":21},"4103":{"zip_code":"5094103","prefecture":"岐阜県","prefecture_kana":"ギフケン","city":"高山市","city_kana":"タカヤマシ","town":"国府町宮地","town_kana":"コクフチョウミヤジ","prefecture_code":21},"4124":{"zip_code":"5094124","prefecture":"岐阜県","prefecture_kana":"ギフケン","city":"高山市","city_kana":"タカヤマシ","town":"国府町村山","town_kana":"コクフチョウムラヤマ","prefecture_code":21},"4111":{"zip_code":"5094111","prefecture":"岐阜県","prefecture_kana":"ギフケン","city":"高山市","city_kana":"タカヤマシ","town":"国府町山本","town_kana":"コクフチョウヤマモト","prefecture_code":21},"4102":{"zip_code":"5094102","prefecture":"岐阜県","prefecture_kana":"ギフケン","city":"高山市","city_kana":"タカヤマシ","town":"国府町八日町","town_kana":"コクフチョウヨウカマチ","prefecture_code":21},"3401":{"zip_code":"5093401","prefecture":"岐阜県","prefecture_kana":"ギフケン","city":"高山市","city_kana":"タカヤマシ","town":"高根町阿多野郷","town_kana":"タカネマチアタノゴウ","prefecture_code":21},"3417":{"zip_code":"5093417","prefecture":"岐阜県","prefecture_kana":"ギフケン","city":"高山市","city_kana":"タカヤマシ","town":"高根町池ケ洞","town_kana":"タカネマチイケガホラ","prefecture_code":21},"3415":{"zip_code":"5093415","prefecture":"岐阜県","prefecture_kana":"ギフケン","city":"高山市","city_kana":"タカヤマシ","town":"高根町猪之鼻","town_kana":"タカネマチイノハナ","prefecture_code":21},"3412":{"zip_code":"5093412","prefecture":"岐阜県","prefecture_kana":"ギフケン","city":"高山市","city_kana":"タカヤマシ","town":"高根町大古井","town_kana":"タカネマチオオブルイ","prefecture_code":21},"3411":{"zip_code":"5093411","prefecture":"岐阜県","prefecture_kana":"ギフケン","city":"高山市","city_kana":"タカヤマシ","town":"高根町上ケ洞","town_kana":"タカネマチカミガホラ","prefecture_code":21},"3418":{"zip_code":"5093418","prefecture":"岐阜県","prefecture_kana":"ギフケン","city":"高山市","city_kana":"タカヤマシ","town":"高根町黍生","town_kana":"タカネマチキビュウ","prefecture_code":21},"3404":{"zip_code":"5093404","prefecture":"岐阜県","prefecture_kana":"ギフケン","city":"高山市","city_kana":"タカヤマシ","town":"高根町小日和田","town_kana":"タカネマチコヒワダ","prefecture_code":21},"3413":{"zip_code":"5093413","prefecture":"岐阜県","prefecture_kana":"ギフケン","city":"高山市","city_kana":"タカヤマシ","town":"高根町下之向","town_kana":"タカネマチシモノムカイ","prefecture_code":21},"3405":{"zip_code":"5093405","prefecture":"岐阜県","prefecture_kana":"ギフケン","city":"高山市","city_kana":"タカヤマシ","town":"高根町留之原","town_kana":"タカネマチトメノハラ","prefecture_code":21},"3414":{"zip_code":"5093414","prefecture":"岐阜県","prefecture_kana":"ギフケン","city":"高山市","city_kana":"タカヤマシ","town":"高根町中之宿","town_kana":"タカネマチナカノシュク","prefecture_code":21},"3416":{"zip_code":"5093416","prefecture":"岐阜県","prefecture_kana":"ギフケン","city":"高山市","city_kana":"タカヤマシ","town":"高根町中洞","town_kana":"タカネマチナカボラ","prefecture_code":21},"3402":{"zip_code":"5093402","prefecture":"岐阜県","prefecture_kana":"ギフケン","city":"高山市","city_kana":"タカヤマシ","town":"高根町野麦","town_kana":"タカネマチノムギ","prefecture_code":21},"3419":{"zip_code":"5093419","prefecture":"岐阜県","prefecture_kana":"ギフケン","city":"高山市","city_kana":"タカヤマシ","town":"高根町日影","town_kana":"タカネマチヒカゲ","prefecture_code":21},"3403":{"zip_code":"5093403","prefecture":"岐阜県","prefecture_kana":"ギフケン","city":"高山市","city_kana":"タカヤマシ","town":"高根町日和田","town_kana":"タカネマチヒワダ","prefecture_code":21},"7321":{"zip_code":"5097321","prefecture":"岐阜県","prefecture_kana":"ギフケン","city":"中津川市","city_kana":"ナカツガワシ","town":"阿木","town_kana":"アギ","prefecture_code":21},"7322":{"zip_code":"5097322","prefecture":"岐阜県","prefecture_kana":"ギフケン","city":"中津川市","city_kana":"ナカツガワシ","town":"飯沼","town_kana":"イイヌマ","prefecture_code":21},"9231":{"zip_code":"5099231","prefecture":"岐阜県","prefecture_kana":"ギフケン","city":"中津川市","city_kana":"ナカツガワシ","town":"上野","town_kana":"ウエノ","prefecture_code":21},"9201":{"zip_code":"5099201","prefecture":"岐阜県","prefecture_kana":"ギフケン","city":"中津川市","city_kana":"ナカツガワシ","town":"川上","town_kana":"カワウエ","prefecture_code":21},"9232":{"zip_code":"5099232","prefecture":"岐阜県","prefecture_kana":"ギフケン","city":"中津川市","city_kana":"ナカツガワシ","town":"坂下","town_kana":"サカシタ","prefecture_code":21},"9131":{"zip_code":"5099131","prefecture":"岐阜県","prefecture_kana":"ギフケン","city":"中津川市","city_kana":"ナカツガワシ","town":"千旦林","town_kana":"センダンバヤシ","prefecture_code":21},"9132":{"zip_code":"5099132","prefecture":"岐阜県","prefecture_kana":"ギフケン","city":"中津川市","city_kana":"ナカツガワシ","town":"茄子川","town_kana":"ナスビガワ","prefecture_code":21},"8301":{"zip_code":"5098301","prefecture":"岐阜県","prefecture_kana":"ギフケン","city":"中津川市","city_kana":"ナカツガワシ","town":"蛭川","town_kana":"ヒルカワ","prefecture_code":21},"6100":{"zip_code":"5096100","prefecture":"岐阜県","prefecture_kana":"ギフケン","city":"瑞浪市","city_kana":"ミズナミシ","town":"","town_kana":"","prefecture_code":21},"6131":{"zip_code":"5096131","prefecture":"岐阜県","prefecture_kana":"ギフケン","city":"瑞浪市","city_kana":"ミズナミシ","town":"明世町月吉","town_kana":"アキヨチョウツキヨシ","prefecture_code":21},"6133":{"zip_code":"5096133","prefecture":"岐阜県","prefecture_kana":"ギフケン","city":"瑞浪市","city_kana":"ミズナミシ","town":"明世町戸狩","town_kana":"アキヨチョウトガリ","prefecture_code":21},"6132":{"zip_code":"5096132","prefecture":"岐阜県","prefecture_kana":"ギフケン","city":"瑞浪市","city_kana":"ミズナミシ","town":"明世町山野内","town_kana":"アキヨチョウヤマノウチ","prefecture_code":21},"6124":{"zip_code":"5096124","prefecture":"岐阜県","prefecture_kana":"ギフケン","city":"瑞浪市","city_kana":"ミズナミシ","town":"一色町","town_kana":"イシキチョウ","prefecture_code":21},"6103":{"zip_code":"5096103","prefecture":"岐阜県","prefecture_kana":"ギフケン","city":"瑞浪市","city_kana":"ミズナミシ","town":"稲津町小里","town_kana":"イナツチョウオリ","prefecture_code":21},"6102":{"zip_code":"5096102","prefecture":"岐阜県","prefecture_kana":"ギフケン","city":"瑞浪市","city_kana":"ミズナミシ","town":"稲津町萩原","town_kana":"イナツチョウハギワラ","prefecture_code":21},"6122":{"zip_code":"5096122","prefecture":"岐阜県","prefecture_kana":"ギフケン","city":"瑞浪市","city_kana":"ミズナミシ","town":"上平町","town_kana":"ウエダイラチョウ","prefecture_code":21},"6125":{"zip_code":"5096125","prefecture":"岐阜県","prefecture_kana":"ギフケン","city":"瑞浪市","city_kana":"ミズナミシ","town":"上野町","town_kana":"ウエノマチ","prefecture_code":21},"6471":{"zip_code":"5096471","prefecture":"岐阜県","prefecture_kana":"ギフケン","city":"瑞浪市","city_kana":"ミズナミシ","town":"大湫町","town_kana":"オオクテチョウ","prefecture_code":21},"6112":{"zip_code":"5096112","prefecture":"岐阜県","prefecture_kana":"ギフケン","city":"瑞浪市","city_kana":"ミズナミシ","town":"小田町","town_kana":"オダチョウ","prefecture_code":21},"6106":{"zip_code":"5096106","prefecture":"岐阜県","prefecture_kana":"ギフケン","city":"瑞浪市","city_kana":"ミズナミシ","town":"学園台","town_kana":"ガクエンダイ","prefecture_code":21},"6472":{"zip_code":"5096472","prefecture":"岐阜県","prefecture_kana":"ギフケン","city":"瑞浪市","city_kana":"ミズナミシ","town":"釜戸町","town_kana":"カマドチョウ","prefecture_code":21},"6115":{"zip_code":"5096115","prefecture":"岐阜県","prefecture_kana":"ギフケン","city":"瑞浪市","city_kana":"ミズナミシ","town":"北小田町","town_kana":"キタオダチョウ","prefecture_code":21},"6111":{"zip_code":"5096111","prefecture":"岐阜県","prefecture_kana":"ギフケン","city":"瑞浪市","city_kana":"ミズナミシ","town":"下沖町","town_kana":"シタオキチョウ","prefecture_code":21},"6363":{"zip_code":"5096363","prefecture":"岐阜県","prefecture_kana":"ギフケン","city":"瑞浪市","city_kana":"ミズナミシ","town":"陶町大川","town_kana":"スエチョウオオカワ","prefecture_code":21},"6361":{"zip_code":"5096361","prefecture":"岐阜県","prefecture_kana":"ギフケン","city":"瑞浪市","city_kana":"ミズナミシ","town":"陶町猿爪","town_kana":"スエチョウマシヅメ","prefecture_code":21},"6362":{"zip_code":"5096362","prefecture":"岐阜県","prefecture_kana":"ギフケン","city":"瑞浪市","city_kana":"ミズナミシ","town":"陶町水上","town_kana":"スエチョウミズカミ","prefecture_code":21},"6127":{"zip_code":"5096127","prefecture":"岐阜県","prefecture_kana":"ギフケン","city":"瑞浪市","city_kana":"ミズナミシ","town":"須野志町","town_kana":"スノシチョウ","prefecture_code":21},"6126":{"zip_code":"5096126","prefecture":"岐阜県","prefecture_kana":"ギフケン","city":"瑞浪市","city_kana":"ミズナミシ","town":"高月町","town_kana":"タカツキチョウ","prefecture_code":21},"6123":{"zip_code":"5096123","prefecture":"岐阜県","prefecture_kana":"ギフケン","city":"瑞浪市","city_kana":"ミズナミシ","town":"樽上町","town_kana":"タルウエチョウ","prefecture_code":21},"6121":{"zip_code":"5096121","prefecture":"岐阜県","prefecture_kana":"ギフケン","city":"瑞浪市","city_kana":"ミズナミシ","town":"寺河戸町","town_kana":"テラカワドチョウ","prefecture_code":21},"6101":{"zip_code":"5096101","prefecture":"岐阜県","prefecture_kana":"ギフケン","city":"瑞浪市","city_kana":"ミズナミシ","town":"土岐町","town_kana":"トキチョウ","prefecture_code":21},"6114":{"zip_code":"5096114","prefecture":"岐阜県","prefecture_kana":"ギフケン","city":"瑞浪市","city_kana":"ミズナミシ","town":"西小田町","town_kana":"ニシオダチョウ","prefecture_code":21},"6251":{"zip_code":"5096251","prefecture":"岐阜県","prefecture_kana":"ギフケン","city":"瑞浪市","city_kana":"ミズナミシ","town":"日吉町","town_kana":"ヒヨシチョウ","prefecture_code":21},"6107":{"zip_code":"5096107","prefecture":"岐阜県","prefecture_kana":"ギフケン","city":"瑞浪市","city_kana":"ミズナミシ","town":"穂並","town_kana":"ホナミ","prefecture_code":21},"6108":{"zip_code":"5096108","prefecture":"岐阜県","prefecture_kana":"ギフケン","city":"瑞浪市","city_kana":"ミズナミシ","town":"益見町","town_kana":"マスミチョウ","prefecture_code":21},"6134":{"zip_code":"5096134","prefecture":"岐阜県","prefecture_kana":"ギフケン","city":"瑞浪市","city_kana":"ミズナミシ","town":"松ケ瀬町","town_kana":"マツガセチョウ","prefecture_code":21},"6116":{"zip_code":"5096116","prefecture":"岐阜県","prefecture_kana":"ギフケン","city":"瑞浪市","city_kana":"ミズナミシ","town":"南小田町","town_kana":"ミナミオダチョウ","prefecture_code":21},"6128":{"zip_code":"5096128","prefecture":"岐阜県","prefecture_kana":"ギフケン","city":"瑞浪市","city_kana":"ミズナミシ","town":"宮前町","town_kana":"ミヤマエチョウ","prefecture_code":21},"6105":{"zip_code":"5096105","prefecture":"岐阜県","prefecture_kana":"ギフケン","city":"瑞浪市","city_kana":"ミズナミシ","town":"明賀台","town_kana":"ミョウガダイ","prefecture_code":21},"6135":{"zip_code":"5096135","prefecture":"岐阜県","prefecture_kana":"ギフケン","city":"瑞浪市","city_kana":"ミズナミシ","town":"薬師町","town_kana":"ヤクシチョウ","prefecture_code":21},"6104":{"zip_code":"5096104","prefecture":"岐阜県","prefecture_kana":"ギフケン","city":"瑞浪市","city_kana":"ミズナミシ","town":"山田町","town_kana":"ヤマダチョウ","prefecture_code":21},"6113":{"zip_code":"5096113","prefecture":"岐阜県","prefecture_kana":"ギフケン","city":"瑞浪市","city_kana":"ミズナミシ","town":"和合町","town_kana":"ワゴウチョウ","prefecture_code":21},"7200":{"zip_code":"5097200","prefecture":"岐阜県","prefecture_kana":"ギフケン","city":"恵那市","city_kana":"エナシ","town":"","town_kana":"","prefecture_code":21},"7731":{"zip_code":"5097731","prefecture":"岐阜県","prefecture_kana":"ギフケン","city":"恵那市","city_kana":"エナシ","town":"明智町","town_kana":"アケチチョウ","prefecture_code":21},"7725":{"zip_code":"5097725","prefecture":"岐阜県","prefecture_kana":"ギフケン","city":"恵那市","city_kana":"エナシ","town":"明智町阿妻","town_kana":"アケチチョウアヅマ","prefecture_code":21},"7721":{"zip_code":"5097721","prefecture":"岐阜県","prefecture_kana":"ギフケン","city":"恵那市","city_kana":"エナシ","town":"明智町大泉","town_kana":"アケチチョウオオイズミ","prefecture_code":21},"7723":{"zip_code":"5097723","prefecture":"岐阜県","prefecture_kana":"ギフケン","city":"恵那市","city_kana":"エナシ","town":"明智町大田","town_kana":"アケチチョウオオタ","prefecture_code":21},"7726":{"zip_code":"5097726","prefecture":"岐阜県","prefecture_kana":"ギフケン","city":"恵那市","city_kana":"エナシ","town":"明智町吉良見","town_kana":"アケチチョウキラミ","prefecture_code":21},"7702":{"zip_code":"5097702","prefecture":"岐阜県","prefecture_kana":"ギフケン","city":"恵那市","city_kana":"エナシ","town":"明智町杉野","town_kana":"アケチチョウスギノ","prefecture_code":21},"7701":{"zip_code":"5097701","prefecture":"岐阜県","prefecture_kana":"ギフケン","city":"恵那市","city_kana":"エナシ","town":"明智町野志","town_kana":"アケチチョウノシ","prefecture_code":21},"7711":{"zip_code":"5097711","prefecture":"岐阜県","prefecture_kana":"ギフケン","city":"恵那市","city_kana":"エナシ","town":"明智町東方","town_kana":"アケチチョウヒガシガタ","prefecture_code":21},"7724":{"zip_code":"5097724","prefecture":"岐阜県","prefecture_kana":"ギフケン","city":"恵那市","city_kana":"エナシ","town":"明智町横通","town_kana":"アケチチョウヨコドオリ","prefecture_code":21},"7708":{"zip_code":"5097708","prefecture":"岐阜県","prefecture_kana":"ギフケン","city":"恵那市","city_kana":"エナシ","town":"明智町新井町","town_kana":"アケチチョウアライチョウ","prefecture_code":21},"7703":{"zip_code":"5097703","prefecture":"岐阜県","prefecture_kana":"ギフケン","city":"恵那市","city_kana":"エナシ","town":"明智町市場町","town_kana":"アケチチョウイチバチョウ","prefecture_code":21},"7704":{"zip_code":"5097704","prefecture":"岐阜県","prefecture_kana":"ギフケン","city":"恵那市","city_kana":"エナシ","town":"明智町駅前町","town_kana":"アケチチョウエキマエチョウ","prefecture_code":21},"7713":{"zip_code":"5097713","prefecture":"岐阜県","prefecture_kana":"ギフケン","city":"恵那市","city_kana":"エナシ","town":"明智町片平町","town_kana":"アケチチョウカタヒラチョウ","prefecture_code":21},"7705":{"zip_code":"5097705","prefecture":"岐阜県","prefecture_kana":"ギフケン","city":"恵那市","city_kana":"エナシ","town":"明智町新町","town_kana":"アケチチョウシンマチ","prefecture_code":21},"7707":{"zip_code":"5097707","prefecture":"岐阜県","prefecture_kana":"ギフケン","city":"恵那市","city_kana":"エナシ","town":"明智町","town_kana":"アケチチョウ","prefecture_code":21},"7714":{"zip_code":"5097714","prefecture":"岐阜県","prefecture_kana":"ギフケン","city":"恵那市","city_kana":"エナシ","town":"明智町常盤町","town_kana":"アケチチョウトキワチョウ","prefecture_code":21},"7722":{"zip_code":"5097722","prefecture":"岐阜県","prefecture_kana":"ギフケン","city":"恵那市","city_kana":"エナシ","town":"明智町徳間町","town_kana":"アケチチョウトクマチョウ","prefecture_code":21},"7715":{"zip_code":"5097715","prefecture":"岐阜県","prefecture_kana":"ギフケン","city":"恵那市","city_kana":"エナシ","town":"明智町東町","town_kana":"アケチチョウヒガシマチ","prefecture_code":21},"7718":{"zip_code":"5097718","prefecture":"岐阜県","prefecture_kana":"ギフケン","city":"恵那市","city_kana":"エナシ","town":"明智町東山町","town_kana":"アケチチョウヒガシヤマチョウ","prefecture_code":21},"7716":{"zip_code":"5097716","prefecture":"岐阜県","prefecture_kana":"ギフケン","city":"恵那市","city_kana":"エナシ","town":"明智町本町","town_kana":"アケチチョウホンマチ","prefecture_code":21},"7712":{"zip_code":"5097712","prefecture":"岐阜県","prefecture_kana":"ギフケン","city":"恵那市","city_kana":"エナシ","town":"明智町的場町","town_kana":"アケチチョウマトバチョウ","prefecture_code":21},"7717":{"zip_code":"5097717","prefecture":"岐阜県","prefecture_kana":"ギフケン","city":"恵那市","city_kana":"エナシ","town":"明智町宮町","town_kana":"アケチチョウミヤマチ","prefecture_code":21},"7706":{"zip_code":"5097706","prefecture":"岐阜県","prefecture_kana":"ギフケン","city":"恵那市","city_kana":"エナシ","town":"明智町向町","town_kana":"アケチチョウムカイマチ","prefecture_code":21},"8232":{"zip_code":"5098232","prefecture":"岐阜県","prefecture_kana":"ギフケン","city":"恵那市","city_kana":"エナシ","town":"飯地町","town_kana":"イイジチョウ","prefecture_code":21},"7403":{"zip_code":"5097403","prefecture":"岐阜県","prefecture_kana":"ギフケン","city":"恵那市","city_kana":"エナシ","town":"岩村町","town_kana":"イワムラチョウ","prefecture_code":21},"7401":{"zip_code":"5097401","prefecture":"岐阜県","prefecture_kana":"ギフケン","city":"恵那市","city_kana":"エナシ","town":"岩村町飯羽間","town_kana":"イワムラチョウイイバマ","prefecture_code":21},"7402":{"zip_code":"5097402","prefecture":"岐阜県","prefecture_kana":"ギフケン","city":"恵那市","city_kana":"エナシ","town":"岩村町富田","town_kana":"イワムラチョウトミダ","prefecture_code":21},"7201":{"zip_code":"5097201","prefecture":"岐阜県","prefecture_kana":"ギフケン","city":"恵那市","city_kana":"エナシ","town":"大井町","town_kana":"オオイチョウ","prefecture_code":21},"7206":{"zip_code":"5097206","prefecture":"岐阜県","prefecture_kana":"ギフケン","city":"恵那市","city_kana":"エナシ","town":"長島町久須見","town_kana":"オサシマチョウクスミ","prefecture_code":21},"7203":{"zip_code":"5097203","prefecture":"岐阜県","prefecture_kana":"ギフケン","city":"恵那市","city_kana":"エナシ","town":"長島町正家","town_kana":"オサシマチョウショウゲ","prefecture_code":21},"7204":{"zip_code":"5097204","prefecture":"岐阜県","prefecture_kana":"ギフケン","city":"恵那市","city_kana":"エナシ","town":"長島町永田","town_kana":"オサシマチョウナガタ","prefecture_code":21},"7205":{"zip_code":"5097205","prefecture":"岐阜県","prefecture_kana":"ギフケン","city":"恵那市","city_kana":"エナシ","town":"長島町中野","town_kana":"オサシマチョウナカノ","prefecture_code":21},"7211":{"zip_code":"5097211","prefecture":"岐阜県","prefecture_kana":"ギフケン","city":"恵那市","city_kana":"エナシ","town":"長島町鍋山","town_kana":"オサシマチョウナベヤマ","prefecture_code":21},"7207":{"zip_code":"5097207","prefecture":"岐阜県","prefecture_kana":"ギフケン","city":"恵那市","city_kana":"エナシ","town":"笠置町河合","town_kana":"カサギチョウカワイ","prefecture_code":21},"7209":{"zip_code":"5097209","prefecture":"岐阜県","prefecture_kana":"ギフケン","city":"恵那市","city_kana":"エナシ","town":"笠置町毛呂窪","town_kana":"カサギチョウケロクボ","prefecture_code":21},"7208":{"zip_code":"5097208","prefecture":"岐阜県","prefecture_kana":"ギフケン","city":"恵那市","city_kana":"エナシ","town":"笠置町姫栗","town_kana":"カサギチョウヒメグリ","prefecture_code":21},"7521":{"zip_code":"5097521","prefecture":"岐阜県","prefecture_kana":"ギフケン","city":"恵那市","city_kana":"エナシ","town":"上矢作町","town_kana":"カミヤハギチョウ","prefecture_code":21},"7511":{"zip_code":"5097511","prefecture":"岐阜県","prefecture_kana":"ギフケン","city":"恵那市","city_kana":"エナシ","town":"上矢作町漆原","town_kana":"カミヤハギチョウウルシハラ","prefecture_code":21},"7513":{"zip_code":"5097513","prefecture":"岐阜県","prefecture_kana":"ギフケン","city":"恵那市","city_kana":"エナシ","town":"上矢作町小田子","town_kana":"カミヤハギチョウコダコ","prefecture_code":21},"7512":{"zip_code":"5097512","prefecture":"岐阜県","prefecture_kana":"ギフケン","city":"恵那市","city_kana":"エナシ","town":"上矢作町下","town_kana":"カミヤハギチョウシモ","prefecture_code":21},"7502":{"zip_code":"5097502","prefecture":"岐阜県","prefecture_kana":"ギフケン","city":"恵那市","city_kana":"エナシ","town":"上矢作町飯田洞","town_kana":"カミヤハギチョウイイダボラ","prefecture_code":21},"7501":{"zip_code":"5097501","prefecture":"岐阜県","prefecture_kana":"ギフケン","city":"恵那市","city_kana":"エナシ","town":"上矢作町木ノ実","town_kana":"カミヤハギチョウキノミ","prefecture_code":21},"7504":{"zip_code":"5097504","prefecture":"岐阜県","prefecture_kana":"ギフケン","city":"恵那市","city_kana":"エナシ","town":"上矢作町小笹原","town_kana":"カミヤハギチョウコザサハラ","prefecture_code":21},"7505":{"zip_code":"5097505","prefecture":"岐阜県","prefecture_kana":"ギフケン","city":"恵那市","city_kana":"エナシ","town":"上矢作町島","town_kana":"カミヤハギチョウシマ","prefecture_code":21},"7503":{"zip_code":"5097503","prefecture":"岐阜県","prefecture_kana":"ギフケン","city":"恵那市","city_kana":"エナシ","town":"上矢作町達原","town_kana":"カミヤハギチョウタツバラ","prefecture_code":21},"7506":{"zip_code":"5097506","prefecture":"岐阜県","prefecture_kana":"ギフケン","city":"恵那市","city_kana":"エナシ","town":"上矢作町本郷","town_kana":"カミヤハギチョウホンゴウ","prefecture_code":21},"7507":{"zip_code":"5097507","prefecture":"岐阜県","prefecture_kana":"ギフケン","city":"恵那市","city_kana":"エナシ","town":"上矢作町横道","town_kana":"カミヤハギチョウヨコミチ","prefecture_code":21},"7831":{"zip_code":"5097831","prefecture":"岐阜県","prefecture_kana":"ギフケン","city":"恵那市","city_kana":"エナシ","town":"串原","town_kana":"クシハラ","prefecture_code":21},"7814":{"zip_code":"5097814","prefecture":"岐阜県","prefecture_kana":"ギフケン","city":"恵那市","city_kana":"エナシ","town":"串原相走","town_kana":"クシハラアイバシリ","prefecture_code":21},"7816":{"zip_code":"5097816","prefecture":"岐阜県","prefecture_kana":"ギフケン","city":"恵那市","city_kana":"エナシ","town":"串原岩倉","town_kana":"クシハライワクラ","prefecture_code":21},"7821":{"zip_code":"5097821","prefecture":"岐阜県","prefecture_kana":"ギフケン","city":"恵那市","city_kana":"エナシ","town":"串原大平","town_kana":"クシハラオオダイラ","prefecture_code":21},"7813":{"zip_code":"5097813","prefecture":"岐阜県","prefecture_kana":"ギフケン","city":"恵那市","city_kana":"エナシ","town":"串原大竹","town_kana":"クシハラオオタケ","prefecture_code":21},"7815":{"zip_code":"5097815","prefecture":"岐阜県","prefecture_kana":"ギフケン","city":"恵那市","city_kana":"エナシ","town":"串原大野","town_kana":"クシハラオオノ","prefecture_code":21},"7824":{"zip_code":"5097824","prefecture":"岐阜県","prefecture_kana":"ギフケン","city":"恵那市","city_kana":"エナシ","town":"串原大簗","town_kana":"クシハラオオヤナ","prefecture_code":21},"7822":{"zip_code":"5097822","prefecture":"岐阜県","prefecture_kana":"ギフケン","city":"恵那市","city_kana":"エナシ","town":"串原柿畑","town_kana":"クシハラカキバタ","prefecture_code":21},"7825":{"zip_code":"5097825","prefecture":"岐阜県","prefecture_kana":"ギフケン","city":"恵那市","city_kana":"エナシ","town":"串原川ケ渡","town_kana":"クシハラカワカド","prefecture_code":21},"7826":{"zip_code":"5097826","prefecture":"岐阜県","prefecture_kana":"ギフケン","city":"恵那市","city_kana":"エナシ","town":"串原木根","town_kana":"クシハラキネ","prefecture_code":21},"7823":{"zip_code":"5097823","prefecture":"岐阜県","prefecture_kana":"ギフケン","city":"恵那市","city_kana":"エナシ","town":"串原閑羅瀬","town_kana":"クシハラシズラセ","prefecture_code":21},"7802":{"zip_code":"5097802","prefecture":"岐阜県","prefecture_kana":"ギフケン","city":"恵那市","city_kana":"エナシ","town":"串原平山","town_kana":"クシハラタイラヤマ","prefecture_code":21},"7804":{"zip_code":"5097804","prefecture":"岐阜県","prefecture_kana":"ギフケン","city":"恵那市","city_kana":"エナシ","town":"串原戸中","town_kana":"クシハラトチュウ","prefecture_code":21},"7801":{"zip_code":"5097801","prefecture":"岐阜県","prefecture_kana":"ギフケン","city":"恵那市","city_kana":"エナシ","town":"串原中沢","town_kana":"クシハラナカサワ","prefecture_code":21},"7811":{"zip_code":"5097811","prefecture":"岐阜県","prefecture_kana":"ギフケン","city":"恵那市","city_kana":"エナシ","town":"串原福原","town_kana":"クシハラフクバラ","prefecture_code":21},"7806":{"zip_code":"5097806","prefecture":"岐阜県","prefecture_kana":"ギフケン","city":"恵那市","city_kana":"エナシ","town":"串原松林","town_kana":"クシハラマツバヤシ","prefecture_code":21},"7803":{"zip_code":"5097803","prefecture":"岐阜県","prefecture_kana":"ギフケン","city":"恵那市","city_kana":"エナシ","town":"串原松本","town_kana":"クシハラマツモト","prefecture_code":21},"7805":{"zip_code":"5097805","prefecture":"岐阜県","prefecture_kana":"ギフケン","city":"恵那市","city_kana":"エナシ","town":"串原峯","town_kana":"クシハラミネ","prefecture_code":21},"7812":{"zip_code":"5097812","prefecture":"岐阜県","prefecture_kana":"ギフケン","city":"恵那市","city_kana":"エナシ","town":"串原森上","town_kana":"クシハラモリアゲ","prefecture_code":21},"7126":{"zip_code":"5097126","prefecture":"岐阜県","prefecture_kana":"ギフケン","city":"恵那市","city_kana":"エナシ","town":"武並町新竹折","town_kana":"タケナミチョウシンタケオリ","prefecture_code":21},"7122":{"zip_code":"5097122","prefecture":"岐阜県","prefecture_kana":"ギフケン","city":"恵那市","city_kana":"エナシ","town":"武並町竹折","town_kana":"タケナミチョウタケオリ","prefecture_code":21},"7121":{"zip_code":"5097121","prefecture":"岐阜県","prefecture_kana":"ギフケン","city":"恵那市","city_kana":"エナシ","town":"武並町藤","town_kana":"タケナミチョウフジ","prefecture_code":21},"8231":{"zip_code":"5098231","prefecture":"岐阜県","prefecture_kana":"ギフケン","city":"恵那市","city_kana":"エナシ","town":"中野方町","town_kana":"ナカノホウチョウ","prefecture_code":21},"7202":{"zip_code":"5097202","prefecture":"岐阜県","prefecture_kana":"ギフケン","city":"恵那市","city_kana":"エナシ","town":"東野","town_kana":"ヒガシノ","prefecture_code":21},"7124":{"zip_code":"5097124","prefecture":"岐阜県","prefecture_kana":"ギフケン","city":"恵那市","city_kana":"エナシ","town":"三郷町佐々良木","town_kana":"ミサトチョウサザラギ","prefecture_code":21},"7123":{"zip_code":"5097123","prefecture":"岐阜県","prefecture_kana":"ギフケン","city":"恵那市","city_kana":"エナシ","town":"三郷町野井","town_kana":"ミサトチョウノイ","prefecture_code":21},"7125":{"zip_code":"5097125","prefecture":"岐阜県","prefecture_kana":"ギフケン","city":"恵那市","city_kana":"エナシ","town":"三郷町椋実","town_kana":"ミサトチョウムクノミ","prefecture_code":21},"7604":{"zip_code":"5097604","prefecture":"岐阜県","prefecture_kana":"ギフケン","city":"恵那市","city_kana":"エナシ","town":"山岡町釜屋","town_kana":"ヤマオカチョウカマヤ","prefecture_code":21},"7603":{"zip_code":"5097603","prefecture":"岐阜県","prefecture_kana":"ギフケン","city":"恵那市","city_kana":"エナシ","town":"山岡町上手向","town_kana":"ヤマオカチョウカミトウゲ","prefecture_code":21},"7601":{"zip_code":"5097601","prefecture":"岐阜県","prefecture_kana":"ギフケン","city":"恵那市","city_kana":"エナシ","town":"山岡町久保原","town_kana":"ヤマオカチョウクボハラ","prefecture_code":21},"7607":{"zip_code":"5097607","prefecture":"岐阜県","prefecture_kana":"ギフケン","city":"恵那市","city_kana":"エナシ","town":"山岡町下手向","town_kana":"ヤマオカチョウシモトウゲ","prefecture_code":21},"7608":{"zip_code":"5097608","prefecture":"岐阜県","prefecture_kana":"ギフケン","city":"恵那市","city_kana":"エナシ","town":"山岡町田沢","town_kana":"ヤマオカチョウタザワ","prefecture_code":21},"7606":{"zip_code":"5097606","prefecture":"岐阜県","prefecture_kana":"ギフケン","city":"恵那市","city_kana":"エナシ","town":"山岡町田代","town_kana":"ヤマオカチョウタシロ","prefecture_code":21},"7602":{"zip_code":"5097602","prefecture":"岐阜県","prefecture_kana":"ギフケン","city":"恵那市","city_kana":"エナシ","town":"山岡町馬場山田","town_kana":"ヤマオカチョウババヤマダ","prefecture_code":21},"7605":{"zip_code":"5097605","prefecture":"岐阜県","prefecture_kana":"ギフケン","city":"恵那市","city_kana":"エナシ","town":"山岡町原","town_kana":"ヤマオカチョウハラ","prefecture_code":21},"5100":{"zip_code":"5095100","prefecture":"岐阜県","prefecture_kana":"ギフケン","city":"土岐市","city_kana":"トキシ","town":"","town_kana":"","prefecture_code":21},"5403":[{"zip_code":"5095403","prefecture":"岐阜県","prefecture_kana":"ギフケン","city":"土岐市","city_kana":"トキシ","town":"旭ケ丘町","town_kana":"アサヒガオカチョウ","prefecture_code":21},{"zip_code":"5095403","prefecture":"岐阜県","prefecture_kana":"ギフケン","city":"土岐市","city_kana":"トキシ","town":"肥田町肥田","town_kana":"ヒダチョウヒダ","prefecture_code":21}],"5144":{"zip_code":"5095144","prefecture":"岐阜県","prefecture_kana":"ギフケン","city":"土岐市","city_kana":"トキシ","town":"泉池ノ上町","town_kana":"イズミイケノウエチョウ","prefecture_code":21},"5141":{"zip_code":"5095141","prefecture":"岐阜県","prefecture_kana":"ギフケン","city":"土岐市","city_kana":"トキシ","town":"泉岩畑町","town_kana":"イズミイワバタチョウ","prefecture_code":21},"5107":{"zip_code":"5095107","prefecture":"岐阜県","prefecture_kana":"ギフケン","city":"土岐市","city_kana":"トキシ","town":"泉梅ノ木町","town_kana":"イズミウメノキチョウ","prefecture_code":21},"5136":{"zip_code":"5095136","prefecture":"岐阜県","prefecture_kana":"ギフケン","city":"土岐市","city_kana":"トキシ","town":"泉大島町","town_kana":"イズミオオシマチョウ","prefecture_code":21},"5151":{"zip_code":"5095151","prefecture":"岐阜県","prefecture_kana":"ギフケン","city":"土岐市","city_kana":"トキシ","town":"泉大坪町","town_kana":"イズミオオツボチョウ","prefecture_code":21},"5145":{"zip_code":"5095145","prefecture":"岐阜県","prefecture_kana":"ギフケン","city":"土岐市","city_kana":"トキシ","town":"泉大沼町","town_kana":"イズミオオヌマチョウ","prefecture_code":21},"5171":{"zip_code":"5095171","prefecture":"岐阜県","prefecture_kana":"ギフケン","city":"土岐市","city_kana":"トキシ","town":"泉北山町","town_kana":"イズミキタヤマチョウ","prefecture_code":21},"5147":{"zip_code":"5095147","prefecture":"岐阜県","prefecture_kana":"ギフケン","city":"土岐市","city_kana":"トキシ","town":"泉郷町","town_kana":"イズミゴウマチ","prefecture_code":21},"5134":{"zip_code":"5095134","prefecture":"岐阜県","prefecture_kana":"ギフケン","city":"土岐市","city_kana":"トキシ","town":"泉島田町","town_kana":"イズミシマダチョウ","prefecture_code":21},"5133":{"zip_code":"5095133","prefecture":"岐阜県","prefecture_kana":"ギフケン","city":"土岐市","city_kana":"トキシ","town":"泉神栄町","town_kana":"イズミシンエイチョウ","prefecture_code":21},"5152":{"zip_code":"5095152","prefecture":"岐阜県","prefecture_kana":"ギフケン","city":"土岐市","city_kana":"トキシ","town":"泉寺下町","town_kana":"イズミテラシタチョウ","prefecture_code":21},"5131":{"zip_code":"5095131","prefecture":"岐阜県","prefecture_kana":"ギフケン","city":"土岐市","city_kana":"トキシ","town":"泉寺田町","town_kana":"イズミテラダチョウ","prefecture_code":21},"5104":{"zip_code":"5095104","prefecture":"岐阜県","prefecture_kana":"ギフケン","city":"土岐市","city_kana":"トキシ","town":"泉中窯町","town_kana":"イズミナカガマチョウ","prefecture_code":21},"5106":{"zip_code":"5095106","prefecture":"岐阜県","prefecture_kana":"ギフケン","city":"土岐市","city_kana":"トキシ","town":"泉仲森町","town_kana":"イズミナカモリチョウ","prefecture_code":21},"5105":{"zip_code":"5095105","prefecture":"岐阜県","prefecture_kana":"ギフケン","city":"土岐市","city_kana":"トキシ","town":"泉西窯町","town_kana":"イズミニシガマチョウ","prefecture_code":21},"5153":{"zip_code":"5095153","prefecture":"岐阜県","prefecture_kana":"ギフケン","city":"土岐市","city_kana":"トキシ","town":"泉西原町","town_kana":"イズミニシハラチョウ","prefecture_code":21},"5154":{"zip_code":"5095154","prefecture":"岐阜県","prefecture_kana":"ギフケン","city":"土岐市","city_kana":"トキシ","town":"泉西山町","town_kana":"イズミニシヤマチョウ","prefecture_code":21},"5103":{"zip_code":"5095103","prefecture":"岐阜県","prefecture_kana":"ギフケン","city":"土岐市","city_kana":"トキシ","town":"泉東窯町","town_kana":"イズミヒガシガマチョウ","prefecture_code":21},"5146":{"zip_code":"5095146","prefecture":"岐阜県","prefecture_kana":"ギフケン","city":"土岐市","city_kana":"トキシ","town":"泉明治町","town_kana":"イズミメイジマチ","prefecture_code":21},"5135":{"zip_code":"5095135","prefecture":"岐阜県","prefecture_kana":"ギフケン","city":"土岐市","city_kana":"トキシ","town":"泉森下町","town_kana":"イズミモリシタチョウ","prefecture_code":21},"5161":{"zip_code":"5095161","prefecture":"岐阜県","prefecture_kana":"ギフケン","city":"土岐市","city_kana":"トキシ","town":"泉が丘町","town_kana":"イズミガオカチョウ","prefecture_code":21},"5132":{"zip_code":"5095132","prefecture":"岐阜県","prefecture_kana":"ギフケン","city":"土岐市","city_kana":"トキシ","town":"泉町大富","town_kana":"イズミチョウオオトミ","prefecture_code":21},"5101":{"zip_code":"5095101","prefecture":"岐阜県","prefecture_kana":"ギフケン","city":"土岐市","city_kana":"トキシ","town":"泉町河合","town_kana":"イズミチョウカワイ","prefecture_code":21},"5142":{"zip_code":"5095142","prefecture":"岐阜県","prefecture_kana":"ギフケン","city":"土岐市","city_kana":"トキシ","town":"泉町久尻","town_kana":"イズミチョウクジリ","prefecture_code":21},"5102":{"zip_code":"5095102","prefecture":"岐阜県","prefecture_kana":"ギフケン","city":"土岐市","city_kana":"トキシ","town":"泉町定林寺","town_kana":"イズミチョウジョウリンジ","prefecture_code":21},"5143":{"zip_code":"5095143","prefecture":"岐阜県","prefecture_kana":"ギフケン","city":"土岐市","city_kana":"トキシ","town":"泉日之出町","town_kana":"イズミヒノデチョウ","prefecture_code":21},"5201":{"zip_code":"5095201","prefecture":"岐阜県","prefecture_kana":"ギフケン","city":"土岐市","city_kana":"トキシ","town":"下石阿庄町","town_kana":"オロシアショウチョウ","prefecture_code":21},"5203":{"zip_code":"5095203","prefecture":"岐阜県","prefecture_kana":"ギフケン","city":"土岐市","city_kana":"トキシ","town":"下石陶史台","town_kana":"オロシトウシダイ","prefecture_code":21},"5202":{"zip_code":"5095202","prefecture":"岐阜県","prefecture_kana":"ギフケン","city":"土岐市","city_kana":"トキシ","town":"下石町","town_kana":"オロシチョウ","prefecture_code":21},"5402":{"zip_code":"5095402","prefecture":"岐阜県","prefecture_kana":"ギフケン","city":"土岐市","city_kana":"トキシ","town":"曽木町","town_kana":"ソギチョウ","prefecture_code":21},"5401":{"zip_code":"5095401","prefecture":"岐阜県","prefecture_kana":"ギフケン","city":"土岐市","city_kana":"トキシ","town":"駄知町","town_kana":"ダチチョウ","prefecture_code":21},"5302":{"zip_code":"5095302","prefecture":"岐阜県","prefecture_kana":"ギフケン","city":"土岐市","city_kana":"トキシ","town":"妻木平成町","town_kana":"ツマギヘイセイチョウ","prefecture_code":21},"5301":{"zip_code":"5095301","prefecture":"岐阜県","prefecture_kana":"ギフケン","city":"土岐市","city_kana":"トキシ","town":"妻木町","town_kana":"ツマギチョウ","prefecture_code":21},"5312":{"zip_code":"5095312","prefecture":"岐阜県","prefecture_kana":"ギフケン","city":"土岐市","city_kana":"トキシ","town":"鶴里町柿野","town_kana":"ツルサトチョウカキノ","prefecture_code":21},"5311":{"zip_code":"5095311","prefecture":"岐阜県","prefecture_kana":"ギフケン","city":"土岐市","city_kana":"トキシ","town":"鶴里町細野","town_kana":"ツルサトチョウホソノ","prefecture_code":21},"5127":{"zip_code":"5095127","prefecture":"岐阜県","prefecture_kana":"ギフケン","city":"土岐市","city_kana":"トキシ","town":"土岐ヶ丘","town_kana":"トキガオカ","prefecture_code":21},"5124":{"zip_code":"5095124","prefecture":"岐阜県","prefecture_kana":"ギフケン","city":"土岐市","city_kana":"トキシ","town":"土岐口中町","town_kana":"トキグチナカマチ","prefecture_code":21},"5123":{"zip_code":"5095123","prefecture":"岐阜県","prefecture_kana":"ギフケン","city":"土岐市","city_kana":"トキシ","town":"土岐口南町","town_kana":"トキグチミナミマチ","prefecture_code":21},"5126":{"zip_code":"5095126","prefecture":"岐阜県","prefecture_kana":"ギフケン","city":"土岐市","city_kana":"トキシ","town":"土岐口北町","town_kana":"トキグチキタマチ","prefecture_code":21},"5121":{"zip_code":"5095121","prefecture":"岐阜県","prefecture_kana":"ギフケン","city":"土岐市","city_kana":"トキシ","town":"土岐津町高山","town_kana":"トキツチョウタカヤマ","prefecture_code":21},"5122":{"zip_code":"5095122","prefecture":"岐阜県","prefecture_kana":"ギフケン","city":"土岐市","city_kana":"トキシ","town":"土岐津町土岐口","town_kana":"トキツチョウトキグチ","prefecture_code":21},"5117":{"zip_code":"5095117","prefecture":"岐阜県","prefecture_kana":"ギフケン","city":"土岐市","city_kana":"トキシ","town":"肥田浅野朝日町","town_kana":"ヒダアサノアサヒマチ","prefecture_code":21},"5118":{"zip_code":"5095118","prefecture":"岐阜県","prefecture_kana":"ギフケン","city":"土岐市","city_kana":"トキシ","town":"肥田浅野梅ノ木町","town_kana":"ヒダアサノウメノキチョウ","prefecture_code":21},"5112":{"zip_code":"5095112","prefecture":"岐阜県","prefecture_kana":"ギフケン","city":"土岐市","city_kana":"トキシ","town":"肥田浅野笠神町","town_kana":"ヒダアサノカサガミチョウ","prefecture_code":21},"5111":{"zip_code":"5095111","prefecture":"岐阜県","prefecture_kana":"ギフケン","city":"土岐市","city_kana":"トキシ","town":"肥田浅野双葉町","town_kana":"ヒダアサノフタバチョウ","prefecture_code":21},"5113":{"zip_code":"5095113","prefecture":"岐阜県","prefecture_kana":"ギフケン","city":"土岐市","city_kana":"トキシ","town":"肥田浅野元町","town_kana":"ヒダアサノモトマチ","prefecture_code":21},"5116":{"zip_code":"5095116","prefecture":"岐阜県","prefecture_kana":"ギフケン","city":"土岐市","city_kana":"トキシ","town":"肥田浅野矢落町","town_kana":"ヒダアサノヤオチチョウ","prefecture_code":21},"5114":{"zip_code":"5095114","prefecture":"岐阜県","prefecture_kana":"ギフケン","city":"土岐市","city_kana":"トキシ","town":"肥田町浅野","town_kana":"ヒダチョウアサノ","prefecture_code":21},"5115":{"zip_code":"5095115","prefecture":"岐阜県","prefecture_kana":"ギフケン","city":"土岐市","city_kana":"トキシ","town":"肥田町肥田","town_kana":"ヒダチョウヒダ","prefecture_code":21},"5125":{"zip_code":"5095125","prefecture":"岐阜県","prefecture_kana":"ギフケン","city":"土岐市","city_kana":"トキシ","town":"御幸町","town_kana":"ミユキチョウ","prefecture_code":21},"0111":{"zip_code":"5090111","prefecture":"岐阜県","prefecture_kana":"ギフケン","city":"各務原市","city_kana":"カカミガハラシ","town":"鵜沼","town_kana":"ウヌマ","prefecture_code":21},"0145":{"zip_code":"5090145","prefecture":"岐阜県","prefecture_kana":"ギフケン","city":"各務原市","city_kana":"カカミガハラシ","town":"鵜沼朝日町","town_kana":"ウヌマアサヒマチ","prefecture_code":21},"0144":{"zip_code":"5090144","prefecture":"岐阜県","prefecture_kana":"ギフケン","city":"各務原市","city_kana":"カカミガハラシ","town":"鵜沼大伊木町","town_kana":"ウヌマオオイギチョウ","prefecture_code":21},"0141":{"zip_code":"5090141","prefecture":"岐阜県","prefecture_kana":"ギフケン","city":"各務原市","city_kana":"カカミガハラシ","town":"鵜沼各務原町","town_kana":"ウヌマカカミガハラチョウ","prefecture_code":21},"0147":{"zip_code":"5090147","prefecture":"岐阜県","prefecture_kana":"ギフケン","city":"各務原市","city_kana":"カカミガハラシ","town":"鵜沼川崎町","town_kana":"ウヌマカワサキチョウ","prefecture_code":21},"0143":{"zip_code":"5090143","prefecture":"岐阜県","prefecture_kana":"ギフケン","city":"各務原市","city_kana":"カカミガハラシ","town":"鵜沼小伊木町","town_kana":"ウヌマコイギチョウ","prefecture_code":21},"0117":{"zip_code":"5090117","prefecture":"岐阜県","prefecture_kana":"ギフケン","city":"各務原市","city_kana":"カカミガハラシ","town":"鵜沼大安寺町","town_kana":"ウヌマダイアンジチョウ","prefecture_code":21},"0135":{"zip_code":"5090135","prefecture":"岐阜県","prefecture_kana":"ギフケン","city":"各務原市","city_kana":"カカミガハラシ","town":"鵜沼羽場町","town_kana":"ウヌマハバチョウ","prefecture_code":21},"0126":{"zip_code":"5090126","prefecture":"岐阜県","prefecture_kana":"ギフケン","city":"各務原市","city_kana":"カカミガハラシ","town":"鵜沼東町","town_kana":"ウヌマヒガシマチ","prefecture_code":21},"0132":{"zip_code":"5090132","prefecture":"岐阜県","prefecture_kana":"ギフケン","city":"各務原市","city_kana":"カカミガハラシ","town":"鵜沼西町","town_kana":"ウヌマニシマチ","prefecture_code":21},"0133":{"zip_code":"5090133","prefecture":"岐阜県","prefecture_kana":"ギフケン","city":"各務原市","city_kana":"カカミガハラシ","town":"鵜沼古市場町","town_kana":"ウヌマフルイチバチョウ","prefecture_code":21},"0123":{"zip_code":"5090123","prefecture":"岐阜県","prefecture_kana":"ギフケン","city":"各務原市","city_kana":"カカミガハラシ","town":"鵜沼宝積寺町","town_kana":"ウヌマホウシャクジチョウ","prefecture_code":21},"0134":{"zip_code":"5090134","prefecture":"岐阜県","prefecture_kana":"ギフケン","city":"各務原市","city_kana":"カカミガハラシ","town":"鵜沼真名越町","town_kana":"ウヌママナゴシチョウ","prefecture_code":21},"0142":{"zip_code":"5090142","prefecture":"岐阜県","prefecture_kana":"ギフケン","city":"各務原市","city_kana":"カカミガハラシ","town":"鵜沼丸子町","town_kana":"ウヌママルコチョウ","prefecture_code":21},"0146":{"zip_code":"5090146","prefecture":"岐阜県","prefecture_kana":"ギフケン","city":"各務原市","city_kana":"カカミガハラシ","town":"鵜沼三ツ池町","town_kana":"ウヌマミツイケチョウ","prefecture_code":21},"0125":{"zip_code":"5090125","prefecture":"岐阜県","prefecture_kana":"ギフケン","city":"各務原市","city_kana":"カカミガハラシ","town":"鵜沼南町","town_kana":"ウヌマミナミマチ","prefecture_code":21},"0124":{"zip_code":"5090124","prefecture":"岐阜県","prefecture_kana":"ギフケン","city":"各務原市","city_kana":"カカミガハラシ","town":"鵜沼山崎町","town_kana":"ウヌマヤマザキチョウ","prefecture_code":21},"0121":{"zip_code":"5090121","prefecture":"岐阜県","prefecture_kana":"ギフケン","city":"各務原市","city_kana":"カカミガハラシ","town":"鵜沼台","town_kana":"ウヌマダイ","prefecture_code":21},"0104":{"zip_code":"5090104","prefecture":"岐阜県","prefecture_kana":"ギフケン","city":"各務原市","city_kana":"カカミガハラシ","town":"各務おがせ町","town_kana":"カカミオガセチョウ","prefecture_code":21},"0102":{"zip_code":"5090102","prefecture":"岐阜県","prefecture_kana":"ギフケン","city":"各務原市","city_kana":"カカミガハラシ","town":"各務車洞","town_kana":"カカミクルマホラ","prefecture_code":21},"0103":{"zip_code":"5090103","prefecture":"岐阜県","prefecture_kana":"ギフケン","city":"各務原市","city_kana":"カカミガハラシ","town":"各務東町","town_kana":"カカミヒガシマチ","prefecture_code":21},"0106":{"zip_code":"5090106","prefecture":"岐阜県","prefecture_kana":"ギフケン","city":"各務原市","city_kana":"カカミガハラシ","town":"各務西町","town_kana":"カカミニシマチ","prefecture_code":21},"0107":{"zip_code":"5090107","prefecture":"岐阜県","prefecture_kana":"ギフケン","city":"各務原市","city_kana":"カカミガハラシ","town":"各務船山町","town_kana":"カカミフナヤマチョウ","prefecture_code":21},"0105":{"zip_code":"5090105","prefecture":"岐阜県","prefecture_kana":"ギフケン","city":"各務原市","city_kana":"カカミガハラシ","town":"各務山の前町","town_kana":"カカミヤマノマエチョウ","prefecture_code":21},"0127":{"zip_code":"5090127","prefecture":"岐阜県","prefecture_kana":"ギフケン","city":"各務原市","city_kana":"カカミガハラシ","town":"桜木町","town_kana":"サクラギチョウ","prefecture_code":21},"0122":{"zip_code":"5090122","prefecture":"岐阜県","prefecture_kana":"ギフケン","city":"各務原市","city_kana":"カカミガハラシ","town":"新鵜沼台","town_kana":"シンウヌマダイ","prefecture_code":21},"0101":{"zip_code":"5090101","prefecture":"岐阜県","prefecture_kana":"ギフケン","city":"各務原市","city_kana":"カカミガハラシ","town":"須衛","town_kana":"スエ","prefecture_code":21},"0108":{"zip_code":"5090108","prefecture":"岐阜県","prefecture_kana":"ギフケン","city":"各務原市","city_kana":"カカミガハラシ","town":"須衛町","town_kana":"スエチョウ","prefecture_code":21},"0131":{"zip_code":"5090131","prefecture":"岐阜県","prefecture_kana":"ギフケン","city":"各務原市","city_kana":"カカミガハラシ","town":"つつじが丘","town_kana":"ツツジガオカ","prefecture_code":21},"0109":{"zip_code":"5090109","prefecture":"岐阜県","prefecture_kana":"ギフケン","city":"各務原市","city_kana":"カカミガハラシ","town":"テクノプラザ","town_kana":"テクノプラザ","prefecture_code":21},"0136":{"zip_code":"5090136","prefecture":"岐阜県","prefecture_kana":"ギフケン","city":"各務原市","city_kana":"カカミガハラシ","town":"松が丘","town_kana":"マツガオカ","prefecture_code":21},"0114":{"zip_code":"5090114","prefecture":"岐阜県","prefecture_kana":"ギフケン","city":"各務原市","city_kana":"カカミガハラシ","town":"緑苑中","town_kana":"リョクエンナカ","prefecture_code":21},"0113":{"zip_code":"5090113","prefecture":"岐阜県","prefecture_kana":"ギフケン","city":"各務原市","city_kana":"カカミガハラシ","town":"緑苑東","town_kana":"リョクエンヒガシ","prefecture_code":21},"0116":{"zip_code":"5090116","prefecture":"岐阜県","prefecture_kana":"ギフケン","city":"各務原市","city_kana":"カカミガハラシ","town":"緑苑西","town_kana":"リョクエンニシ","prefecture_code":21},"0115":{"zip_code":"5090115","prefecture":"岐阜県","prefecture_kana":"ギフケン","city":"各務原市","city_kana":"カカミガハラシ","town":"緑苑南","town_kana":"リョクエンミナミ","prefecture_code":21},"0112":{"zip_code":"5090112","prefecture":"岐阜県","prefecture_kana":"ギフケン","city":"各務原市","city_kana":"カカミガハラシ","town":"緑苑北","town_kana":"リョクエンキタ","prefecture_code":21},"0200":{"zip_code":"5090200","prefecture":"岐阜県","prefecture_kana":"ギフケン","city":"可児市","city_kana":"カニシ","town":"","town_kana":"","prefecture_code":21},"0259":{"zip_code":"5090259","prefecture":"岐阜県","prefecture_kana":"ギフケン","city":"可児市","city_kana":"カニシ","town":"愛岐ケ丘","town_kana":"アイギガオカ","prefecture_code":21},"0215":{"zip_code":"5090215","prefecture":"岐阜県","prefecture_kana":"ギフケン","city":"可児市","city_kana":"カニシ","town":"石井","town_kana":"イシイ","prefecture_code":21},"0216":{"zip_code":"5090216","prefecture":"岐阜県","prefecture_kana":"ギフケン","city":"可児市","city_kana":"カニシ","town":"石森","town_kana":"イシモリ","prefecture_code":21},"0246":{"zip_code":"5090246","prefecture":"岐阜県","prefecture_kana":"ギフケン","city":"可児市","city_kana":"カニシ","town":"今","town_kana":"イマ","prefecture_code":21},"0207":{"zip_code":"5090207","prefecture":"岐阜県","prefecture_kana":"ギフケン","city":"可児市","city_kana":"カニシ","town":"今渡","town_kana":"イマワタリ","prefecture_code":21},"0238":{"zip_code":"5090238","prefecture":"岐阜県","prefecture_kana":"ギフケン","city":"可児市","city_kana":"カニシ","town":"大森","town_kana":"オオモリ","prefecture_code":21},"0239":{"zip_code":"5090239","prefecture":"岐阜県","prefecture_kana":"ギフケン","city":"可児市","city_kana":"カニシ","town":"大森台","town_kana":"オオモリダイ","prefecture_code":21},"0233":{"zip_code":"5090233","prefecture":"岐阜県","prefecture_kana":"ギフケン","city":"可児市","city_kana":"カニシ","town":"柿下","town_kana":"カキシタ","prefecture_code":21},"0212":{"zip_code":"5090212","prefecture":"岐阜県","prefecture_kana":"ギフケン","city":"可児市","city_kana":"カニシ","town":"柿田","town_kana":"カキダ","prefecture_code":21},"0266":{"zip_code":"5090266","prefecture":"岐阜県","prefecture_kana":"ギフケン","city":"可児市","city_kana":"カニシ","town":"帷子新町","town_kana":"カタビラシンマチ","prefecture_code":21},"0237":{"zip_code":"5090237","prefecture":"岐阜県","prefecture_kana":"ギフケン","city":"可児市","city_kana":"カニシ","town":"桂ケ丘","town_kana":"カツラガオカ","prefecture_code":21},"0201":{"zip_code":"5090201","prefecture":"岐阜県","prefecture_kana":"ギフケン","city":"可児市","city_kana":"カニシ","town":"川合","town_kana":"カワイ","prefecture_code":21},"0208":{"zip_code":"5090208","prefecture":"岐阜県","prefecture_kana":"ギフケン","city":"可児市","city_kana":"カニシ","town":"川合北","town_kana":"カワイキタ","prefecture_code":21},"0224":{"zip_code":"5090224","prefecture":"岐阜県","prefecture_kana":"ギフケン","city":"可児市","city_kana":"カニシ","town":"久々利","town_kana":"ククリ","prefecture_code":21},"0234":{"zip_code":"5090234","prefecture":"岐阜県","prefecture_kana":"ギフケン","city":"可児市","city_kana":"カニシ","town":"久々利柿下入会","town_kana":"ククリカキシタニュウカイ","prefecture_code":21},"0255":{"zip_code":"5090255","prefecture":"岐阜県","prefecture_kana":"ギフケン","city":"可児市","city_kana":"カニシ","town":"光陽台","town_kana":"コウヨウダイ","prefecture_code":21},"0241":{"zip_code":"5090241","prefecture":"岐阜県","prefecture_kana":"ギフケン","city":"可児市","city_kana":"カニシ","town":"坂戸","town_kana":"サカド","prefecture_code":21},"0235":{"zip_code":"5090235","prefecture":"岐阜県","prefecture_kana":"ギフケン","city":"可児市","city_kana":"カニシ","town":"桜ケ丘","town_kana":"サクラガオカ","prefecture_code":21},"0236":{"zip_code":"5090236","prefecture":"岐阜県","prefecture_kana":"ギフケン","city":"可児市","city_kana":"カニシ","town":"皐ケ丘","town_kana":"サツキガオカ","prefecture_code":21},"0251":{"zip_code":"5090251","prefecture":"岐阜県","prefecture_kana":"ギフケン","city":"可児市","city_kana":"カニシ","town":"塩","town_kana":"シオ","prefecture_code":21},"0248":{"zip_code":"5090248","prefecture":"岐阜県","prefecture_kana":"ギフケン","city":"可児市","city_kana":"カニシ","town":"清水ケ丘","town_kana":"シミズガオカ","prefecture_code":21},"0203":{"zip_code":"5090203","prefecture":"岐阜県","prefecture_kana":"ギフケン","city":"可児市","city_kana":"カニシ","town":"下恵土","town_kana":"シモエド","prefecture_code":21},"0245":{"zip_code":"5090245","prefecture":"岐阜県","prefecture_kana":"ギフケン","city":"可児市","city_kana":"カニシ","town":"下切","town_kana":"シモギリ","prefecture_code":21},"0247":{"zip_code":"5090247","prefecture":"岐阜県","prefecture_kana":"ギフケン","city":"可児市","city_kana":"カニシ","town":"塩河","town_kana":"シュウガ","prefecture_code":21},"0262":{"zip_code":"5090262","prefecture":"岐阜県","prefecture_kana":"ギフケン","city":"可児市","city_kana":"カニシ","town":"菅刈","town_kana":"スゲカリ","prefecture_code":21},"0213":{"zip_code":"5090213","prefecture":"岐阜県","prefecture_kana":"ギフケン","city":"可児市","city_kana":"カニシ","town":"瀬田","town_kana":"セタ","prefecture_code":21},"0204":{"zip_code":"5090204","prefecture":"岐阜県","prefecture_kana":"ギフケン","city":"可児市","city_kana":"カニシ","town":"禅台寺","town_kana":"ゼンダイジ","prefecture_code":21},"0205":{"zip_code":"5090205","prefecture":"岐阜県","prefecture_kana":"ギフケン","city":"可児市","city_kana":"カニシ","town":"徳野南","town_kana":"トクノミナミ","prefecture_code":21},"0206":{"zip_code":"5090206","prefecture":"岐阜県","prefecture_kana":"ギフケン","city":"可児市","city_kana":"カニシ","town":"土田","town_kana":"ドタ","prefecture_code":21},"0202":{"zip_code":"5090202","prefecture":"岐阜県","prefecture_kana":"ギフケン","city":"可児市","city_kana":"カニシ","town":"中恵土","town_kana":"ナカエド","prefecture_code":21},"0257":{"zip_code":"5090257","prefecture":"岐阜県","prefecture_kana":"ギフケン","city":"可児市","city_kana":"カニシ","town":"長坂","town_kana":"ナガサカ","prefecture_code":21},"0254":{"zip_code":"5090254","prefecture":"岐阜県","prefecture_kana":"ギフケン","city":"可児市","city_kana":"カニシ","town":"長洞","town_kana":"ナガホラ","prefecture_code":21},"0265":{"zip_code":"5090265","prefecture":"岐阜県","prefecture_kana":"ギフケン","city":"可児市","city_kana":"カニシ","town":"西帷子","town_kana":"ニシカタビラ","prefecture_code":21},"0261":{"zip_code":"5090261","prefecture":"岐阜県","prefecture_kana":"ギフケン","city":"可児市","city_kana":"カニシ","town":"虹ケ丘","town_kana":"ニジガオカ","prefecture_code":21},"0232":{"zip_code":"5090232","prefecture":"岐阜県","prefecture_kana":"ギフケン","city":"可児市","city_kana":"カニシ","town":"二野","town_kana":"ニノ","prefecture_code":21},"0222":{"zip_code":"5090222","prefecture":"岐阜県","prefecture_kana":"ギフケン","city":"可児市","city_kana":"カニシ","town":"羽崎","town_kana":"ハザキ","prefecture_code":21},"0264":{"zip_code":"5090264","prefecture":"岐阜県","prefecture_kana":"ギフケン","city":"可児市","city_kana":"カニシ","town":"鳩吹台","town_kana":"ハトフキダイ","prefecture_code":21},"0223":{"zip_code":"5090223","prefecture":"岐阜県","prefecture_kana":"ギフケン","city":"可児市","city_kana":"カニシ","town":"羽生ケ丘","town_kana":"ハニュウガオカ","prefecture_code":21},"0256":{"zip_code":"5090256","prefecture":"岐阜県","prefecture_kana":"ギフケン","city":"可児市","city_kana":"カニシ","town":"東帷子","town_kana":"ヒガシカタビラ","prefecture_code":21},"0249":{"zip_code":"5090249","prefecture":"岐阜県","prefecture_kana":"ギフケン","city":"可児市","city_kana":"カニシ","town":"姫ケ丘","town_kana":"ヒメガオカ","prefecture_code":21},"0217":{"zip_code":"5090217","prefecture":"岐阜県","prefecture_kana":"ギフケン","city":"可児市","city_kana":"カニシ","town":"平貝戸","town_kana":"ヒラガイト","prefecture_code":21},"0214":{"zip_code":"5090214","prefecture":"岐阜県","prefecture_kana":"ギフケン","city":"可児市","city_kana":"カニシ","town":"広見","town_kana":"ヒロミ","prefecture_code":21},"0221":{"zip_code":"5090221","prefecture":"岐阜県","prefecture_kana":"ギフケン","city":"可児市","city_kana":"カニシ","town":"広眺ケ丘","town_kana":"ヒロミガオカ","prefecture_code":21},"0211":{"zip_code":"5090211","prefecture":"岐阜県","prefecture_kana":"ギフケン","city":"可児市","city_kana":"カニシ","town":"渕之上","town_kana":"フチノウエ","prefecture_code":21},"0230":{"zip_code":"5090230","prefecture":"岐阜県","prefecture_kana":"ギフケン","city":"可児市","city_kana":"カニシ","town":"星見台","town_kana":"ホシミダイ","prefecture_code":21},"0218":{"zip_code":"5090218","prefecture":"岐阜県","prefecture_kana":"ギフケン","city":"可児市","city_kana":"カニシ","town":"松伏","town_kana":"マツブセ","prefecture_code":21},"0250":{"zip_code":"5090250","prefecture":"岐阜県","prefecture_kana":"ギフケン","city":"可児市","city_kana":"カニシ","town":"美里ケ丘","town_kana":"ミサトガオカ","prefecture_code":21},"0240":{"zip_code":"5090240","prefecture":"岐阜県","prefecture_kana":"ギフケン","city":"可児市","city_kana":"カニシ","town":"みずきケ丘","town_kana":"ミズキガオカ","prefecture_code":21},"0263":{"zip_code":"5090263","prefecture":"岐阜県","prefecture_kana":"ギフケン","city":"可児市","city_kana":"カニシ","town":"緑","town_kana":"ミドリ","prefecture_code":21},"0231":{"zip_code":"5090231","prefecture":"岐阜県","prefecture_kana":"ギフケン","city":"可児市","city_kana":"カニシ","town":"緑ケ丘","town_kana":"ミドリガオカ","prefecture_code":21},"0253":{"zip_code":"5090253","prefecture":"岐阜県","prefecture_kana":"ギフケン","city":"可児市","city_kana":"カニシ","town":"室原","town_kana":"ムロハラ","prefecture_code":21},"0252":{"zip_code":"5090252","prefecture":"岐阜県","prefecture_kana":"ギフケン","city":"可児市","city_kana":"カニシ","town":"矢戸","town_kana":"ヤト","prefecture_code":21},"0242":{"zip_code":"5090242","prefecture":"岐阜県","prefecture_kana":"ギフケン","city":"可児市","city_kana":"カニシ","town":"谷迫間","town_kana":"ヤバサマ","prefecture_code":21},"0258":{"zip_code":"5090258","prefecture":"岐阜県","prefecture_kana":"ギフケン","city":"可児市","city_kana":"カニシ","town":"若葉台","town_kana":"ワカバダイ","prefecture_code":21},"4315":{"zip_code":"5094315","prefecture":"岐阜県","prefecture_kana":"ギフケン","city":"飛騨市","city_kana":"ヒダシ","town":"河合町天生","town_kana":"カワイチョウアモウ","prefecture_code":21},"4312":{"zip_code":"5094312","prefecture":"岐阜県","prefecture_kana":"ギフケン","city":"飛騨市","city_kana":"ヒダシ","town":"河合町稲越","town_kana":"カワイチョウイナゴエ","prefecture_code":21},"4303":{"zip_code":"5094303","prefecture":"岐阜県","prefecture_kana":"ギフケン","city":"飛騨市","city_kana":"ヒダシ","town":"河合町有家","town_kana":"カワイチョウウケ","prefecture_code":21},"4311":{"zip_code":"5094311","prefecture":"岐阜県","prefecture_kana":"ギフケン","city":"飛騨市","city_kana":"ヒダシ","town":"河合町大谷","town_kana":"カワイチョウオオタニ","prefecture_code":21},"4316":{"zip_code":"5094316","prefecture":"岐阜県","prefecture_kana":"ギフケン","city":"飛騨市","city_kana":"ヒダシ","town":"河合町元田","town_kana":"カワイチョウゲンダ","prefecture_code":21},"4302":{"zip_code":"5094302","prefecture":"岐阜県","prefecture_kana":"ギフケン","city":"飛騨市","city_kana":"ヒダシ","town":"河合町小無雁","town_kana":"カワイチョウコムカリ","prefecture_code":21},"4317":{"zip_code":"5094317","prefecture":"岐阜県","prefecture_kana":"ギフケン","city":"飛騨市","city_kana":"ヒダシ","town":"河合町上ケ島","town_kana":"カワイチョウジョウガシマ","prefecture_code":21},"4318":{"zip_code":"5094318","prefecture":"岐阜県","prefecture_kana":"ギフケン","city":"飛騨市","city_kana":"ヒダシ","town":"河合町新名","town_kana":"カワイチョウシンミョウ","prefecture_code":21},"4314":{"zip_code":"5094314","prefecture":"岐阜県","prefecture_kana":"ギフケン","city":"飛騨市","city_kana":"ヒダシ","town":"河合町月ケ瀬","town_kana":"カワイチョウツキガセ","prefecture_code":21},"4301":{"zip_code":"5094301","prefecture":"岐阜県","prefecture_kana":"ギフケン","city":"飛騨市","city_kana":"ヒダシ","town":"河合町角川","town_kana":"カワイチョウツノガワ","prefecture_code":21},"4306":{"zip_code":"5094306","prefecture":"岐阜県","prefecture_kana":"ギフケン","city":"飛騨市","city_kana":"ヒダシ","town":"河合町中沢上","town_kana":"カワイチョウナカゾウレ","prefecture_code":21},"4304":{"zip_code":"5094304","prefecture":"岐阜県","prefecture_kana":"ギフケン","city":"飛騨市","city_kana":"ヒダシ","town":"河合町羽根","town_kana":"カワイチョウハネ","prefecture_code":21},"4313":{"zip_code":"5094313","prefecture":"岐阜県","prefecture_kana":"ギフケン","city":"飛騨市","city_kana":"ヒダシ","town":"河合町保","town_kana":"カワイチョウホ","prefecture_code":21},"4305":{"zip_code":"5094305","prefecture":"岐阜県","prefecture_kana":"ギフケン","city":"飛騨市","city_kana":"ヒダシ","town":"河合町保木林","town_kana":"カワイチョウホキバヤシ","prefecture_code":21},"4252":{"zip_code":"5094252","prefecture":"岐阜県","prefecture_kana":"ギフケン","city":"飛騨市","city_kana":"ヒダシ","town":"古川町朝開町","town_kana":"フルカワチョウアサビラキマチ","prefecture_code":21},"4234":{"zip_code":"5094234","prefecture":"岐阜県","prefecture_kana":"ギフケン","city":"飛騨市","city_kana":"ヒダシ","town":"古川町壱之町","town_kana":"フルカワチョウイチノマチ","prefecture_code":21},"4265":{"zip_code":"5094265","prefecture":"岐阜県","prefecture_kana":"ギフケン","city":"飛騨市","city_kana":"ヒダシ","town":"古川町畦畑","town_kana":"フルカワチョウウネハタ","prefecture_code":21},"4255":{"zip_code":"5094255","prefecture":"岐阜県","prefecture_kana":"ギフケン","city":"飛騨市","city_kana":"ヒダシ","town":"古川町大野町","town_kana":"フルカワチョウオオノチョウ","prefecture_code":21},"4222":{"zip_code":"5094222","prefecture":"岐阜県","prefecture_kana":"ギフケン","city":"飛騨市","city_kana":"ヒダシ","town":"古川町片原町","town_kana":"フルカワチョウカタハラチョウ","prefecture_code":21},"4225":{"zip_code":"5094225","prefecture":"岐阜県","prefecture_kana":"ギフケン","city":"飛騨市","city_kana":"ヒダシ","town":"古川町金森町","town_kana":"フルカワチョウカナモリチョウ","prefecture_code":21},"4212":{"zip_code":"5094212","prefecture":"岐阜県","prefecture_kana":"ギフケン","city":"飛騨市","city_kana":"ヒダシ","town":"古川町上気多","town_kana":"フルカワチョウカミキタ","prefecture_code":21},"4263":{"zip_code":"5094263","prefecture":"岐阜県","prefecture_kana":"ギフケン","city":"飛騨市","city_kana":"ヒダシ","town":"古川町上野","town_kana":"フルカワチョウカミノ","prefecture_code":21},"4254":{"zip_code":"5094254","prefecture":"岐阜県","prefecture_kana":"ギフケン","city":"飛騨市","city_kana":"ヒダシ","town":"古川町上町","town_kana":"フルカワチョウカンマチ","prefecture_code":21},"4243":{"zip_code":"5094243","prefecture":"岐阜県","prefecture_kana":"ギフケン","city":"飛騨市","city_kana":"ヒダシ","town":"古川町貴船町","town_kana":"フルカワチョウキフネチョウ","prefecture_code":21},"4275":{"zip_code":"5094275","prefecture":"岐阜県","prefecture_kana":"ギフケン","city":"飛騨市","city_kana":"ヒダシ","town":"古川町黒内","town_kana":"フルカワチョウクロウチ","prefecture_code":21},"4203":{"zip_code":"5094203","prefecture":"岐阜県","prefecture_kana":"ギフケン","city":"飛騨市","city_kana":"ヒダシ","town":"古川町袈裟丸","town_kana":"フルカワチョウケサマル","prefecture_code":21},"4245":{"zip_code":"5094245","prefecture":"岐阜県","prefecture_kana":"ギフケン","city":"飛騨市","city_kana":"ヒダシ","town":"古川町幸栄町","town_kana":"フルカワチョウコウエイチョウ","prefecture_code":21},"4244":{"zip_code":"5094244","prefecture":"岐阜県","prefecture_kana":"ギフケン","city":"飛騨市","city_kana":"ヒダシ","town":"古川町是重","town_kana":"フルカワチョウコレシゲ","prefecture_code":21},"4237":{"zip_code":"5094237","prefecture":"岐阜県","prefecture_kana":"ギフケン","city":"飛騨市","city_kana":"ヒダシ","town":"古川町栄","town_kana":"フルカワチョウサカエ","prefecture_code":21},"4274":{"zip_code":"5094274","prefecture":"岐阜県","prefecture_kana":"ギフケン","city":"飛騨市","city_kana":"ヒダシ","town":"古川町笹ケ洞","town_kana":"フルカワチョウササガホラ","prefecture_code":21},"4236":{"zip_code":"5094236","prefecture":"岐阜県","prefecture_kana":"ギフケン","city":"飛騨市","city_kana":"ヒダシ","town":"古川町三之町","town_kana":"フルカワチョウサンノマチ","prefecture_code":21},"4213":{"zip_code":"5094213","prefecture":"岐阜県","prefecture_kana":"ギフケン","city":"飛騨市","city_kana":"ヒダシ","town":"古川町下気多","town_kana":"フルカワチョウシモキタ","prefecture_code":21},"4261":{"zip_code":"5094261","prefecture":"岐阜県","prefecture_kana":"ギフケン","city":"飛騨市","city_kana":"ヒダシ","town":"古川町下野","town_kana":"フルカワチョウシモノ","prefecture_code":21},"4231":{"zip_code":"5094231","prefecture":"岐阜県","prefecture_kana":"ギフケン","city":"飛騨市","city_kana":"ヒダシ","town":"古川町新栄町","town_kana":"フルカワチョウシンサカエマチ","prefecture_code":21},"4205":{"zip_code":"5094205","prefecture":"岐阜県","prefecture_kana":"ギフケン","city":"飛騨市","city_kana":"ヒダシ","town":"古川町末真","town_kana":"フルカワチョウスエザネ","prefecture_code":21},"4233":{"zip_code":"5094233","prefecture":"岐阜県","prefecture_kana":"ギフケン","city":"飛騨市","city_kana":"ヒダシ","town":"古川町末広町","town_kana":"フルカワチョウスエヒロチョウ","prefecture_code":21},"4215":{"zip_code":"5094215","prefecture":"岐阜県","prefecture_kana":"ギフケン","city":"飛騨市","city_kana":"ヒダシ","town":"古川町杉崎","town_kana":"フルカワチョウスギサキ","prefecture_code":21},"4201":{"zip_code":"5094201","prefecture":"岐阜県","prefecture_kana":"ギフケン","city":"飛騨市","city_kana":"ヒダシ","town":"古川町数河","town_kana":"フルカワチョウスゴウ","prefecture_code":21},"4211":{"zip_code":"5094211","prefecture":"岐阜県","prefecture_kana":"ギフケン","city":"飛騨市","city_kana":"ヒダシ","town":"古川町太江","town_kana":"フルカワチョウタイエ","prefecture_code":21},"4256":{"zip_code":"5094256","prefecture":"岐阜県","prefecture_kana":"ギフケン","city":"飛騨市","city_kana":"ヒダシ","town":"古川町高野","town_kana":"フルカワチョウタカノ","prefecture_code":21},"4271":{"zip_code":"5094271","prefecture":"岐阜県","prefecture_kana":"ギフケン","city":"飛騨市","city_kana":"ヒダシ","town":"古川町谷","town_kana":"フルカワチョウタニ","prefecture_code":21},"4273":{"zip_code":"5094273","prefecture":"岐阜県","prefecture_kana":"ギフケン","city":"飛騨市","city_kana":"ヒダシ","town":"古川町寺地","town_kana":"フルカワチョウテラジ","prefecture_code":21},"4202":{"zip_code":"5094202","prefecture":"岐阜県","prefecture_kana":"ギフケン","city":"飛騨市","city_kana":"ヒダシ","town":"古川町戸市","town_kana":"フルカワチョウトイチ","prefecture_code":21},"4224":{"zip_code":"5094224","prefecture":"岐阜県","prefecture_kana":"ギフケン","city":"飛騨市","city_kana":"ヒダシ","town":"古川町殿町","town_kana":"フルカワチョウトノマチ","prefecture_code":21},"4262":{"zip_code":"5094262","prefecture":"岐阜県","prefecture_kana":"ギフケン","city":"飛騨市","city_kana":"ヒダシ","town":"古川町中野","town_kana":"フルカワチョウナカノ","prefecture_code":21},"4253":{"zip_code":"5094253","prefecture":"岐阜県","prefecture_kana":"ギフケン","city":"飛騨市","city_kana":"ヒダシ","town":"古川町南成町","town_kana":"フルカワチョウナンセイチョウ","prefecture_code":21},"4235":{"zip_code":"5094235","prefecture":"岐阜県","prefecture_kana":"ギフケン","city":"飛騨市","city_kana":"ヒダシ","town":"古川町弐之町","town_kana":"フルカワチョウニノマチ","prefecture_code":21},"4214":{"zip_code":"5094214","prefecture":"岐阜県","prefecture_kana":"ギフケン","city":"飛騨市","city_kana":"ヒダシ","town":"古川町沼町","town_kana":"フルカワチョウヌママチ","prefecture_code":21},"4204":{"zip_code":"5094204","prefecture":"岐阜県","prefecture_kana":"ギフケン","city":"飛騨市","city_kana":"ヒダシ","town":"古川町野口","town_kana":"フルカワチョウノグチ","prefecture_code":21},"4272":{"zip_code":"5094272","prefecture":"岐阜県","prefecture_kana":"ギフケン","city":"飛騨市","city_kana":"ヒダシ","town":"古川町信包","town_kana":"フルカワチョウノブカ","prefecture_code":21},"4223":{"zip_code":"5094223","prefecture":"岐阜県","prefecture_kana":"ギフケン","city":"飛騨市","city_kana":"ヒダシ","town":"古川町東町","town_kana":"フルカワチョウヒガシマチ","prefecture_code":21},"4264":{"zip_code":"5094264","prefecture":"岐阜県","prefecture_kana":"ギフケン","city":"飛騨市","city_kana":"ヒダシ","town":"古川町平岩","town_kana":"フルカワチョウヒライワ","prefecture_code":21},"4232":{"zip_code":"5094232","prefecture":"岐阜県","prefecture_kana":"ギフケン","city":"飛騨市","city_kana":"ヒダシ","town":"古川町本町","town_kana":"フルカワチョウホンマチ","prefecture_code":21},"4242":{"zip_code":"5094242","prefecture":"岐阜県","prefecture_kana":"ギフケン","city":"飛騨市","city_kana":"ヒダシ","town":"古川町増島町","town_kana":"フルカワチョウマスシマチョウ","prefecture_code":21},"4251":{"zip_code":"5094251","prefecture":"岐阜県","prefecture_kana":"ギフケン","city":"飛騨市","city_kana":"ヒダシ","town":"古川町宮城町","town_kana":"フルカワチョウミヤギチョウ","prefecture_code":21},"4241":{"zip_code":"5094241","prefecture":"岐阜県","prefecture_kana":"ギフケン","city":"飛騨市","city_kana":"ヒダシ","town":"古川町向町","town_kana":"フルカワチョウムカイマチ","prefecture_code":21},"4221":{"zip_code":"5094221","prefecture":"岐阜県","prefecture_kana":"ギフケン","city":"飛騨市","city_kana":"ヒダシ","town":"古川町若宮","town_kana":"フルカワチョウワカミヤ","prefecture_code":21},"4541":{"zip_code":"5094541","prefecture":"岐阜県","prefecture_kana":"ギフケン","city":"飛騨市","city_kana":"ヒダシ","town":"宮川町小豆沢","town_kana":"ミヤガワチョウアズキザワ","prefecture_code":21},"4531":[{"zip_code":"5094531","prefecture":"岐阜県","prefecture_kana":"ギフケン","city":"飛騨市","city_kana":"ヒダシ","town":"宮川町鮎飛","town_kana":"ミヤガワチョウアユトビ","prefecture_code":21},{"zip_code":"5094531","prefecture":"岐阜県","prefecture_kana":"ギフケン","city":"飛騨市","city_kana":"ヒダシ","town":"宮川町巣納谷","town_kana":"ミヤガワチョウスノダニ","prefecture_code":21}],"4545":{"zip_code":"5094545","prefecture":"岐阜県","prefecture_kana":"ギフケン","city":"飛騨市","city_kana":"ヒダシ","town":"宮川町打保","town_kana":"ミヤガワチョウウツボ","prefecture_code":21},"4414":{"zip_code":"5094414","prefecture":"岐阜県","prefecture_kana":"ギフケン","city":"飛騨市","city_kana":"ヒダシ","town":"宮川町大無雁","town_kana":"ミヤガワチョウオオムカリ","prefecture_code":21},"4415":{"zip_code":"5094415","prefecture":"岐阜県","prefecture_kana":"ギフケン","city":"飛騨市","city_kana":"ヒダシ","town":"宮川町落合","town_kana":"ミヤガワチョウオチアイ","prefecture_code":21},"4412":{"zip_code":"5094412","prefecture":"岐阜県","prefecture_kana":"ギフケン","city":"飛騨市","city_kana":"ヒダシ","town":"宮川町岸奥","town_kana":"ミヤガワチョウキシオク","prefecture_code":21},"4543":{"zip_code":"5094543","prefecture":"岐阜県","prefecture_kana":"ギフケン","city":"飛騨市","city_kana":"ヒダシ","town":"宮川町桑野","town_kana":"ミヤガワチョウクワノ","prefecture_code":21},"4413":{"zip_code":"5094413","prefecture":"岐阜県","prefecture_kana":"ギフケン","city":"飛騨市","city_kana":"ヒダシ","town":"宮川町小谷","town_kana":"ミヤガワチョウコダニ","prefecture_code":21},"4403":{"zip_code":"5094403","prefecture":"岐阜県","prefecture_kana":"ギフケン","city":"飛騨市","city_kana":"ヒダシ","town":"宮川町三川原","town_kana":"ミヤガワチョウサンガワラ","prefecture_code":21},"4533":{"zip_code":"5094533","prefecture":"岐阜県","prefecture_kana":"ギフケン","city":"飛騨市","city_kana":"ヒダシ","town":"宮川町塩屋","town_kana":"ミヤガワチョウシオヤ","prefecture_code":21},"4401":{"zip_code":"5094401","prefecture":"岐阜県","prefecture_kana":"ギフケン","city":"飛騨市","city_kana":"ヒダシ","town":"宮川町菅沼","town_kana":"ミヤガワチョウスガヌマ","prefecture_code":21},"4542":{"zip_code":"5094542","prefecture":"岐阜県","prefecture_kana":"ギフケン","city":"飛騨市","city_kana":"ヒダシ","town":"宮川町杉原","town_kana":"ミヤガワチョウスギハラ","prefecture_code":21},"4404":{"zip_code":"5094404","prefecture":"岐阜県","prefecture_kana":"ギフケン","city":"飛騨市","city_kana":"ヒダシ","town":"宮川町巣之内","town_kana":"ミヤガワチョウスノウチ","prefecture_code":21},"4421":{"zip_code":"5094421","prefecture":"岐阜県","prefecture_kana":"ギフケン","city":"飛騨市","city_kana":"ヒダシ","town":"宮川町高牧","town_kana":"ミヤガワチョウタカマキ","prefecture_code":21},"4402":{"zip_code":"5094402","prefecture":"岐阜県","prefecture_kana":"ギフケン","city":"飛騨市","city_kana":"ヒダシ","town":"宮川町種蔵","town_kana":"ミヤガワチョウタネクラ","prefecture_code":21},"4544":{"zip_code":"5094544","prefecture":"岐阜県","prefecture_kana":"ギフケン","city":"飛騨市","city_kana":"ヒダシ","town":"宮川町戸谷","town_kana":"ミヤガワチョウトダニ","prefecture_code":21},"4534":{"zip_code":"5094534","prefecture":"岐阜県","prefecture_kana":"ギフケン","city":"飛騨市","city_kana":"ヒダシ","town":"宮川町中沢上","town_kana":"ミヤガワチョウナカゾレ","prefecture_code":21},"4422":{"zip_code":"5094422","prefecture":"岐阜県","prefecture_kana":"ギフケン","city":"飛騨市","city_kana":"ヒダシ","town":"宮川町西忍","town_kana":"ミヤガワチョウニシシノビ","prefecture_code":21},"4535":{"zip_code":"5094535","prefecture":"岐阜県","prefecture_kana":"ギフケン","city":"飛騨市","city_kana":"ヒダシ","town":"宮川町祢宜ケ沢上","town_kana":"ミヤガワチョウネガソレ","prefecture_code":21},"4411":{"zip_code":"5094411","prefecture":"岐阜県","prefecture_kana":"ギフケン","city":"飛騨市","city_kana":"ヒダシ","town":"宮川町野首","town_kana":"ミヤガワチョウノクビ","prefecture_code":21},"4423":{"zip_code":"5094423","prefecture":"岐阜県","prefecture_kana":"ギフケン","city":"飛騨市","city_kana":"ヒダシ","town":"宮川町林","town_kana":"ミヤガワチョウハヤシ","prefecture_code":21},"4532":{"zip_code":"5094532","prefecture":"岐阜県","prefecture_kana":"ギフケン","city":"飛騨市","city_kana":"ヒダシ","town":"宮川町洞","town_kana":"ミヤガワチョウホラ","prefecture_code":21},"4406":{"zip_code":"5094406","prefecture":"岐阜県","prefecture_kana":"ギフケン","city":"飛騨市","city_kana":"ヒダシ","town":"宮川町牧戸","town_kana":"ミヤガワチョウマキド","prefecture_code":21},"4405":{"zip_code":"5094405","prefecture":"岐阜県","prefecture_kana":"ギフケン","city":"飛騨市","city_kana":"ヒダシ","town":"宮川町丸山","town_kana":"ミヤガワチョウマルヤマ","prefecture_code":21},"4424":{"zip_code":"5094424","prefecture":"岐阜県","prefecture_kana":"ギフケン","city":"飛騨市","city_kana":"ヒダシ","town":"宮川町森安","town_kana":"ミヤガワチョウモリヤス","prefecture_code":21},"2200":{"zip_code":"5092200","prefecture":"岐阜県","prefecture_kana":"ギフケン","city":"下呂市","city_kana":"ゲロシ","town":"","town_kana":"","prefecture_code":21},"2203":{"zip_code":"5092203","prefecture":"岐阜県","prefecture_kana":"ギフケン","city":"下呂市","city_kana":"ゲロシ","town":"小川","town_kana":"オガワ","prefecture_code":21},"3114":{"zip_code":"5093114","prefecture":"岐阜県","prefecture_kana":"ギフケン","city":"下呂市","city_kana":"ゲロシ","town":"小坂町赤沼田","town_kana":"オサカチョウアカンタ","prefecture_code":21},"3101":{"zip_code":"5093101","prefecture":"岐阜県","prefecture_kana":"ギフケン","city":"下呂市","city_kana":"ゲロシ","town":"小坂町岩崎","town_kana":"オサカチョウイワサキ","prefecture_code":21},"3103":{"zip_code":"5093103","prefecture":"岐阜県","prefecture_kana":"ギフケン","city":"下呂市","city_kana":"ゲロシ","town":"小坂町大垣内","town_kana":"オサカチョウオオガイト","prefecture_code":21},"3106":{"zip_code":"5093106","prefecture":"岐阜県","prefecture_kana":"ギフケン","city":"下呂市","city_kana":"ゲロシ","town":"小坂町大島","town_kana":"オサカチョウオオシマ","prefecture_code":21},"3112":{"zip_code":"5093112","prefecture":"岐阜県","prefecture_kana":"ギフケン","city":"下呂市","city_kana":"ゲロシ","town":"小坂町大洞","town_kana":"オサカチョウオオボラ","prefecture_code":21},"3104":{"zip_code":"5093104","prefecture":"岐阜県","prefecture_kana":"ギフケン","city":"下呂市","city_kana":"ゲロシ","town":"小坂町小坂町","town_kana":"オサカチョウオサカマチ","prefecture_code":21},"3111":{"zip_code":"5093111","prefecture":"岐阜県","prefecture_kana":"ギフケン","city":"下呂市","city_kana":"ゲロシ","town":"小坂町落合","town_kana":"オサカチョウオチアイ","prefecture_code":21},"3102":{"zip_code":"5093102","prefecture":"岐阜県","prefecture_kana":"ギフケン","city":"下呂市","city_kana":"ゲロシ","town":"小坂町門坂","town_kana":"オサカチョウカドサカ","prefecture_code":21},"3105":{"zip_code":"5093105","prefecture":"岐阜県","prefecture_kana":"ギフケン","city":"下呂市","city_kana":"ゲロシ","town":"小坂町坂下","town_kana":"オサカチョウサコレ","prefecture_code":21},"3115":{"zip_code":"5093115","prefecture":"岐阜県","prefecture_kana":"ギフケン","city":"下呂市","city_kana":"ゲロシ","town":"小坂町長瀬","town_kana":"オサカチョウナガセ","prefecture_code":21},"3107":{"zip_code":"5093107","prefecture":"岐阜県","prefecture_kana":"ギフケン","city":"下呂市","city_kana":"ゲロシ","town":"小坂町無数原","town_kana":"オサカチョウムスバラ","prefecture_code":21},"3113":{"zip_code":"5093113","prefecture":"岐阜県","prefecture_kana":"ギフケン","city":"下呂市","city_kana":"ゲロシ","town":"小坂町湯屋","town_kana":"オサカチョウユヤ","prefecture_code":21},"2138":{"zip_code":"5092138","prefecture":"岐阜県","prefecture_kana":"ギフケン","city":"下呂市","city_kana":"ゲロシ","town":"門原","town_kana":"カドハラ","prefecture_code":21},"2424":{"zip_code":"5092424","prefecture":"岐阜県","prefecture_kana":"ギフケン","city":"下呂市","city_kana":"ゲロシ","town":"門和佐","town_kana":"カドワサ","prefecture_code":21},"1603":{"zip_code":"5091603","prefecture":"岐阜県","prefecture_kana":"ギフケン","city":"下呂市","city_kana":"ゲロシ","town":"金山町岩瀬","town_kana":"カナヤマチョウイワセ","prefecture_code":21},"1602":{"zip_code":"5091602","prefecture":"岐阜県","prefecture_kana":"ギフケン","city":"下呂市","city_kana":"ゲロシ","town":"金山町卯野原","town_kana":"カナヤマチョウウノハラ","prefecture_code":21},"1614":{"zip_code":"5091614","prefecture":"岐阜県","prefecture_kana":"ギフケン","city":"下呂市","city_kana":"ゲロシ","town":"金山町大船渡","town_kana":"カナヤマチョウオオフナト","prefecture_code":21},"1607":{"zip_code":"5091607","prefecture":"岐阜県","prefecture_kana":"ギフケン","city":"下呂市","city_kana":"ゲロシ","town":"金山町乙原","town_kana":"カナヤマチョウオッパラ","prefecture_code":21},"1622":{"zip_code":"5091622","prefecture":"岐阜県","prefecture_kana":"ギフケン","city":"下呂市","city_kana":"ゲロシ","town":"金山町金山","town_kana":"カナヤマチョウカナヤマ","prefecture_code":21},"1616":{"zip_code":"5091616","prefecture":"岐阜県","prefecture_kana":"ギフケン","city":"下呂市","city_kana":"ゲロシ","town":"金山町下原町","town_kana":"カナヤマチョウシモハラマチ","prefecture_code":21},"1623":{"zip_code":"5091623","prefecture":"岐阜県","prefecture_kana":"ギフケン","city":"下呂市","city_kana":"ゲロシ","town":"金山町菅田桐洞","town_kana":"カナヤマチョウスガタキリホラ","prefecture_code":21},"1624":{"zip_code":"5091624","prefecture":"岐阜県","prefecture_kana":"ギフケン","city":"下呂市","city_kana":"ゲロシ","town":"金山町菅田笹洞","town_kana":"カナヤマチョウスガタササホラ","prefecture_code":21},"1606":{"zip_code":"5091606","prefecture":"岐阜県","prefecture_kana":"ギフケン","city":"下呂市","city_kana":"ゲロシ","town":"金山町祖師野","town_kana":"カナヤマチョウソシノ","prefecture_code":21},"1615":{"zip_code":"5091615","prefecture":"岐阜県","prefecture_kana":"ギフケン","city":"下呂市","city_kana":"ゲロシ","town":"金山町田島","town_kana":"カナヤマチョウタジマ","prefecture_code":21},"1605":{"zip_code":"5091605","prefecture":"岐阜県","prefecture_kana":"ギフケン","city":"下呂市","city_kana":"ゲロシ","town":"金山町戸部","town_kana":"カナヤマチョウトベ","prefecture_code":21},"1611":{"zip_code":"5091611","prefecture":"岐阜県","prefecture_kana":"ギフケン","city":"下呂市","city_kana":"ゲロシ","town":"金山町中切","town_kana":"カナヤマチョウナカギリ","prefecture_code":21},"1613":{"zip_code":"5091613","prefecture":"岐阜県","prefecture_kana":"ギフケン","city":"下呂市","city_kana":"ゲロシ","town":"金山町中津原","town_kana":"カナヤマチョウナカツハラ","prefecture_code":21},"1604":{"zip_code":"5091604","prefecture":"岐阜県","prefecture_kana":"ギフケン","city":"下呂市","city_kana":"ゲロシ","town":"金山町東沓部","town_kana":"カナヤマチョウヒガシクツベ","prefecture_code":21},"1612":{"zip_code":"5091612","prefecture":"岐阜県","prefecture_kana":"ギフケン","city":"下呂市","city_kana":"ゲロシ","town":"金山町福来","town_kana":"カナヤマチョウフクライ","prefecture_code":21},"1601":{"zip_code":"5091601","prefecture":"岐阜県","prefecture_kana":"ギフケン","city":"下呂市","city_kana":"ゲロシ","town":"金山町弓掛","town_kana":"カナヤマチョウユガケ","prefecture_code":21},"1621":{"zip_code":"5091621","prefecture":"岐阜県","prefecture_kana":"ギフケン","city":"下呂市","city_kana":"ゲロシ","town":"金山町渡","town_kana":"カナヤマチョウワタリ","prefecture_code":21},"2131":{"zip_code":"5092131","prefecture":"岐阜県","prefecture_kana":"ギフケン","city":"下呂市","city_kana":"ゲロシ","town":"久野川","town_kana":"クノガワ","prefecture_code":21},"2206":{"zip_code":"5092206","prefecture":"岐阜県","prefecture_kana":"ギフケン","city":"下呂市","city_kana":"ゲロシ","town":"幸田","town_kana":"コウデン","prefecture_code":21},"2204":{"zip_code":"5092204","prefecture":"岐阜県","prefecture_kana":"ギフケン","city":"下呂市","city_kana":"ゲロシ","town":"三原","town_kana":"サンバラ","prefecture_code":21},"2205":{"zip_code":"5092205","prefecture":"岐阜県","prefecture_kana":"ギフケン","city":"下呂市","city_kana":"ゲロシ","town":"少ケ野","town_kana":"ショウガノ","prefecture_code":21},"2136":{"zip_code":"5092136","prefecture":"岐阜県","prefecture_kana":"ギフケン","city":"下呂市","city_kana":"ゲロシ","town":"瀬戸","town_kana":"セト","prefecture_code":21},"2422":{"zip_code":"5092422","prefecture":"岐阜県","prefecture_kana":"ギフケン","city":"下呂市","city_kana":"ゲロシ","town":"田口","town_kana":"タグチ","prefecture_code":21},"2421":{"zip_code":"5092421","prefecture":"岐阜県","prefecture_kana":"ギフケン","city":"下呂市","city_kana":"ゲロシ","town":"夏焼","town_kana":"ナツヤケ","prefecture_code":21},"2313":{"zip_code":"5092313","prefecture":"岐阜県","prefecture_kana":"ギフケン","city":"下呂市","city_kana":"ゲロシ","town":"野尻","town_kana":"ノジリ","prefecture_code":21},"2311":{"zip_code":"5092311","prefecture":"岐阜県","prefecture_kana":"ギフケン","city":"下呂市","city_kana":"ゲロシ","town":"乗政","town_kana":"ノリマサ","prefecture_code":21},"2504":{"zip_code":"5092504","prefecture":"岐阜県","prefecture_kana":"ギフケン","city":"下呂市","city_kana":"ゲロシ","town":"萩原町跡津","town_kana":"ハギワラチョウアトツ","prefecture_code":21},"2516":{"zip_code":"5092516","prefecture":"岐阜県","prefecture_kana":"ギフケン","city":"下呂市","city_kana":"ゲロシ","town":"萩原町上村","town_kana":"ハギワラチョウウワムラ","prefecture_code":21},"2512":{"zip_code":"5092512","prefecture":"岐阜県","prefecture_kana":"ギフケン","city":"下呂市","city_kana":"ゲロシ","town":"萩原町大ヶ洞","town_kana":"ハギワラチョウオオカホラ","prefecture_code":21},"2519":{"zip_code":"5092519","prefecture":"岐阜県","prefecture_kana":"ギフケン","city":"下呂市","city_kana":"ゲロシ","town":"萩原町奥田洞","town_kana":"ハギワラチョウオクダボラ","prefecture_code":21},"2508":{"zip_code":"5092508","prefecture":"岐阜県","prefecture_kana":"ギフケン","city":"下呂市","city_kana":"ゲロシ","town":"萩原町尾崎","town_kana":"ハギワラチョウオサキ","prefecture_code":21},"2513":{"zip_code":"5092513","prefecture":"岐阜県","prefecture_kana":"ギフケン","city":"下呂市","city_kana":"ゲロシ","town":"萩原町桜洞","town_kana":"ハギワラチョウサクラボラ","prefecture_code":21},"2502":{"zip_code":"5092502","prefecture":"岐阜県","prefecture_kana":"ギフケン","city":"下呂市","city_kana":"ゲロシ","town":"萩原町四美","town_kana":"ハギワラチョウシミ","prefecture_code":21},"2518":{"zip_code":"5092518","prefecture":"岐阜県","prefecture_kana":"ギフケン","city":"下呂市","city_kana":"ゲロシ","town":"萩原町上呂","town_kana":"ハギワラチョウジョウロ","prefecture_code":21},"2514":{"zip_code":"5092514","prefecture":"岐阜県","prefecture_kana":"ギフケン","city":"下呂市","city_kana":"ゲロシ","town":"萩原町中呂","town_kana":"ハギワラチョウチュウロ","prefecture_code":21},"2503":{"zip_code":"5092503","prefecture":"岐阜県","prefecture_kana":"ギフケン","city":"下呂市","city_kana":"ゲロシ","town":"萩原町西上田","town_kana":"ハギワラチョウニシウエダ","prefecture_code":21},"2507":{"zip_code":"5092507","prefecture":"岐阜県","prefecture_kana":"ギフケン","city":"下呂市","city_kana":"ゲロシ","town":"萩原町野上","town_kana":"ハギワラチョウノガミ","prefecture_code":21},"2517":{"zip_code":"5092517","prefecture":"岐阜県","prefecture_kana":"ギフケン","city":"下呂市","city_kana":"ゲロシ","town":"萩原町萩原","town_kana":"ハギワラチョウハギワラ","prefecture_code":21},"2515":{"zip_code":"5092515","prefecture":"岐阜県","prefecture_kana":"ギフケン","city":"下呂市","city_kana":"ゲロシ","town":"萩原町花池","town_kana":"ハギワラチョウハナイケ","prefecture_code":21},"2506":{"zip_code":"5092506","prefecture":"岐阜県","prefecture_kana":"ギフケン","city":"下呂市","city_kana":"ゲロシ","town":"萩原町羽根","town_kana":"ハギワラチョウハネ","prefecture_code":21},"2505":{"zip_code":"5092505","prefecture":"岐阜県","prefecture_kana":"ギフケン","city":"下呂市","city_kana":"ゲロシ","town":"萩原町古関","town_kana":"ハギワラチョウフルセキ","prefecture_code":21},"2511":{"zip_code":"5092511","prefecture":"岐阜県","prefecture_kana":"ギフケン","city":"下呂市","city_kana":"ゲロシ","town":"萩原町宮田","town_kana":"ハギワラチョウミヤダ","prefecture_code":21},"2501":{"zip_code":"5092501","prefecture":"岐阜県","prefecture_kana":"ギフケン","city":"下呂市","city_kana":"ゲロシ","town":"萩原町山之口","town_kana":"ハギワラチョウヤマノクチ","prefecture_code":21},"2132":{"zip_code":"5092132","prefecture":"岐阜県","prefecture_kana":"ギフケン","city":"下呂市","city_kana":"ゲロシ","town":"火打","town_kana":"ヒウチ","prefecture_code":21},"2201":{"zip_code":"5092201","prefecture":"岐阜県","prefecture_kana":"ギフケン","city":"下呂市","city_kana":"ゲロシ","town":"東上田","town_kana":"ヒガシウエダ","prefecture_code":21},"2423":{"zip_code":"5092423","prefecture":"岐阜県","prefecture_kana":"ギフケン","city":"下呂市","city_kana":"ゲロシ","town":"蛇之尾","town_kana":"ヘビノオ","prefecture_code":21},"2137":{"zip_code":"5092137","prefecture":"岐阜県","prefecture_kana":"ギフケン","city":"下呂市","city_kana":"ゲロシ","town":"保井戸","town_kana":"ホイド","prefecture_code":21},"2613":{"zip_code":"5092613","prefecture":"岐阜県","prefecture_kana":"ギフケン","city":"下呂市","city_kana":"ゲロシ","town":"馬瀬井谷","town_kana":"マゼイダニ","prefecture_code":21},"2601":{"zip_code":"5092601","prefecture":"岐阜県","prefecture_kana":"ギフケン","city":"下呂市","city_kana":"ゲロシ","town":"馬瀬川上","town_kana":"マゼカオレ","prefecture_code":21},"2602":{"zip_code":"5092602","prefecture":"岐阜県","prefecture_kana":"ギフケン","city":"下呂市","city_kana":"ゲロシ","town":"馬瀬黒石","town_kana":"マゼクロイシ","prefecture_code":21},"2603":{"zip_code":"5092603","prefecture":"岐阜県","prefecture_kana":"ギフケン","city":"下呂市","city_kana":"ゲロシ","town":"馬瀬数河","town_kana":"マゼスゴウ","prefecture_code":21},"2614":{"zip_code":"5092614","prefecture":"岐阜県","prefecture_kana":"ギフケン","city":"下呂市","city_kana":"ゲロシ","town":"馬瀬惣島","town_kana":"マゼソウジマ","prefecture_code":21},"2604":{"zip_code":"5092604","prefecture":"岐阜県","prefecture_kana":"ギフケン","city":"下呂市","city_kana":"ゲロシ","town":"馬瀬中切","town_kana":"マゼナカギリ","prefecture_code":21},"2612":{"zip_code":"5092612","prefecture":"岐阜県","prefecture_kana":"ギフケン","city":"下呂市","city_kana":"ゲロシ","town":"馬瀬名丸","town_kana":"マゼナマル","prefecture_code":21},"2615":{"zip_code":"5092615","prefecture":"岐阜県","prefecture_kana":"ギフケン","city":"下呂市","city_kana":"ゲロシ","town":"馬瀬西村","town_kana":"マゼニシムラ","prefecture_code":21},"2611":{"zip_code":"5092611","prefecture":"岐阜県","prefecture_kana":"ギフケン","city":"下呂市","city_kana":"ゲロシ","town":"馬瀬堀之内","town_kana":"マゼホリノウチ","prefecture_code":21},"2135":{"zip_code":"5092135","prefecture":"岐阜県","prefecture_kana":"ギフケン","city":"下呂市","city_kana":"ゲロシ","town":"三ツ渕","town_kana":"ミツブチ","prefecture_code":21},"2312":{"zip_code":"5092312","prefecture":"岐阜県","prefecture_kana":"ギフケン","city":"下呂市","city_kana":"ゲロシ","town":"御厩野","town_kana":"ミマヤノ","prefecture_code":21},"2314":{"zip_code":"5092314","prefecture":"岐阜県","prefecture_kana":"ギフケン","city":"下呂市","city_kana":"ゲロシ","town":"宮地","town_kana":"ミヤジ","prefecture_code":21},"2202":{"zip_code":"5092202","prefecture":"岐阜県","prefecture_kana":"ギフケン","city":"下呂市","city_kana":"ゲロシ","town":"森","town_kana":"モリ","prefecture_code":21},"2134":{"zip_code":"5092134","prefecture":"岐阜県","prefecture_kana":"ギフケン","city":"下呂市","city_kana":"ゲロシ","town":"焼石","town_kana":"ヤケイシ","prefecture_code":21},"2207":{"zip_code":"5092207","prefecture":"岐阜県","prefecture_kana":"ギフケン","city":"下呂市","city_kana":"ゲロシ","town":"湯之島","town_kana":"ユノシマ","prefecture_code":21},"2133":{"zip_code":"5092133","prefecture":"岐阜県","prefecture_kana":"ギフケン","city":"下呂市","city_kana":"ゲロシ","town":"和佐","town_kana":"ワサ","prefecture_code":21},"0300":{"zip_code":"5090300","prefecture":"岐阜県","prefecture_kana":"ギフケン","city":"加茂郡川辺町","city_kana":"カモグンカワベチョウ","town":"","town_kana":"","prefecture_code":21},"0303":{"zip_code":"5090303","prefecture":"岐阜県","prefecture_kana":"ギフケン","city":"加茂郡川辺町","city_kana":"カモグンカワベチョウ","town":"石神","town_kana":"イシガミ","prefecture_code":21},"0307":{"zip_code":"5090307","prefecture":"岐阜県","prefecture_kana":"ギフケン","city":"加茂郡川辺町","city_kana":"カモグンカワベチョウ","town":"鹿塩","town_kana":"カシオ","prefecture_code":21},"0302":{"zip_code":"5090302","prefecture":"岐阜県","prefecture_kana":"ギフケン","city":"加茂郡川辺町","city_kana":"カモグンカワベチョウ","town":"上川辺","town_kana":"カミカワベ","prefecture_code":21},"0301":{"zip_code":"5090301","prefecture":"岐阜県","prefecture_kana":"ギフケン","city":"加茂郡川辺町","city_kana":"カモグンカワベチョウ","town":"下麻生","town_kana":"シモアソウ","prefecture_code":21},"0313":{"zip_code":"5090313","prefecture":"岐阜県","prefecture_kana":"ギフケン","city":"加茂郡川辺町","city_kana":"カモグンカワベチョウ","town":"下飯田","town_kana":"シモイイダ","prefecture_code":21},"0306":{"zip_code":"5090306","prefecture":"岐阜県","prefecture_kana":"ギフケン","city":"加茂郡川辺町","city_kana":"カモグンカワベチョウ","town":"下川辺","town_kana":"シモカワベ","prefecture_code":21},"0311":{"zip_code":"5090311","prefecture":"岐阜県","prefecture_kana":"ギフケン","city":"加茂郡川辺町","city_kana":"カモグンカワベチョウ","town":"下吉田","town_kana":"シモヨシダ","prefecture_code":21},"0304":{"zip_code":"5090304","prefecture":"岐阜県","prefecture_kana":"ギフケン","city":"加茂郡川辺町","city_kana":"カモグンカワベチョウ","town":"中川辺","town_kana":"ナカカワベ","prefecture_code":21},"0312":{"zip_code":"5090312","prefecture":"岐阜県","prefecture_kana":"ギフケン","city":"加茂郡川辺町","city_kana":"カモグンカワベチョウ","town":"中野","town_kana":"ナカノ","prefecture_code":21},"0305":{"zip_code":"5090305","prefecture":"岐阜県","prefecture_kana":"ギフケン","city":"加茂郡川辺町","city_kana":"カモグンカワベチョウ","town":"西栃井","town_kana":"ニシトチイ","prefecture_code":21},"0315":{"zip_code":"5090315","prefecture":"岐阜県","prefecture_kana":"ギフケン","city":"加茂郡川辺町","city_kana":"カモグンカワベチョウ","town":"比久見","town_kana":"ヒクミ","prefecture_code":21},"0314":{"zip_code":"5090314","prefecture":"岐阜県","prefecture_kana":"ギフケン","city":"加茂郡川辺町","city_kana":"カモグンカワベチョウ","town":"福島","town_kana":"フクシマ","prefecture_code":21},"0400":{"zip_code":"5090400","prefecture":"岐阜県","prefecture_kana":"ギフケン","city":"加茂郡七宗町","city_kana":"カモグンヒチソウチョウ","town":"","town_kana":"","prefecture_code":21},"0511":{"zip_code":"5090511","prefecture":"岐阜県","prefecture_kana":"ギフケン","city":"加茂郡七宗町","city_kana":"カモグンヒチソウチョウ","town":"神渕","town_kana":"カブチ","prefecture_code":21},"0401":{"zip_code":"5090401","prefecture":"岐阜県","prefecture_kana":"ギフケン","city":"加茂郡七宗町","city_kana":"カモグンヒチソウチョウ","town":"上麻生","town_kana":"カミアソウ","prefecture_code":21},"0402":{"zip_code":"5090402","prefecture":"岐阜県","prefecture_kana":"ギフケン","city":"加茂郡七宗町","city_kana":"カモグンヒチソウチョウ","town":"川並","town_kana":"カワナミ","prefecture_code":21},"0403":{"zip_code":"5090403","prefecture":"岐阜県","prefecture_kana":"ギフケン","city":"加茂郡七宗町","city_kana":"カモグンヒチソウチョウ","town":"中麻生","town_kana":"ナカアソウ","prefecture_code":21},"1100":{"zip_code":"5091100","prefecture":"岐阜県","prefecture_kana":"ギフケン","city":"加茂郡白川町","city_kana":"カモグンシラカワチョウ","town":"","town_kana":"","prefecture_code":21},"1112":{"zip_code":"5091112","prefecture":"岐阜県","prefecture_kana":"ギフケン","city":"加茂郡白川町","city_kana":"カモグンシラカワチョウ","town":"赤河","town_kana":"アコウ","prefecture_code":21},"1104":{"zip_code":"5091104","prefecture":"岐阜県","prefecture_kana":"ギフケン","city":"加茂郡白川町","city_kana":"カモグンシラカワチョウ","town":"和泉","town_kana":"イズミ","prefecture_code":21},"1107":{"zip_code":"5091107","prefecture":"岐阜県","prefecture_kana":"ギフケン","city":"加茂郡白川町","city_kana":"カモグンシラカワチョウ","town":"河東","town_kana":"カトウ","prefecture_code":21},"1221":{"zip_code":"5091221","prefecture":"岐阜県","prefecture_kana":"ギフケン","city":"加茂郡白川町","city_kana":"カモグンシラカワチョウ","town":"上佐見","town_kana":"カミサミ","prefecture_code":21},"1105":{"zip_code":"5091105","prefecture":"岐阜県","prefecture_kana":"ギフケン","city":"加茂郡白川町","city_kana":"カモグンシラカワチョウ","town":"河岐","town_kana":"カワマタ","prefecture_code":21},"1111":{"zip_code":"5091111","prefecture":"岐阜県","prefecture_kana":"ギフケン","city":"加茂郡白川町","city_kana":"カモグンシラカワチョウ","town":"切井","town_kana":"キリイ","prefecture_code":21},"1431":{"zip_code":"5091431","prefecture":"岐阜県","prefecture_kana":"ギフケン","city":"加茂郡白川町","city_kana":"カモグンシラカワチョウ","town":"黒川","town_kana":"クロカワ","prefecture_code":21},"1106":{"zip_code":"5091106","prefecture":"岐阜県","prefecture_kana":"ギフケン","city":"加茂郡白川町","city_kana":"カモグンシラカワチョウ","town":"坂ノ東","town_kana":"サカノヒガシ","prefecture_code":21},"1222":{"zip_code":"5091222","prefecture":"岐阜県","prefecture_kana":"ギフケン","city":"加茂郡白川町","city_kana":"カモグンシラカワチョウ","town":"下佐見","town_kana":"シモサミ","prefecture_code":21},"1101":{"zip_code":"5091101","prefecture":"岐阜県","prefecture_kana":"ギフケン","city":"加茂郡白川町","city_kana":"カモグンシラカワチョウ","town":"白山","town_kana":"シラヤマ","prefecture_code":21},"1102":{"zip_code":"5091102","prefecture":"岐阜県","prefecture_kana":"ギフケン","city":"加茂郡白川町","city_kana":"カモグンシラカワチョウ","town":"中川","town_kana":"ナカガワ","prefecture_code":21},"1108":{"zip_code":"5091108","prefecture":"岐阜県","prefecture_kana":"ギフケン","city":"加茂郡白川町","city_kana":"カモグンシラカワチョウ","town":"広野","town_kana":"ヒロノ","prefecture_code":21},"1113":{"zip_code":"5091113","prefecture":"岐阜県","prefecture_kana":"ギフケン","city":"加茂郡白川町","city_kana":"カモグンシラカワチョウ","town":"三川","town_kana":"ミカワ","prefecture_code":21},"1103":{"zip_code":"5091103","prefecture":"岐阜県","prefecture_kana":"ギフケン","city":"加茂郡白川町","city_kana":"カモグンシラカワチョウ","town":"水戸野","town_kana":"ミドノ","prefecture_code":21},"1300":{"zip_code":"5091300","prefecture":"岐阜県","prefecture_kana":"ギフケン","city":"加茂郡東白川村","city_kana":"カモグンヒガシシラカワムラ","town":"","town_kana":"","prefecture_code":21},"1301":{"zip_code":"5091301","prefecture":"岐阜県","prefecture_kana":"ギフケン","city":"加茂郡東白川村","city_kana":"カモグンヒガシシラカワムラ","town":"越原","town_kana":"オッパラ","prefecture_code":21},"1302":{"zip_code":"5091302","prefecture":"岐阜県","prefecture_kana":"ギフケン","city":"加茂郡東白川村","city_kana":"カモグンヒガシシラカワムラ","town":"神土","town_kana":"カンド","prefecture_code":21},"1303":{"zip_code":"5091303","prefecture":"岐阜県","prefecture_kana":"ギフケン","city":"加茂郡東白川村","city_kana":"カモグンヒガシシラカワムラ","town":"五加","town_kana":"ゴカ","prefecture_code":21}}