{"0081":[{"zip_code":"5170081","prefecture":"三重県","prefecture_kana":"ミエケン","city":"伊勢市","city_kana":"イセシ","town":"朝熊町池の浦","town_kana":"アサマチョウイケノウラ","prefecture_code":24},{"zip_code":"5170081","prefecture":"三重県","prefecture_kana":"ミエケン","city":"伊勢市","city_kana":"イセシ","town":"朝熊町箕曲瀬","town_kana":"アサマチョウミノセ","prefecture_code":24}],"0000":{"zip_code":"5170000","prefecture":"三重県","prefecture_kana":"ミエケン","city":"鳥羽市","city_kana":"トバシ","town":"","town_kana":"","prefecture_code":24},"0033":{"zip_code":"5170033","prefecture":"三重県","prefecture_kana":"ミエケン","city":"鳥羽市","city_kana":"トバシ","town":"畔蛸町","town_kana":"アダコチョウ","prefecture_code":24},"0021":{"zip_code":"5170021","prefecture":"三重県","prefecture_kana":"ミエケン","city":"鳥羽市","city_kana":"トバシ","town":"安楽島町","town_kana":"アラシマチョウ","prefecture_code":24},"0012":{"zip_code":"5170012","prefecture":"三重県","prefecture_kana":"ミエケン","city":"鳥羽市","city_kana":"トバシ","town":"池上町","town_kana":"イケガミチョウ","prefecture_code":24},"0026":{"zip_code":"5170026","prefecture":"三重県","prefecture_kana":"ミエケン","city":"鳥羽市","city_kana":"トバシ","town":"石鏡町","town_kana":"イジカチョウ","prefecture_code":24},"0041":{"zip_code":"5170041","prefecture":"三重県","prefecture_kana":"ミエケン","city":"鳥羽市","city_kana":"トバシ","town":"岩倉町","town_kana":"イワクラチョウ","prefecture_code":24},"0025":{"zip_code":"5170025","prefecture":"三重県","prefecture_kana":"ミエケン","city":"鳥羽市","city_kana":"トバシ","town":"浦村町","town_kana":"ウラムラチョウ","prefecture_code":24},"0022":{"zip_code":"5170022","prefecture":"三重県","prefecture_kana":"ミエケン","city":"鳥羽市","city_kana":"トバシ","town":"大明東町","town_kana":"オアキヒガシマチ","prefecture_code":24},"0023":{"zip_code":"5170023","prefecture":"三重県","prefecture_kana":"ミエケン","city":"鳥羽市","city_kana":"トバシ","town":"大明西町","town_kana":"オアキニシマチ","prefecture_code":24},"0032":{"zip_code":"5170032","prefecture":"三重県","prefecture_kana":"ミエケン","city":"鳥羽市","city_kana":"トバシ","town":"相差町","town_kana":"オウサツチョウ","prefecture_code":24},"0015":{"zip_code":"5170015","prefecture":"三重県","prefecture_kana":"ミエケン","city":"鳥羽市","city_kana":"トバシ","town":"小浜町","town_kana":"オハマチョウ","prefecture_code":24},"0014":{"zip_code":"5170014","prefecture":"三重県","prefecture_kana":"ミエケン","city":"鳥羽市","city_kana":"トバシ","town":"堅神町","town_kana":"カタカミチョウ","prefecture_code":24},"0035":{"zip_code":"5170035","prefecture":"三重県","prefecture_kana":"ミエケン","city":"鳥羽市","city_kana":"トバシ","town":"堅子町","town_kana":"カタコチョウ","prefecture_code":24},"0001":{"zip_code":"5170001","prefecture":"三重県","prefecture_kana":"ミエケン","city":"鳥羽市","city_kana":"トバシ","town":"神島町","town_kana":"カミジマチョウ","prefecture_code":24},"0031":{"zip_code":"5170031","prefecture":"三重県","prefecture_kana":"ミエケン","city":"鳥羽市","city_kana":"トバシ","town":"国崎町","town_kana":"クザキチョウ","prefecture_code":24},"0044":{"zip_code":"5170044","prefecture":"三重県","prefecture_kana":"ミエケン","city":"鳥羽市","city_kana":"トバシ","town":"河内町","town_kana":"コウチチョウ","prefecture_code":24},"0005":{"zip_code":"5170005","prefecture":"三重県","prefecture_kana":"ミエケン","city":"鳥羽市","city_kana":"トバシ","town":"坂手町","town_kana":"サカテチョウ","prefecture_code":24},"0046":{"zip_code":"5170046","prefecture":"三重県","prefecture_kana":"ミエケン","city":"鳥羽市","city_kana":"トバシ","town":"幸丘","town_kana":"サチガオカ","prefecture_code":24},"0043":{"zip_code":"5170043","prefecture":"三重県","prefecture_kana":"ミエケン","city":"鳥羽市","city_kana":"トバシ","town":"白木町","town_kana":"シラキチョウ","prefecture_code":24},"0004":{"zip_code":"5170004","prefecture":"三重県","prefecture_kana":"ミエケン","city":"鳥羽市","city_kana":"トバシ","town":"菅島町","town_kana":"スガシマチョウ","prefecture_code":24},"0034":{"zip_code":"5170034","prefecture":"三重県","prefecture_kana":"ミエケン","city":"鳥羽市","city_kana":"トバシ","town":"千賀町","town_kana":"センガチョウ","prefecture_code":24},"0024":{"zip_code":"5170024","prefecture":"三重県","prefecture_kana":"ミエケン","city":"鳥羽市","city_kana":"トバシ","town":"高丘町","town_kana":"タカオカチョウ","prefecture_code":24},"0002":{"zip_code":"5170002","prefecture":"三重県","prefecture_kana":"ミエケン","city":"鳥羽市","city_kana":"トバシ","town":"答志町","town_kana":"トウシチョウ","prefecture_code":24},"0011":{"zip_code":"5170011","prefecture":"三重県","prefecture_kana":"ミエケン","city":"鳥羽市","city_kana":"トバシ","town":"鳥羽","town_kana":"トバ","prefecture_code":24},"0045":{"zip_code":"5170045","prefecture":"三重県","prefecture_kana":"ミエケン","city":"鳥羽市","city_kana":"トバシ","town":"船津町","town_kana":"フナツチョウ","prefecture_code":24},"0042":{"zip_code":"5170042","prefecture":"三重県","prefecture_kana":"ミエケン","city":"鳥羽市","city_kana":"トバシ","town":"松尾町","town_kana":"マツオチョウ","prefecture_code":24},"0003":{"zip_code":"5170003","prefecture":"三重県","prefecture_kana":"ミエケン","city":"鳥羽市","city_kana":"トバシ","town":"桃取町","town_kana":"モモトリチョウ","prefecture_code":24},"0013":{"zip_code":"5170013","prefecture":"三重県","prefecture_kana":"ミエケン","city":"鳥羽市","city_kana":"トバシ","town":"屋内町","town_kana":"ヤナイチョウ","prefecture_code":24},"0047":{"zip_code":"5170047","prefecture":"三重県","prefecture_kana":"ミエケン","city":"鳥羽市","city_kana":"トバシ","town":"若杉町","town_kana":"ワカスギチョウ","prefecture_code":24},"0500":{"zip_code":"5170500","prefecture":"三重県","prefecture_kana":"ミエケン","city":"志摩市","city_kana":"シマシ","town":"","town_kana":"","prefecture_code":24},"0507":{"zip_code":"5170507","prefecture":"三重県","prefecture_kana":"ミエケン","city":"志摩市","city_kana":"シマシ","town":"阿児町安乗","town_kana":"アゴチョウアノリ","prefecture_code":24},"0501":{"zip_code":"5170501","prefecture":"三重県","prefecture_kana":"ミエケン","city":"志摩市","city_kana":"シマシ","town":"阿児町鵜方","town_kana":"アゴチョウウガタ","prefecture_code":24},"0506":{"zip_code":"5170506","prefecture":"三重県","prefecture_kana":"ミエケン","city":"志摩市","city_kana":"シマシ","town":"阿児町国府","town_kana":"アゴチョウコウ","prefecture_code":24},"0505":{"zip_code":"5170505","prefecture":"三重県","prefecture_kana":"ミエケン","city":"志摩市","city_kana":"シマシ","town":"阿児町甲賀","town_kana":"アゴチョウコウカ","prefecture_code":24},"0504":{"zip_code":"5170504","prefecture":"三重県","prefecture_kana":"ミエケン","city":"志摩市","city_kana":"シマシ","town":"阿児町志島","town_kana":"アゴチョウシジマ","prefecture_code":24},"0502":{"zip_code":"5170502","prefecture":"三重県","prefecture_kana":"ミエケン","city":"志摩市","city_kana":"シマシ","town":"阿児町神明","town_kana":"アゴチョウシンメイ","prefecture_code":24},"0503":{"zip_code":"5170503","prefecture":"三重県","prefecture_kana":"ミエケン","city":"志摩市","city_kana":"シマシ","town":"阿児町立神","town_kana":"アゴチョウタテガミ","prefecture_code":24},"0213":{"zip_code":"5170213","prefecture":"三重県","prefecture_kana":"ミエケン","city":"志摩市","city_kana":"シマシ","town":"磯部町穴川","town_kana":"イソベチョウアナガワ","prefecture_code":24},"0206":{"zip_code":"5170206","prefecture":"三重県","prefecture_kana":"ミエケン","city":"志摩市","city_kana":"シマシ","town":"磯部町飯浜","town_kana":"イソベチョウイイハマ","prefecture_code":24},"0209":{"zip_code":"5170209","prefecture":"三重県","prefecture_kana":"ミエケン","city":"志摩市","city_kana":"シマシ","town":"磯部町恵利原","town_kana":"イソベチョウエリハラ","prefecture_code":24},"0208":{"zip_code":"5170208","prefecture":"三重県","prefecture_kana":"ミエケン","city":"志摩市","city_kana":"シマシ","town":"磯部町上之郷","town_kana":"イソベチョウカミノゴウ","prefecture_code":24},"0202":{"zip_code":"5170202","prefecture":"三重県","prefecture_kana":"ミエケン","city":"志摩市","city_kana":"シマシ","town":"磯部町沓掛","town_kana":"イソベチョウクツカケ","prefecture_code":24},"0216":{"zip_code":"5170216","prefecture":"三重県","prefecture_kana":"ミエケン","city":"志摩市","city_kana":"シマシ","town":"磯部町栗木広","town_kana":"イソベチョウクリキヒロ","prefecture_code":24},"0201":{"zip_code":"5170201","prefecture":"三重県","prefecture_kana":"ミエケン","city":"志摩市","city_kana":"シマシ","town":"磯部町五知","town_kana":"イソベチョウゴチ","prefecture_code":24},"0212":{"zip_code":"5170212","prefecture":"三重県","prefecture_kana":"ミエケン","city":"志摩市","city_kana":"シマシ","town":"磯部町坂崎","town_kana":"イソベチョウサカザキ","prefecture_code":24},"0211":{"zip_code":"5170211","prefecture":"三重県","prefecture_kana":"ミエケン","city":"志摩市","city_kana":"シマシ","town":"磯部町三ケ所","town_kana":"イソベチョウサンガショ","prefecture_code":24},"0207":{"zip_code":"5170207","prefecture":"三重県","prefecture_kana":"ミエケン","city":"志摩市","city_kana":"シマシ","town":"磯部町下之郷","town_kana":"イソベチョウシモノゴウ","prefecture_code":24},"0218":{"zip_code":"5170218","prefecture":"三重県","prefecture_kana":"ミエケン","city":"志摩市","city_kana":"シマシ","town":"磯部町築地","town_kana":"イソベチョウツイジ","prefecture_code":24},"0214":{"zip_code":"5170214","prefecture":"三重県","prefecture_kana":"ミエケン","city":"志摩市","city_kana":"シマシ","town":"磯部町迫間","town_kana":"イソベチョウハサマ","prefecture_code":24},"0215":{"zip_code":"5170215","prefecture":"三重県","prefecture_kana":"ミエケン","city":"志摩市","city_kana":"シマシ","town":"磯部町檜山","town_kana":"イソベチョウヒヤマ","prefecture_code":24},"0204":{"zip_code":"5170204","prefecture":"三重県","prefecture_kana":"ミエケン","city":"志摩市","city_kana":"シマシ","town":"磯部町的矢","town_kana":"イソベチョウマトヤ","prefecture_code":24},"0203":{"zip_code":"5170203","prefecture":"三重県","prefecture_kana":"ミエケン","city":"志摩市","city_kana":"シマシ","town":"磯部町山田","town_kana":"イソベチョウヤマダ","prefecture_code":24},"0217":{"zip_code":"5170217","prefecture":"三重県","prefecture_kana":"ミエケン","city":"志摩市","city_kana":"シマシ","town":"磯部町山原","town_kana":"イソベチョウヤマハラ","prefecture_code":24},"0205":{"zip_code":"5170205","prefecture":"三重県","prefecture_kana":"ミエケン","city":"志摩市","city_kana":"シマシ","town":"磯部町渡鹿野","town_kana":"イソベチョウワタカノ","prefecture_code":24},"0701":{"zip_code":"5170701","prefecture":"三重県","prefecture_kana":"ミエケン","city":"志摩市","city_kana":"シマシ","town":"志摩町片田","town_kana":"シマチョウカタダ","prefecture_code":24},"0705":{"zip_code":"5170705","prefecture":"三重県","prefecture_kana":"ミエケン","city":"志摩市","city_kana":"シマシ","town":"志摩町御座","town_kana":"シマチョウゴザ","prefecture_code":24},"0704":{"zip_code":"5170704","prefecture":"三重県","prefecture_kana":"ミエケン","city":"志摩市","city_kana":"シマシ","town":"志摩町越賀","town_kana":"シマチョウコシカ","prefecture_code":24},"0702":{"zip_code":"5170702","prefecture":"三重県","prefecture_kana":"ミエケン","city":"志摩市","city_kana":"シマシ","town":"志摩町布施田","town_kana":"シマチョウフセダ","prefecture_code":24},"0703":{"zip_code":"5170703","prefecture":"三重県","prefecture_kana":"ミエケン","city":"志摩市","city_kana":"シマシ","town":"志摩町和具","town_kana":"シマチョウワグ","prefecture_code":24},"0601":{"zip_code":"5170601","prefecture":"三重県","prefecture_kana":"ミエケン","city":"志摩市","city_kana":"シマシ","town":"大王町畔名","town_kana":"ダイオウチョウアゼナ","prefecture_code":24},"0603":{"zip_code":"5170603","prefecture":"三重県","prefecture_kana":"ミエケン","city":"志摩市","city_kana":"シマシ","town":"大王町波切","town_kana":"ダイオウチョウナキリ","prefecture_code":24},"0602":{"zip_code":"5170602","prefecture":"三重県","prefecture_kana":"ミエケン","city":"志摩市","city_kana":"シマシ","town":"大王町名田","town_kana":"ダイオウチョウナタ","prefecture_code":24},"0604":{"zip_code":"5170604","prefecture":"三重県","prefecture_kana":"ミエケン","city":"志摩市","city_kana":"シマシ","town":"大王町船越","town_kana":"ダイオウチョウフナコシ","prefecture_code":24},"0402":{"zip_code":"5170402","prefecture":"三重県","prefecture_kana":"ミエケン","city":"志摩市","city_kana":"シマシ","town":"浜島町塩屋","town_kana":"ハマジマチョウシオヤ","prefecture_code":24},"0405":{"zip_code":"5170405","prefecture":"三重県","prefecture_kana":"ミエケン","city":"志摩市","city_kana":"シマシ","town":"浜島町南張","town_kana":"ハマジマチョウナンバリ","prefecture_code":24},"0403":{"zip_code":"5170403","prefecture":"三重県","prefecture_kana":"ミエケン","city":"志摩市","city_kana":"シマシ","town":"浜島町迫子","town_kana":"ハマジマチョウハザコ","prefecture_code":24},"0404":{"zip_code":"5170404","prefecture":"三重県","prefecture_kana":"ミエケン","city":"志摩市","city_kana":"シマシ","town":"浜島町浜島","town_kana":"ハマジマチョウハマジマ","prefecture_code":24},"0401":{"zip_code":"5170401","prefecture":"三重県","prefecture_kana":"ミエケン","city":"志摩市","city_kana":"シマシ","town":"浜島町桧山路","town_kana":"ハマジマチョウヒヤマジ","prefecture_code":24}}