{"0501":{"zip_code":"5190501","prefecture":"三重県","prefecture_kana":"ミエケン","city":"伊勢市","city_kana":"イセシ","town":"小俣町明野","town_kana":"オバタチョウアケノ","prefecture_code":24},"0507":{"zip_code":"5190507","prefecture":"三重県","prefecture_kana":"ミエケン","city":"伊勢市","city_kana":"イセシ","town":"小俣町新村","town_kana":"オバタチョウシムラ","prefecture_code":24},"0502":{"zip_code":"5190502","prefecture":"三重県","prefecture_kana":"ミエケン","city":"伊勢市","city_kana":"イセシ","town":"小俣町相合","town_kana":"オバタチョウソウゴウ","prefecture_code":24},"0505":{"zip_code":"5190505","prefecture":"三重県","prefecture_kana":"ミエケン","city":"伊勢市","city_kana":"イセシ","town":"小俣町本町","town_kana":"オバタチョウホンマチ","prefecture_code":24},"0504":{"zip_code":"5190504","prefecture":"三重県","prefecture_kana":"ミエケン","city":"伊勢市","city_kana":"イセシ","town":"小俣町宮前","town_kana":"オバタチョウミヤマエ","prefecture_code":24},"0503":{"zip_code":"5190503","prefecture":"三重県","prefecture_kana":"ミエケン","city":"伊勢市","city_kana":"イセシ","town":"小俣町元町","town_kana":"オバタチョウモトマチ","prefecture_code":24},"0506":{"zip_code":"5190506","prefecture":"三重県","prefecture_kana":"ミエケン","city":"伊勢市","city_kana":"イセシ","town":"小俣町湯田","town_kana":"オバタチョウユタ","prefecture_code":24},"0608":{"zip_code":"5190608","prefecture":"三重県","prefecture_kana":"ミエケン","city":"伊勢市","city_kana":"イセシ","town":"二見町今一色","town_kana":"フタミチョウイマイシキ","prefecture_code":24},"0602":{"zip_code":"5190602","prefecture":"三重県","prefecture_kana":"ミエケン","city":"伊勢市","city_kana":"イセシ","town":"二見町江","town_kana":"フタミチョウエ","prefecture_code":24},"0606":{"zip_code":"5190606","prefecture":"三重県","prefecture_kana":"ミエケン","city":"伊勢市","city_kana":"イセシ","town":"二見町荘","town_kana":"フタミチョウショウ","prefecture_code":24},"0609":{"zip_code":"5190609","prefecture":"三重県","prefecture_kana":"ミエケン","city":"伊勢市","city_kana":"イセシ","town":"二見町茶屋","town_kana":"フタミチョウチャヤ","prefecture_code":24},"0607":{"zip_code":"5190607","prefecture":"三重県","prefecture_kana":"ミエケン","city":"伊勢市","city_kana":"イセシ","town":"二見町西","town_kana":"フタミチョウニシ","prefecture_code":24},"0611":{"zip_code":"5190611","prefecture":"三重県","prefecture_kana":"ミエケン","city":"伊勢市","city_kana":"イセシ","town":"二見町光の街","town_kana":"フタミチョウヒカリノマチ","prefecture_code":24},"0601":{"zip_code":"5190601","prefecture":"三重県","prefecture_kana":"ミエケン","city":"伊勢市","city_kana":"イセシ","town":"二見町松下","town_kana":"フタミチョウマツシタ","prefecture_code":24},"0605":{"zip_code":"5190605","prefecture":"三重県","prefecture_kana":"ミエケン","city":"伊勢市","city_kana":"イセシ","town":"二見町溝口","town_kana":"フタミチョウミゾグチ","prefecture_code":24},"0603":{"zip_code":"5190603","prefecture":"三重県","prefecture_kana":"ミエケン","city":"伊勢市","city_kana":"イセシ","town":"二見町三津","town_kana":"フタミチョウミツ","prefecture_code":24},"0604":{"zip_code":"5190604","prefecture":"三重県","prefecture_kana":"ミエケン","city":"伊勢市","city_kana":"イセシ","town":"二見町山田原","town_kana":"フタミチョウヤマダハラ","prefecture_code":24},"2146":{"zip_code":"5192146","prefecture":"三重県","prefecture_kana":"ミエケン","city":"松阪市","city_kana":"マツサカシ","town":"阿波曽町","town_kana":"アワソチョウ","prefecture_code":24},"2145":{"zip_code":"5192145","prefecture":"三重県","prefecture_kana":"ミエケン","city":"松阪市","city_kana":"マツサカシ","town":"射和町","town_kana":"イザワチョウ","prefecture_code":24},"2141":{"zip_code":"5192141","prefecture":"三重県","prefecture_kana":"ミエケン","city":"松阪市","city_kana":"マツサカシ","town":"上蛸路町","town_kana":"カミタコジチョウ","prefecture_code":24},"2142":{"zip_code":"5192142","prefecture":"三重県","prefecture_kana":"ミエケン","city":"松阪市","city_kana":"マツサカシ","town":"下蛸路町","town_kana":"シモタコジチョウ","prefecture_code":24},"2147":{"zip_code":"5192147","prefecture":"三重県","prefecture_kana":"ミエケン","city":"松阪市","city_kana":"マツサカシ","town":"庄町","town_kana":"ショウチョウ","prefecture_code":24},"2143":{"zip_code":"5192143","prefecture":"三重県","prefecture_kana":"ミエケン","city":"松阪市","city_kana":"マツサカシ","town":"中万町","town_kana":"チュウマチョウ","prefecture_code":24},"2144":{"zip_code":"5192144","prefecture":"三重県","prefecture_kana":"ミエケン","city":"松阪市","city_kana":"マツサカシ","town":"八太町","town_kana":"ハッタチョウ","prefecture_code":24},"2148":{"zip_code":"5192148","prefecture":"三重県","prefecture_kana":"ミエケン","city":"松阪市","city_kana":"マツサカシ","town":"御麻生薗町","town_kana":"ミオゾノチョウ","prefecture_code":24},"0323":{"zip_code":"5190323","prefecture":"三重県","prefecture_kana":"ミエケン","city":"鈴鹿市","city_kana":"スズカシ","town":"伊船町","town_kana":"イフナチョウ","prefecture_code":24},"0313":{"zip_code":"5190313","prefecture":"三重県","prefecture_kana":"ミエケン","city":"鈴鹿市","city_kana":"スズカシ","town":"追分町","town_kana":"オイワケチョウ","prefecture_code":24},"0311":{"zip_code":"5190311","prefecture":"三重県","prefecture_kana":"ミエケン","city":"鈴鹿市","city_kana":"スズカシ","town":"大久保町","town_kana":"オオクボチョウ","prefecture_code":24},"0316":{"zip_code":"5190316","prefecture":"三重県","prefecture_kana":"ミエケン","city":"鈴鹿市","city_kana":"スズカシ","town":"小岐須町","town_kana":"オギスチョウ","prefecture_code":24},"0324":{"zip_code":"5190324","prefecture":"三重県","prefecture_kana":"ミエケン","city":"鈴鹿市","city_kana":"スズカシ","town":"小社町","town_kana":"コヤシロチョウ","prefecture_code":24},"0312":{"zip_code":"5190312","prefecture":"三重県","prefecture_kana":"ミエケン","city":"鈴鹿市","city_kana":"スズカシ","town":"椿一宮町","town_kana":"ツバキイチミヤチョウ","prefecture_code":24},"0314":{"zip_code":"5190314","prefecture":"三重県","prefecture_kana":"ミエケン","city":"鈴鹿市","city_kana":"スズカシ","town":"長澤町","town_kana":"ナガサワチョウ","prefecture_code":24},"0271":{"zip_code":"5190271","prefecture":"三重県","prefecture_kana":"ミエケン","city":"鈴鹿市","city_kana":"スズカシ","town":"西庄内町","town_kana":"ニシショウナイチョウ","prefecture_code":24},"0272":{"zip_code":"5190272","prefecture":"三重県","prefecture_kana":"ミエケン","city":"鈴鹿市","city_kana":"スズカシ","town":"東庄内町","town_kana":"ヒガシショウナイチョウ","prefecture_code":24},"0321":{"zip_code":"5190321","prefecture":"三重県","prefecture_kana":"ミエケン","city":"鈴鹿市","city_kana":"スズカシ","town":"深溝町","town_kana":"フカミゾチョウ","prefecture_code":24},"0322":{"zip_code":"5190322","prefecture":"三重県","prefecture_kana":"ミエケン","city":"鈴鹿市","city_kana":"スズカシ","town":"三畑町","town_kana":"ミハタチョウ","prefecture_code":24},"0315":{"zip_code":"5190315","prefecture":"三重県","prefecture_kana":"ミエケン","city":"鈴鹿市","city_kana":"スズカシ","town":"山本町","town_kana":"ヤマモトチョウ","prefecture_code":24},"3600":{"zip_code":"5193600","prefecture":"三重県","prefecture_kana":"ミエケン","city":"尾鷲市","city_kana":"オワセシ","town":"","town_kana":"","prefecture_code":24},"3611":{"zip_code":"5193611","prefecture":"三重県","prefecture_kana":"ミエケン","city":"尾鷲市","city_kana":"オワセシ","town":"朝日町","town_kana":"アサヒマチ","prefecture_code":24},"3646":{"zip_code":"5193646","prefecture":"三重県","prefecture_kana":"ミエケン","city":"尾鷲市","city_kana":"オワセシ","town":"泉町","town_kana":"イズミチョウ","prefecture_code":24},"3653":{"zip_code":"5193653","prefecture":"三重県","prefecture_kana":"ミエケン","city":"尾鷲市","city_kana":"オワセシ","town":"上野町","town_kana":"ウエノチョウ","prefecture_code":24},"3623":{"zip_code":"5193623","prefecture":"三重県","prefecture_kana":"ミエケン","city":"尾鷲市","city_kana":"オワセシ","town":"大曽根浦","town_kana":"オオソネウラ","prefecture_code":24},"3642":{"zip_code":"5193642","prefecture":"三重県","prefecture_kana":"ミエケン","city":"尾鷲市","city_kana":"オワセシ","town":"大滝町","town_kana":"オオタキチョウ","prefecture_code":24},"3923":{"zip_code":"5193923","prefecture":"三重県","prefecture_kana":"ミエケン","city":"尾鷲市","city_kana":"オワセシ","town":"梶賀町","town_kana":"カジカチョウ","prefecture_code":24},"3921":{"zip_code":"5193921","prefecture":"三重県","prefecture_kana":"ミエケン","city":"尾鷲市","city_kana":"オワセシ","town":"賀田町","town_kana":"カタチョウ","prefecture_code":24},"3640":{"zip_code":"5193640","prefecture":"三重県","prefecture_kana":"ミエケン","city":"尾鷲市","city_kana":"オワセシ","town":"桂ケ丘","town_kana":"カツラガオカ","prefecture_code":24},"3606":{"zip_code":"5193606","prefecture":"三重県","prefecture_kana":"ミエケン","city":"尾鷲市","city_kana":"オワセシ","town":"北浦町","town_kana":"キタウラチョウ","prefecture_code":24},"3610":{"zip_code":"5193610","prefecture":"三重県","prefecture_kana":"ミエケン","city":"尾鷲市","city_kana":"オワセシ","town":"北浦西町","town_kana":"キタウラニシマチ","prefecture_code":24},"3609":{"zip_code":"5193609","prefecture":"三重県","prefecture_kana":"ミエケン","city":"尾鷲市","city_kana":"オワセシ","town":"北浦東町","town_kana":"キタウラヒガシマチ","prefecture_code":24},"3701":{"zip_code":"5193701","prefecture":"三重県","prefecture_kana":"ミエケン","city":"尾鷲市","city_kana":"オワセシ","town":"九鬼町","town_kana":"クキチョウ","prefecture_code":24},"3626":{"zip_code":"5193626","prefecture":"三重県","prefecture_kana":"ミエケン","city":"尾鷲市","city_kana":"オワセシ","town":"国市松泉町","town_kana":"クニシショウセンチョウ","prefecture_code":24},"3658":{"zip_code":"5193658","prefecture":"三重県","prefecture_kana":"ミエケン","city":"尾鷲市","city_kana":"オワセシ","town":"倉ノ谷町","town_kana":"クラノタニチョウ","prefecture_code":24},"3647":{"zip_code":"5193647","prefecture":"三重県","prefecture_kana":"ミエケン","city":"尾鷲市","city_kana":"オワセシ","town":"小川西町","town_kana":"コガワニシマチ","prefecture_code":24},"3648":{"zip_code":"5193648","prefecture":"三重県","prefecture_kana":"ミエケン","city":"尾鷲市","city_kana":"オワセシ","town":"小川東町","town_kana":"コガワヒガシマチ","prefecture_code":24},"3652":{"zip_code":"5193652","prefecture":"三重県","prefecture_kana":"ミエケン","city":"尾鷲市","city_kana":"オワセシ","town":"古戸町","town_kana":"コドチョウ","prefecture_code":24},"3659":{"zip_code":"5193659","prefecture":"三重県","prefecture_kana":"ミエケン","city":"尾鷲市","city_kana":"オワセシ","town":"古戸野町","town_kana":"コドノチョウ","prefecture_code":24},"3813":{"zip_code":"5193813","prefecture":"三重県","prefecture_kana":"ミエケン","city":"尾鷲市","city_kana":"オワセシ","town":"小脇町","town_kana":"コワキチョウ","prefecture_code":24},"3618":{"zip_code":"5193618","prefecture":"三重県","prefecture_kana":"ミエケン","city":"尾鷲市","city_kana":"オワセシ","town":"栄町","town_kana":"サカエマチ","prefecture_code":24},"3666":[{"zip_code":"5193666","prefecture":"三重県","prefecture_kana":"ミエケン","city":"尾鷲市","city_kana":"オワセシ","town":"坂場西町","town_kana":"サカバニシマチ","prefecture_code":24},{"zip_code":"5193666","prefecture":"三重県","prefecture_kana":"ミエケン","city":"尾鷲市","city_kana":"オワセシ","town":"中井浦坂場","town_kana":"ナカイウラサカバ","prefecture_code":24}],"3664":{"zip_code":"5193664","prefecture":"三重県","prefecture_kana":"ミエケン","city":"尾鷲市","city_kana":"オワセシ","town":"坂場町","town_kana":"サカバチョウ","prefecture_code":24},"3620":{"zip_code":"5193620","prefecture":"三重県","prefecture_kana":"ミエケン","city":"尾鷲市","city_kana":"オワセシ","town":"座ノ下町","town_kana":"ザノシタチョウ","prefecture_code":24},"3638":{"zip_code":"5193638","prefecture":"三重県","prefecture_kana":"ミエケン","city":"尾鷲市","city_kana":"オワセシ","town":"新田町","town_kana":"シンデンチョウ","prefecture_code":24},"3651":{"zip_code":"5193651","prefecture":"三重県","prefecture_kana":"ミエケン","city":"尾鷲市","city_kana":"オワセシ","town":"末広町","town_kana":"スエヒロチョウ","prefecture_code":24},"3421":{"zip_code":"5193421","prefecture":"三重県","prefecture_kana":"ミエケン","city":"尾鷲市","city_kana":"オワセシ","town":"須賀利町","town_kana":"スガリチョウ","prefecture_code":24},"3613":[{"zip_code":"5193613","prefecture":"三重県","prefecture_kana":"ミエケン","city":"尾鷲市","city_kana":"オワセシ","town":"瀬木山町","town_kana":"セギヤマチョウ","prefecture_code":24},{"zip_code":"5193613","prefecture":"三重県","prefecture_kana":"ミエケン","city":"尾鷲市","city_kana":"オワセシ","town":"南浦林","town_kana":"ミナミウラハヤシ","prefecture_code":24}],"3924":{"zip_code":"5193924","prefecture":"三重県","prefecture_kana":"ミエケン","city":"尾鷲市","city_kana":"オワセシ","town":"曽根町","town_kana":"ソネチョウ","prefecture_code":24},"3615":{"zip_code":"5193615","prefecture":"三重県","prefecture_kana":"ミエケン","city":"尾鷲市","city_kana":"オワセシ","town":"中央町","town_kana":"チュウオウチョウ","prefecture_code":24},"3602":{"zip_code":"5193602","prefecture":"三重県","prefecture_kana":"ミエケン","city":"尾鷲市","city_kana":"オワセシ","town":"天満浦","town_kana":"テンマウラ","prefecture_code":24},"3605":{"zip_code":"5193605","prefecture":"三重県","prefecture_kana":"ミエケン","city":"尾鷲市","city_kana":"オワセシ","town":"中井町","town_kana":"ナカイマチ","prefecture_code":24},"3639":{"zip_code":"5193639","prefecture":"三重県","prefecture_kana":"ミエケン","city":"尾鷲市","city_kana":"オワセシ","town":"中川","town_kana":"ナカガワ","prefecture_code":24},"3616":{"zip_code":"5193616","prefecture":"三重県","prefecture_kana":"ミエケン","city":"尾鷲市","city_kana":"オワセシ","town":"中村町","town_kana":"ナカムラチョウ","prefecture_code":24},"3812":{"zip_code":"5193812","prefecture":"三重県","prefecture_kana":"ミエケン","city":"尾鷲市","city_kana":"オワセシ","town":"名柄町","town_kana":"ナガラチョウ","prefecture_code":24},"3614":{"zip_code":"5193614","prefecture":"三重県","prefecture_kana":"ミエケン","city":"尾鷲市","city_kana":"オワセシ","town":"南陽町","town_kana":"ナンヨウチョウ","prefecture_code":24},"3617":{"zip_code":"5193617","prefecture":"三重県","prefecture_kana":"ミエケン","city":"尾鷲市","city_kana":"オワセシ","town":"野地町","town_kana":"ノジマチ","prefecture_code":24},"3702":{"zip_code":"5193702","prefecture":"三重県","prefecture_kana":"ミエケン","city":"尾鷲市","city_kana":"オワセシ","town":"早田町","town_kana":"ハイダチョウ","prefecture_code":24},"3612":{"zip_code":"5193612","prefecture":"三重県","prefecture_kana":"ミエケン","city":"尾鷲市","city_kana":"オワセシ","town":"林町","town_kana":"ハヤシマチ","prefecture_code":24},"3637":{"zip_code":"5193637","prefecture":"三重県","prefecture_kana":"ミエケン","city":"尾鷲市","city_kana":"オワセシ","town":"光ケ丘","town_kana":"ヒカリガオカ","prefecture_code":24},"3922":{"zip_code":"5193922","prefecture":"三重県","prefecture_kana":"ミエケン","city":"尾鷲市","city_kana":"オワセシ","town":"古江町","town_kana":"フルエチョウ","prefecture_code":24},"3619":{"zip_code":"5193619","prefecture":"三重県","prefecture_kana":"ミエケン","city":"尾鷲市","city_kana":"オワセシ","town":"馬越町","town_kana":"マゴセチョウ","prefecture_code":24},"3814":{"zip_code":"5193814","prefecture":"三重県","prefecture_kana":"ミエケン","city":"尾鷲市","city_kana":"オワセシ","town":"三木浦町","town_kana":"ミキウラチョウ","prefecture_code":24},"3811":{"zip_code":"5193811","prefecture":"三重県","prefecture_kana":"ミエケン","city":"尾鷲市","city_kana":"オワセシ","town":"三木里町","town_kana":"ミキサトチョウ","prefecture_code":24},"3604":{"zip_code":"5193604","prefecture":"三重県","prefecture_kana":"ミエケン","city":"尾鷲市","city_kana":"オワセシ","town":"港町","town_kana":"ミナトマチ","prefecture_code":24},"3643":{"zip_code":"5193643","prefecture":"三重県","prefecture_kana":"ミエケン","city":"尾鷲市","city_kana":"オワセシ","town":"南浦小原野","town_kana":"ミナミウラオバラノ","prefecture_code":24},"3667":{"zip_code":"5193667","prefecture":"三重県","prefecture_kana":"ミエケン","city":"尾鷲市","city_kana":"オワセシ","town":"南浦クチスボ","town_kana":"ミナミウラクチスボ","prefecture_code":24},"3656":{"zip_code":"5193656","prefecture":"三重県","prefecture_kana":"ミエケン","city":"尾鷲市","city_kana":"オワセシ","town":"南浦倉ノ谷","town_kana":"ミナミウラクラノタニ","prefecture_code":24},"3601":{"zip_code":"5193601","prefecture":"三重県","prefecture_kana":"ミエケン","city":"尾鷲市","city_kana":"オワセシ","town":"南浦天満","town_kana":"ミナミウラテンマ","prefecture_code":24},"3634":{"zip_code":"5193634","prefecture":"三重県","prefecture_kana":"ミエケン","city":"尾鷲市","city_kana":"オワセシ","town":"南浦矢浜","town_kana":"ミナミウラヤノハマ","prefecture_code":24},"3663":{"zip_code":"5193663","prefecture":"三重県","prefecture_kana":"ミエケン","city":"尾鷲市","city_kana":"オワセシ","town":"宮ノ上町","town_kana":"ミヤノウエチョウ","prefecture_code":24},"3625":{"zip_code":"5193625","prefecture":"三重県","prefecture_kana":"ミエケン","city":"尾鷲市","city_kana":"オワセシ","town":"向井","town_kana":"ムカイ","prefecture_code":24},"3671":{"zip_code":"5193671","prefecture":"三重県","prefecture_kana":"ミエケン","city":"尾鷲市","city_kana":"オワセシ","town":"矢浜","town_kana":"ヤノハマ","prefecture_code":24},"3673":{"zip_code":"5193673","prefecture":"三重県","prefecture_kana":"ミエケン","city":"尾鷲市","city_kana":"オワセシ","town":"矢浜大道","town_kana":"ヤノハマオオミチ","prefecture_code":24},"3672":{"zip_code":"5193672","prefecture":"三重県","prefecture_kana":"ミエケン","city":"尾鷲市","city_kana":"オワセシ","town":"矢浜岡崎町","town_kana":"ヤノハマオカザキチョウ","prefecture_code":24},"3674":{"zip_code":"5193674","prefecture":"三重県","prefecture_kana":"ミエケン","city":"尾鷲市","city_kana":"オワセシ","town":"矢浜真砂","town_kana":"ヤノハママサゴ","prefecture_code":24},"3621":{"zip_code":"5193621","prefecture":"三重県","prefecture_kana":"ミエケン","city":"尾鷲市","city_kana":"オワセシ","town":"行野浦","town_kana":"ユクノウラ","prefecture_code":24},"0100":{"zip_code":"5190100","prefecture":"三重県","prefecture_kana":"ミエケン","city":"亀山市","city_kana":"カメヤマシ","town":"","town_kana":"","prefecture_code":24},"0171":{"zip_code":"5190171","prefecture":"三重県","prefecture_kana":"ミエケン","city":"亀山市","city_kana":"カメヤマシ","town":"アイリス町","town_kana":"アイリスチョウ","prefecture_code":24},"0223":{"zip_code":"5190223","prefecture":"三重県","prefecture_kana":"ミエケン","city":"亀山市","city_kana":"カメヤマシ","town":"安坂山町","town_kana":"アサカヤマチョウ","prefecture_code":24},"0143":{"zip_code":"5190143","prefecture":"三重県","prefecture_kana":"ミエケン","city":"亀山市","city_kana":"カメヤマシ","town":"安知本町","town_kana":"アチモトチョウ","prefecture_code":24},"0137":{"zip_code":"5190137","prefecture":"三重県","prefecture_kana":"ミエケン","city":"亀山市","city_kana":"カメヤマシ","town":"阿野田町","town_kana":"アノダチョウ","prefecture_code":24},"0131":{"zip_code":"5190131","prefecture":"三重県","prefecture_kana":"ミエケン","city":"亀山市","city_kana":"カメヤマシ","town":"井尻町","town_kana":"イジリチョウ","prefecture_code":24},"0101":{"zip_code":"5190101","prefecture":"三重県","prefecture_kana":"ミエケン","city":"亀山市","city_kana":"カメヤマシ","town":"井田川町","town_kana":"イダガワチョウ","prefecture_code":24},"0158":{"zip_code":"5190158","prefecture":"三重県","prefecture_kana":"ミエケン","city":"亀山市","city_kana":"カメヤマシ","town":"市ケ坂町","town_kana":"イチガサカチョウ","prefecture_code":24},"0112":{"zip_code":"5190112","prefecture":"三重県","prefecture_kana":"ミエケン","city":"亀山市","city_kana":"カメヤマシ","town":"上野町","town_kana":"ウエノチョウ","prefecture_code":24},"0121":{"zip_code":"5190121","prefecture":"三重県","prefecture_kana":"ミエケン","city":"亀山市","city_kana":"カメヤマシ","town":"江ケ室","town_kana":"エガムロ","prefecture_code":24},"0161":{"zip_code":"5190161","prefecture":"三重県","prefecture_kana":"ミエケン","city":"亀山市","city_kana":"カメヤマシ","town":"小川町","town_kana":"オガワチョウ","prefecture_code":24},"0167":{"zip_code":"5190167","prefecture":"三重県","prefecture_kana":"ミエケン","city":"亀山市","city_kana":"カメヤマシ","town":"小野町","town_kana":"オノチョウ","prefecture_code":24},"0141":{"zip_code":"5190141","prefecture":"三重県","prefecture_kana":"ミエケン","city":"亀山市","city_kana":"カメヤマシ","town":"海本町","town_kana":"カイモトチョウ","prefecture_code":24},"1129":{"zip_code":"5191129","prefecture":"三重県","prefecture_kana":"ミエケン","city":"亀山市","city_kana":"カメヤマシ","town":"加太板屋","town_kana":"カブトイタヤ","prefecture_code":24},"1122":{"zip_code":"5191122","prefecture":"三重県","prefecture_kana":"ミエケン","city":"亀山市","city_kana":"カメヤマシ","town":"加太市場","town_kana":"カブトイチバ","prefecture_code":24},"1121":{"zip_code":"5191121","prefecture":"三重県","prefecture_kana":"ミエケン","city":"亀山市","city_kana":"カメヤマシ","town":"加太梶ケ坂","town_kana":"カブトカジガサカ","prefecture_code":24},"1128":{"zip_code":"5191128","prefecture":"三重県","prefecture_kana":"ミエケン","city":"亀山市","city_kana":"カメヤマシ","town":"加太北在家","town_kana":"カブトキタザイケ","prefecture_code":24},"1126":{"zip_code":"5191126","prefecture":"三重県","prefecture_kana":"ミエケン","city":"亀山市","city_kana":"カメヤマシ","town":"加太神武","town_kana":"カブトジンム","prefecture_code":24},"1127":{"zip_code":"5191127","prefecture":"三重県","prefecture_kana":"ミエケン","city":"亀山市","city_kana":"カメヤマシ","town":"加太中在家","town_kana":"カブトナカザイケ","prefecture_code":24},"1125":{"zip_code":"5191125","prefecture":"三重県","prefecture_kana":"ミエケン","city":"亀山市","city_kana":"カメヤマシ","town":"加太向井","town_kana":"カブトムカイ","prefecture_code":24},"0163":{"zip_code":"5190163","prefecture":"三重県","prefecture_kana":"ミエケン","city":"亀山市","city_kana":"カメヤマシ","town":"亀田町","town_kana":"カメダチョウ","prefecture_code":24},"0103":{"zip_code":"5190103","prefecture":"三重県","prefecture_kana":"ミエケン","city":"亀山市","city_kana":"カメヤマシ","town":"川合町","town_kana":"カワイチョウ","prefecture_code":24},"0211":{"zip_code":"5190211","prefecture":"三重県","prefecture_kana":"ミエケン","city":"亀山市","city_kana":"カメヤマシ","town":"川崎町","town_kana":"カワサキチョウ","prefecture_code":24},"0115":{"zip_code":"5190115","prefecture":"三重県","prefecture_kana":"ミエケン","city":"亀山市","city_kana":"カメヤマシ","town":"北鹿島町","town_kana":"キタカシマチョウ","prefecture_code":24},"0157":{"zip_code":"5190157","prefecture":"三重県","prefecture_kana":"ミエケン","city":"亀山市","city_kana":"カメヤマシ","town":"北野町","town_kana":"キタノチョウ","prefecture_code":24},"0118":{"zip_code":"5190118","prefecture":"三重県","prefecture_kana":"ミエケン","city":"亀山市","city_kana":"カメヤマシ","town":"北町","town_kana":"キタマチ","prefecture_code":24},"0117":{"zip_code":"5190117","prefecture":"三重県","prefecture_kana":"ミエケン","city":"亀山市","city_kana":"カメヤマシ","town":"北山町","town_kana":"キタヤマチョウ","prefecture_code":24},"0144":{"zip_code":"5190144","prefecture":"三重県","prefecture_kana":"ミエケン","city":"亀山市","city_kana":"カメヤマシ","town":"楠平尾町","town_kana":"クスビラオチョウ","prefecture_code":24},"0148":{"zip_code":"5190148","prefecture":"三重県","prefecture_kana":"ミエケン","city":"亀山市","city_kana":"カメヤマシ","town":"木下町","town_kana":"コノシタチョウ","prefecture_code":24},"0113":{"zip_code":"5190113","prefecture":"三重県","prefecture_kana":"ミエケン","city":"亀山市","city_kana":"カメヤマシ","town":"小下町","town_kana":"コミザチョウ","prefecture_code":24},"0111":{"zip_code":"5190111","prefecture":"三重県","prefecture_kana":"ミエケン","city":"亀山市","city_kana":"カメヤマシ","town":"栄町","town_kana":"サカエマチ","prefecture_code":24},"0123":{"zip_code":"5190123","prefecture":"三重県","prefecture_kana":"ミエケン","city":"亀山市","city_kana":"カメヤマシ","town":"渋倉町","town_kana":"シブクラチョウ","prefecture_code":24},"0133":{"zip_code":"5190133","prefecture":"三重県","prefecture_kana":"ミエケン","city":"亀山市","city_kana":"カメヤマシ","town":"下庄町","town_kana":"シモノショウチョウ","prefecture_code":24},"0169":{"zip_code":"5190169","prefecture":"三重県","prefecture_kana":"ミエケン","city":"亀山市","city_kana":"カメヤマシ","town":"白木町","town_kana":"シラキチョウ","prefecture_code":24},"0132":{"zip_code":"5190132","prefecture":"三重県","prefecture_kana":"ミエケン","city":"亀山市","city_kana":"カメヤマシ","town":"菅内町","town_kana":"スガウチチョウ","prefecture_code":24},"0162":{"zip_code":"5190162","prefecture":"三重県","prefecture_kana":"ミエケン","city":"亀山市","city_kana":"カメヤマシ","town":"住山町","town_kana":"スミヤマチョウ","prefecture_code":24},"1119":{"zip_code":"5191119","prefecture":"三重県","prefecture_kana":"ミエケン","city":"亀山市","city_kana":"カメヤマシ","town":"関ケ丘","town_kana":"セキガオカ","prefecture_code":24},"1117":{"zip_code":"5191117","prefecture":"三重県","prefecture_kana":"ミエケン","city":"亀山市","city_kana":"カメヤマシ","town":"関町泉ケ丘","town_kana":"セキチョウイズミガオカ","prefecture_code":24},"1103":{"zip_code":"5191103","prefecture":"三重県","prefecture_kana":"ミエケン","city":"亀山市","city_kana":"カメヤマシ","town":"関町市瀬","town_kana":"セキチョウイチノセ","prefecture_code":24},"1106":{"zip_code":"5191106","prefecture":"三重県","prefecture_kana":"ミエケン","city":"亀山市","city_kana":"カメヤマシ","town":"関町会下","town_kana":"セキチョウエゲ","prefecture_code":24},"1124":{"zip_code":"5191124","prefecture":"三重県","prefecture_kana":"ミエケン","city":"亀山市","city_kana":"カメヤマシ","town":"関町越川","town_kana":"セキチョウエチガワ","prefecture_code":24},"1108":{"zip_code":"5191108","prefecture":"三重県","prefecture_kana":"ミエケン","city":"亀山市","city_kana":"カメヤマシ","town":"関町小野","town_kana":"セキチョウオノ","prefecture_code":24},"1123":{"zip_code":"5191123","prefecture":"三重県","prefecture_kana":"ミエケン","city":"亀山市","city_kana":"カメヤマシ","town":"関町金場","town_kana":"セキチョウカネバ","prefecture_code":24},"1116":{"zip_code":"5191116","prefecture":"三重県","prefecture_kana":"ミエケン","city":"亀山市","city_kana":"カメヤマシ","town":"関町久我","town_kana":"セキチョウクガ","prefecture_code":24},"1102":{"zip_code":"5191102","prefecture":"三重県","prefecture_kana":"ミエケン","city":"亀山市","city_kana":"カメヤマシ","town":"関町沓掛","town_kana":"セキチョウクツカケ","prefecture_code":24},"1107":{"zip_code":"5191107","prefecture":"三重県","prefecture_kana":"ミエケン","city":"亀山市","city_kana":"カメヤマシ","town":"関町木崎","town_kana":"セキチョウコザキ","prefecture_code":24},"1101":{"zip_code":"5191101","prefecture":"三重県","prefecture_kana":"ミエケン","city":"亀山市","city_kana":"カメヤマシ","town":"関町坂下","town_kana":"セキチョウサカシタ","prefecture_code":24},"1104":{"zip_code":"5191104","prefecture":"三重県","prefecture_kana":"ミエケン","city":"亀山市","city_kana":"カメヤマシ","town":"関町白木一色","town_kana":"セキチョウシラキイッシキ","prefecture_code":24},"1111":{"zip_code":"5191111","prefecture":"三重県","prefecture_kana":"ミエケン","city":"亀山市","city_kana":"カメヤマシ","town":"関町新所","town_kana":"セキチョウシンジョ","prefecture_code":24},"1112":{"zip_code":"5191112","prefecture":"三重県","prefecture_kana":"ミエケン","city":"亀山市","city_kana":"カメヤマシ","town":"関町中町","town_kana":"セキチョウナカマチ","prefecture_code":24},"1114":{"zip_code":"5191114","prefecture":"三重県","prefecture_kana":"ミエケン","city":"亀山市","city_kana":"カメヤマシ","town":"関町萩原","town_kana":"セキチョウハギワラ","prefecture_code":24},"1115":{"zip_code":"5191115","prefecture":"三重県","prefecture_kana":"ミエケン","city":"亀山市","city_kana":"カメヤマシ","town":"関町福徳","town_kana":"セキチョウフクトク","prefecture_code":24},"1118":{"zip_code":"5191118","prefecture":"三重県","prefecture_kana":"ミエケン","city":"亀山市","city_kana":"カメヤマシ","town":"関町富士ハイツ","town_kana":"セキチョウフジハイツ","prefecture_code":24},"1113":{"zip_code":"5191113","prefecture":"三重県","prefecture_kana":"ミエケン","city":"亀山市","city_kana":"カメヤマシ","town":"関町古厩","town_kana":"セキチョウフルマヤ","prefecture_code":24},"1105":{"zip_code":"5191105","prefecture":"三重県","prefecture_kana":"ミエケン","city":"亀山市","city_kana":"カメヤマシ","town":"関町鷲山","town_kana":"セキチョウワシヤマ","prefecture_code":24},"0168":{"zip_code":"5190168","prefecture":"三重県","prefecture_kana":"ミエケン","city":"亀山市","city_kana":"カメヤマシ","town":"太岡寺町","town_kana":"タイコウジチョウ","prefecture_code":24},"0119":{"zip_code":"5190119","prefecture":"三重県","prefecture_kana":"ミエケン","city":"亀山市","city_kana":"カメヤマシ","town":"高塚町","town_kana":"タカツカチョウ","prefecture_code":24},"0213":{"zip_code":"5190213","prefecture":"三重県","prefecture_kana":"ミエケン","city":"亀山市","city_kana":"カメヤマシ","town":"田村町","town_kana":"タムラチョウ","prefecture_code":24},"0136":{"zip_code":"5190136","prefecture":"三重県","prefecture_kana":"ミエケン","city":"亀山市","city_kana":"カメヤマシ","town":"田茂町","town_kana":"タモチョウ","prefecture_code":24},"0214":{"zip_code":"5190214","prefecture":"三重県","prefecture_kana":"ミエケン","city":"亀山市","city_kana":"カメヤマシ","town":"長明寺町","town_kana":"チョウミョウジチョウ","prefecture_code":24},"0104":{"zip_code":"5190104","prefecture":"三重県","prefecture_kana":"ミエケン","city":"亀山市","city_kana":"カメヤマシ","town":"椿世町","town_kana":"ツバイソチョウ","prefecture_code":24},"0142":{"zip_code":"5190142","prefecture":"三重県","prefecture_kana":"ミエケン","city":"亀山市","city_kana":"カメヤマシ","town":"天神","town_kana":"テンジン","prefecture_code":24},"0134":{"zip_code":"5190134","prefecture":"三重県","prefecture_kana":"ミエケン","city":"亀山市","city_kana":"カメヤマシ","town":"中庄町","town_kana":"ナカノショウチョウ","prefecture_code":24},"0127":{"zip_code":"5190127","prefecture":"三重県","prefecture_kana":"ミエケン","city":"亀山市","city_kana":"カメヤマシ","town":"中屋敷町","town_kana":"ナカヤシキチョウ","prefecture_code":24},"0153":{"zip_code":"5190153","prefecture":"三重県","prefecture_kana":"ミエケン","city":"亀山市","city_kana":"カメヤマシ","town":"西町","town_kana":"ニシマチ","prefecture_code":24},"0159":{"zip_code":"5190159","prefecture":"三重県","prefecture_kana":"ミエケン","city":"亀山市","city_kana":"カメヤマシ","town":"西丸町","town_kana":"ニシマルチョウ","prefecture_code":24},"0212":{"zip_code":"5190212","prefecture":"三重県","prefecture_kana":"ミエケン","city":"亀山市","city_kana":"カメヤマシ","town":"能褒野町","town_kana":"ノボノチョウ","prefecture_code":24},"0165":{"zip_code":"5190165","prefecture":"三重県","prefecture_kana":"ミエケン","city":"亀山市","city_kana":"カメヤマシ","town":"野村","town_kana":"ノムラ","prefecture_code":24},"0146":{"zip_code":"5190146","prefecture":"三重県","prefecture_kana":"ミエケン","city":"亀山市","city_kana":"カメヤマシ","town":"野村町","town_kana":"ノムラチョウ","prefecture_code":24},"0164":{"zip_code":"5190164","prefecture":"三重県","prefecture_kana":"ミエケン","city":"亀山市","city_kana":"カメヤマシ","town":"羽若町","town_kana":"ハワカチョウ","prefecture_code":24},"0122":{"zip_code":"5190122","prefecture":"三重県","prefecture_kana":"ミエケン","city":"亀山市","city_kana":"カメヤマシ","town":"東台町","town_kana":"ヒガシダイチョウ","prefecture_code":24},"0125":{"zip_code":"5190125","prefecture":"三重県","prefecture_kana":"ミエケン","city":"亀山市","city_kana":"カメヤマシ","town":"東町","town_kana":"ヒガシマチ","prefecture_code":24},"0126":{"zip_code":"5190126","prefecture":"三重県","prefecture_kana":"ミエケン","city":"亀山市","city_kana":"カメヤマシ","town":"東丸町","town_kana":"ヒガシマルチョウ","prefecture_code":24},"0124":{"zip_code":"5190124","prefecture":"三重県","prefecture_kana":"ミエケン","city":"亀山市","city_kana":"カメヤマシ","town":"東御幸町","town_kana":"ヒガシミユキチョウ","prefecture_code":24},"0166":{"zip_code":"5190166","prefecture":"三重県","prefecture_kana":"ミエケン","city":"亀山市","city_kana":"カメヤマシ","town":"布気町","town_kana":"フケチョウ","prefecture_code":24},"0222":{"zip_code":"5190222","prefecture":"三重県","prefecture_kana":"ミエケン","city":"亀山市","city_kana":"カメヤマシ","town":"両尾町","town_kana":"フタオチョウ","prefecture_code":24},"0215":{"zip_code":"5190215","prefecture":"三重県","prefecture_kana":"ミエケン","city":"亀山市","city_kana":"カメヤマシ","town":"太森町","town_kana":"フトモリチョウ","prefecture_code":24},"0221":{"zip_code":"5190221","prefecture":"三重県","prefecture_kana":"ミエケン","city":"亀山市","city_kana":"カメヤマシ","town":"辺法寺町","town_kana":"ヘンボウジチョウ","prefecture_code":24},"0116":{"zip_code":"5190116","prefecture":"三重県","prefecture_kana":"ミエケン","city":"亀山市","city_kana":"カメヤマシ","town":"本町","town_kana":"ホンマチ","prefecture_code":24},"0152":{"zip_code":"5190152","prefecture":"三重県","prefecture_kana":"ミエケン","city":"亀山市","city_kana":"カメヤマシ","town":"本丸町","town_kana":"ホンマルチョウ","prefecture_code":24},"0181":{"zip_code":"5190181","prefecture":"三重県","prefecture_kana":"ミエケン","city":"亀山市","city_kana":"カメヤマシ","town":"みずきが丘","town_kana":"ミズキガオカ","prefecture_code":24},"0105":{"zip_code":"5190105","prefecture":"三重県","prefecture_kana":"ミエケン","city":"亀山市","city_kana":"カメヤマシ","town":"みずほ台","town_kana":"ミズホダイ","prefecture_code":24},"0135":{"zip_code":"5190135","prefecture":"三重県","prefecture_kana":"ミエケン","city":"亀山市","city_kana":"カメヤマシ","town":"三寺町","town_kana":"ミツデラチョウ","prefecture_code":24},"0106":{"zip_code":"5190106","prefecture":"三重県","prefecture_kana":"ミエケン","city":"亀山市","city_kana":"カメヤマシ","town":"みどり町","town_kana":"ミドリチョウ","prefecture_code":24},"0114":{"zip_code":"5190114","prefecture":"三重県","prefecture_kana":"ミエケン","city":"亀山市","city_kana":"カメヤマシ","town":"南鹿島町","town_kana":"ミナミカシマチョウ","prefecture_code":24},"0154":{"zip_code":"5190154","prefecture":"三重県","prefecture_kana":"ミエケン","city":"亀山市","city_kana":"カメヤマシ","town":"南崎町","town_kana":"ミナミザキチョウ","prefecture_code":24},"0156":{"zip_code":"5190156","prefecture":"三重県","prefecture_kana":"ミエケン","city":"亀山市","city_kana":"カメヤマシ","town":"南野町","town_kana":"ミナミノチョウ","prefecture_code":24},"0155":{"zip_code":"5190155","prefecture":"三重県","prefecture_kana":"ミエケン","city":"亀山市","city_kana":"カメヤマシ","town":"御幸町","town_kana":"ミユキチョウ","prefecture_code":24},"0147":{"zip_code":"5190147","prefecture":"三重県","prefecture_kana":"ミエケン","city":"亀山市","city_kana":"カメヤマシ","town":"山下町","town_kana":"ヤマシタチョウ","prefecture_code":24},"0151":{"zip_code":"5190151","prefecture":"三重県","prefecture_kana":"ミエケン","city":"亀山市","city_kana":"カメヤマシ","town":"若山町","town_kana":"ワカヤマチョウ","prefecture_code":24},"0145":{"zip_code":"5190145","prefecture":"三重県","prefecture_kana":"ミエケン","city":"亀山市","city_kana":"カメヤマシ","town":"和賀町","town_kana":"ワガチョウ","prefecture_code":24},"0102":{"zip_code":"5190102","prefecture":"三重県","prefecture_kana":"ミエケン","city":"亀山市","city_kana":"カメヤマシ","town":"和田町","town_kana":"ワダチョウ","prefecture_code":24},"4300":{"zip_code":"5194300","prefecture":"三重県","prefecture_kana":"ミエケン","city":"熊野市","city_kana":"クマノシ","town":"","town_kana":"","prefecture_code":24},"4561":{"zip_code":"5194561","prefecture":"三重県","prefecture_kana":"ミエケン","city":"熊野市","city_kana":"クマノシ","town":"飛鳥町大又","town_kana":"アスカチョウオオマタ","prefecture_code":24},"4566":{"zip_code":"5194566","prefecture":"三重県","prefecture_kana":"ミエケン","city":"熊野市","city_kana":"クマノシ","town":"飛鳥町神山","town_kana":"アスカチョウコウノヤマ","prefecture_code":24},"4563":{"zip_code":"5194563","prefecture":"三重県","prefecture_kana":"ミエケン","city":"熊野市","city_kana":"クマノシ","town":"飛鳥町小阪","town_kana":"アスカチョウコザカ","prefecture_code":24},"4562":{"zip_code":"5194562","prefecture":"三重県","prefecture_kana":"ミエケン","city":"熊野市","city_kana":"クマノシ","town":"飛鳥町小又","town_kana":"アスカチョウコマタ","prefecture_code":24},"4564":{"zip_code":"5194564","prefecture":"三重県","prefecture_kana":"ミエケン","city":"熊野市","city_kana":"クマノシ","town":"飛鳥町佐渡","town_kana":"アスカチョウサワタリ","prefecture_code":24},"4565":{"zip_code":"5194565","prefecture":"三重県","prefecture_kana":"ミエケン","city":"熊野市","city_kana":"クマノシ","town":"飛鳥町野口","town_kana":"アスカチョウノグチ","prefecture_code":24},"4206":{"zip_code":"5194206","prefecture":"三重県","prefecture_kana":"ミエケン","city":"熊野市","city_kana":"クマノシ","town":"新鹿町","town_kana":"アタシカチョウ","prefecture_code":24},"4325":{"zip_code":"5194325","prefecture":"三重県","prefecture_kana":"ミエケン","city":"熊野市","city_kana":"クマノシ","town":"有馬町","town_kana":"アリマチョウ","prefecture_code":24},"4446":{"zip_code":"5194446","prefecture":"三重県","prefecture_kana":"ミエケン","city":"熊野市","city_kana":"クマノシ","town":"育生町赤倉","town_kana":"イクセイチョウアカグラ","prefecture_code":24},"4448":{"zip_code":"5194448","prefecture":"三重県","prefecture_kana":"ミエケン","city":"熊野市","city_kana":"クマノシ","town":"育生町大井","town_kana":"イクセイチョウオオイ","prefecture_code":24},"4447":{"zip_code":"5194447","prefecture":"三重県","prefecture_kana":"ミエケン","city":"熊野市","city_kana":"クマノシ","town":"育生町尾川","town_kana":"イクセイチョウオガワ","prefecture_code":24},"4445":{"zip_code":"5194445","prefecture":"三重県","prefecture_kana":"ミエケン","city":"熊野市","city_kana":"クマノシ","town":"育生町粉所","town_kana":"イクセイチョウコドコロ","prefecture_code":24},"4449":{"zip_code":"5194449","prefecture":"三重県","prefecture_kana":"ミエケン","city":"熊野市","city_kana":"クマノシ","town":"育生町長井","town_kana":"イクセイチョウナガイ","prefecture_code":24},"4675":{"zip_code":"5194675","prefecture":"三重県","prefecture_kana":"ミエケン","city":"熊野市","city_kana":"クマノシ","town":"五郷町大井谷","town_kana":"イサトチョウオオイダニ","prefecture_code":24},"4673":{"zip_code":"5194673","prefecture":"三重県","prefecture_kana":"ミエケン","city":"熊野市","city_kana":"クマノシ","town":"五郷町寺谷","town_kana":"イサトチョウテラダニ","prefecture_code":24},"4671":{"zip_code":"5194671","prefecture":"三重県","prefecture_kana":"ミエケン","city":"熊野市","city_kana":"クマノシ","town":"五郷町桃崎","town_kana":"イサトチョウモモザキ","prefecture_code":24},"4672":{"zip_code":"5194672","prefecture":"三重県","prefecture_kana":"ミエケン","city":"熊野市","city_kana":"クマノシ","town":"五郷町湯谷","town_kana":"イサトチョウユノタニ","prefecture_code":24},"4674":{"zip_code":"5194674","prefecture":"三重県","prefecture_kana":"ミエケン","city":"熊野市","city_kana":"クマノシ","town":"五郷町和田","town_kana":"イサトチョウワダ","prefecture_code":24},"4321":{"zip_code":"5194321","prefecture":"三重県","prefecture_kana":"ミエケン","city":"熊野市","city_kana":"クマノシ","town":"磯崎町","town_kana":"イソザキチョウ","prefecture_code":24},"4324":{"zip_code":"5194324","prefecture":"三重県","prefecture_kana":"ミエケン","city":"熊野市","city_kana":"クマノシ","town":"井戸町","town_kana":"イドチョウ","prefecture_code":24},"4322":{"zip_code":"5194322","prefecture":"三重県","prefecture_kana":"ミエケン","city":"熊野市","city_kana":"クマノシ","town":"大泊町","town_kana":"オオドマリチョウ","prefecture_code":24},"4327":{"zip_code":"5194327","prefecture":"三重県","prefecture_kana":"ミエケン","city":"熊野市","city_kana":"クマノシ","town":"金山町","town_kana":"カナヤマチョウ","prefecture_code":24},"4442":{"zip_code":"5194442","prefecture":"三重県","prefecture_kana":"ミエケン","city":"熊野市","city_kana":"クマノシ","town":"神川町神上","town_kana":"カミカワチョウコウノウエ","prefecture_code":24},"4444":{"zip_code":"5194444","prefecture":"三重県","prefecture_kana":"ミエケン","city":"熊野市","city_kana":"クマノシ","town":"神川町長原","town_kana":"カミカワチョウナガハラ","prefecture_code":24},"4441":{"zip_code":"5194441","prefecture":"三重県","prefecture_kana":"ミエケン","city":"熊野市","city_kana":"クマノシ","town":"神川町花知","town_kana":"カミカワチョウハナジリ","prefecture_code":24},"4443":{"zip_code":"5194443","prefecture":"三重県","prefecture_kana":"ミエケン","city":"熊野市","city_kana":"クマノシ","town":"神川町柳谷","town_kana":"カミカワチョウヤナギダニ","prefecture_code":24},"4323":{"zip_code":"5194323","prefecture":"三重県","prefecture_kana":"ミエケン","city":"熊野市","city_kana":"クマノシ","town":"木本町","town_kana":"キノモトチョウ","prefecture_code":24},"5404":{"zip_code":"5195404","prefecture":"三重県","prefecture_kana":"ミエケン","city":"熊野市","city_kana":"クマノシ","town":"紀和町赤木","town_kana":"キワチョウアカギ","prefecture_code":24},"5413":{"zip_code":"5195413","prefecture":"三重県","prefecture_kana":"ミエケン","city":"熊野市","city_kana":"クマノシ","town":"紀和町板屋","town_kana":"キワチョウイタヤ","prefecture_code":24},"5412":{"zip_code":"5195412","prefecture":"三重県","prefecture_kana":"ミエケン","city":"熊野市","city_kana":"クマノシ","town":"紀和町大栗須","town_kana":"キワチョウオオグルス","prefecture_code":24},"5415":{"zip_code":"5195415","prefecture":"三重県","prefecture_kana":"ミエケン","city":"熊野市","city_kana":"クマノシ","town":"紀和町大河内","town_kana":"キワチョウオコチ","prefecture_code":24},"5411":{"zip_code":"5195411","prefecture":"三重県","prefecture_kana":"ミエケン","city":"熊野市","city_kana":"クマノシ","town":"紀和町木津呂","town_kana":"キワチョウキヅロ","prefecture_code":24},"5417":{"zip_code":"5195417","prefecture":"三重県","prefecture_kana":"ミエケン","city":"熊野市","city_kana":"クマノシ","town":"紀和町小川口","town_kana":"キワチョウコガワグチ","prefecture_code":24},"5414":{"zip_code":"5195414","prefecture":"三重県","prefecture_kana":"ミエケン","city":"熊野市","city_kana":"クマノシ","town":"紀和町小栗須","town_kana":"キワチョウコグルス","prefecture_code":24},"5401":{"zip_code":"5195401","prefecture":"三重県","prefecture_kana":"ミエケン","city":"熊野市","city_kana":"クマノシ","town":"紀和町小森","town_kana":"キワチョウコモリ","prefecture_code":24},"5403":{"zip_code":"5195403","prefecture":"三重県","prefecture_kana":"ミエケン","city":"熊野市","city_kana":"クマノシ","town":"紀和町長尾","town_kana":"キワチョウナガオ","prefecture_code":24},"5402":{"zip_code":"5195402","prefecture":"三重県","prefecture_kana":"ミエケン","city":"熊野市","city_kana":"クマノシ","town":"紀和町平谷","town_kana":"キワチョウヒラタニ","prefecture_code":24},"5405":{"zip_code":"5195405","prefecture":"三重県","prefecture_kana":"ミエケン","city":"熊野市","city_kana":"クマノシ","town":"紀和町丸山","town_kana":"キワチョウマルヤマ","prefecture_code":24},"5406":{"zip_code":"5195406","prefecture":"三重県","prefecture_kana":"ミエケン","city":"熊野市","city_kana":"クマノシ","town":"紀和町矢ノ川","town_kana":"キワチョウヤノカワ","prefecture_code":24},"5416":{"zip_code":"5195416","prefecture":"三重県","prefecture_kana":"ミエケン","city":"熊野市","city_kana":"クマノシ","town":"紀和町湯ノ口","town_kana":"キワチョウユノクチ","prefecture_code":24},"4326":{"zip_code":"5194326","prefecture":"三重県","prefecture_kana":"ミエケン","city":"熊野市","city_kana":"クマノシ","town":"久生屋町","town_kana":"クシヤチョウ","prefecture_code":24},"4201":{"zip_code":"5194201","prefecture":"三重県","prefecture_kana":"ミエケン","city":"熊野市","city_kana":"クマノシ","town":"須野町","town_kana":"スノチョウ","prefecture_code":24},"4203":{"zip_code":"5194203","prefecture":"三重県","prefecture_kana":"ミエケン","city":"熊野市","city_kana":"クマノシ","town":"二木島里町","town_kana":"ニギシマサトチョウ","prefecture_code":24},"4204":{"zip_code":"5194204","prefecture":"三重県","prefecture_kana":"ミエケン","city":"熊野市","city_kana":"クマノシ","town":"二木島町","town_kana":"ニギシマチョウ","prefecture_code":24},"4207":{"zip_code":"5194207","prefecture":"三重県","prefecture_kana":"ミエケン","city":"熊野市","city_kana":"クマノシ","town":"波田須町","town_kana":"ハダスチョウ","prefecture_code":24},"4202":{"zip_code":"5194202","prefecture":"三重県","prefecture_kana":"ミエケン","city":"熊野市","city_kana":"クマノシ","town":"甫母町","town_kana":"ホボチョウ","prefecture_code":24},"4205":{"zip_code":"5194205","prefecture":"三重県","prefecture_kana":"ミエケン","city":"熊野市","city_kana":"クマノシ","town":"遊木町","town_kana":"ユキチョウ","prefecture_code":24},"1413":{"zip_code":"5191413","prefecture":"三重県","prefecture_kana":"ミエケン","city":"伊賀市","city_kana":"イガシ","town":"愛田","town_kana":"アイタ","prefecture_code":24},"1403":{"zip_code":"5191403","prefecture":"三重県","prefecture_kana":"ミエケン","city":"伊賀市","city_kana":"イガシ","town":"上村","town_kana":"ウエムラ","prefecture_code":24},"1415":{"zip_code":"5191415","prefecture":"三重県","prefecture_kana":"ミエケン","city":"伊賀市","city_kana":"イガシ","town":"柏野","town_kana":"カシワノ","prefecture_code":24},"1425":{"zip_code":"5191425","prefecture":"三重県","prefecture_kana":"ミエケン","city":"伊賀市","city_kana":"イガシ","town":"川西","town_kana":"カワニシ","prefecture_code":24},"1424":{"zip_code":"5191424","prefecture":"三重県","prefecture_kana":"ミエケン","city":"伊賀市","city_kana":"イガシ","town":"川東","town_kana":"カワヒガシ","prefecture_code":24},"1423":{"zip_code":"5191423","prefecture":"三重県","prefecture_kana":"ミエケン","city":"伊賀市","city_kana":"イガシ","town":"希望ケ丘西","town_kana":"キボウガオカニシ","prefecture_code":24},"1422":{"zip_code":"5191422","prefecture":"三重県","prefecture_kana":"ミエケン","city":"伊賀市","city_kana":"イガシ","town":"希望ケ丘東","town_kana":"キボウガオカヒガシ","prefecture_code":24},"1406":{"zip_code":"5191406","prefecture":"三重県","prefecture_kana":"ミエケン","city":"伊賀市","city_kana":"イガシ","town":"小杉","town_kana":"コスギ","prefecture_code":24},"1711":{"zip_code":"5191711","prefecture":"三重県","prefecture_kana":"ミエケン","city":"伊賀市","city_kana":"イガシ","town":"島ケ原","town_kana":"シマガハラ","prefecture_code":24},"1707":{"zip_code":"5191707","prefecture":"三重県","prefecture_kana":"ミエケン","city":"伊賀市","city_kana":"イガシ","town":"島ケ原大道","town_kana":"シマガハラオオドウ","prefecture_code":24},"1706":{"zip_code":"5191706","prefecture":"三重県","prefecture_kana":"ミエケン","city":"伊賀市","city_kana":"イガシ","town":"島ケ原奥村","town_kana":"シマガハラオクムラ","prefecture_code":24},"1701":{"zip_code":"5191701","prefecture":"三重県","prefecture_kana":"ミエケン","city":"伊賀市","city_kana":"イガシ","town":"島ケ原川南","town_kana":"シマガハラカワミナミ","prefecture_code":24},"1705":{"zip_code":"5191705","prefecture":"三重県","prefecture_kana":"ミエケン","city":"伊賀市","city_kana":"イガシ","town":"島ケ原中村","town_kana":"シマガハラナカムラ","prefecture_code":24},"1708":{"zip_code":"5191708","prefecture":"三重県","prefecture_kana":"ミエケン","city":"伊賀市","city_kana":"イガシ","town":"島ケ原中矢","town_kana":"シマガハラナカヤ","prefecture_code":24},"1702":{"zip_code":"5191702","prefecture":"三重県","prefecture_kana":"ミエケン","city":"伊賀市","city_kana":"イガシ","town":"島ケ原不見上","town_kana":"シマガハラフケンジョウ","prefecture_code":24},"1704":{"zip_code":"5191704","prefecture":"三重県","prefecture_kana":"ミエケン","city":"伊賀市","city_kana":"イガシ","town":"島ケ原町","town_kana":"シマガハラマチ","prefecture_code":24},"1703":{"zip_code":"5191703","prefecture":"三重県","prefecture_kana":"ミエケン","city":"伊賀市","city_kana":"イガシ","town":"島ケ原山菅","town_kana":"シマガハラヤマスゲ","prefecture_code":24},"1412":{"zip_code":"5191412","prefecture":"三重県","prefecture_kana":"ミエケン","city":"伊賀市","city_kana":"イガシ","town":"下柘植","town_kana":"シモツゲ","prefecture_code":24},"1416":{"zip_code":"5191416","prefecture":"三重県","prefecture_kana":"ミエケン","city":"伊賀市","city_kana":"イガシ","town":"新堂","town_kana":"シンドウ","prefecture_code":24},"1411":{"zip_code":"5191411","prefecture":"三重県","prefecture_kana":"ミエケン","city":"伊賀市","city_kana":"イガシ","town":"楯岡","town_kana":"タテオカ","prefecture_code":24},"1402":{"zip_code":"5191402","prefecture":"三重県","prefecture_kana":"ミエケン","city":"伊賀市","city_kana":"イガシ","town":"柘植町","town_kana":"ツゲマチ","prefecture_code":24},"1404":{"zip_code":"5191404","prefecture":"三重県","prefecture_kana":"ミエケン","city":"伊賀市","city_kana":"イガシ","town":"中柘植","town_kana":"ナカツゲ","prefecture_code":24},"1426":{"zip_code":"5191426","prefecture":"三重県","prefecture_kana":"ミエケン","city":"伊賀市","city_kana":"イガシ","town":"西之澤","town_kana":"ニシノサワ","prefecture_code":24},"1405":{"zip_code":"5191405","prefecture":"三重県","prefecture_kana":"ミエケン","city":"伊賀市","city_kana":"イガシ","town":"野村","town_kana":"ノムラ","prefecture_code":24},"1401":{"zip_code":"5191401","prefecture":"三重県","prefecture_kana":"ミエケン","city":"伊賀市","city_kana":"イガシ","town":"一ツ家","town_kana":"ヒトツヤ","prefecture_code":24},"1414":{"zip_code":"5191414","prefecture":"三重県","prefecture_kana":"ミエケン","city":"伊賀市","city_kana":"イガシ","town":"御代","town_kana":"ミダイ","prefecture_code":24},"1421":{"zip_code":"5191421","prefecture":"三重県","prefecture_kana":"ミエケン","city":"伊賀市","city_kana":"イガシ","town":"山畑","town_kana":"ヤバタ","prefecture_code":24},"2100":{"zip_code":"5192100","prefecture":"三重県","prefecture_kana":"ミエケン","city":"多気郡多気町","city_kana":"タキグンタキチョウ","town":"","town_kana":"","prefecture_code":24},"2151":{"zip_code":"5192151","prefecture":"三重県","prefecture_kana":"ミエケン","city":"多気郡多気町","city_kana":"タキグンタキチョウ","town":"朝長","town_kana":"アサオサ","prefecture_code":24},"2215":{"zip_code":"5192215","prefecture":"三重県","prefecture_kana":"ミエケン","city":"多気郡多気町","city_kana":"タキグンタキチョウ","town":"朝柄","town_kana":"アサガラ","prefecture_code":24},"2158":{"zip_code":"5192158","prefecture":"三重県","prefecture_kana":"ミエケン","city":"多気郡多気町","city_kana":"タキグンタキチョウ","town":"荒蒔","town_kana":"アラマキ","prefecture_code":24},"2186":{"zip_code":"5192186","prefecture":"三重県","prefecture_kana":"ミエケン","city":"多気郡多気町","city_kana":"タキグンタキチョウ","town":"井内林","town_kana":"イノウチバヤシ","prefecture_code":24},"2159":{"zip_code":"5192159","prefecture":"三重県","prefecture_kana":"ミエケン","city":"多気郡多気町","city_kana":"タキグンタキチョウ","town":"兄国","town_kana":"エクニ","prefecture_code":24},"2181":{"zip_code":"5192181","prefecture":"三重県","prefecture_kana":"ミエケン","city":"多気郡多気町","city_kana":"タキグンタキチョウ","town":"相可","town_kana":"オウカ","prefecture_code":24},"2167":{"zip_code":"5192167","prefecture":"三重県","prefecture_kana":"ミエケン","city":"多気郡多気町","city_kana":"タキグンタキチョウ","town":"相鹿瀬","town_kana":"オウカセ","prefecture_code":24},"2182":{"zip_code":"5192182","prefecture":"三重県","prefecture_kana":"ミエケン","city":"多気郡多気町","city_kana":"タキグンタキチョウ","town":"相可台","town_kana":"オウカダイ","prefecture_code":24},"2152":{"zip_code":"5192152","prefecture":"三重県","prefecture_kana":"ミエケン","city":"多気郡多気町","city_kana":"タキグンタキチョウ","town":"弟国","town_kana":"オウグニ","prefecture_code":24},"2162":{"zip_code":"5192162","prefecture":"三重県","prefecture_kana":"ミエケン","city":"多気郡多気町","city_kana":"タキグンタキチョウ","town":"笠木","town_kana":"カサギ","prefecture_code":24},"2203":{"zip_code":"5192203","prefecture":"三重県","prefecture_kana":"ミエケン","city":"多気郡多気町","city_kana":"タキグンタキチョウ","town":"片野","town_kana":"カタノ","prefecture_code":24},"2201":{"zip_code":"5192201","prefecture":"三重県","prefecture_kana":"ミエケン","city":"多気郡多気町","city_kana":"タキグンタキチョウ","town":"上出江","town_kana":"カミイズエ","prefecture_code":24},"2214":{"zip_code":"5192214","prefecture":"三重県","prefecture_kana":"ミエケン","city":"多気郡多気町","city_kana":"タキグンタキチョウ","town":"車川","town_kana":"クルマガワ","prefecture_code":24},"2187":{"zip_code":"5192187","prefecture":"三重県","prefecture_kana":"ミエケン","city":"多気郡多気町","city_kana":"タキグンタキチョウ","town":"鍬形","town_kana":"クワガタ","prefecture_code":24},"2177":{"zip_code":"5192177","prefecture":"三重県","prefecture_kana":"ミエケン","city":"多気郡多気町","city_kana":"タキグンタキチョウ","town":"神坂","town_kana":"コウザカ","prefecture_code":24},"2153":{"zip_code":"5192153","prefecture":"三重県","prefecture_kana":"ミエケン","city":"多気郡多気町","city_kana":"タキグンタキチョウ","town":"河田","town_kana":"コウダ","prefecture_code":24},"2174":{"zip_code":"5192174","prefecture":"三重県","prefecture_kana":"ミエケン","city":"多気郡多気町","city_kana":"タキグンタキチョウ","town":"五桂","town_kana":"ゴカツラ","prefecture_code":24},"2157":{"zip_code":"5192157","prefecture":"三重県","prefecture_kana":"ミエケン","city":"多気郡多気町","city_kana":"タキグンタキチョウ","town":"五佐奈","town_kana":"ゴサナ","prefecture_code":24},"2185":{"zip_code":"5192185","prefecture":"三重県","prefecture_kana":"ミエケン","city":"多気郡多気町","city_kana":"タキグンタキチョウ","town":"佐伯中","town_kana":"サエキナカ","prefecture_code":24},"2184":{"zip_code":"5192184","prefecture":"三重県","prefecture_kana":"ミエケン","city":"多気郡多気町","city_kana":"タキグンタキチョウ","town":"三疋田","town_kana":"サンビキダ","prefecture_code":24},"2212":{"zip_code":"5192212","prefecture":"三重県","prefecture_kana":"ミエケン","city":"多気郡多気町","city_kana":"タキグンタキチョウ","town":"色太","town_kana":"シキフト","prefecture_code":24},"2172":{"zip_code":"5192172","prefecture":"三重県","prefecture_kana":"ミエケン","city":"多気郡多気町","city_kana":"タキグンタキチョウ","town":"四神田","town_kana":"シコウダ","prefecture_code":24},"2183":{"zip_code":"5192183","prefecture":"三重県","prefecture_kana":"ミエケン","city":"多気郡多気町","city_kana":"タキグンタキチョウ","town":"四疋田","town_kana":"シヒキダ","prefecture_code":24},"2202":{"zip_code":"5192202","prefecture":"三重県","prefecture_kana":"ミエケン","city":"多気郡多気町","city_kana":"タキグンタキチョウ","town":"下出江","town_kana":"シモイズエ","prefecture_code":24},"2154":{"zip_code":"5192154","prefecture":"三重県","prefecture_kana":"ミエケン","city":"多気郡多気町","city_kana":"タキグンタキチョウ","town":"多気","town_kana":"タキ","prefecture_code":24},"2165":{"zip_code":"5192165","prefecture":"三重県","prefecture_kana":"ミエケン","city":"多気郡多気町","city_kana":"タキグンタキチョウ","town":"田中","town_kana":"タナカ","prefecture_code":24},"2213":{"zip_code":"5192213","prefecture":"三重県","prefecture_kana":"ミエケン","city":"多気郡多気町","city_kana":"タキグンタキチョウ","town":"土屋","town_kana":"ツチヤ","prefecture_code":24},"2189":{"zip_code":"5192189","prefecture":"三重県","prefecture_kana":"ミエケン","city":"多気郡多気町","city_kana":"タキグンタキチョウ","town":"津留","town_kana":"ツル","prefecture_code":24},"2161":{"zip_code":"5192161","prefecture":"三重県","prefecture_kana":"ミエケン","city":"多気郡多気町","city_kana":"タキグンタキチョウ","town":"土羽","town_kana":"トバ","prefecture_code":24},"2211":{"zip_code":"5192211","prefecture":"三重県","prefecture_kana":"ミエケン","city":"多気郡多気町","city_kana":"タキグンタキチョウ","town":"丹生","town_kana":"ニウ","prefecture_code":24},"2156":{"zip_code":"5192156","prefecture":"三重県","prefecture_kana":"ミエケン","city":"多気郡多気町","city_kana":"タキグンタキチョウ","town":"西池上","town_kana":"ニシイケベ","prefecture_code":24},"2171":{"zip_code":"5192171","prefecture":"三重県","prefecture_kana":"ミエケン","city":"多気郡多気町","city_kana":"タキグンタキチョウ","town":"西山","town_kana":"ニシヤマ","prefecture_code":24},"2179":{"zip_code":"5192179","prefecture":"三重県","prefecture_kana":"ミエケン","city":"多気郡多気町","city_kana":"タキグンタキチョウ","town":"仁田","town_kana":"ニタ","prefecture_code":24},"2166":{"zip_code":"5192166","prefecture":"三重県","prefecture_kana":"ミエケン","city":"多気郡多気町","city_kana":"タキグンタキチョウ","town":"野中","town_kana":"ノナカ","prefecture_code":24},"2176":{"zip_code":"5192176","prefecture":"三重県","prefecture_kana":"ミエケン","city":"多気郡多気町","city_kana":"タキグンタキチョウ","town":"長谷","town_kana":"ハセ","prefecture_code":24},"2204":{"zip_code":"5192204","prefecture":"三重県","prefecture_kana":"ミエケン","city":"多気郡多気町","city_kana":"タキグンタキチョウ","town":"波多瀬","town_kana":"ハタセ","prefecture_code":24},"2155":{"zip_code":"5192155","prefecture":"三重県","prefecture_kana":"ミエケン","city":"多気郡多気町","city_kana":"タキグンタキチョウ","town":"東池上","town_kana":"ヒガシイケベ","prefecture_code":24},"2178":{"zip_code":"5192178","prefecture":"三重県","prefecture_kana":"ミエケン","city":"多気郡多気町","city_kana":"タキグンタキチョウ","town":"平谷","town_kana":"ヒラダニ","prefecture_code":24},"2216":{"zip_code":"5192216","prefecture":"三重県","prefecture_kana":"ミエケン","city":"多気郡多気町","city_kana":"タキグンタキチョウ","town":"古江","town_kana":"フルエ","prefecture_code":24},"2175":{"zip_code":"5192175","prefecture":"三重県","prefecture_kana":"ミエケン","city":"多気郡多気町","city_kana":"タキグンタキチョウ","town":"前村","town_kana":"マエムラ","prefecture_code":24},"2188":{"zip_code":"5192188","prefecture":"三重県","prefecture_kana":"ミエケン","city":"多気郡多気町","city_kana":"タキグンタキチョウ","town":"牧","town_kana":"マキ","prefecture_code":24},"2164":{"zip_code":"5192164","prefecture":"三重県","prefecture_kana":"ミエケン","city":"多気郡多気町","city_kana":"タキグンタキチョウ","town":"森荘","town_kana":"モリショウ","prefecture_code":24},"2163":{"zip_code":"5192163","prefecture":"三重県","prefecture_kana":"ミエケン","city":"多気郡多気町","city_kana":"タキグンタキチョウ","town":"矢田","town_kana":"ヤタ","prefecture_code":24},"2173":{"zip_code":"5192173","prefecture":"三重県","prefecture_kana":"ミエケン","city":"多気郡多気町","city_kana":"タキグンタキチョウ","town":"油夫","town_kana":"ユブ","prefecture_code":24},"2400":{"zip_code":"5192400","prefecture":"三重県","prefecture_kana":"ミエケン","city":"多気郡大台町","city_kana":"タキグンオオダイチョウ","town":"","town_kana":"","prefecture_code":24},"2428":{"zip_code":"5192428","prefecture":"三重県","prefecture_kana":"ミエケン","city":"多気郡大台町","city_kana":"タキグンオオダイチョウ","town":"粟生","town_kana":"アオ","prefecture_code":24},"2506":{"zip_code":"5192506","prefecture":"三重県","prefecture_kana":"ミエケン","city":"多気郡大台町","city_kana":"タキグンオオダイチョウ","town":"天ケ瀬","town_kana":"アマガセ","prefecture_code":24},"2631":{"zip_code":"5192631","prefecture":"三重県","prefecture_kana":"ミエケン","city":"多気郡大台町","city_kana":"タキグンオオダイチョウ","town":"岩井","town_kana":"イワイ","prefecture_code":24},"2505":{"zip_code":"5192505","prefecture":"三重県","prefecture_kana":"ミエケン","city":"多気郡大台町","city_kana":"タキグンオオダイチョウ","town":"江馬","town_kana":"エマ","prefecture_code":24},"2518":{"zip_code":"5192518","prefecture":"三重県","prefecture_kana":"ミエケン","city":"多気郡大台町","city_kana":"タキグンオオダイチョウ","town":"大井","town_kana":"オオイ","prefecture_code":24},"2413":{"zip_code":"5192413","prefecture":"三重県","prefecture_kana":"ミエケン","city":"多気郡大台町","city_kana":"タキグンオオダイチョウ","town":"大ケ所","town_kana":"オオガショ","prefecture_code":24},"2634":{"zip_code":"5192634","prefecture":"三重県","prefecture_kana":"ミエケン","city":"多気郡大台町","city_kana":"タキグンオオダイチョウ","town":"大杉","town_kana":"オオスギ","prefecture_code":24},"2522":{"zip_code":"5192522","prefecture":"三重県","prefecture_kana":"ミエケン","city":"多気郡大台町","city_kana":"タキグンオオダイチョウ","town":"御棟","town_kana":"オムナギ","prefecture_code":24},"2427":{"zip_code":"5192427","prefecture":"三重県","prefecture_kana":"ミエケン","city":"多気郡大台町","city_kana":"タキグンオオダイチョウ","town":"上楠","town_kana":"カミクス","prefecture_code":24},"2411":{"zip_code":"5192411","prefecture":"三重県","prefecture_kana":"ミエケン","city":"多気郡大台町","city_kana":"タキグンオオダイチョウ","town":"上菅","town_kana":"カミスガ","prefecture_code":24},"2425":{"zip_code":"5192425","prefecture":"三重県","prefecture_kana":"ミエケン","city":"多気郡大台町","city_kana":"タキグンオオダイチョウ","town":"神瀬","town_kana":"カミゼ","prefecture_code":24},"2502":{"zip_code":"5192502","prefecture":"三重県","prefecture_kana":"ミエケン","city":"多気郡大台町","city_kana":"タキグンオオダイチョウ","town":"上真手","town_kana":"カミマテ","prefecture_code":24},"2403":{"zip_code":"5192403","prefecture":"三重県","prefecture_kana":"ミエケン","city":"多気郡大台町","city_kana":"タキグンオオダイチョウ","town":"上三瀬","town_kana":"カミミセ","prefecture_code":24},"2516":{"zip_code":"5192516","prefecture":"三重県","prefecture_kana":"ミエケン","city":"多気郡大台町","city_kana":"タキグンオオダイチョウ","town":"唐櫃","town_kana":"カラト","prefecture_code":24},"2412":[{"zip_code":"5192412","prefecture":"三重県","prefecture_kana":"ミエケン","city":"多気郡大台町","city_kana":"タキグンオオダイチョウ","town":"川合","town_kana":"カワイ","prefecture_code":24},{"zip_code":"5192412","prefecture":"三重県","prefecture_kana":"ミエケン","city":"多気郡大台町","city_kana":"タキグンオオダイチョウ","town":"下菅","town_kana":"シモスガ","prefecture_code":24},{"zip_code":"5192412","prefecture":"三重県","prefecture_kana":"ミエケン","city":"多気郡大台町","city_kana":"タキグンオオダイチョウ","town":"菅合","town_kana":"スガアイ","prefecture_code":24},{"zip_code":"5192412","prefecture":"三重県","prefecture_kana":"ミエケン","city":"多気郡大台町","city_kana":"タキグンオオダイチョウ","town":"滝広","town_kana":"タキヒロ","prefecture_code":24}],"2632":{"zip_code":"5192632","prefecture":"三重県","prefecture_kana":"ミエケン","city":"多気郡大台町","city_kana":"タキグンオオダイチョウ","town":"桧原","town_kana":"キソハラ","prefecture_code":24},"2512":{"zip_code":"5192512","prefecture":"三重県","prefecture_kana":"ミエケン","city":"多気郡大台町","city_kana":"タキグンオオダイチョウ","town":"清滝","town_kana":"キヨタキ","prefecture_code":24},"2633":{"zip_code":"5192633","prefecture":"三重県","prefecture_kana":"ミエケン","city":"多気郡大台町","city_kana":"タキグンオオダイチョウ","town":"久豆","town_kana":"クズ","prefecture_code":24},"2515":{"zip_code":"5192515","prefecture":"三重県","prefecture_kana":"ミエケン","city":"多気郡大台町","city_kana":"タキグンオオダイチョウ","town":"熊内","town_kana":"クモチ","prefecture_code":24},"2507":{"zip_code":"5192507","prefecture":"三重県","prefecture_kana":"ミエケン","city":"多気郡大台町","city_kana":"タキグンオオダイチョウ","town":"栗谷","town_kana":"クリダニ","prefecture_code":24},"2524":{"zip_code":"5192524","prefecture":"三重県","prefecture_kana":"ミエケン","city":"多気郡大台町","city_kana":"タキグンオオダイチョウ","town":"神滝","town_kana":"コウタキ","prefecture_code":24},"2504":{"zip_code":"5192504","prefecture":"三重県","prefecture_kana":"ミエケン","city":"多気郡大台町","city_kana":"タキグンオオダイチョウ","town":"小切畑","town_kana":"コギリハタ","prefecture_code":24},"2523":{"zip_code":"5192523","prefecture":"三重県","prefecture_kana":"ミエケン","city":"多気郡大台町","city_kana":"タキグンオオダイチョウ","town":"小滝","town_kana":"コタキ","prefecture_code":24},"2404":{"zip_code":"5192404","prefecture":"三重県","prefecture_kana":"ミエケン","city":"多気郡大台町","city_kana":"タキグンオオダイチョウ","town":"佐原","town_kana":"サワラ","prefecture_code":24},"2426":{"zip_code":"5192426","prefecture":"三重県","prefecture_kana":"ミエケン","city":"多気郡大台町","city_kana":"タキグンオオダイチョウ","town":"下楠","town_kana":"シモクス","prefecture_code":24},"2501":{"zip_code":"5192501","prefecture":"三重県","prefecture_kana":"ミエケン","city":"多気郡大台町","city_kana":"タキグンオオダイチョウ","town":"下真手","town_kana":"シモマテ","prefecture_code":24},"2402":{"zip_code":"5192402","prefecture":"三重県","prefecture_kana":"ミエケン","city":"多気郡大台町","city_kana":"タキグンオオダイチョウ","town":"下三瀬","town_kana":"シモミセ","prefecture_code":24},"2423":{"zip_code":"5192423","prefecture":"三重県","prefecture_kana":"ミエケン","city":"多気郡大台町","city_kana":"タキグンオオダイチョウ","town":"新田","town_kana":"シンデン","prefecture_code":24},"2511":{"zip_code":"5192511","prefecture":"三重県","prefecture_kana":"ミエケン","city":"多気郡大台町","city_kana":"タキグンオオダイチョウ","town":"菅木屋","town_kana":"スガゴヤ","prefecture_code":24},"2421":{"zip_code":"5192421","prefecture":"三重県","prefecture_kana":"ミエケン","city":"多気郡大台町","city_kana":"タキグンオオダイチョウ","town":"千代","town_kana":"センダイ","prefecture_code":24},"2513":{"zip_code":"5192513","prefecture":"三重県","prefecture_kana":"ミエケン","city":"多気郡大台町","city_kana":"タキグンオオダイチョウ","town":"薗","town_kana":"ソノ","prefecture_code":24},"2429":{"zip_code":"5192429","prefecture":"三重県","prefecture_kana":"ミエケン","city":"多気郡大台町","city_kana":"タキグンオオダイチョウ","town":"高奈","town_kana":"タカナ","prefecture_code":24},"2525":{"zip_code":"5192525","prefecture":"三重県","prefecture_kana":"ミエケン","city":"多気郡大台町","city_kana":"タキグンオオダイチョウ","town":"滝谷","town_kana":"タキヤ","prefecture_code":24},"2424":{"zip_code":"5192424","prefecture":"三重県","prefecture_kana":"ミエケン","city":"多気郡大台町","city_kana":"タキグンオオダイチョウ","town":"栃原","town_kana":"トチハラ","prefecture_code":24},"2401":{"zip_code":"5192401","prefecture":"三重県","prefecture_kana":"ミエケン","city":"多気郡大台町","city_kana":"タキグンオオダイチョウ","town":"長ケ","town_kana":"ナガ","prefecture_code":24},"2503":{"zip_code":"5192503","prefecture":"三重県","prefecture_kana":"ミエケン","city":"多気郡大台町","city_kana":"タキグンオオダイチョウ","town":"本田木屋","town_kana":"ホンダゴヤ","prefecture_code":24},"2517":{"zip_code":"5192517","prefecture":"三重県","prefecture_kana":"ミエケン","city":"多気郡大台町","city_kana":"タキグンオオダイチョウ","town":"南","town_kana":"ミナミ","prefecture_code":24},"2521":{"zip_code":"5192521","prefecture":"三重県","prefecture_kana":"ミエケン","city":"多気郡大台町","city_kana":"タキグンオオダイチョウ","town":"明豆","town_kana":"ミョウズ","prefecture_code":24},"2514":{"zip_code":"5192514","prefecture":"三重県","prefecture_kana":"ミエケン","city":"多気郡大台町","city_kana":"タキグンオオダイチョウ","town":"茂原","town_kana":"モバラ","prefecture_code":24},"2405":{"zip_code":"5192405","prefecture":"三重県","prefecture_kana":"ミエケン","city":"多気郡大台町","city_kana":"タキグンオオダイチョウ","town":"弥起井","town_kana":"ヤキイ","prefecture_code":24},"2422":{"zip_code":"5192422","prefecture":"三重県","prefecture_kana":"ミエケン","city":"多気郡大台町","city_kana":"タキグンオオダイチョウ","town":"柳原","town_kana":"ヤナギハラ","prefecture_code":24},"0400":{"zip_code":"5190400","prefecture":"三重県","prefecture_kana":"ミエケン","city":"度会郡玉城町","city_kana":"ワタライグンタマキチョウ","town":"","town_kana":"","prefecture_code":24},"0403":{"zip_code":"5190403","prefecture":"三重県","prefecture_kana":"ミエケン","city":"度会郡玉城町","city_kana":"ワタライグンタマキチョウ","town":"井倉","town_kana":"イグラ","prefecture_code":24},"0425":{"zip_code":"5190425","prefecture":"三重県","prefecture_kana":"ミエケン","city":"度会郡玉城町","city_kana":"ワタライグンタマキチョウ","town":"岩出","town_kana":"イワデ","prefecture_code":24},"0428":{"zip_code":"5190428","prefecture":"三重県","prefecture_kana":"ミエケン","city":"度会郡玉城町","city_kana":"ワタライグンタマキチョウ","town":"岡出","town_kana":"オカデ","prefecture_code":24},"0406":{"zip_code":"5190406","prefecture":"三重県","prefecture_kana":"ミエケン","city":"度会郡玉城町","city_kana":"ワタライグンタマキチョウ","town":"岡村","town_kana":"オカムラ","prefecture_code":24},"0422":{"zip_code":"5190422","prefecture":"三重県","prefecture_kana":"ミエケン","city":"度会郡玉城町","city_kana":"ワタライグンタマキチョウ","town":"小社曽根","town_kana":"オゴソソネ","prefecture_code":24},"0433":{"zip_code":"5190433","prefecture":"三重県","prefecture_kana":"ミエケン","city":"度会郡玉城町","city_kana":"ワタライグンタマキチョウ","town":"勝田","town_kana":"カツタ","prefecture_code":24},"0431":{"zip_code":"5190431","prefecture":"三重県","prefecture_kana":"ミエケン","city":"度会郡玉城町","city_kana":"ワタライグンタマキチョウ","town":"蚊野","town_kana":"カノ","prefecture_code":24},"0417":{"zip_code":"5190417","prefecture":"三重県","prefecture_kana":"ミエケン","city":"度会郡玉城町","city_kana":"ワタライグンタマキチョウ","town":"上田辺","town_kana":"カミタヌイ","prefecture_code":24},"0411":{"zip_code":"5190411","prefecture":"三重県","prefecture_kana":"ミエケン","city":"度会郡玉城町","city_kana":"ワタライグンタマキチョウ","town":"久保","town_kana":"クボ","prefecture_code":24},"0408":{"zip_code":"5190408","prefecture":"三重県","prefecture_kana":"ミエケン","city":"度会郡玉城町","city_kana":"ワタライグンタマキチョウ","town":"坂本","town_kana":"サカモト","prefecture_code":24},"0414":{"zip_code":"5190414","prefecture":"三重県","prefecture_kana":"ミエケン","city":"度会郡玉城町","city_kana":"ワタライグンタマキチョウ","town":"佐田","town_kana":"サタ","prefecture_code":24},"0416":{"zip_code":"5190416","prefecture":"三重県","prefecture_kana":"ミエケン","city":"度会郡玉城町","city_kana":"ワタライグンタマキチョウ","town":"下田辺","town_kana":"シモタヌイ","prefecture_code":24},"0401":{"zip_code":"5190401","prefecture":"三重県","prefecture_kana":"ミエケン","city":"度会郡玉城町","city_kana":"ワタライグンタマキチョウ","town":"世古","town_kana":"セコ","prefecture_code":24},"0407":{"zip_code":"5190407","prefecture":"三重県","prefecture_kana":"ミエケン","city":"度会郡玉城町","city_kana":"ワタライグンタマキチョウ","town":"玉川","town_kana":"タマガワ","prefecture_code":24},"0415":{"zip_code":"5190415","prefecture":"三重県","prefecture_kana":"ミエケン","city":"度会郡玉城町","city_kana":"ワタライグンタマキチョウ","town":"田丸","town_kana":"タマル","prefecture_code":24},"0434":{"zip_code":"5190434","prefecture":"三重県","prefecture_kana":"ミエケン","city":"度会郡玉城町","city_kana":"ワタライグンタマキチョウ","town":"田宮寺","town_kana":"タミヤジ","prefecture_code":24},"0412":{"zip_code":"5190412","prefecture":"三重県","prefecture_kana":"ミエケン","city":"度会郡玉城町","city_kana":"ワタライグンタマキチョウ","town":"中楽","town_kana":"チュウラク","prefecture_code":24},"0437":{"zip_code":"5190437","prefecture":"三重県","prefecture_kana":"ミエケン","city":"度会郡玉城町","city_kana":"ワタライグンタマキチョウ","town":"積良","town_kana":"ツムロ","prefecture_code":24},"0421":{"zip_code":"5190421","prefecture":"三重県","prefecture_kana":"ミエケン","city":"度会郡玉城町","city_kana":"ワタライグンタマキチョウ","town":"富岡","town_kana":"トミオカ","prefecture_code":24},"0426":{"zip_code":"5190426","prefecture":"三重県","prefecture_kana":"ミエケン","city":"度会郡玉城町","city_kana":"ワタライグンタマキチョウ","town":"中角","town_kana":"ナカツノ","prefecture_code":24},"0404":{"zip_code":"5190404","prefecture":"三重県","prefecture_kana":"ミエケン","city":"度会郡玉城町","city_kana":"ワタライグンタマキチョウ","town":"長更","town_kana":"ナガフケ","prefecture_code":24},"0432":{"zip_code":"5190432","prefecture":"三重県","prefecture_kana":"ミエケン","city":"度会郡玉城町","city_kana":"ワタライグンタマキチョウ","town":"野篠","town_kana":"ノジノ","prefecture_code":24},"0438":{"zip_code":"5190438","prefecture":"三重県","prefecture_kana":"ミエケン","city":"度会郡玉城町","city_kana":"ワタライグンタマキチョウ","town":"原","town_kana":"ハラ","prefecture_code":24},"0405":{"zip_code":"5190405","prefecture":"三重県","prefecture_kana":"ミエケン","city":"度会郡玉城町","city_kana":"ワタライグンタマキチョウ","town":"日向","town_kana":"ヒュウガ","prefecture_code":24},"0423":{"zip_code":"5190423","prefecture":"三重県","prefecture_kana":"ミエケン","city":"度会郡玉城町","city_kana":"ワタライグンタマキチョウ","town":"昼田","town_kana":"ヒルダ","prefecture_code":24},"0427":{"zip_code":"5190427","prefecture":"三重県","prefecture_kana":"ミエケン","city":"度会郡玉城町","city_kana":"ワタライグンタマキチョウ","town":"宮古","town_kana":"ミヤコ","prefecture_code":24},"0413":{"zip_code":"5190413","prefecture":"三重県","prefecture_kana":"ミエケン","city":"度会郡玉城町","city_kana":"ワタライグンタマキチョウ","town":"妙法寺","town_kana":"ミョウホウジ","prefecture_code":24},"0402":{"zip_code":"5190402","prefecture":"三重県","prefecture_kana":"ミエケン","city":"度会郡玉城町","city_kana":"ワタライグンタマキチョウ","town":"門前","town_kana":"モンゼン","prefecture_code":24},"0435":{"zip_code":"5190435","prefecture":"三重県","prefecture_kana":"ミエケン","city":"度会郡玉城町","city_kana":"ワタライグンタマキチョウ","town":"矢野","town_kana":"ヤノ","prefecture_code":24},"0424":{"zip_code":"5190424","prefecture":"三重県","prefecture_kana":"ミエケン","city":"度会郡玉城町","city_kana":"ワタライグンタマキチョウ","town":"山岡","town_kana":"ヤマオカ","prefecture_code":24},"0436":{"zip_code":"5190436","prefecture":"三重県","prefecture_kana":"ミエケン","city":"度会郡玉城町","city_kana":"ワタライグンタマキチョウ","town":"山神","town_kana":"ヤマカミ","prefecture_code":24},"2700":{"zip_code":"5192700","prefecture":"三重県","prefecture_kana":"ミエケン","city":"度会郡大紀町","city_kana":"ワタライグンタイキチョウ","town":"","town_kana":"","prefecture_code":24},"2704":{"zip_code":"5192704","prefecture":"三重県","prefecture_kana":"ミエケン","city":"度会郡大紀町","city_kana":"ワタライグンタイキチョウ","town":"阿曽","town_kana":"アソ","prefecture_code":24},"2736":{"zip_code":"5192736","prefecture":"三重県","prefecture_kana":"ミエケン","city":"度会郡大紀町","city_kana":"ワタライグンタイキチョウ","town":"打見","town_kana":"ウチミ","prefecture_code":24},"2734":{"zip_code":"5192734","prefecture":"三重県","prefecture_kana":"ミエケン","city":"度会郡大紀町","city_kana":"ワタライグンタイキチョウ","town":"永会","town_kana":"エイカイ","prefecture_code":24},"3111":{"zip_code":"5193111","prefecture":"三重県","prefecture_kana":"ミエケン","city":"度会郡大紀町","city_kana":"ワタライグンタイキチョウ","town":"大内山","town_kana":"オオウチヤマ","prefecture_code":24},"2801":{"zip_code":"5192801","prefecture":"三重県","prefecture_kana":"ミエケン","city":"度会郡大紀町","city_kana":"ワタライグンタイキチョウ","town":"柏野","town_kana":"カシワノ","prefecture_code":24},"2733":{"zip_code":"5192733","prefecture":"三重県","prefecture_kana":"ミエケン","city":"度会郡大紀町","city_kana":"ワタライグンタイキチョウ","town":"金輪","town_kana":"カナワ","prefecture_code":24},"2735":{"zip_code":"5192735","prefecture":"三重県","prefecture_kana":"ミエケン","city":"度会郡大紀町","city_kana":"ワタライグンタイキチョウ","town":"神原","town_kana":"コノハラ","prefecture_code":24},"2802":{"zip_code":"5192802","prefecture":"三重県","prefecture_kana":"ミエケン","city":"度会郡大紀町","city_kana":"ワタライグンタイキチョウ","town":"崎","town_kana":"サキ","prefecture_code":24},"2703":{"zip_code":"5192703","prefecture":"三重県","prefecture_kana":"ミエケン","city":"度会郡大紀町","city_kana":"ワタライグンタイキチョウ","town":"滝原","town_kana":"タキハラ","prefecture_code":24},"2911":{"zip_code":"5192911","prefecture":"三重県","prefecture_kana":"ミエケン","city":"度会郡大紀町","city_kana":"ワタライグンタイキチョウ","town":"錦","town_kana":"ニシキ","prefecture_code":24},"2732":{"zip_code":"5192732","prefecture":"三重県","prefecture_kana":"ミエケン","city":"度会郡大紀町","city_kana":"ワタライグンタイキチョウ","town":"野添","town_kana":"ノゾエ","prefecture_code":24},"2731":{"zip_code":"5192731","prefecture":"三重県","prefecture_kana":"ミエケン","city":"度会郡大紀町","city_kana":"ワタライグンタイキチョウ","town":"野原","town_kana":"ノワラ","prefecture_code":24},"2701":{"zip_code":"5192701","prefecture":"三重県","prefecture_kana":"ミエケン","city":"度会郡大紀町","city_kana":"ワタライグンタイキチョウ","town":"船木","town_kana":"フナキ","prefecture_code":24},"2702":{"zip_code":"5192702","prefecture":"三重県","prefecture_kana":"ミエケン","city":"度会郡大紀町","city_kana":"ワタライグンタイキチョウ","town":"三瀬川","town_kana":"ミセガワ","prefecture_code":24},"3400":{"zip_code":"5193400","prefecture":"三重県","prefecture_kana":"ミエケン","city":"北牟婁郡紀北町","city_kana":"キタムログンキホクチョウ","town":"","town_kana":"","prefecture_code":24},"3202":{"zip_code":"5193202","prefecture":"三重県","prefecture_kana":"ミエケン","city":"北牟婁郡紀北町","city_kana":"キタムログンキホクチョウ","town":"紀伊長島区大原","town_kana":"キイナガシマクオオハラ","prefecture_code":24},"3206":{"zip_code":"5193206","prefecture":"三重県","prefecture_kana":"ミエケン","city":"北牟婁郡紀北町","city_kana":"キタムログンキホクチョウ","town":"紀伊長島区海野","town_kana":"キイナガシマクカイノ","prefecture_code":24},"3203":{"zip_code":"5193203","prefecture":"三重県","prefecture_kana":"ミエケン","city":"北牟婁郡紀北町","city_kana":"キタムログンキホクチョウ","town":"紀伊長島区島原","town_kana":"キイナガシマクシマバラ","prefecture_code":24},"3201":{"zip_code":"5193201","prefecture":"三重県","prefecture_kana":"ミエケン","city":"北牟婁郡紀北町","city_kana":"キタムログンキホクチョウ","town":"紀伊長島区十須","town_kana":"キイナガシマクジュウス","prefecture_code":24},"3207":{"zip_code":"5193207","prefecture":"三重県","prefecture_kana":"ミエケン","city":"北牟婁郡紀北町","city_kana":"キタムログンキホクチョウ","town":"紀伊長島区道瀬","town_kana":"キイナガシマクドウゼ","prefecture_code":24},"3205":{"zip_code":"5193205","prefecture":"三重県","prefecture_kana":"ミエケン","city":"北牟婁郡紀北町","city_kana":"キタムログンキホクチョウ","town":"紀伊長島区長島","town_kana":"キイナガシマクナガシマ","prefecture_code":24},"3204":{"zip_code":"5193204","prefecture":"三重県","prefecture_kana":"ミエケン","city":"北牟婁郡紀北町","city_kana":"キタムログンキホクチョウ","town":"紀伊長島区東長島","town_kana":"キイナガシマクヒガシナガシマ","prefecture_code":24},"3209":{"zip_code":"5193209","prefecture":"三重県","prefecture_kana":"ミエケン","city":"北牟婁郡紀北町","city_kana":"キタムログンキホクチョウ","town":"紀伊長島区古里","town_kana":"キイナガシマクフルサト","prefecture_code":24},"3208":{"zip_code":"5193208","prefecture":"三重県","prefecture_kana":"ミエケン","city":"北牟婁郡紀北町","city_kana":"キタムログンキホクチョウ","town":"紀伊長島区三浦","town_kana":"キイナガシマクミウラ","prefecture_code":24},"3406":{"zip_code":"5193406","prefecture":"三重県","prefecture_kana":"ミエケン","city":"北牟婁郡紀北町","city_kana":"キタムログンキホクチョウ","town":"海山区相賀","town_kana":"ミヤマクアイガ","prefecture_code":24},"3401":{"zip_code":"5193401","prefecture":"三重県","prefecture_kana":"ミエケン","city":"北牟婁郡紀北町","city_kana":"キタムログンキホクチョウ","town":"海山区馬瀬","town_kana":"ミヤマクウマゼ","prefecture_code":24},"3414":{"zip_code":"5193414","prefecture":"三重県","prefecture_kana":"ミエケン","city":"北牟婁郡紀北町","city_kana":"キタムログンキホクチョウ","town":"海山区小浦","town_kana":"ミヤマクオウラ","prefecture_code":24},"3407":{"zip_code":"5193407","prefecture":"三重県","prefecture_kana":"ミエケン","city":"北牟婁郡紀北町","city_kana":"キタムログンキホクチョウ","town":"海山区小山浦","town_kana":"ミヤマクオヤマウラ","prefecture_code":24},"3403":{"zip_code":"5193403","prefecture":"三重県","prefecture_kana":"ミエケン","city":"北牟婁郡紀北町","city_kana":"キタムログンキホクチョウ","town":"海山区上里","town_kana":"ミヤマクカミザト","prefecture_code":24},"3402":{"zip_code":"5193402","prefecture":"三重県","prefecture_kana":"ミエケン","city":"北牟婁郡紀北町","city_kana":"キタムログンキホクチョウ","town":"海山区河内","town_kana":"ミヤマクコウチ","prefecture_code":24},"3412":{"zip_code":"5193412","prefecture":"三重県","prefecture_kana":"ミエケン","city":"北牟婁郡紀北町","city_kana":"キタムログンキホクチョウ","town":"海山区島勝浦","town_kana":"ミヤマクシマカツウラ","prefecture_code":24},"3411":{"zip_code":"5193411","prefecture":"三重県","prefecture_kana":"ミエケン","city":"北牟婁郡紀北町","city_kana":"キタムログンキホクチョウ","town":"海山区白浦","town_kana":"ミヤマクシロウラ","prefecture_code":24},"3404":{"zip_code":"5193404","prefecture":"三重県","prefecture_kana":"ミエケン","city":"北牟婁郡紀北町","city_kana":"キタムログンキホクチョウ","town":"海山区中里","town_kana":"ミヤマクナカザト","prefecture_code":24},"3413":{"zip_code":"5193413","prefecture":"三重県","prefecture_kana":"ミエケン","city":"北牟婁郡紀北町","city_kana":"キタムログンキホクチョウ","town":"海山区引本浦","town_kana":"ミヤマクヒキモトウラ","prefecture_code":24},"3408":{"zip_code":"5193408","prefecture":"三重県","prefecture_kana":"ミエケン","city":"北牟婁郡紀北町","city_kana":"キタムログンキホクチョウ","town":"海山区便ノ山","town_kana":"ミヤマクビンノヤマ","prefecture_code":24},"3405":{"zip_code":"5193405","prefecture":"三重県","prefecture_kana":"ミエケン","city":"北牟婁郡紀北町","city_kana":"キタムログンキホクチョウ","town":"海山区船津","town_kana":"ミヤマクフナツ","prefecture_code":24},"3415":{"zip_code":"5193415","prefecture":"三重県","prefecture_kana":"ミエケン","city":"北牟婁郡紀北町","city_kana":"キタムログンキホクチョウ","town":"海山区矢口浦","town_kana":"ミヤマクヤグチウラ","prefecture_code":24},"5200":{"zip_code":"5195200","prefecture":"三重県","prefecture_kana":"ミエケン","city":"南牟婁郡御浜町","city_kana":"ミナミムログンミハマチョウ","town":"","town_kana":"","prefecture_code":24},"5204":[{"zip_code":"5195204","prefecture":"三重県","prefecture_kana":"ミエケン","city":"南牟婁郡御浜町","city_kana":"ミナミムログンミハマチョウ","town":"阿田和","town_kana":"アタワ","prefecture_code":24},{"zip_code":"5195204","prefecture":"三重県","prefecture_kana":"ミエケン","city":"南牟婁郡御浜町","city_kana":"ミナミムログンミハマチョウ","town":"阿田和平見","town_kana":"アタワヒラミ","prefecture_code":24},{"zip_code":"5195204","prefecture":"三重県","prefecture_kana":"ミエケン","city":"南牟婁郡御浜町","city_kana":"ミナミムログンミハマチョウ","town":"山地","town_kana":"ヤマヂ","prefecture_code":24}],"5322":{"zip_code":"5195322","prefecture":"三重県","prefecture_kana":"ミエケン","city":"南牟婁郡御浜町","city_kana":"ミナミムログンミハマチョウ","town":"上野","town_kana":"ウワノ","prefecture_code":24},"5206":{"zip_code":"5195206","prefecture":"三重県","prefecture_kana":"ミエケン","city":"南牟婁郡御浜町","city_kana":"ミナミムログンミハマチョウ","town":"柿原","town_kana":"カキハラ","prefecture_code":24},"5325":{"zip_code":"5195325","prefecture":"三重県","prefecture_kana":"ミエケン","city":"南牟婁郡御浜町","city_kana":"ミナミムログンミハマチョウ","town":"片川","town_kana":"カタカワ","prefecture_code":24},"5211":{"zip_code":"5195211","prefecture":"三重県","prefecture_kana":"ミエケン","city":"南牟婁郡御浜町","city_kana":"ミナミムログンミハマチョウ","town":"上市木","town_kana":"カミイチギ","prefecture_code":24},"5327":{"zip_code":"5195327","prefecture":"三重県","prefecture_kana":"ミエケン","city":"南牟婁郡御浜町","city_kana":"ミナミムログンミハマチョウ","town":"川瀬","town_kana":"カワセ","prefecture_code":24},"5326":{"zip_code":"5195326","prefecture":"三重県","prefecture_kana":"ミエケン","city":"南牟婁郡御浜町","city_kana":"ミナミムログンミハマチョウ","town":"栗須","town_kana":"クルス","prefecture_code":24},"5201":{"zip_code":"5195201","prefecture":"三重県","prefecture_kana":"ミエケン","city":"南牟婁郡御浜町","city_kana":"ミナミムログンミハマチョウ","town":"神木","town_kana":"コウノギ","prefecture_code":24},"5321":{"zip_code":"5195321","prefecture":"三重県","prefecture_kana":"ミエケン","city":"南牟婁郡御浜町","city_kana":"ミナミムログンミハマチョウ","town":"阪本","town_kana":"サカモト","prefecture_code":24},"5203":[{"zip_code":"5195203","prefecture":"三重県","prefecture_kana":"ミエケン","city":"南牟婁郡御浜町","city_kana":"ミナミムログンミハマチョウ","town":"下市木","town_kana":"シモイチギ","prefecture_code":24},{"zip_code":"5195203","prefecture":"三重県","prefecture_kana":"ミエケン","city":"南牟婁郡御浜町","city_kana":"ミナミムログンミハマチョウ","town":"萩内","town_kana":"ハギウチ","prefecture_code":24}],"5202":{"zip_code":"5195202","prefecture":"三重県","prefecture_kana":"ミエケン","city":"南牟婁郡御浜町","city_kana":"ミナミムログンミハマチョウ","town":"志原","town_kana":"シワラ","prefecture_code":24},"5324":{"zip_code":"5195324","prefecture":"三重県","prefecture_kana":"ミエケン","city":"南牟婁郡御浜町","city_kana":"ミナミムログンミハマチョウ","town":"中立","town_kana":"ナカダチ","prefecture_code":24},"5323":{"zip_code":"5195323","prefecture":"三重県","prefecture_kana":"ミエケン","city":"南牟婁郡御浜町","city_kana":"ミナミムログンミハマチョウ","town":"西原","town_kana":"ニシノハラ","prefecture_code":24},"5205":{"zip_code":"5195205","prefecture":"三重県","prefecture_kana":"ミエケン","city":"南牟婁郡御浜町","city_kana":"ミナミムログンミハマチョウ","town":"引作","town_kana":"ヒキツクリ","prefecture_code":24},"5700":{"zip_code":"5195700","prefecture":"三重県","prefecture_kana":"ミエケン","city":"南牟婁郡紀宝町","city_kana":"ミナミムログンキホウチョウ","town":"","town_kana":"","prefecture_code":24},"5718":{"zip_code":"5195718","prefecture":"三重県","prefecture_kana":"ミエケン","city":"南牟婁郡紀宝町","city_kana":"ミナミムログンキホウチョウ","town":"浅里","town_kana":"アサリ","prefecture_code":24},"5711":{"zip_code":"5195711","prefecture":"三重県","prefecture_kana":"ミエケン","city":"南牟婁郡紀宝町","city_kana":"ミナミムログンキホウチョウ","town":"井田","town_kana":"イダ","prefecture_code":24},"5834":{"zip_code":"5195834","prefecture":"三重県","prefecture_kana":"ミエケン","city":"南牟婁郡紀宝町","city_kana":"ミナミムログンキホウチョウ","town":"井内","town_kana":"イナイ","prefecture_code":24},"5701":{"zip_code":"5195701","prefecture":"三重県","prefecture_kana":"ミエケン","city":"南牟婁郡紀宝町","city_kana":"ミナミムログンキホウチョウ","town":"鵜殿","town_kana":"ウドノ","prefecture_code":24},"5835":{"zip_code":"5195835","prefecture":"三重県","prefecture_kana":"ミエケン","city":"南牟婁郡紀宝町","city_kana":"ミナミムログンキホウチョウ","town":"大里","town_kana":"オオザト","prefecture_code":24},"5716":{"zip_code":"5195716","prefecture":"三重県","prefecture_kana":"ミエケン","city":"南牟婁郡紀宝町","city_kana":"ミナミムログンキホウチョウ","town":"北桧杖","town_kana":"キタヒヅエ","prefecture_code":24},"5831":{"zip_code":"5195831","prefecture":"三重県","prefecture_kana":"ミエケン","city":"南牟婁郡紀宝町","city_kana":"ミナミムログンキホウチョウ","town":"桐原","town_kana":"キリハラ","prefecture_code":24},"5712":{"zip_code":"5195712","prefecture":"三重県","prefecture_kana":"ミエケン","city":"南牟婁郡紀宝町","city_kana":"ミナミムログンキホウチョウ","town":"神内","town_kana":"コウノウチ","prefecture_code":24},"5832":{"zip_code":"5195832","prefecture":"三重県","prefecture_kana":"ミエケン","city":"南牟婁郡紀宝町","city_kana":"ミナミムログンキホウチョウ","town":"阪松原","town_kana":"サカマツバラ","prefecture_code":24},"5717":{"zip_code":"5195717","prefecture":"三重県","prefecture_kana":"ミエケン","city":"南牟婁郡紀宝町","city_kana":"ミナミムログンキホウチョウ","town":"瀬原","town_kana":"セバラ","prefecture_code":24},"5715":{"zip_code":"5195715","prefecture":"三重県","prefecture_kana":"ミエケン","city":"南牟婁郡紀宝町","city_kana":"ミナミムログンキホウチョウ","town":"高岡","town_kana":"タカオカ","prefecture_code":24},"5713":{"zip_code":"5195713","prefecture":"三重県","prefecture_kana":"ミエケン","city":"南牟婁郡紀宝町","city_kana":"ミナミムログンキホウチョウ","town":"成川","town_kana":"ナルカワ","prefecture_code":24},"5833":{"zip_code":"5195833","prefecture":"三重県","prefecture_kana":"ミエケン","city":"南牟婁郡紀宝町","city_kana":"ミナミムログンキホウチョウ","town":"平尾井","town_kana":"ヒラオイ","prefecture_code":24},"5714":{"zip_code":"5195714","prefecture":"三重県","prefecture_kana":"ミエケン","city":"南牟婁郡紀宝町","city_kana":"ミナミムログンキホウチョウ","town":"鮒田","town_kana":"フナダ","prefecture_code":24}}