{"0000":{"zip_code":"7750000","prefecture":"徳島県","prefecture_kana":"トクシマケン","city":"海部郡牟岐町","city_kana":"カイフグンムギチョウ","town":"","town_kana":"","prefecture_code":36},"0007":{"zip_code":"7750007","prefecture":"徳島県","prefecture_kana":"トクシマケン","city":"海部郡牟岐町","city_kana":"カイフグンムギチョウ","town":"内妻","town_kana":"ウチヅマ","prefecture_code":36},"0004":{"zip_code":"7750004","prefecture":"徳島県","prefecture_kana":"トクシマケン","city":"海部郡牟岐町","city_kana":"カイフグンムギチョウ","town":"川長","town_kana":"カワタケ","prefecture_code":36},"0001":{"zip_code":"7750001","prefecture":"徳島県","prefecture_kana":"トクシマケン","city":"海部郡牟岐町","city_kana":"カイフグンムギチョウ","town":"河内","town_kana":"コウチ","prefecture_code":36},"0002":{"zip_code":"7750002","prefecture":"徳島県","prefecture_kana":"トクシマケン","city":"海部郡牟岐町","city_kana":"カイフグンムギチョウ","town":"橘","town_kana":"タチバナ","prefecture_code":36},"0006":{"zip_code":"7750006","prefecture":"徳島県","prefecture_kana":"トクシマケン","city":"海部郡牟岐町","city_kana":"カイフグンムギチョウ","town":"中村","town_kana":"ナカムラ","prefecture_code":36},"0005":{"zip_code":"7750005","prefecture":"徳島県","prefecture_kana":"トクシマケン","city":"海部郡牟岐町","city_kana":"カイフグンムギチョウ","town":"灘","town_kana":"ナダ","prefecture_code":36},"0003":{"zip_code":"7750003","prefecture":"徳島県","prefecture_kana":"トクシマケン","city":"海部郡牟岐町","city_kana":"カイフグンムギチョウ","town":"辺川","town_kana":"ヘガワ","prefecture_code":36},"0013":{"zip_code":"7750013","prefecture":"徳島県","prefecture_kana":"トクシマケン","city":"海部郡牟岐町","city_kana":"カイフグンムギチョウ","town":"牟岐浦","town_kana":"ムギウラ","prefecture_code":36},"0011":{"zip_code":"7750011","prefecture":"徳島県","prefecture_kana":"トクシマケン","city":"海部郡牟岐町","city_kana":"カイフグンムギチョウ","town":"牟岐浦","town_kana":"ムギウラ","prefecture_code":36},"0012":{"zip_code":"7750012","prefecture":"徳島県","prefecture_kana":"トクシマケン","city":"海部郡牟岐町","city_kana":"カイフグンムギチョウ","town":"牟岐浦","town_kana":"ムギウラ","prefecture_code":36},"0010":{"zip_code":"7750010","prefecture":"徳島県","prefecture_kana":"トクシマケン","city":"海部郡牟岐町","city_kana":"カイフグンムギチョウ","town":"牟岐浦","town_kana":"ムギウラ","prefecture_code":36},"0200":{"zip_code":"7750200","prefecture":"徳島県","prefecture_kana":"トクシマケン","city":"海部郡海陽町","city_kana":"カイフグンカイヨウチョウ","town":"","town_kana":"","prefecture_code":36},"0415":{"zip_code":"7750415","prefecture":"徳島県","prefecture_kana":"トクシマケン","city":"海部郡海陽町","city_kana":"カイフグンカイヨウチョウ","town":"相川","town_kana":"アイカワ","prefecture_code":36},"0101":{"zip_code":"7750101","prefecture":"徳島県","prefecture_kana":"トクシマケン","city":"海部郡海陽町","city_kana":"カイフグンカイヨウチョウ","town":"浅川","town_kana":"アサカワ","prefecture_code":36},"0310":{"zip_code":"7750310","prefecture":"徳島県","prefecture_kana":"トクシマケン","city":"海部郡海陽町","city_kana":"カイフグンカイヨウチョウ","town":"大井","town_kana":"オオイ","prefecture_code":36},"0203":{"zip_code":"7750203","prefecture":"徳島県","prefecture_kana":"トクシマケン","city":"海部郡海陽町","city_kana":"カイフグンカイヨウチョウ","town":"大里","town_kana":"オオザト","prefecture_code":36},"0412":{"zip_code":"7750412","prefecture":"徳島県","prefecture_kana":"トクシマケン","city":"海部郡海陽町","city_kana":"カイフグンカイヨウチョウ","town":"小川","town_kana":"オガワ","prefecture_code":36},"0302":{"zip_code":"7750302","prefecture":"徳島県","prefecture_kana":"トクシマケン","city":"海部郡海陽町","city_kana":"カイフグンカイヨウチョウ","town":"奥浦","town_kana":"オクウラ","prefecture_code":36},"0504":{"zip_code":"7750504","prefecture":"徳島県","prefecture_kana":"トクシマケン","city":"海部郡海陽町","city_kana":"カイフグンカイヨウチョウ","town":"尾崎","town_kana":"オサキ","prefecture_code":36},"0506":{"zip_code":"7750506","prefecture":"徳島県","prefecture_kana":"トクシマケン","city":"海部郡海陽町","city_kana":"カイフグンカイヨウチョウ","town":"角坂","town_kana":"カクサカ","prefecture_code":36},"0511":{"zip_code":"7750511","prefecture":"徳島県","prefecture_kana":"トクシマケン","city":"海部郡海陽町","city_kana":"カイフグンカイヨウチョウ","town":"久尾","town_kana":"クオ","prefecture_code":36},"0505":{"zip_code":"7750505","prefecture":"徳島県","prefecture_kana":"トクシマケン","city":"海部郡海陽町","city_kana":"カイフグンカイヨウチョウ","town":"芥附","town_kana":"クグツケ","prefecture_code":36},"0306":{"zip_code":"7750306","prefecture":"徳島県","prefecture_kana":"トクシマケン","city":"海部郡海陽町","city_kana":"カイフグンカイヨウチョウ","town":"櫛川","town_kana":"クシカワ","prefecture_code":36},"0502":{"zip_code":"7750502","prefecture":"徳島県","prefecture_kana":"トクシマケン","city":"海部郡海陽町","city_kana":"カイフグンカイヨウチョウ","town":"久保","town_kana":"クボ","prefecture_code":36},"0413":{"zip_code":"7750413","prefecture":"徳島県","prefecture_kana":"トクシマケン","city":"海部郡海陽町","city_kana":"カイフグンカイヨウチョウ","town":"神野","town_kana":"コウノ","prefecture_code":36},"0508":{"zip_code":"7750508","prefecture":"徳島県","prefecture_kana":"トクシマケン","city":"海部郡海陽町","city_kana":"カイフグンカイヨウチョウ","town":"小谷","town_kana":"コダニ","prefecture_code":36},"0509":{"zip_code":"7750509","prefecture":"徳島県","prefecture_kana":"トクシマケン","city":"海部郡海陽町","city_kana":"カイフグンカイヨウチョウ","town":"塩深","town_kana":"シオフカ","prefecture_code":36},"0513":{"zip_code":"7750513","prefecture":"徳島県","prefecture_kana":"トクシマケン","city":"海部郡海陽町","city_kana":"カイフグンカイヨウチョウ","town":"宍喰浦","town_kana":"シシクイウラ","prefecture_code":36},"0512":{"zip_code":"7750512","prefecture":"徳島県","prefecture_kana":"トクシマケン","city":"海部郡海陽町","city_kana":"カイフグンカイヨウチョウ","town":"宍喰浦","town_kana":"シシクイウラ","prefecture_code":36},"0501":{"zip_code":"7750501","prefecture":"徳島県","prefecture_kana":"トクシマケン","city":"海部郡海陽町","city_kana":"カイフグンカイヨウチョウ","town":"宍喰浦","town_kana":"シシクイウラ","prefecture_code":36},"0307":{"zip_code":"7750307","prefecture":"徳島県","prefecture_kana":"トクシマケン","city":"海部郡海陽町","city_kana":"カイフグンカイヨウチョウ","town":"芝","town_kana":"シバ","prefecture_code":36},"0202":{"zip_code":"7750202","prefecture":"徳島県","prefecture_kana":"トクシマケン","city":"海部郡海陽町","city_kana":"カイフグンカイヨウチョウ","town":"四方原","town_kana":"シホウハラ","prefecture_code":36},"0206":{"zip_code":"7750206","prefecture":"徳島県","prefecture_kana":"トクシマケン","city":"海部郡海陽町","city_kana":"カイフグンカイヨウチョウ","town":"熟田","town_kana":"ズクダ","prefecture_code":36},"0303":{"zip_code":"7750303","prefecture":"徳島県","prefecture_kana":"トクシマケン","city":"海部郡海陽町","city_kana":"カイフグンカイヨウチョウ","town":"高園","town_kana":"タカゾノ","prefecture_code":36},"0204":{"zip_code":"7750204","prefecture":"徳島県","prefecture_kana":"トクシマケン","city":"海部郡海陽町","city_kana":"カイフグンカイヨウチョウ","town":"多良","town_kana":"タラ","prefecture_code":36},"0309":{"zip_code":"7750309","prefecture":"徳島県","prefecture_kana":"トクシマケン","city":"海部郡海陽町","city_kana":"カイフグンカイヨウチョウ","town":"富田","town_kana":"トミダ","prefecture_code":36},"0301":{"zip_code":"7750301","prefecture":"徳島県","prefecture_kana":"トクシマケン","city":"海部郡海陽町","city_kana":"カイフグンカイヨウチョウ","town":"鞆浦","town_kana":"トモウラ","prefecture_code":36},"0305":{"zip_code":"7750305","prefecture":"徳島県","prefecture_kana":"トクシマケン","city":"海部郡海陽町","city_kana":"カイフグンカイヨウチョウ","town":"中山","town_kana":"ナカヤマ","prefecture_code":36},"0304":{"zip_code":"7750304","prefecture":"徳島県","prefecture_kana":"トクシマケン","city":"海部郡海陽町","city_kana":"カイフグンカイヨウチョウ","town":"野江","town_kana":"ノエ","prefecture_code":36},"0503":{"zip_code":"7750503","prefecture":"徳島県","prefecture_kana":"トクシマケン","city":"海部郡海陽町","city_kana":"カイフグンカイヨウチョウ","town":"日比原","town_kana":"ヒビハラ","prefecture_code":36},"0411":{"zip_code":"7750411","prefecture":"徳島県","prefecture_kana":"トクシマケン","city":"海部郡海陽町","city_kana":"カイフグンカイヨウチョウ","town":"平井","town_kana":"ヒライ","prefecture_code":36},"0507":{"zip_code":"7750507","prefecture":"徳島県","prefecture_kana":"トクシマケン","city":"海部郡海陽町","city_kana":"カイフグンカイヨウチョウ","town":"広岡","town_kana":"ヒロオカ","prefecture_code":36},"0510":{"zip_code":"7750510","prefecture":"徳島県","prefecture_kana":"トクシマケン","city":"海部郡海陽町","city_kana":"カイフグンカイヨウチョウ","town":"船津","town_kana":"フナツ","prefecture_code":36},"0308":{"zip_code":"7750308","prefecture":"徳島県","prefecture_kana":"トクシマケン","city":"海部郡海陽町","city_kana":"カイフグンカイヨウチョウ","town":"吉田","town_kana":"ヨシダ","prefecture_code":36},"0205":{"zip_code":"7750205","prefecture":"徳島県","prefecture_kana":"トクシマケン","city":"海部郡海陽町","city_kana":"カイフグンカイヨウチョウ","town":"吉野","town_kana":"ヨシノ","prefecture_code":36},"0414":{"zip_code":"7750414","prefecture":"徳島県","prefecture_kana":"トクシマケン","city":"海部郡海陽町","city_kana":"カイフグンカイヨウチョウ","town":"若松","town_kana":"ワカマツ","prefecture_code":36}}