{"0872":{"zip_code":"8070872","prefecture":"福岡県","prefecture_kana":"フクオカケン","city":"北九州市八幡西区","city_kana":"キタキュウシュウシヤハタニシク","town":"浅川","town_kana":"アサカワ","prefecture_code":40},"0877":{"zip_code":"8070877","prefecture":"福岡県","prefecture_kana":"フクオカケン","city":"北九州市八幡西区","city_kana":"キタキュウシュウシヤハタニシク","town":"浅川","town_kana":"アサカワ","prefecture_code":40},"0871":{"zip_code":"8070871","prefecture":"福岡県","prefecture_kana":"フクオカケン","city":"北九州市八幡西区","city_kana":"キタキュウシュウシヤハタニシク","town":"浅川学園台","town_kana":"アサカワガクエンダイ","prefecture_code":40},"0875":{"zip_code":"8070875","prefecture":"福岡県","prefecture_kana":"フクオカケン","city":"北九州市八幡西区","city_kana":"キタキュウシュウシヤハタニシク","town":"浅川台","town_kana":"アサカワダイ","prefecture_code":40},"0876":{"zip_code":"8070876","prefecture":"福岡県","prefecture_kana":"フクオカケン","city":"北九州市八幡西区","city_kana":"キタキュウシュウシヤハタニシク","town":"浅川日の峯","town_kana":"アサカワヒノミネ","prefecture_code":40},"0879":{"zip_code":"8070879","prefecture":"福岡県","prefecture_kana":"フクオカケン","city":"北九州市八幡西区","city_kana":"キタキュウシュウシヤハタニシク","town":"浅川町","town_kana":"アサカワマチ","prefecture_code":40},"1125":{"zip_code":"8071125","prefecture":"福岡県","prefecture_kana":"フクオカケン","city":"北九州市八幡西区","city_kana":"キタキュウシュウシヤハタニシク","town":"池田","town_kana":"イケダ","prefecture_code":40},"1121":{"zip_code":"8071121","prefecture":"福岡県","prefecture_kana":"フクオカケン","city":"北九州市八幡西区","city_kana":"キタキュウシュウシヤハタニシク","town":"石坂","town_kana":"イシサカ","prefecture_code":40},"0854":{"zip_code":"8070854","prefecture":"福岡県","prefecture_kana":"フクオカケン","city":"北九州市八幡西区","city_kana":"キタキュウシュウシヤハタニシク","town":"泉ケ浦","town_kana":"イズミガウラ","prefecture_code":40},"0804":{"zip_code":"8070804","prefecture":"福岡県","prefecture_kana":"フクオカケン","city":"北九州市八幡西区","city_kana":"キタキュウシュウシヤハタニシク","town":"医生ケ丘","town_kana":"イセイガオカ","prefecture_code":40},"1153":{"zip_code":"8071153","prefecture":"福岡県","prefecture_kana":"フクオカケン","city":"北九州市八幡西区","city_kana":"キタキュウシュウシヤハタニシク","town":"岩崎","town_kana":"イワサキ","prefecture_code":40},"0071":{"zip_code":"8070071","prefecture":"福岡県","prefecture_kana":"フクオカケン","city":"北九州市八幡西区","city_kana":"キタキュウシュウシヤハタニシク","town":"上の原","town_kana":"ウエノハル","prefecture_code":40},"0851":{"zip_code":"8070851","prefecture":"福岡県","prefecture_kana":"フクオカケン","city":"北九州市八幡西区","city_kana":"キタキュウシュウシヤハタニシク","town":"永犬丸","town_kana":"エイノマル","prefecture_code":40},"0842":{"zip_code":"8070842","prefecture":"福岡県","prefecture_kana":"フクオカケン","city":"北九州市八幡西区","city_kana":"キタキュウシュウシヤハタニシク","town":"永犬丸東町","town_kana":"エイノマルヒガシマチ","prefecture_code":40},"0852":{"zip_code":"8070852","prefecture":"福岡県","prefecture_kana":"フクオカケン","city":"北九州市八幡西区","city_kana":"キタキュウシュウシヤハタニシク","town":"永犬丸西町","town_kana":"エイノマルニシマチ","prefecture_code":40},"0845":{"zip_code":"8070845","prefecture":"福岡県","prefecture_kana":"フクオカケン","city":"北九州市八幡西区","city_kana":"キタキュウシュウシヤハタニシク","town":"永犬丸南町","town_kana":"エイノマルミナミマチ","prefecture_code":40},"0874":{"zip_code":"8070874","prefecture":"福岡県","prefecture_kana":"フクオカケン","city":"北九州市八幡西区","city_kana":"キタキュウシュウシヤハタニシク","town":"大浦","town_kana":"オオウラ","prefecture_code":40},"0083":{"zip_code":"8070083","prefecture":"福岡県","prefecture_kana":"フクオカケン","city":"北九州市八幡西区","city_kana":"キタキュウシュウシヤハタニシク","town":"大平","town_kana":"オオヒラ","prefecture_code":40},"0084":{"zip_code":"8070084","prefecture":"福岡県","prefecture_kana":"フクオカケン","city":"北九州市八幡西区","city_kana":"キタキュウシュウシヤハタニシク","town":"大平台","town_kana":"オオヒラダイ","prefecture_code":40},"0077":{"zip_code":"8070077","prefecture":"福岡県","prefecture_kana":"フクオカケン","city":"北九州市八幡西区","city_kana":"キタキュウシュウシヤハタニシク","town":"沖田","town_kana":"オキタ","prefecture_code":40},"0806":{"zip_code":"8070806","prefecture":"福岡県","prefecture_kana":"フクオカケン","city":"北九州市八幡西区","city_kana":"キタキュウシュウシヤハタニシク","town":"御開","town_kana":"オヒラキ","prefecture_code":40},"0825":{"zip_code":"8070825","prefecture":"福岡県","prefecture_kana":"フクオカケン","city":"北九州市八幡西区","city_kana":"キタキュウシュウシヤハタニシク","town":"折尾","town_kana":"オリオ","prefecture_code":40},"0864":{"zip_code":"8070864","prefecture":"福岡県","prefecture_kana":"フクオカケン","city":"北九州市八幡西区","city_kana":"キタキュウシュウシヤハタニシク","town":"折尾","town_kana":"オリオ","prefecture_code":40},"0844":{"zip_code":"8070844","prefecture":"福岡県","prefecture_kana":"フクオカケン","city":"北九州市八幡西区","city_kana":"キタキュウシュウシヤハタニシク","town":"春日台","town_kana":"カスガダイ","prefecture_code":40},"1102":{"zip_code":"8071102","prefecture":"福岡県","prefecture_kana":"フクオカケン","city":"北九州市八幡西区","city_kana":"キタキュウシュウシヤハタニシク","town":"香月中央","town_kana":"カツキチュウオウ","prefecture_code":40},"1103":{"zip_code":"8071103","prefecture":"福岡県","prefecture_kana":"フクオカケン","city":"北九州市八幡西区","city_kana":"キタキュウシュウシヤハタニシク","town":"香月西","town_kana":"カツキニシ","prefecture_code":40},"1101":{"zip_code":"8071101","prefecture":"福岡県","prefecture_kana":"フクオカケン","city":"北九州市八幡西区","city_kana":"キタキュウシュウシヤハタニシク","town":"上香月","town_kana":"カミカツキ","prefecture_code":40},"0072":{"zip_code":"8070072","prefecture":"福岡県","prefecture_kana":"フクオカケン","city":"北九州市八幡西区","city_kana":"キタキュウシュウシヤハタニシク","town":"上上津役","town_kana":"カミコウジャク","prefecture_code":40},"0834":{"zip_code":"8070834","prefecture":"福岡県","prefecture_kana":"フクオカケン","city":"北九州市八幡西区","city_kana":"キタキュウシュウシヤハタニシク","town":"北鷹見町","town_kana":"キタタカミマチ","prefecture_code":40},"1114":{"zip_code":"8071114","prefecture":"福岡県","prefecture_kana":"フクオカケン","city":"北九州市八幡西区","city_kana":"キタキュウシュウシヤハタニシク","town":"吉祥寺町","town_kana":"キッショウジマチ","prefecture_code":40},"0814":{"zip_code":"8070814","prefecture":"福岡県","prefecture_kana":"フクオカケン","city":"北九州市八幡西区","city_kana":"キタキュウシュウシヤハタニシク","town":"貴船台","town_kana":"キフネダイ","prefecture_code":40},"0812":{"zip_code":"8070812","prefecture":"福岡県","prefecture_kana":"フクオカケン","city":"北九州市八幡西区","city_kana":"キタキュウシュウシヤハタニシク","town":"洞南町","town_kana":"クキナミマチ","prefecture_code":40},"1154":{"zip_code":"8071154","prefecture":"福岡県","prefecture_kana":"フクオカケン","city":"北九州市八幡西区","city_kana":"キタキュウシュウシヤハタニシク","town":"楠北","town_kana":"クスキタ","prefecture_code":40},"0827":{"zip_code":"8070827","prefecture":"福岡県","prefecture_kana":"フクオカケン","city":"北九州市八幡西区","city_kana":"キタキュウシュウシヤハタニシク","town":"楠木","town_kana":"クスノキ","prefecture_code":40},"1151":{"zip_code":"8071151","prefecture":"福岡県","prefecture_kana":"フクオカケン","city":"北九州市八幡西区","city_kana":"キタキュウシュウシヤハタニシク","town":"楠橋","town_kana":"クスバシ","prefecture_code":40},"1141":{"zip_code":"8071141","prefecture":"福岡県","prefecture_kana":"フクオカケン","city":"北九州市八幡西区","city_kana":"キタキュウシュウシヤハタニシク","town":"楠橋上方","town_kana":"クスバシカミカタ","prefecture_code":40},"1146":{"zip_code":"8071146","prefecture":"福岡県","prefecture_kana":"フクオカケン","city":"北九州市八幡西区","city_kana":"キタキュウシュウシヤハタニシク","town":"楠橋下方","town_kana":"クスバシシモカタ","prefecture_code":40},"1142":{"zip_code":"8071142","prefecture":"福岡県","prefecture_kana":"フクオカケン","city":"北九州市八幡西区","city_kana":"キタキュウシュウシヤハタニシク","town":"楠橋東","town_kana":"クスバシヒガシ","prefecture_code":40},"1145":{"zip_code":"8071145","prefecture":"福岡県","prefecture_kana":"フクオカケン","city":"北九州市八幡西区","city_kana":"キタキュウシュウシヤハタニシク","town":"楠橋西","town_kana":"クスバシニシ","prefecture_code":40},"1143":{"zip_code":"8071143","prefecture":"福岡県","prefecture_kana":"フクオカケン","city":"北九州市八幡西区","city_kana":"キタキュウシュウシヤハタニシク","town":"楠橋南","town_kana":"クスバシミナミ","prefecture_code":40},"0824":{"zip_code":"8070824","prefecture":"福岡県","prefecture_kana":"フクオカケン","city":"北九州市八幡西区","city_kana":"キタキュウシュウシヤハタニシク","town":"光明","town_kana":"コウミョウ","prefecture_code":40},"0081":{"zip_code":"8070081","prefecture":"福岡県","prefecture_kana":"フクオカケン","city":"北九州市八幡西区","city_kana":"キタキュウシュウシヤハタニシク","town":"小嶺","town_kana":"コミネ","prefecture_code":40},"0082":{"zip_code":"8070082","prefecture":"福岡県","prefecture_kana":"フクオカケン","city":"北九州市八幡西区","city_kana":"キタキュウシュウシヤハタニシク","town":"小嶺台","town_kana":"コミネダイ","prefecture_code":40},"1261":{"zip_code":"8071261","prefecture":"福岡県","prefecture_kana":"フクオカケン","city":"北九州市八幡西区","city_kana":"キタキュウシュウシヤハタニシク","town":"木屋瀬","town_kana":"コヤノセ","prefecture_code":40},"1263":{"zip_code":"8071263","prefecture":"福岡県","prefecture_kana":"フクオカケン","city":"北九州市八幡西区","city_kana":"キタキュウシュウシヤハタニシク","town":"金剛","town_kana":"コンゴウ","prefecture_code":40},"1265":{"zip_code":"8071265","prefecture":"福岡県","prefecture_kana":"フクオカケン","city":"北九州市八幡西区","city_kana":"キタキュウシュウシヤハタニシク","town":"笹田","town_kana":"ササダ","prefecture_code":40},"0868":{"zip_code":"8070868","prefecture":"福岡県","prefecture_kana":"フクオカケン","city":"北九州市八幡西区","city_kana":"キタキュウシュウシヤハタニシク","town":"さつき台","town_kana":"サツキダイ","prefecture_code":40},"0846":{"zip_code":"8070846","prefecture":"福岡県","prefecture_kana":"フクオカケン","city":"北九州市八幡西区","city_kana":"キタキュウシュウシヤハタニシク","town":"里中","town_kana":"サトナカ","prefecture_code":40},"0843":{"zip_code":"8070843","prefecture":"福岡県","prefecture_kana":"フクオカケン","city":"北九州市八幡西区","city_kana":"キタキュウシュウシヤハタニシク","town":"三ケ森","town_kana":"サンガモリ","prefecture_code":40},"0075":{"zip_code":"8070075","prefecture":"福岡県","prefecture_kana":"フクオカケン","city":"北九州市八幡西区","city_kana":"キタキュウシュウシヤハタニシク","town":"下上津役","town_kana":"シモコウジャク","prefecture_code":40},"0076":{"zip_code":"8070076","prefecture":"福岡県","prefecture_kana":"フクオカケン","city":"北九州市八幡西区","city_kana":"キタキュウシュウシヤハタニシク","town":"下上津役元町","town_kana":"シモコウジャクモトマチ","prefecture_code":40},"1123":{"zip_code":"8071123","prefecture":"福岡県","prefecture_kana":"フクオカケン","city":"北九州市八幡西区","city_kana":"キタキュウシュウシヤハタニシク","town":"下畑町","town_kana":"シモハタマチ","prefecture_code":40},"0867":{"zip_code":"8070867","prefecture":"福岡県","prefecture_kana":"フクオカケン","city":"北九州市八幡西区","city_kana":"キタキュウシュウシヤハタニシク","town":"自由ケ丘","town_kana":"ジユウガオカ","prefecture_code":40},"0855":{"zip_code":"8070855","prefecture":"福岡県","prefecture_kana":"フクオカケン","city":"北九州市八幡西区","city_kana":"キタキュウシュウシヤハタニシク","town":"松寿山","town_kana":"ショウジュサン","prefecture_code":40},"1113":{"zip_code":"8071113","prefecture":"福岡県","prefecture_kana":"フクオカケン","city":"北九州市八幡西区","city_kana":"キタキュウシュウシヤハタニシク","town":"白岩町","town_kana":"シライワマチ","prefecture_code":40},"0821":{"zip_code":"8070821","prefecture":"福岡県","prefecture_kana":"フクオカケン","city":"北九州市八幡西区","city_kana":"キタキュウシュウシヤハタニシク","town":"陣原","town_kana":"ジンノハル","prefecture_code":40},"0822":{"zip_code":"8070822","prefecture":"福岡県","prefecture_kana":"フクオカケン","city":"北九州市八幡西区","city_kana":"キタキュウシュウシヤハタニシク","town":"瀬板","town_kana":"セイタ","prefecture_code":40},"0829":{"zip_code":"8070829","prefecture":"福岡県","prefecture_kana":"フクオカケン","city":"北九州市八幡西区","city_kana":"キタキュウシュウシヤハタニシク","town":"星和町","town_kana":"セイワマチ","prefecture_code":40},"0863":{"zip_code":"8070863","prefecture":"福岡県","prefecture_kana":"フクオカケン","city":"北九州市八幡西区","city_kana":"キタキュウシュウシヤハタニシク","town":"大膳","town_kana":"ダイゼン","prefecture_code":40},"1152":{"zip_code":"8071152","prefecture":"福岡県","prefecture_kana":"フクオカケン","city":"北九州市八幡西区","city_kana":"キタキュウシュウシヤハタニシク","town":"高江","town_kana":"タカエ","prefecture_code":40},"0853":{"zip_code":"8070853","prefecture":"福岡県","prefecture_kana":"フクオカケン","city":"北九州市八幡西区","city_kana":"キタキュウシュウシヤハタニシク","town":"鷹見台","town_kana":"タカミダイ","prefecture_code":40},"1134":{"zip_code":"8071134","prefecture":"福岡県","prefecture_kana":"フクオカケン","city":"北九州市八幡西区","city_kana":"キタキュウシュウシヤハタニシク","town":"茶屋の原","town_kana":"チャヤノハル","prefecture_code":40},"1112":{"zip_code":"8071112","prefecture":"福岡県","prefecture_kana":"フクオカケン","city":"北九州市八幡西区","city_kana":"キタキュウシュウシヤハタニシク","town":"千代","town_kana":"チヨ","prefecture_code":40},"0803":{"zip_code":"8070803","prefecture":"福岡県","prefecture_kana":"フクオカケン","city":"北九州市八幡西区","city_kana":"キタキュウシュウシヤハタニシク","town":"千代ケ崎","town_kana":"チヨガサキ","prefecture_code":40},"0832":{"zip_code":"8070832","prefecture":"福岡県","prefecture_kana":"フクオカケン","city":"北九州市八幡西区","city_kana":"キタキュウシュウシヤハタニシク","town":"東筑","town_kana":"トウチク","prefecture_code":40},"0085":{"zip_code":"8070085","prefecture":"福岡県","prefecture_kana":"フクオカケン","city":"北九州市八幡西区","city_kana":"キタキュウシュウシヤハタニシク","town":"塔野","town_kana":"トウノ","prefecture_code":40},"0811":{"zip_code":"8070811","prefecture":"福岡県","prefecture_kana":"フクオカケン","city":"北九州市八幡西区","city_kana":"キタキュウシュウシヤハタニシク","town":"洞北町","town_kana":"ドウホクマチ","prefecture_code":40},"0828":{"zip_code":"8070828","prefecture":"福岡県","prefecture_kana":"フクオカケン","city":"北九州市八幡西区","city_kana":"キタキュウシュウシヤハタニシク","town":"友田","town_kana":"トモダ","prefecture_code":40},"0823":{"zip_code":"8070823","prefecture":"福岡県","prefecture_kana":"フクオカケン","city":"北九州市八幡西区","city_kana":"キタキュウシュウシヤハタニシク","town":"中須","town_kana":"ナカス","prefecture_code":40},"0078":{"zip_code":"8070078","prefecture":"福岡県","prefecture_kana":"フクオカケン","city":"北九州市八幡西区","city_kana":"キタキュウシュウシヤハタニシク","town":"中の原","town_kana":"ナカノハル","prefecture_code":40},"0836":{"zip_code":"8070836","prefecture":"福岡県","prefecture_kana":"フクオカケン","city":"北九州市八幡西区","city_kana":"キタキュウシュウシヤハタニシク","town":"長崎町","town_kana":"ナガサキマチ","prefecture_code":40},"0862":{"zip_code":"8070862","prefecture":"福岡県","prefecture_kana":"フクオカケン","city":"北九州市八幡西区","city_kana":"キタキュウシュウシヤハタニシク","town":"西折尾町","town_kana":"ニシオリオマチ","prefecture_code":40},"1262":{"zip_code":"8071262","prefecture":"福岡県","prefecture_kana":"フクオカケン","city":"北九州市八幡西区","city_kana":"キタキュウシュウシヤハタニシク","town":"野面","town_kana":"ノブ","prefecture_code":40},"0831":{"zip_code":"8070831","prefecture":"福岡県","prefecture_kana":"フクオカケン","city":"北九州市八幡西区","city_kana":"キタキュウシュウシヤハタニシク","town":"則松","town_kana":"ノリマツ","prefecture_code":40},"0837":{"zip_code":"8070837","prefecture":"福岡県","prefecture_kana":"フクオカケン","city":"北九州市八幡西区","city_kana":"キタキュウシュウシヤハタニシク","town":"則松東","town_kana":"ノリマツヒガシ","prefecture_code":40},"1124":{"zip_code":"8071124","prefecture":"福岡県","prefecture_kana":"フクオカケン","city":"北九州市八幡西区","city_kana":"キタキュウシュウシヤハタニシク","town":"畑","town_kana":"ハタ","prefecture_code":40},"1136":{"zip_code":"8071136","prefecture":"福岡県","prefecture_kana":"フクオカケン","city":"北九州市八幡西区","city_kana":"キタキュウシュウシヤハタニシク","town":"馬場山","town_kana":"ババヤマ","prefecture_code":40},"1135":{"zip_code":"8071135","prefecture":"福岡県","prefecture_kana":"フクオカケン","city":"北九州市八幡西区","city_kana":"キタキュウシュウシヤハタニシク","town":"馬場山原","town_kana":"ババヤマハラ","prefecture_code":40},"1131":{"zip_code":"8071131","prefecture":"福岡県","prefecture_kana":"フクオカケン","city":"北九州市八幡西区","city_kana":"キタキュウシュウシヤハタニシク","town":"馬場山東","town_kana":"ババヤマヒガシ","prefecture_code":40},"1132":{"zip_code":"8071132","prefecture":"福岡県","prefecture_kana":"フクオカケン","city":"北九州市八幡西区","city_kana":"キタキュウシュウシヤハタニシク","town":"馬場山西","town_kana":"ババヤマニシ","prefecture_code":40},"1133":{"zip_code":"8071133","prefecture":"福岡県","prefecture_kana":"フクオカケン","city":"北九州市八幡西区","city_kana":"キタキュウシュウシヤハタニシク","town":"馬場山緑","town_kana":"ババヤマミドリ","prefecture_code":40},"1122":{"zip_code":"8071122","prefecture":"福岡県","prefecture_kana":"フクオカケン","city":"北九州市八幡西区","city_kana":"キタキュウシュウシヤハタニシク","town":"東石坂町","town_kana":"ヒガシイシザカマチ","prefecture_code":40},"0835":{"zip_code":"8070835","prefecture":"福岡県","prefecture_kana":"フクオカケン","city":"北九州市八幡西区","city_kana":"キタキュウシュウシヤハタニシク","town":"東折尾町","town_kana":"ヒガシオリオマチ","prefecture_code":40},"0866":{"zip_code":"8070866","prefecture":"福岡県","prefecture_kana":"フクオカケン","city":"北九州市八幡西区","city_kana":"キタキュウシュウシヤハタニシク","town":"日吉台","town_kana":"ヒヨシダイ","prefecture_code":40},"0873":{"zip_code":"8070873","prefecture":"福岡県","prefecture_kana":"フクオカケン","city":"北九州市八幡西区","city_kana":"キタキュウシュウシヤハタニシク","town":"藤原","town_kana":"フジワラ","prefecture_code":40},"1111":{"zip_code":"8071111","prefecture":"福岡県","prefecture_kana":"フクオカケン","city":"北九州市八幡西区","city_kana":"キタキュウシュウシヤハタニシク","town":"船越","town_kana":"フナコシ","prefecture_code":40},"0857":{"zip_code":"8070857","prefecture":"福岡県","prefecture_kana":"フクオカケン","city":"北九州市八幡西区","city_kana":"キタキュウシュウシヤハタニシク","town":"北筑","town_kana":"ホクチク","prefecture_code":40},"1264":{"zip_code":"8071264","prefecture":"福岡県","prefecture_kana":"フクオカケン","city":"北九州市八幡西区","city_kana":"キタキュウシュウシヤハタニシク","town":"星ケ丘","town_kana":"ホシガオカ","prefecture_code":40},"0861":{"zip_code":"8070861","prefecture":"福岡県","prefecture_kana":"フクオカケン","city":"北九州市八幡西区","city_kana":"キタキュウシュウシヤハタニシク","town":"堀川町","town_kana":"ホリカワマチ","prefecture_code":40},"0801":{"zip_code":"8070801","prefecture":"福岡県","prefecture_kana":"フクオカケン","city":"北九州市八幡西区","city_kana":"キタキュウシュウシヤハタニシク","town":"本城","town_kana":"ホンジョウ","prefecture_code":40},"0807":{"zip_code":"8070807","prefecture":"福岡県","prefecture_kana":"フクオカケン","city":"北九州市八幡西区","city_kana":"キタキュウシュウシヤハタニシク","town":"本城学研台","town_kana":"ホンジョウガッケンダイ","prefecture_code":40},"0815":{"zip_code":"8070815","prefecture":"福岡県","prefecture_kana":"フクオカケン","city":"北九州市八幡西区","city_kana":"キタキュウシュウシヤハタニシク","town":"本城東","town_kana":"ホンジョウヒガシ","prefecture_code":40},"0073":{"zip_code":"8070073","prefecture":"福岡県","prefecture_kana":"フクオカケン","city":"北九州市八幡西区","city_kana":"キタキュウシュウシヤハタニシク","town":"町上津役東","town_kana":"マチコウジャクヒガシ","prefecture_code":40},"0074":{"zip_code":"8070074","prefecture":"福岡県","prefecture_kana":"フクオカケン","city":"北九州市八幡西区","city_kana":"キタキュウシュウシヤハタニシク","town":"町上津役西","town_kana":"マチコウジャクニシ","prefecture_code":40},"0841":{"zip_code":"8070841","prefecture":"福岡県","prefecture_kana":"フクオカケン","city":"北九州市八幡西区","city_kana":"キタキュウシュウシヤハタニシク","town":"的場町","town_kana":"マトバマチ","prefecture_code":40},"1144":{"zip_code":"8071144","prefecture":"福岡県","prefecture_kana":"フクオカケン","city":"北九州市八幡西区","city_kana":"キタキュウシュウシヤハタニシク","town":"真名子","town_kana":"マナゴ","prefecture_code":40},"0826":{"zip_code":"8070826","prefecture":"福岡県","prefecture_kana":"フクオカケン","city":"北九州市八幡西区","city_kana":"キタキュウシュウシヤハタニシク","town":"丸尾町","town_kana":"マルオマチ","prefecture_code":40},"0878":{"zip_code":"8070878","prefecture":"福岡県","prefecture_kana":"フクオカケン","city":"北九州市八幡西区","city_kana":"キタキュウシュウシヤハタニシク","town":"三ツ頭","town_kana":"ミツガシラ","prefecture_code":40},"0805":{"zip_code":"8070805","prefecture":"福岡県","prefecture_kana":"フクオカケン","city":"北九州市八幡西区","city_kana":"キタキュウシュウシヤハタニシク","town":"光貞台","town_kana":"ミツサダダイ","prefecture_code":40},"0833":{"zip_code":"8070833","prefecture":"福岡県","prefecture_kana":"フクオカケン","city":"北九州市八幡西区","city_kana":"キタキュウシュウシヤハタニシク","town":"南鷹見町","town_kana":"ミナミタカミマチ","prefecture_code":40},"0847":{"zip_code":"8070847","prefecture":"福岡県","prefecture_kana":"フクオカケン","city":"北九州市八幡西区","city_kana":"キタキュウシュウシヤハタニシク","town":"美原町","town_kana":"ミハラマチ","prefecture_code":40},"0865":{"zip_code":"8070865","prefecture":"福岡県","prefecture_kana":"フクオカケン","city":"北九州市八幡西区","city_kana":"キタキュウシュウシヤハタニシク","town":"美吉野町","town_kana":"ミヨシノマチ","prefecture_code":40},"1115":{"zip_code":"8071115","prefecture":"福岡県","prefecture_kana":"フクオカケン","city":"北九州市八幡西区","city_kana":"キタキュウシュウシヤハタニシク","town":"椋枝","town_kana":"ムクエダ","prefecture_code":40},"0856":{"zip_code":"8070856","prefecture":"福岡県","prefecture_kana":"フクオカケン","city":"北九州市八幡西区","city_kana":"キタキュウシュウシヤハタニシク","town":"八枝","town_kana":"ヤツエ","prefecture_code":40},"0813":{"zip_code":"8070813","prefecture":"福岡県","prefecture_kana":"フクオカケン","city":"北九州市八幡西区","city_kana":"キタキュウシュウシヤハタニシク","town":"夕原町","town_kana":"ユウバルマチ","prefecture_code":40},"0802":{"zip_code":"8070802","prefecture":"福岡県","prefecture_kana":"フクオカケン","city":"北九州市八幡西区","city_kana":"キタキュウシュウシヤハタニシク","town":"力丸町","town_kana":"リキマルマチ","prefecture_code":40},"0100":{"zip_code":"8070100","prefecture":"福岡県","prefecture_kana":"フクオカケン","city":"遠賀郡芦屋町","city_kana":"オンガグンアシヤマチ","town":"","town_kana":"","prefecture_code":40},"0133":{"zip_code":"8070133","prefecture":"福岡県","prefecture_kana":"フクオカケン","city":"遠賀郡芦屋町","city_kana":"オンガグンアシヤマチ","town":"芦屋","town_kana":"アシヤ","prefecture_code":40},"0142":{"zip_code":"8070142","prefecture":"福岡県","prefecture_kana":"フクオカケン","city":"遠賀郡芦屋町","city_kana":"オンガグンアシヤマチ","town":"江川台","town_kana":"エガワダイ","prefecture_code":40},"0123":{"zip_code":"8070123","prefecture":"福岡県","prefecture_kana":"フクオカケン","city":"遠賀郡芦屋町","city_kana":"オンガグンアシヤマチ","town":"祇園町","town_kana":"ギオンマチ","prefecture_code":40},"0101":{"zip_code":"8070101","prefecture":"福岡県","prefecture_kana":"フクオカケン","city":"遠賀郡芦屋町","city_kana":"オンガグンアシヤマチ","town":"幸町","town_kana":"サイワイマチ","prefecture_code":40},"0111":{"zip_code":"8070111","prefecture":"福岡県","prefecture_kana":"フクオカケン","city":"遠賀郡芦屋町","city_kana":"オンガグンアシヤマチ","town":"白浜町","town_kana":"シラハママチ","prefecture_code":40},"0112":{"zip_code":"8070112","prefecture":"福岡県","prefecture_kana":"フクオカケン","city":"遠賀郡芦屋町","city_kana":"オンガグンアシヤマチ","town":"正門町","town_kana":"セイモンマチ","prefecture_code":40},"0121":{"zip_code":"8070121","prefecture":"福岡県","prefecture_kana":"フクオカケン","city":"遠賀郡芦屋町","city_kana":"オンガグンアシヤマチ","town":"船頭町","town_kana":"センドウマチ","prefecture_code":40},"0122":{"zip_code":"8070122","prefecture":"福岡県","prefecture_kana":"フクオカケン","city":"遠賀郡芦屋町","city_kana":"オンガグンアシヤマチ","town":"高浜町","town_kana":"タカハママチ","prefecture_code":40},"0113":{"zip_code":"8070113","prefecture":"福岡県","prefecture_kana":"フクオカケン","city":"遠賀郡芦屋町","city_kana":"オンガグンアシヤマチ","town":"中ノ浜","town_kana":"ナカノハマ","prefecture_code":40},"0102":{"zip_code":"8070102","prefecture":"福岡県","prefecture_kana":"フクオカケン","city":"遠賀郡芦屋町","city_kana":"オンガグンアシヤマチ","town":"西浜町","town_kana":"ニシハママチ","prefecture_code":40},"0143":{"zip_code":"8070143","prefecture":"福岡県","prefecture_kana":"フクオカケン","city":"遠賀郡芦屋町","city_kana":"オンガグンアシヤマチ","town":"花美坂","town_kana":"ハナミザカ","prefecture_code":40},"0132":{"zip_code":"8070132","prefecture":"福岡県","prefecture_kana":"フクオカケン","city":"遠賀郡芦屋町","city_kana":"オンガグンアシヤマチ","town":"浜口町","town_kana":"ハマグチマチ","prefecture_code":40},"0131":{"zip_code":"8070131","prefecture":"福岡県","prefecture_kana":"フクオカケン","city":"遠賀郡芦屋町","city_kana":"オンガグンアシヤマチ","town":"緑ケ丘","town_kana":"ミドリガオカ","prefecture_code":40},"0141":{"zip_code":"8070141","prefecture":"福岡県","prefecture_kana":"フクオカケン","city":"遠賀郡芦屋町","city_kana":"オンガグンアシヤマチ","town":"山鹿","town_kana":"ヤマガ","prefecture_code":40},"0000":{"zip_code":"8070000","prefecture":"福岡県","prefecture_kana":"フクオカケン","city":"遠賀郡水巻町","city_kana":"オンガグンミズマキマチ","town":"","town_kana":"","prefecture_code":40},"0056":{"zip_code":"8070056","prefecture":"福岡県","prefecture_kana":"フクオカケン","city":"遠賀郡水巻町","city_kana":"オンガグンミズマキマチ","town":"伊左座","town_kana":"イサザ","prefecture_code":40},"0001":{"zip_code":"8070001","prefecture":"福岡県","prefecture_kana":"フクオカケン","city":"遠賀郡水巻町","city_kana":"オンガグンミズマキマチ","town":"猪熊","town_kana":"イノクマ","prefecture_code":40},"0006":{"zip_code":"8070006","prefecture":"福岡県","prefecture_kana":"フクオカケン","city":"遠賀郡水巻町","city_kana":"オンガグンミズマキマチ","town":"梅ノ木団地","town_kana":"ウメノキダンチ","prefecture_code":40},"0031":{"zip_code":"8070031","prefecture":"福岡県","prefecture_kana":"フクオカケン","city":"遠賀郡水巻町","city_kana":"オンガグンミズマキマチ","town":"杁","town_kana":"エブリ","prefecture_code":40},"0003":{"zip_code":"8070003","prefecture":"福岡県","prefecture_kana":"フクオカケン","city":"遠賀郡水巻町","city_kana":"オンガグンミズマキマチ","town":"おかの台","town_kana":"オカノダイ","prefecture_code":40},"0047":{"zip_code":"8070047","prefecture":"福岡県","prefecture_kana":"フクオカケン","city":"遠賀郡水巻町","city_kana":"オンガグンミズマキマチ","town":"鯉口","town_kana":"コイグチ","prefecture_code":40},"0012":{"zip_code":"8070012","prefecture":"福岡県","prefecture_kana":"フクオカケン","city":"遠賀郡水巻町","city_kana":"オンガグンミズマキマチ","town":"古賀","town_kana":"コガ","prefecture_code":40},"0021":{"zip_code":"8070021","prefecture":"福岡県","prefecture_kana":"フクオカケン","city":"遠賀郡水巻町","city_kana":"オンガグンミズマキマチ","town":"頃末","town_kana":"コロスエ","prefecture_code":40},"0022":{"zip_code":"8070022","prefecture":"福岡県","prefecture_kana":"フクオカケン","city":"遠賀郡水巻町","city_kana":"オンガグンミズマキマチ","town":"頃末北","town_kana":"コロスエキタ","prefecture_code":40},"0025":{"zip_code":"8070025","prefecture":"福岡県","prefecture_kana":"フクオカケン","city":"遠賀郡水巻町","city_kana":"オンガグンミズマキマチ","town":"頃末南","town_kana":"コロスエミナミ","prefecture_code":40},"0043":{"zip_code":"8070043","prefecture":"福岡県","prefecture_kana":"フクオカケン","city":"遠賀郡水巻町","city_kana":"オンガグンミズマキマチ","town":"下二","town_kana":"シモフタ","prefecture_code":40},"0053":{"zip_code":"8070053","prefecture":"福岡県","prefecture_kana":"フクオカケン","city":"遠賀郡水巻町","city_kana":"オンガグンミズマキマチ","town":"下二東","town_kana":"シモフタヒガシ","prefecture_code":40},"0052":{"zip_code":"8070052","prefecture":"福岡県","prefecture_kana":"フクオカケン","city":"遠賀郡水巻町","city_kana":"オンガグンミズマキマチ","town":"下二西","town_kana":"シモフタニシ","prefecture_code":40},"0024":{"zip_code":"8070024","prefecture":"福岡県","prefecture_kana":"フクオカケン","city":"遠賀郡水巻町","city_kana":"オンガグンミズマキマチ","town":"高尾","town_kana":"タカオ","prefecture_code":40},"0005":{"zip_code":"8070005","prefecture":"福岡県","prefecture_kana":"フクオカケン","city":"遠賀郡水巻町","city_kana":"オンガグンミズマキマチ","town":"高松","town_kana":"タカマツ","prefecture_code":40},"0051":{"zip_code":"8070051","prefecture":"福岡県","prefecture_kana":"フクオカケン","city":"遠賀郡水巻町","city_kana":"オンガグンミズマキマチ","town":"立屋敷","town_kana":"タテヤシキ","prefecture_code":40},"0023":{"zip_code":"8070023","prefecture":"福岡県","prefecture_kana":"フクオカケン","city":"遠賀郡水巻町","city_kana":"オンガグンミズマキマチ","town":"中央","town_kana":"チュウオウ","prefecture_code":40},"0002":{"zip_code":"8070002","prefecture":"福岡県","prefecture_kana":"フクオカケン","city":"遠賀郡水巻町","city_kana":"オンガグンミズマキマチ","town":"樋口","town_kana":"ヒグチ","prefecture_code":40},"0004":{"zip_code":"8070004","prefecture":"福岡県","prefecture_kana":"フクオカケン","city":"遠賀郡水巻町","city_kana":"オンガグンミズマキマチ","town":"樋口東","town_kana":"ヒグチヒガシ","prefecture_code":40},"0054":{"zip_code":"8070054","prefecture":"福岡県","prefecture_kana":"フクオカケン","city":"遠賀郡水巻町","city_kana":"オンガグンミズマキマチ","town":"二東","town_kana":"フタヒガシ","prefecture_code":40},"0055":{"zip_code":"8070055","prefecture":"福岡県","prefecture_kana":"フクオカケン","city":"遠賀郡水巻町","city_kana":"オンガグンミズマキマチ","town":"二西","town_kana":"フタニシ","prefecture_code":40},"0011":{"zip_code":"8070011","prefecture":"福岡県","prefecture_kana":"フクオカケン","city":"遠賀郡水巻町","city_kana":"オンガグンミズマキマチ","town":"緑ケ丘","town_kana":"ミドリガオカ","prefecture_code":40},"0041":{"zip_code":"8070041","prefecture":"福岡県","prefecture_kana":"フクオカケン","city":"遠賀郡水巻町","city_kana":"オンガグンミズマキマチ","town":"宮尾台","town_kana":"ミヤオダイ","prefecture_code":40},"0044":{"zip_code":"8070044","prefecture":"福岡県","prefecture_kana":"フクオカケン","city":"遠賀郡水巻町","city_kana":"オンガグンミズマキマチ","town":"美吉野","town_kana":"ミヨシノ","prefecture_code":40},"0007":{"zip_code":"8070007","prefecture":"福岡県","prefecture_kana":"フクオカケン","city":"遠賀郡水巻町","city_kana":"オンガグンミズマキマチ","town":"牟田","town_kana":"ムタ","prefecture_code":40},"0042":[{"zip_code":"8070042","prefecture":"福岡県","prefecture_kana":"フクオカケン","city":"遠賀郡水巻町","city_kana":"オンガグンミズマキマチ","town":"吉田","town_kana":"ヨシダ","prefecture_code":40},{"zip_code":"8070042","prefecture":"福岡県","prefecture_kana":"フクオカケン","city":"遠賀郡水巻町","city_kana":"オンガグンミズマキマチ","town":"吉田団地","town_kana":"ヨシダダンチ","prefecture_code":40}],"0046":{"zip_code":"8070046","prefecture":"福岡県","prefecture_kana":"フクオカケン","city":"遠賀郡水巻町","city_kana":"オンガグンミズマキマチ","town":"吉田西","town_kana":"ヨシダニシ","prefecture_code":40},"0045":{"zip_code":"8070045","prefecture":"福岡県","prefecture_kana":"フクオカケン","city":"遠賀郡水巻町","city_kana":"オンガグンミズマキマチ","town":"吉田東","town_kana":"ヨシダヒガシ","prefecture_code":40},"0048":{"zip_code":"8070048","prefecture":"福岡県","prefecture_kana":"フクオカケン","city":"遠賀郡水巻町","city_kana":"オンガグンミズマキマチ","town":"吉田南","town_kana":"ヨシダミナミ","prefecture_code":40},"1300":{"zip_code":"8071300","prefecture":"福岡県","prefecture_kana":"フクオカケン","city":"鞍手郡鞍手町","city_kana":"クラテグンクラテマチ","town":"","town_kana":"","prefecture_code":40},"1301":{"zip_code":"8071301","prefecture":"福岡県","prefecture_kana":"フクオカケン","city":"鞍手郡鞍手町","city_kana":"クラテグンクラテマチ","town":"猪倉","town_kana":"イノクラ","prefecture_code":40},"1311":{"zip_code":"8071311","prefecture":"福岡県","prefecture_kana":"フクオカケン","city":"鞍手郡鞍手町","city_kana":"クラテグンクラテマチ","town":"小牧","town_kana":"オマキ","prefecture_code":40},"1302":{"zip_code":"8071302","prefecture":"福岡県","prefecture_kana":"フクオカケン","city":"鞍手郡鞍手町","city_kana":"クラテグンクラテマチ","town":"上木月","town_kana":"カミキヅキ","prefecture_code":40},"1303":{"zip_code":"8071303","prefecture":"福岡県","prefecture_kana":"フクオカケン","city":"鞍手郡鞍手町","city_kana":"クラテグンクラテマチ","town":"木月","town_kana":"キヅキ","prefecture_code":40},"1312":{"zip_code":"8071312","prefecture":"福岡県","prefecture_kana":"フクオカケン","city":"鞍手郡鞍手町","city_kana":"クラテグンクラテマチ","town":"中山","town_kana":"ナカヤマ","prefecture_code":40},"1304":{"zip_code":"8071304","prefecture":"福岡県","prefecture_kana":"フクオカケン","city":"鞍手郡鞍手町","city_kana":"クラテグンクラテマチ","town":"永谷","town_kana":"ナガタニ","prefecture_code":40},"1313":{"zip_code":"8071313","prefecture":"福岡県","prefecture_kana":"フクオカケン","city":"鞍手郡鞍手町","city_kana":"クラテグンクラテマチ","town":"新北","town_kana":"ニギタ","prefecture_code":40},"1305":{"zip_code":"8071305","prefecture":"福岡県","prefecture_kana":"フクオカケン","city":"鞍手郡鞍手町","city_kana":"クラテグンクラテマチ","town":"新延","town_kana":"ニノブ","prefecture_code":40},"1314":{"zip_code":"8071314","prefecture":"福岡県","prefecture_kana":"フクオカケン","city":"鞍手郡鞍手町","city_kana":"クラテグンクラテマチ","town":"長谷","town_kana":"ハセ","prefecture_code":40},"1306":{"zip_code":"8071306","prefecture":"福岡県","prefecture_kana":"フクオカケン","city":"鞍手郡鞍手町","city_kana":"クラテグンクラテマチ","town":"古門","town_kana":"フルモン","prefecture_code":40},"1307":{"zip_code":"8071307","prefecture":"福岡県","prefecture_kana":"フクオカケン","city":"鞍手郡鞍手町","city_kana":"クラテグンクラテマチ","town":"室木","town_kana":"ムロキ","prefecture_code":40},"1308":{"zip_code":"8071308","prefecture":"福岡県","prefecture_kana":"フクオカケン","city":"鞍手郡鞍手町","city_kana":"クラテグンクラテマチ","town":"八尋","town_kana":"ヤヒロ","prefecture_code":40},"1315":{"zip_code":"8071315","prefecture":"福岡県","prefecture_kana":"フクオカケン","city":"鞍手郡鞍手町","city_kana":"クラテグンクラテマチ","town":"弥生","town_kana":"ヤヨイ","prefecture_code":40}}