{"0000":{"zip_code":"8170000","prefecture":"長崎県","prefecture_kana":"ナガサキケン","city":"対馬市","city_kana":"ツシマシ","town":"","town_kana":"","prefecture_code":42},"0034":{"zip_code":"8170034","prefecture":"長崎県","prefecture_kana":"ナガサキケン","city":"対馬市","city_kana":"ツシマシ","town":"厳原町安神","town_kana":"イヅハラマチアガミ","prefecture_code":42},"0153":{"zip_code":"8170153","prefecture":"長崎県","prefecture_kana":"ナガサキケン","city":"対馬市","city_kana":"ツシマシ","town":"厳原町浅藻","town_kana":"イヅハラマチアザモ","prefecture_code":42},"0241":{"zip_code":"8170241","prefecture":"長崎県","prefecture_kana":"ナガサキケン","city":"対馬市","city_kana":"ツシマシ","town":"厳原町阿連","town_kana":"イヅハラマチアレ","prefecture_code":42},"0021":{"zip_code":"8170021","prefecture":"長崎県","prefecture_kana":"ナガサキケン","city":"対馬市","city_kana":"ツシマシ","town":"厳原町今屋敷","town_kana":"イヅハラマチイマヤシキ","prefecture_code":42},"0157":{"zip_code":"8170157","prefecture":"長崎県","prefecture_kana":"ナガサキケン","city":"対馬市","city_kana":"ツシマシ","town":"厳原町内山","town_kana":"イヅハラマチウチヤマ","prefecture_code":42},"0033":{"zip_code":"8170033","prefecture":"長崎県","prefecture_kana":"ナガサキケン","city":"対馬市","city_kana":"ツシマシ","town":"厳原町尾浦","town_kana":"イヅハラマチオウラ","prefecture_code":42},"0024":{"zip_code":"8170024","prefecture":"長崎県","prefecture_kana":"ナガサキケン","city":"対馬市","city_kana":"ツシマシ","town":"厳原町大手橋","town_kana":"イヅハラマチオオテバシ","prefecture_code":42},"0243":{"zip_code":"8170243","prefecture":"長崎県","prefecture_kana":"ナガサキケン","city":"対馬市","city_kana":"ツシマシ","town":"厳原町樫根","town_kana":"イヅハラマチカシネ","prefecture_code":42},"0006":{"zip_code":"8170006","prefecture":"長崎県","prefecture_kana":"ナガサキケン","city":"対馬市","city_kana":"ツシマシ","town":"厳原町北里","town_kana":"イヅハラマチキタザト","prefecture_code":42},"0032":{"zip_code":"8170032","prefecture":"長崎県","prefecture_kana":"ナガサキケン","city":"対馬市","city_kana":"ツシマシ","town":"厳原町久田","town_kana":"イヅハラマチクタ","prefecture_code":42},"0031":{"zip_code":"8170031","prefecture":"長崎県","prefecture_kana":"ナガサキケン","city":"対馬市","city_kana":"ツシマシ","town":"厳原町久田道","town_kana":"イヅハラマチクタミチ","prefecture_code":42},"0245":{"zip_code":"8170245","prefecture":"長崎県","prefecture_kana":"ナガサキケン","city":"対馬市","city_kana":"ツシマシ","town":"厳原町久根田舎","town_kana":"イヅハラマチクネイナカ","prefecture_code":42},"0244":{"zip_code":"8170244","prefecture":"長崎県","prefecture_kana":"ナガサキケン","city":"対馬市","city_kana":"ツシマシ","town":"厳原町久根浜","town_kana":"イヅハラマチクネハマ","prefecture_code":42},"0035":{"zip_code":"8170035","prefecture":"長崎県","prefecture_kana":"ナガサキケン","city":"対馬市","city_kana":"ツシマシ","town":"厳原町久和","town_kana":"イヅハラマチクワ","prefecture_code":42},"0246":{"zip_code":"8170246","prefecture":"長崎県","prefecture_kana":"ナガサキケン","city":"対馬市","city_kana":"ツシマシ","town":"厳原町上槻","town_kana":"イヅハラマチコウツキ","prefecture_code":42},"0001":{"zip_code":"8170001","prefecture":"長崎県","prefecture_kana":"ナガサキケン","city":"対馬市","city_kana":"ツシマシ","town":"厳原町小浦","town_kana":"イヅハラマチコウラ","prefecture_code":42},"0022":{"zip_code":"8170022","prefecture":"長崎県","prefecture_kana":"ナガサキケン","city":"対馬市","city_kana":"ツシマシ","town":"厳原町国分","town_kana":"イヅハラマチコクブ","prefecture_code":42},"0248":{"zip_code":"8170248","prefecture":"長崎県","prefecture_kana":"ナガサキケン","city":"対馬市","city_kana":"ツシマシ","town":"厳原町小茂田","town_kana":"イヅハラマチコモダ","prefecture_code":42},"0005":{"zip_code":"8170005","prefecture":"長崎県","prefecture_kana":"ナガサキケン","city":"対馬市","city_kana":"ツシマシ","town":"厳原町桟原","town_kana":"イヅハラマチサジキバラ","prefecture_code":42},"0156":{"zip_code":"8170156","prefecture":"長崎県","prefecture_kana":"ナガサキケン","city":"対馬市","city_kana":"ツシマシ","town":"厳原町佐須瀬","town_kana":"イヅハラマチサスセ","prefecture_code":42},"0247":{"zip_code":"8170247","prefecture":"長崎県","prefecture_kana":"ナガサキケン","city":"対馬市","city_kana":"ツシマシ","town":"厳原町椎根","town_kana":"イヅハラマチシイネ","prefecture_code":42},"0242":{"zip_code":"8170242","prefecture":"長崎県","prefecture_kana":"ナガサキケン","city":"対馬市","city_kana":"ツシマシ","town":"厳原町下原","town_kana":"イヅハラマチシモバル","prefecture_code":42},"0023":{"zip_code":"8170023","prefecture":"長崎県","prefecture_kana":"ナガサキケン","city":"対馬市","city_kana":"ツシマシ","town":"厳原町田渕","town_kana":"イヅハラマチタブチ","prefecture_code":42},"0154":{"zip_code":"8170154","prefecture":"長崎県","prefecture_kana":"ナガサキケン","city":"対馬市","city_kana":"ツシマシ","town":"厳原町豆酘","town_kana":"イヅハラマチツツ","prefecture_code":42},"0155":{"zip_code":"8170155","prefecture":"長崎県","prefecture_kana":"ナガサキケン","city":"対馬市","city_kana":"ツシマシ","town":"厳原町豆酘瀬","town_kana":"イヅハラマチツツセ","prefecture_code":42},"0152":{"zip_code":"8170152","prefecture":"長崎県","prefecture_kana":"ナガサキケン","city":"対馬市","city_kana":"ツシマシ","town":"厳原町豆酘内院","town_kana":"イヅハラマチツツナイイン","prefecture_code":42},"0014":{"zip_code":"8170014","prefecture":"長崎県","prefecture_kana":"ナガサキケン","city":"対馬市","city_kana":"ツシマシ","town":"厳原町天道茂","town_kana":"イヅハラマチテンドウシゲ","prefecture_code":42},"0013":{"zip_code":"8170013","prefecture":"長崎県","prefecture_kana":"ナガサキケン","city":"対馬市","city_kana":"ツシマシ","town":"厳原町中村","town_kana":"イヅハラマチナカムラ","prefecture_code":42},"0003":{"zip_code":"8170003","prefecture":"長崎県","prefecture_kana":"ナガサキケン","city":"対馬市","city_kana":"ツシマシ","town":"厳原町南室","town_kana":"イヅハラマチナムロ","prefecture_code":42},"0015":{"zip_code":"8170015","prefecture":"長崎県","prefecture_kana":"ナガサキケン","city":"対馬市","city_kana":"ツシマシ","town":"厳原町西里","town_kana":"イヅハラマチニシザト","prefecture_code":42},"0016":{"zip_code":"8170016","prefecture":"長崎県","prefecture_kana":"ナガサキケン","city":"対馬市","city_kana":"ツシマシ","town":"厳原町東里","town_kana":"イヅハラマチヒガシザト","prefecture_code":42},"0012":{"zip_code":"8170012","prefecture":"長崎県","prefecture_kana":"ナガサキケン","city":"対馬市","city_kana":"ツシマシ","town":"厳原町日吉","town_kana":"イヅハラマチヒヨシ","prefecture_code":42},"0002":{"zip_code":"8170002","prefecture":"長崎県","prefecture_kana":"ナガサキケン","city":"対馬市","city_kana":"ツシマシ","town":"厳原町曲","town_kana":"イヅハラマチマガリ","prefecture_code":42},"0011":{"zip_code":"8170011","prefecture":"長崎県","prefecture_kana":"ナガサキケン","city":"対馬市","city_kana":"ツシマシ","town":"厳原町宮谷","town_kana":"イヅハラマチミヤダニ","prefecture_code":42},"0151":{"zip_code":"8170151","prefecture":"長崎県","prefecture_kana":"ナガサキケン","city":"対馬市","city_kana":"ツシマシ","town":"厳原町与良内院","town_kana":"イヅハラマチヨラナイイン","prefecture_code":42},"1532":{"zip_code":"8171532","prefecture":"長崎県","prefecture_kana":"ナガサキケン","city":"対馬市","city_kana":"ツシマシ","town":"上県町伊奈","town_kana":"カミアガタマチイナ","prefecture_code":42},"1524":{"zip_code":"8171524","prefecture":"長崎県","prefecture_kana":"ナガサキケン","city":"対馬市","city_kana":"ツシマシ","town":"上県町犬ケ浦","town_kana":"カミアガタマチイヌガウラ","prefecture_code":42},"1513":{"zip_code":"8171513","prefecture":"長崎県","prefecture_kana":"ナガサキケン","city":"対馬市","city_kana":"ツシマシ","town":"上県町女連","town_kana":"カミアガタマチウナツラ","prefecture_code":42},"1521":{"zip_code":"8171521","prefecture":"長崎県","prefecture_kana":"ナガサキケン","city":"対馬市","city_kana":"ツシマシ","town":"上県町飼所","town_kana":"カミアガタマチカイドコロ","prefecture_code":42},"1522":{"zip_code":"8171522","prefecture":"長崎県","prefecture_kana":"ナガサキケン","city":"対馬市","city_kana":"ツシマシ","town":"上県町樫滝","town_kana":"カミアガタマチカシタキ","prefecture_code":42},"1512":{"zip_code":"8171512","prefecture":"長崎県","prefecture_kana":"ナガサキケン","city":"対馬市","city_kana":"ツシマシ","town":"上県町久原","town_kana":"カミアガタマチクバラ","prefecture_code":42},"1531":{"zip_code":"8171531","prefecture":"長崎県","prefecture_kana":"ナガサキケン","city":"対馬市","city_kana":"ツシマシ","town":"上県町越高","town_kana":"カミアガタマチコシタカ","prefecture_code":42},"1603":{"zip_code":"8171603","prefecture":"長崎県","prefecture_kana":"ナガサキケン","city":"対馬市","city_kana":"ツシマシ","town":"上県町佐護","town_kana":"カミアガタマチサゴ","prefecture_code":42},"1602":{"zip_code":"8171602","prefecture":"長崎県","prefecture_kana":"ナガサキケン","city":"対馬市","city_kana":"ツシマシ","town":"上県町佐須奈","town_kana":"カミアガタマチサスナ","prefecture_code":42},"1511":{"zip_code":"8171511","prefecture":"長崎県","prefecture_kana":"ナガサキケン","city":"対馬市","city_kana":"ツシマシ","town":"上県町鹿見","town_kana":"カミアガタマチシシミ","prefecture_code":42},"1533":{"zip_code":"8171533","prefecture":"長崎県","prefecture_kana":"ナガサキケン","city":"対馬市","city_kana":"ツシマシ","town":"上県町志多留","town_kana":"カミアガタマチシタル","prefecture_code":42},"1523":{"zip_code":"8171523","prefecture":"長崎県","prefecture_kana":"ナガサキケン","city":"対馬市","city_kana":"ツシマシ","town":"上県町瀬田","town_kana":"カミアガタマチセタ","prefecture_code":42},"1601":{"zip_code":"8171601","prefecture":"長崎県","prefecture_kana":"ナガサキケン","city":"対馬市","city_kana":"ツシマシ","town":"上県町西津屋","town_kana":"カミアガタマチニシツヤ","prefecture_code":42},"1525":{"zip_code":"8171525","prefecture":"長崎県","prefecture_kana":"ナガサキケン","city":"対馬市","city_kana":"ツシマシ","town":"上県町御園","town_kana":"カミアガタマチミソ","prefecture_code":42},"2243":{"zip_code":"8172243","prefecture":"長崎県","prefecture_kana":"ナガサキケン","city":"対馬市","city_kana":"ツシマシ","town":"上対馬町芦見","town_kana":"カミツシママチアシミ","prefecture_code":42},"1704":{"zip_code":"8171704","prefecture":"長崎県","prefecture_kana":"ナガサキケン","city":"対馬市","city_kana":"ツシマシ","town":"上対馬町網代","town_kana":"カミツシママチアジロ","prefecture_code":42},"1725":{"zip_code":"8171725","prefecture":"長崎県","prefecture_kana":"ナガサキケン","city":"対馬市","city_kana":"ツシマシ","town":"上対馬町泉","town_kana":"カミツシママチイズミ","prefecture_code":42},"1722":{"zip_code":"8171722","prefecture":"長崎県","prefecture_kana":"ナガサキケン","city":"対馬市","city_kana":"ツシマシ","town":"上対馬町大浦","town_kana":"カミツシママチオオウラ","prefecture_code":42},"1715":{"zip_code":"8171715","prefecture":"長崎県","prefecture_kana":"ナガサキケン","city":"対馬市","city_kana":"ツシマシ","town":"上対馬町大増","town_kana":"カミツシママチオオマス","prefecture_code":42},"2241":{"zip_code":"8172241","prefecture":"長崎県","prefecture_kana":"ナガサキケン","city":"対馬市","city_kana":"ツシマシ","town":"上対馬町小鹿","town_kana":"カミツシママチオシカ","prefecture_code":42},"1721":{"zip_code":"8171721","prefecture":"長崎県","prefecture_kana":"ナガサキケン","city":"対馬市","city_kana":"ツシマシ","town":"上対馬町河内","town_kana":"カミツシママチカワチ","prefecture_code":42},"2331":{"zip_code":"8172331","prefecture":"長崎県","prefecture_kana":"ナガサキケン","city":"対馬市","city_kana":"ツシマシ","town":"上対馬町琴","town_kana":"カミツシママチキン","prefecture_code":42},"1714":{"zip_code":"8171714","prefecture":"長崎県","prefecture_kana":"ナガサキケン","city":"対馬市","city_kana":"ツシマシ","town":"上対馬町玖須","town_kana":"カミツシママチクス","prefecture_code":42},"2332":{"zip_code":"8172332","prefecture":"長崎県","prefecture_kana":"ナガサキケン","city":"対馬市","city_kana":"ツシマシ","town":"上対馬町五根緒","town_kana":"カミツシママチゴネオ","prefecture_code":42},"2333":{"zip_code":"8172333","prefecture":"長崎県","prefecture_kana":"ナガサキケン","city":"対馬市","city_kana":"ツシマシ","town":"上対馬町舟志","town_kana":"カミツシママチシュウシ","prefecture_code":42},"1712":{"zip_code":"8171712","prefecture":"長崎県","prefecture_kana":"ナガサキケン","city":"対馬市","city_kana":"ツシマシ","town":"上対馬町唐舟志","town_kana":"カミツシママチトウジュウシ","prefecture_code":42},"1711":{"zip_code":"8171711","prefecture":"長崎県","prefecture_kana":"ナガサキケン","city":"対馬市","city_kana":"ツシマシ","town":"上対馬町冨浦","town_kana":"カミツシママチトミガウラ","prefecture_code":42},"1724":{"zip_code":"8171724","prefecture":"長崎県","prefecture_kana":"ナガサキケン","city":"対馬市","city_kana":"ツシマシ","town":"上対馬町豊","town_kana":"カミツシママチトヨ","prefecture_code":42},"1703":{"zip_code":"8171703","prefecture":"長崎県","prefecture_kana":"ナガサキケン","city":"対馬市","city_kana":"ツシマシ","town":"上対馬町西泊","town_kana":"カミツシママチニシドマリ","prefecture_code":42},"1713":{"zip_code":"8171713","prefecture":"長崎県","prefecture_kana":"ナガサキケン","city":"対馬市","city_kana":"ツシマシ","town":"上対馬町浜久須","town_kana":"カミツシママチハマグス","prefecture_code":42},"1701":{"zip_code":"8171701","prefecture":"長崎県","prefecture_kana":"ナガサキケン","city":"対馬市","city_kana":"ツシマシ","town":"上対馬町比田勝","town_kana":"カミツシママチヒタカツ","prefecture_code":42},"2242":{"zip_code":"8172242","prefecture":"長崎県","prefecture_kana":"ナガサキケン","city":"対馬市","city_kana":"ツシマシ","town":"上対馬町一重","town_kana":"カミツシママチヒトエ","prefecture_code":42},"1702":{"zip_code":"8171702","prefecture":"長崎県","prefecture_kana":"ナガサキケン","city":"対馬市","city_kana":"ツシマシ","town":"上対馬町古里","town_kana":"カミツシママチフルサト","prefecture_code":42},"1723":{"zip_code":"8171723","prefecture":"長崎県","prefecture_kana":"ナガサキケン","city":"対馬市","city_kana":"ツシマシ","town":"上対馬町鰐浦","town_kana":"カミツシママチワニウラ","prefecture_code":42},"1231":{"zip_code":"8171231","prefecture":"長崎県","prefecture_kana":"ナガサキケン","city":"対馬市","city_kana":"ツシマシ","town":"豊玉町糸瀬","town_kana":"トヨタママチイトセ","prefecture_code":42},"1253":{"zip_code":"8171253","prefecture":"長崎県","prefecture_kana":"ナガサキケン","city":"対馬市","city_kana":"ツシマシ","town":"豊玉町卯麦","town_kana":"トヨタママチウムギ","prefecture_code":42},"1252":{"zip_code":"8171252","prefecture":"長崎県","prefecture_kana":"ナガサキケン","city":"対馬市","city_kana":"ツシマシ","town":"豊玉町大綱","town_kana":"トヨタママチオオツナ","prefecture_code":42},"1241":{"zip_code":"8171241","prefecture":"長崎県","prefecture_kana":"ナガサキケン","city":"対馬市","city_kana":"ツシマシ","town":"豊玉町貝口","town_kana":"トヨタママチカイグチ","prefecture_code":42},"1233":{"zip_code":"8171233","prefecture":"長崎県","prefecture_kana":"ナガサキケン","city":"対馬市","city_kana":"ツシマシ","town":"豊玉町貝鮒","town_kana":"トヨタママチカイフナ","prefecture_code":42},"1245":{"zip_code":"8171245","prefecture":"長崎県","prefecture_kana":"ナガサキケン","city":"対馬市","city_kana":"ツシマシ","town":"豊玉町唐洲","town_kana":"トヨタママチカラス","prefecture_code":42},"1256":{"zip_code":"8171256","prefecture":"長崎県","prefecture_kana":"ナガサキケン","city":"対馬市","city_kana":"ツシマシ","town":"豊玉町小綱","town_kana":"トヨタママチコヅナ","prefecture_code":42},"1232":{"zip_code":"8171232","prefecture":"長崎県","prefecture_kana":"ナガサキケン","city":"対馬市","city_kana":"ツシマシ","town":"豊玉町嵯峨","town_kana":"トヨタママチサガ","prefecture_code":42},"1234":{"zip_code":"8171234","prefecture":"長崎県","prefecture_kana":"ナガサキケン","city":"対馬市","city_kana":"ツシマシ","town":"豊玉町佐志賀","town_kana":"トヨタママチサシカ","prefecture_code":42},"1254":{"zip_code":"8171254","prefecture":"長崎県","prefecture_kana":"ナガサキケン","city":"対馬市","city_kana":"ツシマシ","town":"豊玉町佐保","town_kana":"トヨタママチサホ","prefecture_code":42},"1255":{"zip_code":"8171255","prefecture":"長崎県","prefecture_kana":"ナガサキケン","city":"対馬市","city_kana":"ツシマシ","town":"豊玉町志多浦","town_kana":"トヨタママチシタノウラ","prefecture_code":42},"1212":{"zip_code":"8171212","prefecture":"長崎県","prefecture_kana":"ナガサキケン","city":"対馬市","city_kana":"ツシマシ","town":"豊玉町曽","town_kana":"トヨタママチソ","prefecture_code":42},"1251":{"zip_code":"8171251","prefecture":"長崎県","prefecture_kana":"ナガサキケン","city":"対馬市","city_kana":"ツシマシ","town":"豊玉町田","town_kana":"トヨタママチタ","prefecture_code":42},"1213":{"zip_code":"8171213","prefecture":"長崎県","prefecture_kana":"ナガサキケン","city":"対馬市","city_kana":"ツシマシ","town":"豊玉町千尋藻","town_kana":"トヨタママチチロモ","prefecture_code":42},"1201":{"zip_code":"8171201","prefecture":"長崎県","prefecture_kana":"ナガサキケン","city":"対馬市","city_kana":"ツシマシ","town":"豊玉町仁位","town_kana":"トヨタママチニイ","prefecture_code":42},"1246":{"zip_code":"8171246","prefecture":"長崎県","prefecture_kana":"ナガサキケン","city":"対馬市","city_kana":"ツシマシ","town":"豊玉町廻","town_kana":"トヨタママチマワリ","prefecture_code":42},"1257":{"zip_code":"8171257","prefecture":"長崎県","prefecture_kana":"ナガサキケン","city":"対馬市","city_kana":"ツシマシ","town":"豊玉町銘","town_kana":"トヨタママチメイ","prefecture_code":42},"1214":{"zip_code":"8171214","prefecture":"長崎県","prefecture_kana":"ナガサキケン","city":"対馬市","city_kana":"ツシマシ","town":"豊玉町鑓川","town_kana":"トヨタママチヤリカワ","prefecture_code":42},"1223":{"zip_code":"8171223","prefecture":"長崎県","prefecture_kana":"ナガサキケン","city":"対馬市","city_kana":"ツシマシ","town":"豊玉町横浦","town_kana":"トヨタママチヨコウラ","prefecture_code":42},"1202":{"zip_code":"8171202","prefecture":"長崎県","prefecture_kana":"ナガサキケン","city":"対馬市","city_kana":"ツシマシ","town":"豊玉町和板","town_kana":"トヨタママチワイタ","prefecture_code":42},"1106":{"zip_code":"8171106","prefecture":"長崎県","prefecture_kana":"ナガサキケン","city":"対馬市","city_kana":"ツシマシ","town":"美津島町犬吠","town_kana":"ミツシママチイヌボエ","prefecture_code":42},"0432":{"zip_code":"8170432","prefecture":"長崎県","prefecture_kana":"ナガサキケン","city":"対馬市","city_kana":"ツシマシ","town":"美津島町今里","town_kana":"ミツシママチイマザト","prefecture_code":42},"0323":{"zip_code":"8170323","prefecture":"長崎県","prefecture_kana":"ナガサキケン","city":"対馬市","city_kana":"ツシマシ","town":"美津島町大船越","town_kana":"ミツシママチオオフナコシ","prefecture_code":42},"0325":{"zip_code":"8170325","prefecture":"長崎県","prefecture_kana":"ナガサキケン","city":"対馬市","city_kana":"ツシマシ","town":"美津島町緒方","town_kana":"ミツシママチオカタ","prefecture_code":42},"0431":{"zip_code":"8170431","prefecture":"長崎県","prefecture_kana":"ナガサキケン","city":"対馬市","city_kana":"ツシマシ","town":"美津島町尾崎","town_kana":"ミツシママチオサキ","prefecture_code":42},"1105":{"zip_code":"8171105","prefecture":"長崎県","prefecture_kana":"ナガサキケン","city":"対馬市","city_kana":"ツシマシ","town":"美津島町大山","town_kana":"ミツシママチオヤマ","prefecture_code":42},"0433":{"zip_code":"8170433","prefecture":"長崎県","prefecture_kana":"ナガサキケン","city":"対馬市","city_kana":"ツシマシ","town":"美津島町加志","town_kana":"ミツシママチカシ","prefecture_code":42},"1107":{"zip_code":"8171107","prefecture":"長崎県","prefecture_kana":"ナガサキケン","city":"対馬市","city_kana":"ツシマシ","town":"美津島町鴨居瀬","town_kana":"ミツシママチカモイセ","prefecture_code":42},"1103":{"zip_code":"8171103","prefecture":"長崎県","prefecture_kana":"ナガサキケン","city":"対馬市","city_kana":"ツシマシ","town":"美津島町賀谷","town_kana":"ミツシママチガヤ","prefecture_code":42},"0324":{"zip_code":"8170324","prefecture":"長崎県","prefecture_kana":"ナガサキケン","city":"対馬市","city_kana":"ツシマシ","town":"美津島町久須保","town_kana":"ミツシママチクスボ","prefecture_code":42},"0512":{"zip_code":"8170512","prefecture":"長崎県","prefecture_kana":"ナガサキケン","city":"対馬市","city_kana":"ツシマシ","town":"美津島町黒瀬","town_kana":"ミツシママチクロセ","prefecture_code":42},"0322":{"zip_code":"8170322","prefecture":"長崎県","prefecture_kana":"ナガサキケン","city":"対馬市","city_kana":"ツシマシ","town":"美津島町鶏知","town_kana":"ミツシママチケチ","prefecture_code":42},"1101":{"zip_code":"8171101","prefecture":"長崎県","prefecture_kana":"ナガサキケン","city":"対馬市","city_kana":"ツシマシ","town":"美津島町小船越","town_kana":"ミツシママチコフナコシ","prefecture_code":42},"0514":{"zip_code":"8170514","prefecture":"長崎県","prefecture_kana":"ナガサキケン","city":"対馬市","city_kana":"ツシマシ","town":"美津島町島山","town_kana":"ミツシママチシマヤマ","prefecture_code":42},"0321":{"zip_code":"8170321","prefecture":"長崎県","prefecture_kana":"ナガサキケン","city":"対馬市","city_kana":"ツシマシ","town":"美津島町洲藻","town_kana":"ミツシママチスモ","prefecture_code":42},"0511":{"zip_code":"8170511","prefecture":"長崎県","prefecture_kana":"ナガサキケン","city":"対馬市","city_kana":"ツシマシ","town":"美津島町竹敷","town_kana":"ミツシママチタケシキ","prefecture_code":42},"0326":{"zip_code":"8170326","prefecture":"長崎県","prefecture_kana":"ナガサキケン","city":"対馬市","city_kana":"ツシマシ","town":"美津島町根緒","town_kana":"ミツシママチネオ","prefecture_code":42},"1104":{"zip_code":"8171104","prefecture":"長崎県","prefecture_kana":"ナガサキケン","city":"対馬市","city_kana":"ツシマシ","town":"美津島町濃部","town_kana":"ミツシママチノブ","prefecture_code":42},"0513":{"zip_code":"8170513","prefecture":"長崎県","prefecture_kana":"ナガサキケン","city":"対馬市","city_kana":"ツシマシ","town":"美津島町昼ケ浦","town_kana":"ミツシママチヒルガウラ","prefecture_code":42},"0434":{"zip_code":"8170434","prefecture":"長崎県","prefecture_kana":"ナガサキケン","city":"対馬市","city_kana":"ツシマシ","town":"美津島町吹崎","town_kana":"ミツシママチフクザキ","prefecture_code":42},"0435":{"zip_code":"8170435","prefecture":"長崎県","prefecture_kana":"ナガサキケン","city":"対馬市","city_kana":"ツシマシ","town":"美津島町箕形","town_kana":"ミツシママチミカタ","prefecture_code":42},"1102":{"zip_code":"8171102","prefecture":"長崎県","prefecture_kana":"ナガサキケン","city":"対馬市","city_kana":"ツシマシ","town":"美津島町芦浦","town_kana":"ミツシママチヨシガウラ","prefecture_code":42},"1304":{"zip_code":"8171304","prefecture":"長崎県","prefecture_kana":"ナガサキケン","city":"対馬市","city_kana":"ツシマシ","town":"峰町青海","town_kana":"ミネマチオウミ","prefecture_code":42},"1307":{"zip_code":"8171307","prefecture":"長崎県","prefecture_kana":"ナガサキケン","city":"対馬市","city_kana":"ツシマシ","town":"峰町賀佐","town_kana":"ミネマチカサ","prefecture_code":42},"1302":{"zip_code":"8171302","prefecture":"長崎県","prefecture_kana":"ナガサキケン","city":"対馬市","city_kana":"ツシマシ","town":"峰町狩尾","town_kana":"ミネマチカリオ","prefecture_code":42},"1303":{"zip_code":"8171303","prefecture":"長崎県","prefecture_kana":"ナガサキケン","city":"対馬市","city_kana":"ツシマシ","town":"峰町木坂","town_kana":"ミネマチキサカ","prefecture_code":42},"1411":{"zip_code":"8171411","prefecture":"長崎県","prefecture_kana":"ナガサキケン","city":"対馬市","city_kana":"ツシマシ","town":"峰町櫛","town_kana":"ミネマチクシ","prefecture_code":42},"1412":{"zip_code":"8171412","prefecture":"長崎県","prefecture_kana":"ナガサキケン","city":"対馬市","city_kana":"ツシマシ","town":"峰町佐賀","town_kana":"ミネマチサカ","prefecture_code":42},"1413":{"zip_code":"8171413","prefecture":"長崎県","prefecture_kana":"ナガサキケン","city":"対馬市","city_kana":"ツシマシ","town":"峰町志多賀","town_kana":"ミネマチシタカ","prefecture_code":42},"1305":{"zip_code":"8171305","prefecture":"長崎県","prefecture_kana":"ナガサキケン","city":"対馬市","city_kana":"ツシマシ","town":"峰町津柳","town_kana":"ミネマチツヤナギ","prefecture_code":42},"1301":{"zip_code":"8171301","prefecture":"長崎県","prefecture_kana":"ナガサキケン","city":"対馬市","city_kana":"ツシマシ","town":"峰町三根","town_kana":"ミネマチミネ","prefecture_code":42},"1306":{"zip_code":"8171306","prefecture":"長崎県","prefecture_kana":"ナガサキケン","city":"対馬市","city_kana":"ツシマシ","town":"峰町吉田","town_kana":"ミネマチヨシダ","prefecture_code":42}}