{"0000":{"zip_code":"8350000","prefecture":"福岡県","prefecture_kana":"フクオカケン","city":"みやま市","city_kana":"ミヤマシ","town":"","town_kana":"","prefecture_code":40},"0022":{"zip_code":"8350022","prefecture":"福岡県","prefecture_kana":"フクオカケン","city":"みやま市","city_kana":"ミヤマシ","town":"瀬高町文廣","town_kana":"セタカマチアヤヒロ","prefecture_code":40},"0019":{"zip_code":"8350019","prefecture":"福岡県","prefecture_kana":"フクオカケン","city":"みやま市","city_kana":"ミヤマシ","town":"瀬高町大江","town_kana":"セタカマチオオエ","prefecture_code":40},"0013":{"zip_code":"8350013","prefecture":"福岡県","prefecture_kana":"フクオカケン","city":"みやま市","city_kana":"ミヤマシ","town":"瀬高町太神","town_kana":"セタカマチオオガ","prefecture_code":40},"0005":{"zip_code":"8350005","prefecture":"福岡県","prefecture_kana":"フクオカケン","city":"みやま市","city_kana":"ミヤマシ","town":"瀬高町大草","town_kana":"セタカマチオオクサ","prefecture_code":40},"0012":{"zip_code":"8350012","prefecture":"福岡県","prefecture_kana":"フクオカケン","city":"みやま市","city_kana":"ミヤマシ","town":"瀬高町大廣園","town_kana":"セタカマチオオヒロゾノ","prefecture_code":40},"0023":{"zip_code":"8350023","prefecture":"福岡県","prefecture_kana":"フクオカケン","city":"みやま市","city_kana":"ミヤマシ","town":"瀬高町小川","town_kana":"セタカマチオガワ","prefecture_code":40},"0002":{"zip_code":"8350002","prefecture":"福岡県","prefecture_kana":"フクオカケン","city":"みやま市","city_kana":"ミヤマシ","town":"瀬高町小田","town_kana":"セタカマチオダ","prefecture_code":40},"0025":{"zip_code":"8350025","prefecture":"福岡県","prefecture_kana":"フクオカケン","city":"みやま市","city_kana":"ミヤマシ","town":"瀬高町上庄","town_kana":"セタカマチカミノショウ","prefecture_code":40},"0014":{"zip_code":"8350014","prefecture":"福岡県","prefecture_kana":"フクオカケン","city":"みやま市","city_kana":"ミヤマシ","town":"瀬高町河内","town_kana":"セタカマチカワチ","prefecture_code":40},"0006":{"zip_code":"8350006","prefecture":"福岡県","prefecture_kana":"フクオカケン","city":"みやま市","city_kana":"ミヤマシ","town":"瀬高町坂田","town_kana":"セタカマチサカタ","prefecture_code":40},"0024":{"zip_code":"8350024","prefecture":"福岡県","prefecture_kana":"フクオカケン","city":"みやま市","city_kana":"ミヤマシ","town":"瀬高町下庄","town_kana":"セタカマチシモノショウ","prefecture_code":40},"0015":{"zip_code":"8350015","prefecture":"福岡県","prefecture_kana":"フクオカケン","city":"みやま市","city_kana":"ミヤマシ","town":"瀬高町泰仙寺","town_kana":"セタカマチタイセンジ","prefecture_code":40},"0018":{"zip_code":"8350018","prefecture":"福岡県","prefecture_kana":"フクオカケン","city":"みやま市","city_kana":"ミヤマシ","town":"瀬高町高柳","town_kana":"セタカマチタカヤナギ","prefecture_code":40},"0007":{"zip_code":"8350007","prefecture":"福岡県","prefecture_kana":"フクオカケン","city":"みやま市","city_kana":"ミヤマシ","town":"瀬高町長田","town_kana":"セタカマチナガタ","prefecture_code":40},"0016":{"zip_code":"8350016","prefecture":"福岡県","prefecture_kana":"フクオカケン","city":"みやま市","city_kana":"ミヤマシ","town":"瀬高町濱田","town_kana":"セタカマチハマダ","prefecture_code":40},"0017":{"zip_code":"8350017","prefecture":"福岡県","prefecture_kana":"フクオカケン","city":"みやま市","city_kana":"ミヤマシ","town":"瀬高町東津留","town_kana":"セタカマチヒガシツル","prefecture_code":40},"0001":{"zip_code":"8350001","prefecture":"福岡県","prefecture_kana":"フクオカケン","city":"みやま市","city_kana":"ミヤマシ","town":"瀬高町廣瀬","town_kana":"セタカマチヒロセ","prefecture_code":40},"0021":{"zip_code":"8350021","prefecture":"福岡県","prefecture_kana":"フクオカケン","city":"みやま市","city_kana":"ミヤマシ","town":"瀬高町本郷","town_kana":"セタカマチホンゴウ","prefecture_code":40},"0011":{"zip_code":"8350011","prefecture":"福岡県","prefecture_kana":"フクオカケン","city":"みやま市","city_kana":"ミヤマシ","town":"瀬高町松田","town_kana":"セタカマチマツダ","prefecture_code":40},"0003":{"zip_code":"8350003","prefecture":"福岡県","prefecture_kana":"フクオカケン","city":"みやま市","city_kana":"ミヤマシ","town":"瀬高町本吉","town_kana":"セタカマチモトヨシ","prefecture_code":40},"0004":{"zip_code":"8350004","prefecture":"福岡県","prefecture_kana":"フクオカケン","city":"みやま市","city_kana":"ミヤマシ","town":"瀬高町山門","town_kana":"セタカマチヤマト","prefecture_code":40},"0136":{"zip_code":"8350136","prefecture":"福岡県","prefecture_kana":"フクオカケン","city":"みやま市","city_kana":"ミヤマシ","town":"高田町海津","town_kana":"タカタマチカイヅ","prefecture_code":40},"0132":{"zip_code":"8350132","prefecture":"福岡県","prefecture_kana":"フクオカケン","city":"みやま市","city_kana":"ミヤマシ","town":"高田町亀谷","town_kana":"タカタマチカメタニ","prefecture_code":40},"0135":{"zip_code":"8350135","prefecture":"福岡県","prefecture_kana":"フクオカケン","city":"みやま市","city_kana":"ミヤマシ","town":"高田町竹飯","town_kana":"タカタマチタケイ","prefecture_code":40},"0133":{"zip_code":"8350133","prefecture":"福岡県","prefecture_kana":"フクオカケン","city":"みやま市","city_kana":"ミヤマシ","town":"高田町田浦","town_kana":"タカタマチタノウラ","prefecture_code":40},"0134":{"zip_code":"8350134","prefecture":"福岡県","prefecture_kana":"フクオカケン","city":"みやま市","city_kana":"ミヤマシ","town":"高田町飯江","town_kana":"タカタマチハエ","prefecture_code":40},"0131":{"zip_code":"8350131","prefecture":"福岡県","prefecture_kana":"フクオカケン","city":"みやま市","city_kana":"ミヤマシ","town":"高田町舞鶴","town_kana":"タカタマチマイヅル","prefecture_code":40},"0102":{"zip_code":"8350102","prefecture":"福岡県","prefecture_kana":"フクオカケン","city":"みやま市","city_kana":"ミヤマシ","town":"山川町尾野","town_kana":"ヤマカワマチオノ","prefecture_code":40},"0104":{"zip_code":"8350104","prefecture":"福岡県","prefecture_kana":"フクオカケン","city":"みやま市","city_kana":"ミヤマシ","town":"山川町河原内","town_kana":"ヤマカワマチカワハラウチ","prefecture_code":40},"0112":{"zip_code":"8350112","prefecture":"福岡県","prefecture_kana":"フクオカケン","city":"みやま市","city_kana":"ミヤマシ","town":"山川町北関","town_kana":"ヤマカワマチキタノセキ","prefecture_code":40},"0114":{"zip_code":"8350114","prefecture":"福岡県","prefecture_kana":"フクオカケン","city":"みやま市","city_kana":"ミヤマシ","town":"山川町甲田","town_kana":"ヤマカワマチコウダ","prefecture_code":40},"0113":{"zip_code":"8350113","prefecture":"福岡県","prefecture_kana":"フクオカケン","city":"みやま市","city_kana":"ミヤマシ","town":"山川町重冨","town_kana":"ヤマカワマチシゲトミ","prefecture_code":40},"0103":{"zip_code":"8350103","prefecture":"福岡県","prefecture_kana":"フクオカケン","city":"みやま市","city_kana":"ミヤマシ","town":"山川町清水","town_kana":"ヤマカワマチシミズ","prefecture_code":40},"0101":{"zip_code":"8350101","prefecture":"福岡県","prefecture_kana":"フクオカケン","city":"みやま市","city_kana":"ミヤマシ","town":"山川町立山","town_kana":"ヤマカワマチタチヤマ","prefecture_code":40},"0115":{"zip_code":"8350115","prefecture":"福岡県","prefecture_kana":"フクオカケン","city":"みやま市","city_kana":"ミヤマシ","town":"山川町原町","town_kana":"ヤマカワマチハラマチ","prefecture_code":40},"0111":{"zip_code":"8350111","prefecture":"福岡県","prefecture_kana":"フクオカケン","city":"みやま市","city_kana":"ミヤマシ","town":"山川町真弓","town_kana":"ヤマカワマチマユミ","prefecture_code":40}}