{"0000":{"zip_code":"8500000","prefecture":"長崎県","prefecture_kana":"ナガサキケン","city":"長崎市","city_kana":"ナガサキシ","town":"","town_kana":"","prefecture_code":42},"0922":{"zip_code":"8500922","prefecture":"長崎県","prefecture_kana":"ナガサキケン","city":"長崎市","city_kana":"ナガサキシ","town":"相生町","town_kana":"アイオイマチ","prefecture_code":42},"0064":{"zip_code":"8500064","prefecture":"長崎県","prefecture_kana":"ナガサキケン","city":"長崎市","city_kana":"ナガサキシ","town":"秋月町","town_kana":"アキヅキマチ","prefecture_code":42},"0063":{"zip_code":"8500063","prefecture":"長崎県","prefecture_kana":"ナガサキケン","city":"長崎市","city_kana":"ナガサキシ","town":"飽の浦町","town_kana":"アクノウラマチ","prefecture_code":42},"0822":{"zip_code":"8500822","prefecture":"長崎県","prefecture_kana":"ナガサキケン","city":"長崎市","city_kana":"ナガサキシ","town":"愛宕","town_kana":"アタゴ","prefecture_code":42},"0832":{"zip_code":"8500832","prefecture":"長崎県","prefecture_kana":"ナガサキケン","city":"長崎市","city_kana":"ナガサキシ","town":"油屋町","town_kana":"アブラヤマチ","prefecture_code":42},"0924":{"zip_code":"8500924","prefecture":"長崎県","prefecture_kana":"ナガサキケン","city":"長崎市","city_kana":"ナガサキシ","town":"出雲","town_kana":"イズモ","prefecture_code":42},"0018":{"zip_code":"8500018","prefecture":"長崎県","prefecture_kana":"ナガサキケン","city":"長崎市","city_kana":"ナガサキシ","town":"伊勢町","town_kana":"イセマチ","prefecture_code":42},"0971":{"zip_code":"8500971","prefecture":"長崎県","prefecture_kana":"ナガサキケン","city":"長崎市","city_kana":"ナガサキシ","town":"磯道町","town_kana":"イソミチマチ","prefecture_code":42},"0907":{"zip_code":"8500907","prefecture":"長崎県","prefecture_kana":"ナガサキケン","city":"長崎市","city_kana":"ナガサキシ","town":"稲田町","town_kana":"イナダマチ","prefecture_code":42},"0025":{"zip_code":"8500025","prefecture":"長崎県","prefecture_kana":"ナガサキケン","city":"長崎市","city_kana":"ナガサキシ","town":"今博多町","town_kana":"イマハカタマチ","prefecture_code":42},"0802":{"zip_code":"8500802","prefecture":"長崎県","prefecture_kana":"ナガサキケン","city":"長崎市","city_kana":"ナガサキシ","town":"伊良林","town_kana":"イラバヤシ","prefecture_code":42},"0065":{"zip_code":"8500065","prefecture":"長崎県","prefecture_kana":"ナガサキケン","city":"長崎市","city_kana":"ナガサキシ","town":"入船町","town_kana":"イリフネマチ","prefecture_code":42},"0072":{"zip_code":"8500072","prefecture":"長崎県","prefecture_kana":"ナガサキケン","city":"長崎市","city_kana":"ナガサキシ","town":"岩瀬道町","town_kana":"イワセドウマチ","prefecture_code":42},"0923":{"zip_code":"8500923","prefecture":"長崎県","prefecture_kana":"ナガサキケン","city":"長崎市","city_kana":"ナガサキシ","town":"上田町","town_kana":"ウエダマチ","prefecture_code":42},"0874":{"zip_code":"8500874","prefecture":"長崎県","prefecture_kana":"ナガサキケン","city":"長崎市","city_kana":"ナガサキシ","town":"魚の町","town_kana":"ウオノマチ","prefecture_code":42},"0022":{"zip_code":"8500022","prefecture":"長崎県","prefecture_kana":"ナガサキケン","city":"長崎市","city_kana":"ナガサキシ","town":"馬町","town_kana":"ウママチ","prefecture_code":42},"0909":{"zip_code":"8500909","prefecture":"長崎県","prefecture_kana":"ナガサキケン","city":"長崎市","city_kana":"ナガサキシ","town":"梅香崎町","town_kana":"ウメガサキマチ","prefecture_code":42},"0054":{"zip_code":"8500054","prefecture":"長崎県","prefecture_kana":"ナガサキケン","city":"長崎市","city_kana":"ナガサキシ","town":"上町","town_kana":"ウワマチ","prefecture_code":42},"0992":{"zip_code":"8500992","prefecture":"長崎県","prefecture_kana":"ナガサキケン","city":"長崎市","city_kana":"ナガサキシ","town":"江川町","town_kana":"エガワマチ","prefecture_code":42},"0861":{"zip_code":"8500861","prefecture":"長崎県","prefecture_kana":"ナガサキケン","city":"長崎市","city_kana":"ナガサキシ","town":"江戸町","town_kana":"エドマチ","prefecture_code":42},"0056":{"zip_code":"8500056","prefecture":"長崎県","prefecture_kana":"ナガサキケン","city":"長崎市","city_kana":"ナガサキシ","town":"恵美須町","town_kana":"エビスマチ","prefecture_code":42},"0024":{"zip_code":"8500024","prefecture":"長崎県","prefecture_kana":"ナガサキケン","city":"長崎市","city_kana":"ナガサキシ","town":"大井手町","town_kana":"オオイデマチ","prefecture_code":42},"0916":{"zip_code":"8500916","prefecture":"長崎県","prefecture_kana":"ナガサキケン","city":"長崎市","city_kana":"ナガサキシ","town":"大浦東町","town_kana":"オオウラヒガシマチ","prefecture_code":42},"0918":{"zip_code":"8500918","prefecture":"長崎県","prefecture_kana":"ナガサキケン","city":"長崎市","city_kana":"ナガサキシ","town":"大浦町","town_kana":"オオウラマチ","prefecture_code":42},"0062":{"zip_code":"8500062","prefecture":"長崎県","prefecture_kana":"ナガサキケン","city":"長崎市","city_kana":"ナガサキシ","town":"大谷町","town_kana":"オオタニマチ","prefecture_code":42},"0066":{"zip_code":"8500066","prefecture":"長崎県","prefecture_kana":"ナガサキケン","city":"長崎市","city_kana":"ナガサキシ","town":"大浜町","town_kana":"オオハママチ","prefecture_code":42},"0964":{"zip_code":"8500964","prefecture":"長崎県","prefecture_kana":"ナガサキケン","city":"長崎市","city_kana":"ナガサキシ","town":"大山町","town_kana":"オオヤママチ","prefecture_code":42},"0027":{"zip_code":"8500027","prefecture":"長崎県","prefecture_kana":"ナガサキケン","city":"長崎市","city_kana":"ナガサキシ","town":"桶屋町","town_kana":"オケヤマチ","prefecture_code":42},"0058":{"zip_code":"8500058","prefecture":"長崎県","prefecture_kana":"ナガサキケン","city":"長崎市","city_kana":"ナガサキシ","town":"尾上町","town_kana":"オノウエマチ","prefecture_code":42},"0042":{"zip_code":"8500042","prefecture":"長崎県","prefecture_kana":"ナガサキケン","city":"長崎市","city_kana":"ナガサキシ","town":"御船蔵町","town_kana":"オフナグラマチ","prefecture_code":42},"0905":{"zip_code":"8500905","prefecture":"長崎県","prefecture_kana":"ナガサキケン","city":"長崎市","city_kana":"ナガサキシ","town":"籠町","town_kana":"カゴマチ","prefecture_code":42},"0803":{"zip_code":"8500803","prefecture":"長崎県","prefecture_kana":"ナガサキケン","city":"長崎市","city_kana":"ナガサキシ","town":"風頭町","town_kana":"カザガシラマチ","prefecture_code":42},"0831":{"zip_code":"8500831","prefecture":"長崎県","prefecture_kana":"ナガサキケン","city":"長崎市","city_kana":"ナガサキシ","town":"鍛冶屋町","town_kana":"カジヤマチ","prefecture_code":42},"0003":{"zip_code":"8500003","prefecture":"長崎県","prefecture_kana":"ナガサキケン","city":"長崎市","city_kana":"ナガサキシ","town":"片淵","town_kana":"カタフチ","prefecture_code":42},"0028":{"zip_code":"8500028","prefecture":"長崎県","prefecture_kana":"ナガサキケン","city":"長崎市","city_kana":"ナガサキシ","town":"勝山町","town_kana":"カツヤママチ","prefecture_code":42},"0037":{"zip_code":"8500037","prefecture":"長崎県","prefecture_kana":"ナガサキケン","city":"長崎市","city_kana":"ナガサキシ","town":"金屋町","town_kana":"カナヤマチ","prefecture_code":42},"0973":{"zip_code":"8500973","prefecture":"長崎県","prefecture_kana":"ナガサキケン","city":"長崎市","city_kana":"ナガサキシ","town":"鹿尾町","town_kana":"カノオマチ","prefecture_code":42},"0034":{"zip_code":"8500034","prefecture":"長崎県","prefecture_kana":"ナガサキケン","city":"長崎市","city_kana":"ナガサキシ","town":"樺島町","town_kana":"カバシママチ","prefecture_code":42},"0834":{"zip_code":"8500834","prefecture":"長崎県","prefecture_kana":"ナガサキケン","city":"長崎市","city_kana":"ナガサキシ","town":"上小島","town_kana":"カミコシマ","prefecture_code":42},"0048":{"zip_code":"8500048","prefecture":"長崎県","prefecture_kana":"ナガサキケン","city":"長崎市","city_kana":"ナガサキシ","town":"上銭座町","town_kana":"カミゼンザマチ","prefecture_code":42},"0953":{"zip_code":"8500953","prefecture":"長崎県","prefecture_kana":"ナガサキケン","city":"長崎市","city_kana":"ナガサキシ","town":"上戸町","town_kana":"カミトマチ","prefecture_code":42},"0006":{"zip_code":"8500006","prefecture":"長崎県","prefecture_kana":"ナガサキケン","city":"長崎市","city_kana":"ナガサキシ","town":"上西山町","town_kana":"カミニシヤママチ","prefecture_code":42},"0078":{"zip_code":"8500078","prefecture":"長崎県","prefecture_kana":"ナガサキケン","city":"長崎市","city_kana":"ナガサキシ","town":"神ノ島町","town_kana":"カミノシママチ","prefecture_code":42},"0946":{"zip_code":"8500946","prefecture":"長崎県","prefecture_kana":"ナガサキケン","city":"長崎市","city_kana":"ナガサキシ","town":"川上町","town_kana":"カワカミマチ","prefecture_code":42},"0906":{"zip_code":"8500906","prefecture":"長崎県","prefecture_kana":"ナガサキケン","city":"長崎市","city_kana":"ナガサキシ","town":"館内町","town_kana":"カンナイマチ","prefecture_code":42},"0076":{"zip_code":"8500076","prefecture":"長崎県","prefecture_kana":"ナガサキケン","city":"長崎市","city_kana":"ナガサキシ","town":"木鉢町","town_kana":"キバチマチ","prefecture_code":42},"0974":{"zip_code":"8500974","prefecture":"長崎県","prefecture_kana":"ナガサキケン","city":"長崎市","city_kana":"ナガサキシ","town":"京太郎町","town_kana":"キョウタロウマチ","prefecture_code":42},"0854":{"zip_code":"8500854","prefecture":"長崎県","prefecture_kana":"ナガサキケン","city":"長崎市","city_kana":"ナガサキシ","town":"銀屋町","town_kana":"ギンヤマチ","prefecture_code":42},"0981":{"zip_code":"8500981","prefecture":"長崎県","prefecture_kana":"ナガサキケン","city":"長崎市","city_kana":"ナガサキシ","town":"草住町","town_kana":"クサズミマチ","prefecture_code":42},"0976":{"zip_code":"8500976","prefecture":"長崎県","prefecture_kana":"ナガサキケン","city":"長崎市","city_kana":"ナガサキシ","town":"毛井首町","town_kana":"ケイクビマチ","prefecture_code":42},"0871":{"zip_code":"8500871","prefecture":"長崎県","prefecture_kana":"ナガサキケン","city":"長崎市","city_kana":"ナガサキシ","town":"麹屋町","town_kana":"コウジヤマチ","prefecture_code":42},"0032":{"zip_code":"8500032","prefecture":"長崎県","prefecture_kana":"ナガサキケン","city":"長崎市","city_kana":"ナガサキシ","town":"興善町","town_kana":"コウゼンマチ","prefecture_code":42},"0067":{"zip_code":"8500067","prefecture":"長崎県","prefecture_kana":"ナガサキケン","city":"長崎市","city_kana":"ナガサキシ","town":"小浦町","town_kana":"コウラマチ","prefecture_code":42},"0961":{"zip_code":"8500961","prefecture":"長崎県","prefecture_kana":"ナガサキケン","city":"長崎市","city_kana":"ナガサキシ","town":"小ケ倉町","town_kana":"コガクラマチ","prefecture_code":42},"0951":{"zip_code":"8500951","prefecture":"長崎県","prefecture_kana":"ナガサキケン","city":"長崎市","city_kana":"ナガサキシ","town":"国分町","town_kana":"コクブマチ","prefecture_code":42},"0934":{"zip_code":"8500934","prefecture":"長崎県","prefecture_kana":"ナガサキケン","city":"長崎市","city_kana":"ナガサキシ","town":"小菅町","town_kana":"コスゲマチ","prefecture_code":42},"0077":{"zip_code":"8500077","prefecture":"長崎県","prefecture_kana":"ナガサキケン","city":"長崎市","city_kana":"ナガサキシ","town":"小瀬戸町","town_kana":"コセドマチ","prefecture_code":42},"0937":{"zip_code":"8500937","prefecture":"長崎県","prefecture_kana":"ナガサキケン","city":"長崎市","city_kana":"ナガサキシ","town":"小曽根町","town_kana":"コゾネマチ","prefecture_code":42},"0036":{"zip_code":"8500036","prefecture":"長崎県","prefecture_kana":"ナガサキケン","city":"長崎市","city_kana":"ナガサキシ","town":"五島町","town_kana":"ゴトウマチ","prefecture_code":42},"0002":{"zip_code":"8500002","prefecture":"長崎県","prefecture_kana":"ナガサキケン","city":"長崎市","city_kana":"ナガサキシ","town":"木場町","town_kana":"コバマチ","prefecture_code":42},"0983":{"zip_code":"8500983","prefecture":"長崎県","prefecture_kana":"ナガサキケン","city":"長崎市","city_kana":"ナガサキシ","town":"米山町","town_kana":"コメノヤママチ","prefecture_code":42},"0046":{"zip_code":"8500046","prefecture":"長崎県","prefecture_kana":"ナガサキケン","city":"長崎市","city_kana":"ナガサキシ","town":"幸町","town_kana":"サイワイマチ","prefecture_code":42},"0994":{"zip_code":"8500994","prefecture":"長崎県","prefecture_kana":"ナガサキケン","city":"長崎市","city_kana":"ナガサキシ","town":"竿浦町","town_kana":"サオノウラマチ","prefecture_code":42},"0875":{"zip_code":"8500875","prefecture":"長崎県","prefecture_kana":"ナガサキケン","city":"長崎市","city_kana":"ナガサキシ","town":"栄町","town_kana":"サカエマチ","prefecture_code":42},"0835":{"zip_code":"8500835","prefecture":"長崎県","prefecture_kana":"ナガサキケン","city":"長崎市","city_kana":"ナガサキシ","town":"桜木町","town_kana":"サクラギマチ","prefecture_code":42},"0015":{"zip_code":"8500015","prefecture":"長崎県","prefecture_kana":"ナガサキケン","city":"長崎市","city_kana":"ナガサキシ","town":"桜馬場","town_kana":"サクラババ","prefecture_code":42},"0031":{"zip_code":"8500031","prefecture":"長崎県","prefecture_kana":"ナガサキケン","city":"長崎市","city_kana":"ナガサキシ","town":"桜町","town_kana":"サクラマチ","prefecture_code":42},"0824":{"zip_code":"8500824","prefecture":"長崎県","prefecture_kana":"ナガサキケン","city":"長崎市","city_kana":"ナガサキシ","town":"三景台町","town_kana":"サンケイダイマチ","prefecture_code":42},"0975":{"zip_code":"8500975","prefecture":"長崎県","prefecture_kana":"ナガサキケン","city":"長崎市","city_kana":"ナガサキシ","town":"三和町","town_kana":"サンワマチ","prefecture_code":42},"0947":{"zip_code":"8500947","prefecture":"長崎県","prefecture_kana":"ナガサキケン","city":"長崎市","city_kana":"ナガサキシ","town":"椎の木町","town_kana":"シイノキマチ","prefecture_code":42},"0071":{"zip_code":"8500071","prefecture":"長崎県","prefecture_kana":"ナガサキケン","city":"長崎市","city_kana":"ナガサキシ","town":"塩浜町","town_kana":"シオハママチ","prefecture_code":42},"0917":{"zip_code":"8500917","prefecture":"長崎県","prefecture_kana":"ナガサキケン","city":"長崎市","city_kana":"ナガサキシ","town":"下町","town_kana":"シタマチ","prefecture_code":42},"0004":{"zip_code":"8500004","prefecture":"長崎県","prefecture_kana":"ナガサキケン","city":"長崎市","city_kana":"ナガサキシ","town":"下西山町","town_kana":"シモニシヤママチ","prefecture_code":42},"0908":{"zip_code":"8500908","prefecture":"長崎県","prefecture_kana":"ナガサキケン","city":"長崎市","city_kana":"ナガサキシ","town":"十人町","town_kana":"ジュウニンマチ","prefecture_code":42},"0812":{"zip_code":"8500812","prefecture":"長崎県","prefecture_kana":"ナガサキケン","city":"長崎市","city_kana":"ナガサキシ","town":"白木町","town_kana":"シロキマチ","prefecture_code":42},"0962":{"zip_code":"8500962","prefecture":"長崎県","prefecture_kana":"ナガサキケン","city":"長崎市","city_kana":"ナガサキシ","town":"新小が倉","town_kana":"シンコガクラ","prefecture_code":42},"0017":{"zip_code":"8500017","prefecture":"長崎県","prefecture_kana":"ナガサキケン","city":"長崎市","city_kana":"ナガサキシ","town":"新大工町","town_kana":"シンダイクマチ","prefecture_code":42},"0842":{"zip_code":"8500842","prefecture":"長崎県","prefecture_kana":"ナガサキケン","city":"長崎市","city_kana":"ナガサキシ","town":"新地町","town_kana":"シンチマチ","prefecture_code":42},"0954":{"zip_code":"8500954","prefecture":"長崎県","prefecture_kana":"ナガサキケン","city":"長崎市","city_kana":"ナガサキシ","town":"新戸町","town_kana":"シントマチ","prefecture_code":42},"0014":{"zip_code":"8500014","prefecture":"長崎県","prefecture_kana":"ナガサキケン","city":"長崎市","city_kana":"ナガサキシ","town":"新中川町","town_kana":"シンナカガワマチ","prefecture_code":42},"0991":{"zip_code":"8500991","prefecture":"長崎県","prefecture_kana":"ナガサキケン","city":"長崎市","city_kana":"ナガサキシ","town":"末石町","town_kana":"スエイシマチ","prefecture_code":42},"0873":{"zip_code":"8500873","prefecture":"長崎県","prefecture_kana":"ナガサキケン","city":"長崎市","city_kana":"ナガサキシ","town":"諏訪町","town_kana":"スワマチ","prefecture_code":42},"0047":{"zip_code":"8500047","prefecture":"長崎県","prefecture_kana":"ナガサキケン","city":"長崎市","city_kana":"ナガサキシ","town":"銭座町","town_kana":"ゼンザマチ","prefecture_code":42},"0057":{"zip_code":"8500057","prefecture":"長崎県","prefecture_kana":"ナガサキケン","city":"長崎市","city_kana":"ナガサキシ","town":"大黒町","town_kana":"ダイコクマチ","prefecture_code":42},"0963":{"zip_code":"8500963","prefecture":"長崎県","prefecture_kana":"ナガサキケン","city":"長崎市","city_kana":"ナガサキシ","town":"ダイヤランド","town_kana":"ダイヤランド","prefecture_code":42},"0941":{"zip_code":"8500941","prefecture":"長崎県","prefecture_kana":"ナガサキケン","city":"長崎市","city_kana":"ナガサキシ","town":"高丘","town_kana":"タカオカ","prefecture_code":42},"0821":{"zip_code":"8500821","prefecture":"長崎県","prefecture_kana":"ナガサキケン","city":"長崎市","city_kana":"ナガサキシ","town":"高平町","town_kana":"タカヒラマチ","prefecture_code":42},"0045":{"zip_code":"8500045","prefecture":"長崎県","prefecture_kana":"ナガサキケン","city":"長崎市","city_kana":"ナガサキシ","town":"宝町","town_kana":"タカラマチ","prefecture_code":42},"0007":{"zip_code":"8500007","prefecture":"長崎県","prefecture_kana":"ナガサキケン","city":"長崎市","city_kana":"ナガサキシ","town":"立山","town_kana":"タテヤマ","prefecture_code":42},"0053":{"zip_code":"8500053","prefecture":"長崎県","prefecture_kana":"ナガサキケン","city":"長崎市","city_kana":"ナガサキシ","town":"玉園町","town_kana":"タマゾノマチ","prefecture_code":42},"0052":{"zip_code":"8500052","prefecture":"長崎県","prefecture_kana":"ナガサキケン","city":"長崎市","city_kana":"ナガサキシ","town":"筑後町","town_kana":"チクゴマチ","prefecture_code":42},"0877":{"zip_code":"8500877","prefecture":"長崎県","prefecture_kana":"ナガサキケン","city":"長崎市","city_kana":"ナガサキシ","town":"築町","town_kana":"ツキマチ","prefecture_code":42},"0984":{"zip_code":"8500984","prefecture":"長崎県","prefecture_kana":"ナガサキケン","city":"長崎市","city_kana":"ナガサキシ","town":"鶴見台","town_kana":"ツルミダイ","prefecture_code":42},"0023":{"zip_code":"8500023","prefecture":"長崎県","prefecture_kana":"ナガサキケン","city":"長崎市","city_kana":"ナガサキシ","town":"出来大工町","town_kana":"デキダイクマチ","prefecture_code":42},"0862":{"zip_code":"8500862","prefecture":"長崎県","prefecture_kana":"ナガサキケン","city":"長崎市","city_kana":"ナガサキシ","town":"出島町","town_kana":"デジママチ","prefecture_code":42},"0872":{"zip_code":"8500872","prefecture":"長崎県","prefecture_kana":"ナガサキケン","city":"長崎市","city_kana":"ナガサキシ","town":"寺町","town_kana":"テラマチ","prefecture_code":42},"0044":{"zip_code":"8500044","prefecture":"長崎県","prefecture_kana":"ナガサキケン","city":"長崎市","city_kana":"ナガサキシ","town":"天神町","town_kana":"テンジンマチ","prefecture_code":42},"0977":{"zip_code":"8500977","prefecture":"長崎県","prefecture_kana":"ナガサキケン","city":"長崎市","city_kana":"ナガサキシ","town":"土井首町","town_kana":"ドイノクビマチ","prefecture_code":42},"0841":{"zip_code":"8500841","prefecture":"長崎県","prefecture_kana":"ナガサキケン","city":"長崎市","city_kana":"ナガサキシ","town":"銅座町","town_kana":"ドウザマチ","prefecture_code":42},"0843":{"zip_code":"8500843","prefecture":"長崎県","prefecture_kana":"ナガサキケン","city":"長崎市","city_kana":"ナガサキシ","town":"常盤町","town_kana":"トキワマチ","prefecture_code":42},"0952":{"zip_code":"8500952","prefecture":"長崎県","prefecture_kana":"ナガサキケン","city":"長崎市","city_kana":"ナガサキシ","town":"戸町","town_kana":"トマチ","prefecture_code":42},"0013":{"zip_code":"8500013","prefecture":"長崎県","prefecture_kana":"ナガサキケン","city":"長崎市","city_kana":"ナガサキシ","town":"中川","town_kana":"ナカガワ","prefecture_code":42},"0836":{"zip_code":"8500836","prefecture":"長崎県","prefecture_kana":"ナガサキケン","city":"長崎市","city_kana":"ナガサキシ","town":"中小島","town_kana":"ナカコシマ","prefecture_code":42},"0912":{"zip_code":"8500912","prefecture":"長崎県","prefecture_kana":"ナガサキケン","city":"長崎市","city_kana":"ナガサキシ","town":"中新町","town_kana":"ナカシンマチ","prefecture_code":42},"0055":{"zip_code":"8500055","prefecture":"長崎県","prefecture_kana":"ナガサキケン","city":"長崎市","city_kana":"ナガサキシ","town":"中町","town_kana":"ナカマチ","prefecture_code":42},"0936":{"zip_code":"8500936","prefecture":"長崎県","prefecture_kana":"ナガサキケン","city":"長崎市","city_kana":"ナガサキシ","town":"浪の平町","town_kana":"ナミノヒラマチ","prefecture_code":42},"0011":{"zip_code":"8500011","prefecture":"長崎県","prefecture_kana":"ナガサキケン","city":"長崎市","city_kana":"ナガサキシ","town":"鳴滝","town_kana":"ナルタキ","prefecture_code":42},"0876":{"zip_code":"8500876","prefecture":"長崎県","prefecture_kana":"ナガサキケン","city":"長崎市","city_kana":"ナガサキシ","town":"賑町","town_kana":"ニギワイマチ","prefecture_code":42},"0837":{"zip_code":"8500837","prefecture":"長崎県","prefecture_kana":"ナガサキケン","city":"長崎市","city_kana":"ナガサキシ","town":"西小島","town_kana":"ニシコシマ","prefecture_code":42},"0933":{"zip_code":"8500933","prefecture":"長崎県","prefecture_kana":"ナガサキケン","city":"長崎市","city_kana":"ナガサキシ","town":"西琴平町","town_kana":"ニシコトヒラマチ","prefecture_code":42},"0051":{"zip_code":"8500051","prefecture":"長崎県","prefecture_kana":"ナガサキケン","city":"長崎市","city_kana":"ナガサキシ","town":"西坂町","town_kana":"ニシザカマチ","prefecture_code":42},"0074":{"zip_code":"8500074","prefecture":"長崎県","prefecture_kana":"ナガサキケン","city":"長崎市","city_kana":"ナガサキシ","town":"西立神町","town_kana":"ニシタテガミマチ","prefecture_code":42},"0075":{"zip_code":"8500075","prefecture":"長崎県","prefecture_kana":"ナガサキケン","city":"長崎市","city_kana":"ナガサキシ","town":"西泊町","town_kana":"ニシドマリマチ","prefecture_code":42},"0001":{"zip_code":"8500001","prefecture":"長崎県","prefecture_kana":"ナガサキケン","city":"長崎市","city_kana":"ナガサキシ","town":"西山","town_kana":"ニシヤマ","prefecture_code":42},"0005":{"zip_code":"8500005","prefecture":"長崎県","prefecture_kana":"ナガサキケン","city":"長崎市","city_kana":"ナガサキシ","town":"西山本町","town_kana":"ニシヤマホンマチ","prefecture_code":42},"0993":{"zip_code":"8500993","prefecture":"長崎県","prefecture_kana":"ナガサキケン","city":"長崎市","city_kana":"ナガサキシ","town":"八郎岳町","town_kana":"ハチロウダケマチ","prefecture_code":42},"0944":{"zip_code":"8500944","prefecture":"長崎県","prefecture_kana":"ナガサキケン","city":"長崎市","city_kana":"ナガサキシ","town":"八景町","town_kana":"ハッケイマチ","prefecture_code":42},"0041":{"zip_code":"8500041","prefecture":"長崎県","prefecture_kana":"ナガサキケン","city":"長崎市","city_kana":"ナガサキシ","town":"浜平","town_kana":"ハマヒラ","prefecture_code":42},"0853":{"zip_code":"8500853","prefecture":"長崎県","prefecture_kana":"ナガサキケン","city":"長崎市","city_kana":"ナガサキシ","town":"浜町","town_kana":"ハママチ","prefecture_code":42},"0833":{"zip_code":"8500833","prefecture":"長崎県","prefecture_kana":"ナガサキケン","city":"長崎市","city_kana":"ナガサキシ","town":"東小島町","town_kana":"ヒガシコシママチ","prefecture_code":42},"0932":{"zip_code":"8500932","prefecture":"長崎県","prefecture_kana":"ナガサキケン","city":"長崎市","city_kana":"ナガサキシ","town":"東琴平","town_kana":"ヒガシコトヒラ","prefecture_code":42},"0073":{"zip_code":"8500073","prefecture":"長崎県","prefecture_kana":"ナガサキケン","city":"長崎市","city_kana":"ナガサキシ","town":"東立神町","town_kana":"ヒガシタテガミマチ","prefecture_code":42},"0855":{"zip_code":"8500855","prefecture":"長崎県","prefecture_kana":"ナガサキケン","city":"長崎市","city_kana":"ナガサキシ","town":"東古川町","town_kana":"ヒガシフルカワマチ","prefecture_code":42},"0911":{"zip_code":"8500911","prefecture":"長崎県","prefecture_kana":"ナガサキケン","city":"長崎市","city_kana":"ナガサキシ","town":"東山手町","town_kana":"ヒガシヤマテマチ","prefecture_code":42},"0915":{"zip_code":"8500915","prefecture":"長崎県","prefecture_kana":"ナガサキケン","city":"長崎市","city_kana":"ナガサキシ","town":"東山町","town_kana":"ヒガシヤママチ","prefecture_code":42},"0804":{"zip_code":"8500804","prefecture":"長崎県","prefecture_kana":"ナガサキケン","city":"長崎市","city_kana":"ナガサキシ","town":"彦見町","town_kana":"ヒコミマチ","prefecture_code":42},"0914":{"zip_code":"8500914","prefecture":"長崎県","prefecture_kana":"ナガサキケン","city":"長崎市","city_kana":"ナガサキシ","town":"日の出町","town_kana":"ヒノデマチ","prefecture_code":42},"0985":{"zip_code":"8500985","prefecture":"長崎県","prefecture_kana":"ナガサキケン","city":"長崎市","city_kana":"ナガサキシ","town":"平瀬町","town_kana":"ヒラセマチ","prefecture_code":42},"0996":{"zip_code":"8500996","prefecture":"長崎県","prefecture_kana":"ナガサキケン","city":"長崎市","city_kana":"ナガサキシ","town":"平山台","town_kana":"ヒラヤマダイ","prefecture_code":42},"0995":{"zip_code":"8500995","prefecture":"長崎県","prefecture_kana":"ナガサキケン","city":"長崎市","city_kana":"ナガサキシ","town":"平山町","town_kana":"ヒラヤママチ","prefecture_code":42},"0016":{"zip_code":"8500016","prefecture":"長崎県","prefecture_kana":"ナガサキケン","city":"長崎市","city_kana":"ナガサキシ","town":"夫婦川町","town_kana":"フウフガワマチ","prefecture_code":42},"0068":{"zip_code":"8500068","prefecture":"長崎県","prefecture_kana":"ナガサキケン","city":"長崎市","city_kana":"ナガサキシ","town":"福田本町","town_kana":"フクダホンマチ","prefecture_code":42},"0904":{"zip_code":"8500904","prefecture":"長崎県","prefecture_kana":"ナガサキケン","city":"長崎市","city_kana":"ナガサキシ","town":"船大工町","town_kana":"フナダイクマチ","prefecture_code":42},"0851":{"zip_code":"8500851","prefecture":"長崎県","prefecture_kana":"ナガサキケン","city":"長崎市","city_kana":"ナガサキシ","town":"古川町","town_kana":"フルカワマチ","prefecture_code":42},"0935":{"zip_code":"8500935","prefecture":"長崎県","prefecture_kana":"ナガサキケン","city":"長崎市","city_kana":"ナガサキシ","town":"古河町","town_kana":"フルコマチ","prefecture_code":42},"0026":{"zip_code":"8500026","prefecture":"長崎県","prefecture_kana":"ナガサキケン","city":"長崎市","city_kana":"ナガサキシ","town":"古町","town_kana":"フルマチ","prefecture_code":42},"0972":{"zip_code":"8500972","prefecture":"長崎県","prefecture_kana":"ナガサキケン","city":"長崎市","city_kana":"ナガサキシ","town":"古道町","town_kana":"フルミチマチ","prefecture_code":42},"0945":{"zip_code":"8500945","prefecture":"長崎県","prefecture_kana":"ナガサキケン","city":"長崎市","city_kana":"ナガサキシ","town":"星取","town_kana":"ホシトリ","prefecture_code":42},"0012":{"zip_code":"8500012","prefecture":"長崎県","prefecture_kana":"ナガサキケン","city":"長崎市","city_kana":"ナガサキシ","town":"本河内","town_kana":"ホンゴウチ","prefecture_code":42},"0921":{"zip_code":"8500921","prefecture":"長崎県","prefecture_kana":"ナガサキケン","city":"長崎市","city_kana":"ナガサキシ","town":"松が枝町","town_kana":"マツガエマチ","prefecture_code":42},"0902":{"zip_code":"8500902","prefecture":"長崎県","prefecture_kana":"ナガサキケン","city":"長崎市","city_kana":"ナガサキシ","town":"丸山町","town_kana":"マルヤママチ","prefecture_code":42},"0033":{"zip_code":"8500033","prefecture":"長崎県","prefecture_kana":"ナガサキケン","city":"長崎市","city_kana":"ナガサキシ","town":"万才町","town_kana":"マンザイマチ","prefecture_code":42},"0061":{"zip_code":"8500061","prefecture":"長崎県","prefecture_kana":"ナガサキケン","city":"長崎市","city_kana":"ナガサキシ","town":"水の浦町","town_kana":"ミズノウラマチ","prefecture_code":42},"0079":{"zip_code":"8500079","prefecture":"長崎県","prefecture_kana":"ナガサキケン","city":"長崎市","city_kana":"ナガサキシ","town":"みなと坂","town_kana":"ミナトザカ","prefecture_code":42},"0943":{"zip_code":"8500943","prefecture":"長崎県","prefecture_kana":"ナガサキケン","city":"長崎市","city_kana":"ナガサキシ","town":"南が丘町","town_kana":"ミナミガオカマチ","prefecture_code":42},"0942":{"zip_code":"8500942","prefecture":"長崎県","prefecture_kana":"ナガサキケン","city":"長崎市","city_kana":"ナガサキシ","town":"南町","town_kana":"ミナミマチ","prefecture_code":42},"0931":{"zip_code":"8500931","prefecture":"長崎県","prefecture_kana":"ナガサキケン","city":"長崎市","city_kana":"ナガサキシ","town":"南山手町","town_kana":"ミナミヤマテマチ","prefecture_code":42},"0901":{"zip_code":"8500901","prefecture":"長崎県","prefecture_kana":"ナガサキケン","city":"長崎市","city_kana":"ナガサキシ","town":"本石灰町","town_kana":"モトシックイマチ","prefecture_code":42},"0035":{"zip_code":"8500035","prefecture":"長崎県","prefecture_kana":"ナガサキケン","city":"長崎市","city_kana":"ナガサキシ","town":"元船町","town_kana":"モトフナマチ","prefecture_code":42},"0913":{"zip_code":"8500913","prefecture":"長崎県","prefecture_kana":"ナガサキケン","city":"長崎市","city_kana":"ナガサキシ","town":"元町","town_kana":"モトマチ","prefecture_code":42},"0029":{"zip_code":"8500029","prefecture":"長崎県","prefecture_kana":"ナガサキケン","city":"長崎市","city_kana":"ナガサキシ","town":"八百屋町","town_kana":"ヤオヤマチ","prefecture_code":42},"0043":{"zip_code":"8500043","prefecture":"長崎県","prefecture_kana":"ナガサキケン","city":"長崎市","city_kana":"ナガサキシ","town":"八千代町","town_kana":"ヤチヨマチ","prefecture_code":42},"0813":{"zip_code":"8500813","prefecture":"長崎県","prefecture_kana":"ナガサキケン","city":"長崎市","city_kana":"ナガサキシ","town":"八つ尾町","town_kana":"ヤツオマチ","prefecture_code":42},"0982":{"zip_code":"8500982","prefecture":"長崎県","prefecture_kana":"ナガサキケン","city":"長崎市","city_kana":"ナガサキシ","town":"柳田町","town_kana":"ヤナギダマチ","prefecture_code":42},"0811":{"zip_code":"8500811","prefecture":"長崎県","prefecture_kana":"ナガサキケン","city":"長崎市","city_kana":"ナガサキシ","town":"矢の平","town_kana":"ヤノヒラ","prefecture_code":42},"0801":{"zip_code":"8500801","prefecture":"長崎県","prefecture_kana":"ナガサキケン","city":"長崎市","city_kana":"ナガサキシ","town":"八幡町","town_kana":"ヤハタマチ","prefecture_code":42},"0823":{"zip_code":"8500823","prefecture":"長崎県","prefecture_kana":"ナガサキケン","city":"長崎市","city_kana":"ナガサキシ","town":"弥生町","town_kana":"ヤヨイマチ","prefecture_code":42},"0903":{"zip_code":"8500903","prefecture":"長崎県","prefecture_kana":"ナガサキケン","city":"長崎市","city_kana":"ナガサキシ","town":"寄合町","town_kana":"ヨリアイマチ","prefecture_code":42},"0852":{"zip_code":"8500852","prefecture":"長崎県","prefecture_kana":"ナガサキケン","city":"長崎市","city_kana":"ナガサキシ","town":"万屋町","town_kana":"ヨロズヤマチ","prefecture_code":42},"0021":{"zip_code":"8500021","prefecture":"長崎県","prefecture_kana":"ナガサキケン","city":"長崎市","city_kana":"ナガサキシ","town":"炉粕町","town_kana":"ロカスマチ","prefecture_code":42}}