{"1122":{"zip_code":"8511122","prefecture":"長崎県","prefecture_kana":"ナガサキケン","city":"長崎市","city_kana":"ナガサキシ","town":"相川町","town_kana":"アイガワマチ","prefecture_code":42},"2321":{"zip_code":"8512321","prefecture":"長崎県","prefecture_kana":"ナガサキケン","city":"長崎市","city_kana":"ナガサキシ","town":"赤首町","town_kana":"アカクビマチ","prefecture_code":42},"2212":{"zip_code":"8512212","prefecture":"長崎県","prefecture_kana":"ナガサキケン","city":"長崎市","city_kana":"ナガサキシ","town":"畝刈町","town_kana":"アゼカリマチ","prefecture_code":42},"2201":{"zip_code":"8512201","prefecture":"長崎県","prefecture_kana":"ナガサキケン","city":"長崎市","city_kana":"ナガサキシ","town":"畦町","town_kana":"アゼマチ","prefecture_code":42},"0123":{"zip_code":"8510123","prefecture":"長崎県","prefecture_kana":"ナガサキケン","city":"長崎市","city_kana":"ナガサキシ","town":"網場町","town_kana":"アバマチ","prefecture_code":42},"1201":{"zip_code":"8511201","prefecture":"長崎県","prefecture_kana":"ナガサキケン","city":"長崎市","city_kana":"ナガサキシ","town":"伊王島町","town_kana":"イオウジママチ","prefecture_code":42},"0254":{"zip_code":"8510254","prefecture":"長崎県","prefecture_kana":"ナガサキケン","city":"長崎市","city_kana":"ナガサキシ","town":"飯香浦町","town_kana":"イカノウラマチ","prefecture_code":42},"0502":{"zip_code":"8510502","prefecture":"長崎県","prefecture_kana":"ナガサキケン","city":"長崎市","city_kana":"ナガサキシ","town":"以下宿町","town_kana":"イガヤドマチ","prefecture_code":42},"0135":{"zip_code":"8510135","prefecture":"長崎県","prefecture_kana":"ナガサキケン","city":"長崎市","city_kana":"ナガサキシ","town":"現川町","town_kana":"ウツツガワマチ","prefecture_code":42},"0302":{"zip_code":"8510302","prefecture":"長崎県","prefecture_kana":"ナガサキケン","city":"長崎市","city_kana":"ナガサキシ","town":"大籠町","town_kana":"オオゴモリマチ","prefecture_code":42},"0244":{"zip_code":"8510244","prefecture":"長崎県","prefecture_kana":"ナガサキケン","city":"長崎市","city_kana":"ナガサキシ","town":"大崎町","town_kana":"オオサキマチ","prefecture_code":42},"0255":{"zip_code":"8510255","prefecture":"長崎県","prefecture_kana":"ナガサキケン","city":"長崎市","city_kana":"ナガサキシ","town":"太田尾町","town_kana":"オオタオマチ","prefecture_code":42},"0115":{"zip_code":"8510115","prefecture":"長崎県","prefecture_kana":"ナガサキケン","city":"長崎市","city_kana":"ナガサキシ","town":"かき道","town_kana":"カキドウ","prefecture_code":42},"1134":{"zip_code":"8511134","prefecture":"長崎県","prefecture_kana":"ナガサキケン","city":"長崎市","city_kana":"ナガサキシ","town":"柿泊町","town_kana":"カキドマリマチ","prefecture_code":42},"2202":{"zip_code":"8512202","prefecture":"長崎県","prefecture_kana":"ナガサキケン","city":"長崎市","city_kana":"ナガサキシ","town":"樫山町","town_kana":"カシヤママチ","prefecture_code":42},"0124":{"zip_code":"8510124","prefecture":"長崎県","prefecture_kana":"ナガサキケン","city":"長崎市","city_kana":"ナガサキシ","town":"春日町","town_kana":"カスガマチ","prefecture_code":42},"1131":{"zip_code":"8511131","prefecture":"長崎県","prefecture_kana":"ナガサキケン","city":"長崎市","city_kana":"ナガサキシ","town":"上浦町","town_kana":"カミウラマチ","prefecture_code":42},"2426":{"zip_code":"8512426","prefecture":"長崎県","prefecture_kana":"ナガサキケン","city":"長崎市","city_kana":"ナガサキシ","town":"上大野町","town_kana":"カミオオノマチ","prefecture_code":42},"2324":{"zip_code":"8512324","prefecture":"長崎県","prefecture_kana":"ナガサキケン","city":"長崎市","city_kana":"ナガサキシ","town":"上黒崎町","town_kana":"カミクロサキマチ","prefecture_code":42},"0111":{"zip_code":"8510111","prefecture":"長崎県","prefecture_kana":"ナガサキケン","city":"長崎市","city_kana":"ナガサキシ","town":"上戸石町","town_kana":"カミトイシマチ","prefecture_code":42},"0401":{"zip_code":"8510401","prefecture":"長崎県","prefecture_kana":"ナガサキケン","city":"長崎市","city_kana":"ナガサキシ","town":"蚊焼町","town_kana":"カヤキマチ","prefecture_code":42},"0112":{"zip_code":"8510112","prefecture":"長崎県","prefecture_kana":"ナガサキケン","city":"長崎市","city_kana":"ナガサキシ","town":"川内町","town_kana":"カワチマチ","prefecture_code":42},"0407":{"zip_code":"8510407","prefecture":"長崎県","prefecture_kana":"ナガサキケン","city":"長崎市","city_kana":"ナガサキシ","town":"川原町","town_kana":"カワラマチ","prefecture_code":42},"0242":{"zip_code":"8510242","prefecture":"長崎県","prefecture_kana":"ナガサキケン","city":"長崎市","city_kana":"ナガサキシ","town":"北浦町","town_kana":"キタウラマチ","prefecture_code":42},"2211":{"zip_code":"8512211","prefecture":"長崎県","prefecture_kana":"ナガサキケン","city":"長崎市","city_kana":"ナガサキシ","town":"京泊","town_kana":"キョウドマリ","prefecture_code":42},"3214":{"zip_code":"8513214","prefecture":"長崎県","prefecture_kana":"ナガサキケン","city":"長崎市","city_kana":"ナガサキシ","town":"琴海大平町","town_kana":"キンカイオオヒラマチ","prefecture_code":42},"3215":{"zip_code":"8513215","prefecture":"長崎県","prefecture_kana":"ナガサキケン","city":"長崎市","city_kana":"ナガサキシ","town":"琴海尾戸町","town_kana":"キンカイオドマチ","prefecture_code":42},"3213":{"zip_code":"8513213","prefecture":"長崎県","prefecture_kana":"ナガサキケン","city":"長崎市","city_kana":"ナガサキシ","town":"琴海形上町","town_kana":"キンカイカタガミマチ","prefecture_code":42},"3211":{"zip_code":"8513211","prefecture":"長崎県","prefecture_kana":"ナガサキケン","city":"長崎市","city_kana":"ナガサキシ","town":"琴海戸根原町","town_kana":"キンカイトネハラマチ","prefecture_code":42},"3103":{"zip_code":"8513103","prefecture":"長崎県","prefecture_kana":"ナガサキケン","city":"長崎市","city_kana":"ナガサキシ","town":"琴海戸根町","town_kana":"キンカイトネマチ","prefecture_code":42},"3102":{"zip_code":"8513102","prefecture":"長崎県","prefecture_kana":"ナガサキケン","city":"長崎市","city_kana":"ナガサキシ","town":"琴海村松町","town_kana":"キンカイムラマツマチ","prefecture_code":42},"0501":{"zip_code":"8510501","prefecture":"長崎県","prefecture_kana":"ナガサキケン","city":"長崎市","city_kana":"ナガサキシ","town":"黒浜町","town_kana":"クロハママチ","prefecture_code":42},"2403":{"zip_code":"8512403","prefecture":"長崎県","prefecture_kana":"ナガサキケン","city":"長崎市","city_kana":"ナガサキシ","town":"神浦江川町","town_kana":"コウノウラエガワマチ","prefecture_code":42},"2411":{"zip_code":"8512411","prefecture":"長崎県","prefecture_kana":"ナガサキケン","city":"長崎市","city_kana":"ナガサキシ","town":"神浦扇山町","town_kana":"コウノウラオオギヤママチ","prefecture_code":42},"2422":{"zip_code":"8512422","prefecture":"長崎県","prefecture_kana":"ナガサキケン","city":"長崎市","city_kana":"ナガサキシ","town":"神浦上大中尾町","town_kana":"コウノウラカミオオナカオマチ","prefecture_code":42},"2424":{"zip_code":"8512424","prefecture":"長崎県","prefecture_kana":"ナガサキケン","city":"長崎市","city_kana":"ナガサキシ","town":"神浦上道徳町","town_kana":"コウノウラカミドウトクマチ","prefecture_code":42},"2421":{"zip_code":"8512421","prefecture":"長崎県","prefecture_kana":"ナガサキケン","city":"長崎市","city_kana":"ナガサキシ","town":"神浦北大中尾町","town_kana":"コウノウラキタオオナカオマチ","prefecture_code":42},"2401":{"zip_code":"8512401","prefecture":"長崎県","prefecture_kana":"ナガサキケン","city":"長崎市","city_kana":"ナガサキシ","town":"神浦口福町","town_kana":"コウノウラクチブクマチ","prefecture_code":42},"2423":{"zip_code":"8512423","prefecture":"長崎県","prefecture_kana":"ナガサキケン","city":"長崎市","city_kana":"ナガサキシ","town":"神浦下大中尾町","town_kana":"コウノウラシモオオナカオマチ","prefecture_code":42},"2425":{"zip_code":"8512425","prefecture":"長崎県","prefecture_kana":"ナガサキケン","city":"長崎市","city_kana":"ナガサキシ","town":"神浦下道徳町","town_kana":"コウノウラシモドウトクマチ","prefecture_code":42},"2413":{"zip_code":"8512413","prefecture":"長崎県","prefecture_kana":"ナガサキケン","city":"長崎市","city_kana":"ナガサキシ","town":"神浦夏井町","town_kana":"コウノウラナツイマチ","prefecture_code":42},"2404":{"zip_code":"8512404","prefecture":"長崎県","prefecture_kana":"ナガサキケン","city":"長崎市","city_kana":"ナガサキシ","town":"神浦丸尾町","town_kana":"コウノウラマルオマチ","prefecture_code":42},"2405":{"zip_code":"8512405","prefecture":"長崎県","prefecture_kana":"ナガサキケン","city":"長崎市","city_kana":"ナガサキシ","town":"神浦向町","town_kana":"コウノウラムカイマチ","prefecture_code":42},"0310":{"zip_code":"8510310","prefecture":"長崎県","prefecture_kana":"ナガサキケン","city":"長崎市","city_kana":"ナガサキシ","town":"香焼町","town_kana":"コウヤギマチ","prefecture_code":42},"1132":{"zip_code":"8511132","prefecture":"長崎県","prefecture_kana":"ナガサキケン","city":"長崎市","city_kana":"ナガサキシ","town":"小江原","town_kana":"コエバル","prefecture_code":42},"1133":{"zip_code":"8511133","prefecture":"長崎県","prefecture_kana":"ナガサキケン","city":"長崎市","city_kana":"ナガサキシ","town":"小江町","town_kana":"コエマチ","prefecture_code":42},"0101":{"zip_code":"8510101","prefecture":"長崎県","prefecture_kana":"ナガサキケン","city":"長崎市","city_kana":"ナガサキシ","town":"古賀町","town_kana":"コガマチ","prefecture_code":42},"0122":{"zip_code":"8510122","prefecture":"長崎県","prefecture_kana":"ナガサキケン","city":"長崎市","city_kana":"ナガサキシ","town":"界","town_kana":"サカイ","prefecture_code":42},"2207":{"zip_code":"8512207","prefecture":"長崎県","prefecture_kana":"ナガサキケン","city":"長崎市","city_kana":"ナガサキシ","town":"さくらの里","town_kana":"サクラノサト","prefecture_code":42},"2206":{"zip_code":"8512206","prefecture":"長崎県","prefecture_kana":"ナガサキケン","city":"長崎市","city_kana":"ナガサキシ","town":"三京町","town_kana":"サンキョウマチ","prefecture_code":42},"0125":{"zip_code":"8510125","prefecture":"長崎県","prefecture_kana":"ナガサキケン","city":"長崎市","city_kana":"ナガサキシ","town":"潮見町","town_kana":"シオミマチ","prefecture_code":42},"1137":{"zip_code":"8511137","prefecture":"長崎県","prefecture_kana":"ナガサキケン","city":"長崎市","city_kana":"ナガサキシ","town":"式見町","town_kana":"シキミマチ","prefecture_code":42},"2427":{"zip_code":"8512427","prefecture":"長崎県","prefecture_kana":"ナガサキケン","city":"長崎市","city_kana":"ナガサキシ","town":"下大野町","town_kana":"シモオオノマチ","prefecture_code":42},"2326":{"zip_code":"8512326","prefecture":"長崎県","prefecture_kana":"ナガサキケン","city":"長崎市","city_kana":"ナガサキシ","town":"下黒崎町","town_kana":"シモクロサキマチ","prefecture_code":42},"0121":{"zip_code":"8510121","prefecture":"長崎県","prefecture_kana":"ナガサキケン","city":"長崎市","city_kana":"ナガサキシ","town":"宿町","town_kana":"シュクマチ","prefecture_code":42},"2323":{"zip_code":"8512323","prefecture":"長崎県","prefecture_kana":"ナガサキケン","city":"長崎市","city_kana":"ナガサキシ","town":"新牧野町","town_kana":"シンマキノマチ","prefecture_code":42},"0126":{"zip_code":"8510126","prefecture":"長崎県","prefecture_kana":"ナガサキケン","city":"長崎市","city_kana":"ナガサキシ","town":"芒塚町","town_kana":"ススキヅカマチ","prefecture_code":42},"1125":{"zip_code":"8511125","prefecture":"長崎県","prefecture_kana":"ナガサキケン","city":"長崎市","city_kana":"ナガサキシ","town":"園田町","town_kana":"ソノダマチ","prefecture_code":42},"2213":{"zip_code":"8512213","prefecture":"長崎県","prefecture_kana":"ナガサキケン","city":"長崎市","city_kana":"ナガサキシ","town":"多以良町","town_kana":"タイラマチ","prefecture_code":42},"1315":{"zip_code":"8511315","prefecture":"長崎県","prefecture_kana":"ナガサキケン","city":"長崎市","city_kana":"ナガサキシ","town":"高島町","town_kana":"タカシママチ","prefecture_code":42},"0137":{"zip_code":"8510137","prefecture":"長崎県","prefecture_kana":"ナガサキケン","city":"長崎市","city_kana":"ナガサキシ","town":"高城台","town_kana":"タカシロダイ","prefecture_code":42},"0503":{"zip_code":"8510503","prefecture":"長崎県","prefecture_kana":"ナガサキケン","city":"長崎市","city_kana":"ナガサキシ","town":"高浜町","town_kana":"タカハママチ","prefecture_code":42},"0251":{"zip_code":"8510251","prefecture":"長崎県","prefecture_kana":"ナガサキケン","city":"長崎市","city_kana":"ナガサキシ","town":"田上","town_kana":"タガミ","prefecture_code":42},"0252":{"zip_code":"8510252","prefecture":"長崎県","prefecture_kana":"ナガサキケン","city":"長崎市","city_kana":"ナガサキシ","town":"田手原町","town_kana":"タデワラマチ","prefecture_code":42},"0134":{"zip_code":"8510134","prefecture":"長崎県","prefecture_kana":"ナガサキケン","city":"長崎市","city_kana":"ナガサキシ","town":"田中町","town_kana":"タナカマチ","prefecture_code":42},"0405":{"zip_code":"8510405","prefecture":"長崎県","prefecture_kana":"ナガサキケン","city":"長崎市","city_kana":"ナガサキシ","town":"為石町","town_kana":"タメシマチ","prefecture_code":42},"0245":{"zip_code":"8510245","prefecture":"長崎県","prefecture_kana":"ナガサキケン","city":"長崎市","city_kana":"ナガサキシ","town":"千々町","town_kana":"チヂマチ","prefecture_code":42},"0102":{"zip_code":"8510102","prefecture":"長崎県","prefecture_kana":"ナガサキケン","city":"長崎市","city_kana":"ナガサキシ","town":"つつじが丘","town_kana":"ツツジガオカ","prefecture_code":42},"0406":{"zip_code":"8510406","prefecture":"長崎県","prefecture_kana":"ナガサキケン","city":"長崎市","city_kana":"ナガサキシ","town":"椿が丘町","town_kana":"ツバキガオカマチ","prefecture_code":42},"0132":{"zip_code":"8510132","prefecture":"長崎県","prefecture_kana":"ナガサキケン","city":"長崎市","city_kana":"ナガサキシ","town":"鶴の尾町","town_kana":"ツルノオマチ","prefecture_code":42},"1135":{"zip_code":"8511135","prefecture":"長崎県","prefecture_kana":"ナガサキケン","city":"長崎市","city_kana":"ナガサキシ","town":"手熊町","town_kana":"テグママチ","prefecture_code":42},"0113":{"zip_code":"8510113","prefecture":"長崎県","prefecture_kana":"ナガサキケン","city":"長崎市","city_kana":"ナガサキシ","town":"戸石町","town_kana":"トイシマチ","prefecture_code":42},"0404":{"zip_code":"8510404","prefecture":"長崎県","prefecture_kana":"ナガサキケン","city":"長崎市","city_kana":"ナガサキシ","town":"藤田尾町","town_kana":"トウダオマチ","prefecture_code":42},"3212":{"zip_code":"8513212","prefecture":"長崎県","prefecture_kana":"ナガサキケン","city":"長崎市","city_kana":"ナガサキシ","town":"長浦町","town_kana":"ナガウラマチ","prefecture_code":42},"0103":{"zip_code":"8510103","prefecture":"長崎県","prefecture_kana":"ナガサキケン","city":"長崎市","city_kana":"ナガサキシ","town":"中里町","town_kana":"ナカザトマチ","prefecture_code":42},"2325":{"zip_code":"8512325","prefecture":"長崎県","prefecture_kana":"ナガサキケン","city":"長崎市","city_kana":"ナガサキシ","town":"永田町","town_kana":"ナガタマチ","prefecture_code":42},"2215":{"zip_code":"8512215","prefecture":"長崎県","prefecture_kana":"ナガサキケン","city":"長崎市","city_kana":"ナガサキシ","town":"鳴見台","town_kana":"ナルミダイ","prefecture_code":42},"2214":{"zip_code":"8512214","prefecture":"長崎県","prefecture_kana":"ナガサキケン","city":"長崎市","city_kana":"ナガサキシ","town":"鳴見町","town_kana":"ナルミマチ","prefecture_code":42},"0504":{"zip_code":"8510504","prefecture":"長崎県","prefecture_kana":"ナガサキケン","city":"長崎市","city_kana":"ナガサキシ","town":"南越町","town_kana":"ナンゴシマチ","prefecture_code":42},"3101":{"zip_code":"8513101","prefecture":"長崎県","prefecture_kana":"ナガサキケン","city":"長崎市","city_kana":"ナガサキシ","town":"西海町","town_kana":"ニシウミマチ","prefecture_code":42},"2322":{"zip_code":"8512322","prefecture":"長崎県","prefecture_kana":"ナガサキケン","city":"長崎市","city_kana":"ナガサキシ","town":"西出津町","town_kana":"ニシシツマチ","prefecture_code":42},"0403":{"zip_code":"8510403","prefecture":"長崎県","prefecture_kana":"ナガサキケン","city":"長崎市","city_kana":"ナガサキシ","town":"布巻町","town_kana":"ヌノマキマチ","prefecture_code":42},"0507":{"zip_code":"8510507","prefecture":"長崎県","prefecture_kana":"ナガサキケン","city":"長崎市","city_kana":"ナガサキシ","town":"野母崎樺島町","town_kana":"ノモザキカバシママチ","prefecture_code":42},"0505":{"zip_code":"8510505","prefecture":"長崎県","prefecture_kana":"ナガサキケン","city":"長崎市","city_kana":"ナガサキシ","town":"野母町","town_kana":"ノモマチ","prefecture_code":42},"0253":{"zip_code":"8510253","prefecture":"長崎県","prefecture_kana":"ナガサキケン","city":"長崎市","city_kana":"ナガサキシ","town":"早坂町","town_kana":"ハヤサカマチ","prefecture_code":42},"0402":{"zip_code":"8510402","prefecture":"長崎県","prefecture_kana":"ナガサキケン","city":"長崎市","city_kana":"ナガサキシ","town":"晴海台町","town_kana":"ハルミダイマチ","prefecture_code":42},"2327":{"zip_code":"8512327","prefecture":"長崎県","prefecture_kana":"ナガサキケン","city":"長崎市","city_kana":"ナガサキシ","town":"東出津町","town_kana":"ヒガシシツマチ","prefecture_code":42},"0116":{"zip_code":"8510116","prefecture":"長崎県","prefecture_kana":"ナガサキケン","city":"長崎市","city_kana":"ナガサキシ","town":"東町","town_kana":"ヒガシマチ","prefecture_code":42},"0136":{"zip_code":"8510136","prefecture":"長崎県","prefecture_kana":"ナガサキケン","city":"長崎市","city_kana":"ナガサキシ","town":"平間町","town_kana":"ヒラママチ","prefecture_code":42},"0301":{"zip_code":"8510301","prefecture":"長崎県","prefecture_kana":"ナガサキケン","city":"長崎市","city_kana":"ナガサキシ","town":"深堀町","town_kana":"フカホリマチ","prefecture_code":42},"0104":{"zip_code":"8510104","prefecture":"長崎県","prefecture_kana":"ナガサキケン","city":"長崎市","city_kana":"ナガサキシ","town":"船石町","town_kana":"フナイシマチ","prefecture_code":42},"2216":{"zip_code":"8512216","prefecture":"長崎県","prefecture_kana":"ナガサキケン","city":"長崎市","city_kana":"ナガサキシ","town":"豊洋台","town_kana":"ホウヨウダイ","prefecture_code":42},"0114":{"zip_code":"8510114","prefecture":"長崎県","prefecture_kana":"ナガサキケン","city":"長崎市","city_kana":"ナガサキシ","town":"牧島町","town_kana":"マキシママチ","prefecture_code":42},"1124":{"zip_code":"8511124","prefecture":"長崎県","prefecture_kana":"ナガサキケン","city":"長崎市","city_kana":"ナガサキシ","town":"牧野町","town_kana":"マキノマチ","prefecture_code":42},"2205":{"zip_code":"8512205","prefecture":"長崎県","prefecture_kana":"ナガサキケン","city":"長崎市","city_kana":"ナガサキシ","town":"松崎町","town_kana":"マツザキマチ","prefecture_code":42},"0131":{"zip_code":"8510131","prefecture":"長崎県","prefecture_kana":"ナガサキケン","city":"長崎市","city_kana":"ナガサキシ","town":"松原町","town_kana":"マツバラマチ","prefecture_code":42},"2203":{"zip_code":"8512203","prefecture":"長崎県","prefecture_kana":"ナガサキケン","city":"長崎市","city_kana":"ナガサキシ","town":"三重田町","town_kana":"ミエダマチ","prefecture_code":42},"2204":{"zip_code":"8512204","prefecture":"長崎県","prefecture_kana":"ナガサキケン","city":"長崎市","city_kana":"ナガサキシ","town":"三重町","town_kana":"ミエマチ","prefecture_code":42},"1121":{"zip_code":"8511121","prefecture":"長崎県","prefecture_kana":"ナガサキケン","city":"長崎市","city_kana":"ナガサキシ","town":"見崎町","town_kana":"ミサキマチ","prefecture_code":42},"0408":{"zip_code":"8510408","prefecture":"長崎県","prefecture_kana":"ナガサキケン","city":"長崎市","city_kana":"ナガサキシ","town":"宮崎町","town_kana":"ミヤザキマチ","prefecture_code":42},"0243":{"zip_code":"8510243","prefecture":"長崎県","prefecture_kana":"ナガサキケン","city":"長崎市","city_kana":"ナガサキシ","town":"宮摺町","town_kana":"ミヤズリマチ","prefecture_code":42},"1136":{"zip_code":"8511136","prefecture":"長崎県","prefecture_kana":"ナガサキケン","city":"長崎市","city_kana":"ナガサキシ","town":"向町","town_kana":"ムカエマチ","prefecture_code":42},"0241":{"zip_code":"8510241","prefecture":"長崎県","prefecture_kana":"ナガサキケン","city":"長崎市","city_kana":"ナガサキシ","town":"茂木町","town_kana":"モギマチ","prefecture_code":42},"0133":{"zip_code":"8510133","prefecture":"長崎県","prefecture_kana":"ナガサキケン","city":"長崎市","city_kana":"ナガサキシ","town":"矢上町","town_kana":"ヤガミマチ","prefecture_code":42},"1123":{"zip_code":"8511123","prefecture":"長崎県","prefecture_kana":"ナガサキケン","city":"長崎市","city_kana":"ナガサキシ","town":"四杖町","town_kana":"ヨツエマチ","prefecture_code":42},"0506":{"zip_code":"8510506","prefecture":"長崎県","prefecture_kana":"ナガサキケン","city":"長崎市","city_kana":"ナガサキシ","town":"脇岬町","town_kana":"ワキミサキマチ","prefecture_code":42},"3500":{"zip_code":"8513500","prefecture":"長崎県","prefecture_kana":"ナガサキケン","city":"西海市","city_kana":"サイカイシ","town":"","town_kana":"","prefecture_code":42},"3507":{"zip_code":"8513507","prefecture":"長崎県","prefecture_kana":"ナガサキケン","city":"西海市","city_kana":"サイカイシ","town":"西海町天久保郷","town_kana":"サイカイチョウアマクボゴウ","prefecture_code":42},"3503":{"zip_code":"8513503","prefecture":"長崎県","prefecture_kana":"ナガサキケン","city":"西海市","city_kana":"サイカイシ","town":"西海町太田原郷","town_kana":"サイカイチョウオオタハラゴウ","prefecture_code":42},"3505":{"zip_code":"8513505","prefecture":"長崎県","prefecture_kana":"ナガサキケン","city":"西海市","city_kana":"サイカイシ","town":"西海町太田和郷","town_kana":"サイカイチョウオオタワゴウ","prefecture_code":42},"3508":{"zip_code":"8513508","prefecture":"長崎県","prefecture_kana":"ナガサキケン","city":"西海市","city_kana":"サイカイシ","town":"西海町面高郷","town_kana":"サイカイチョウオモダカゴウ","prefecture_code":42},"3502":{"zip_code":"8513502","prefecture":"長崎県","prefecture_kana":"ナガサキケン","city":"西海市","city_kana":"サイカイシ","town":"西海町川内郷","town_kana":"サイカイチョウカワチゴウ","prefecture_code":42},"3506":{"zip_code":"8513506","prefecture":"長崎県","prefecture_kana":"ナガサキケン","city":"西海市","city_kana":"サイカイシ","town":"西海町黒口郷","town_kana":"サイカイチョウクロクチゴウ","prefecture_code":42},"3504":{"zip_code":"8513504","prefecture":"長崎県","prefecture_kana":"ナガサキケン","city":"西海市","city_kana":"サイカイシ","town":"西海町木場郷","town_kana":"サイカイチョウコバゴウ","prefecture_code":42},"3501":{"zip_code":"8513501","prefecture":"長崎県","prefecture_kana":"ナガサキケン","city":"西海市","city_kana":"サイカイシ","town":"西海町丹納郷","town_kana":"サイカイチョウタンノウゴウ","prefecture_code":42},"3511":{"zip_code":"8513511","prefecture":"長崎県","prefecture_kana":"ナガサキケン","city":"西海市","city_kana":"サイカイシ","town":"西海町水浦郷","town_kana":"サイカイチョウミズノウラゴウ","prefecture_code":42},"3509":{"zip_code":"8513509","prefecture":"長崎県","prefecture_kana":"ナガサキケン","city":"西海市","city_kana":"サイカイシ","town":"西海町横瀬郷","town_kana":"サイカイチョウヨコセゴウ","prefecture_code":42},"3421":{"zip_code":"8513421","prefecture":"長崎県","prefecture_kana":"ナガサキケン","city":"西海市","city_kana":"サイカイシ","town":"西彼町伊ノ浦郷","town_kana":"セイヒチョウイノウラゴウ","prefecture_code":42},"3424":{"zip_code":"8513424","prefecture":"長崎県","prefecture_kana":"ナガサキケン","city":"西海市","city_kana":"サイカイシ","town":"西彼町大串郷","town_kana":"セイヒチョウオオクシゴウ","prefecture_code":42},"3313":{"zip_code":"8513313","prefecture":"長崎県","prefecture_kana":"ナガサキケン","city":"西海市","city_kana":"サイカイシ","town":"西彼町風早郷","town_kana":"セイヒチョウカザハヤゴウ","prefecture_code":42},"3304":{"zip_code":"8513304","prefecture":"長崎県","prefecture_kana":"ナガサキケン","city":"西海市","city_kana":"サイカイシ","town":"西彼町上岳郷","town_kana":"セイヒチョウカミダケゴウ","prefecture_code":42},"3303":{"zip_code":"8513303","prefecture":"長崎県","prefecture_kana":"ナガサキケン","city":"西海市","city_kana":"サイカイシ","town":"西彼町亀浦郷","town_kana":"セイヒチョウカメウラゴウ","prefecture_code":42},"3422":{"zip_code":"8513422","prefecture":"長崎県","prefecture_kana":"ナガサキケン","city":"西海市","city_kana":"サイカイシ","town":"西彼町小迎郷","town_kana":"セイヒチョウコムカエゴウ","prefecture_code":42},"3305":{"zip_code":"8513305","prefecture":"長崎県","prefecture_kana":"ナガサキケン","city":"西海市","city_kana":"サイカイシ","town":"西彼町喰場郷","town_kana":"セイヒチョウジキバゴウ","prefecture_code":42},"3311":{"zip_code":"8513311","prefecture":"長崎県","prefecture_kana":"ナガサキケン","city":"西海市","city_kana":"サイカイシ","town":"西彼町下岳郷","town_kana":"セイヒチョウシモタケゴウ","prefecture_code":42},"3314":{"zip_code":"8513314","prefecture":"長崎県","prefecture_kana":"ナガサキケン","city":"西海市","city_kana":"サイカイシ","town":"西彼町白似田郷","town_kana":"セイヒチョウシラニタゴウ","prefecture_code":42},"3312":{"zip_code":"8513312","prefecture":"長崎県","prefecture_kana":"ナガサキケン","city":"西海市","city_kana":"サイカイシ","town":"西彼町白崎郷","town_kana":"セイヒチョウシロサキゴウ","prefecture_code":42},"3306":{"zip_code":"8513306","prefecture":"長崎県","prefecture_kana":"ナガサキケン","city":"西海市","city_kana":"サイカイシ","town":"西彼町鳥加郷川山","town_kana":"セイヒチョウトリカゴウカワヤマ","prefecture_code":42},"3406":{"zip_code":"8513406","prefecture":"長崎県","prefecture_kana":"ナガサキケン","city":"西海市","city_kana":"サイカイシ","town":"西彼町鳥加郷","town_kana":"セイヒチョウトリカゴウ","prefecture_code":42},"3302":{"zip_code":"8513302","prefecture":"長崎県","prefecture_kana":"ナガサキケン","city":"西海市","city_kana":"サイカイシ","town":"西彼町中山郷","town_kana":"セイヒチョウナカヤマゴウ","prefecture_code":42},"3315":{"zip_code":"8513315","prefecture":"長崎県","prefecture_kana":"ナガサキケン","city":"西海市","city_kana":"サイカイシ","town":"西彼町平原郷","town_kana":"セイヒチョウヒラバルゴウ","prefecture_code":42},"3425":{"zip_code":"8513425","prefecture":"長崎県","prefecture_kana":"ナガサキケン","city":"西海市","city_kana":"サイカイシ","town":"西彼町平山郷","town_kana":"セイヒチョウヒラヤマゴウ","prefecture_code":42},"3301":{"zip_code":"8513301","prefecture":"長崎県","prefecture_kana":"ナガサキケン","city":"西海市","city_kana":"サイカイシ","town":"西彼町宮浦郷","town_kana":"セイヒチョウミヤウラゴウ","prefecture_code":42},"3423":{"zip_code":"8513423","prefecture":"長崎県","prefecture_kana":"ナガサキケン","city":"西海市","city_kana":"サイカイシ","town":"西彼町八木原郷","town_kana":"セイヒチョウヤキハラゴウ","prefecture_code":42},"2100":[{"zip_code":"8512100","prefecture":"長崎県","prefecture_kana":"ナガサキケン","city":"西彼杵郡長与町","city_kana":"ニシソノギグンナガヨチョウ","town":"","town_kana":"","prefecture_code":42},{"zip_code":"8512100","prefecture":"長崎県","prefecture_kana":"ナガサキケン","city":"西彼杵郡時津町","city_kana":"ニシソノギグントギツチョウ","town":"","town_kana":"","prefecture_code":42}],"2128":{"zip_code":"8512128","prefecture":"長崎県","prefecture_kana":"ナガサキケン","city":"西彼杵郡長与町","city_kana":"ニシソノギグンナガヨチョウ","town":"嬉里郷","town_kana":"ウレリゴウ","prefecture_code":42},"2121":{"zip_code":"8512121","prefecture":"長崎県","prefecture_kana":"ナガサキケン","city":"西彼杵郡長与町","city_kana":"ニシソノギグンナガヨチョウ","town":"岡郷","town_kana":"オカゴウ","prefecture_code":42},"2127":{"zip_code":"8512127","prefecture":"長崎県","prefecture_kana":"ナガサキケン","city":"西彼杵郡長与町","city_kana":"ニシソノギグンナガヨチョウ","town":"高田郷","town_kana":"コウダゴウ","prefecture_code":42},"2129":{"zip_code":"8512129","prefecture":"長崎県","prefecture_kana":"ナガサキケン","city":"西彼杵郡長与町","city_kana":"ニシソノギグンナガヨチョウ","town":"斉藤郷","town_kana":"サイトウゴウ","prefecture_code":42},"2123":{"zip_code":"8512123","prefecture":"長崎県","prefecture_kana":"ナガサキケン","city":"西彼杵郡長与町","city_kana":"ニシソノギグンナガヨチョウ","town":"平木場郷","town_kana":"ヒラコバゴウ","prefecture_code":42},"2122":{"zip_code":"8512122","prefecture":"長崎県","prefecture_kana":"ナガサキケン","city":"西彼杵郡長与町","city_kana":"ニシソノギグンナガヨチョウ","town":"本川内郷","town_kana":"ホンガワチゴウ","prefecture_code":42},"2130":{"zip_code":"8512130","prefecture":"長崎県","prefecture_kana":"ナガサキケン","city":"西彼杵郡長与町","city_kana":"ニシソノギグンナガヨチョウ","town":"まなび野","town_kana":"マナビノ","prefecture_code":42},"2124":{"zip_code":"8512124","prefecture":"長崎県","prefecture_kana":"ナガサキケン","city":"西彼杵郡長与町","city_kana":"ニシソノギグンナガヨチョウ","town":"丸田郷","town_kana":"マルタゴウ","prefecture_code":42},"2125":{"zip_code":"8512125","prefecture":"長崎県","prefecture_kana":"ナガサキケン","city":"西彼杵郡長与町","city_kana":"ニシソノギグンナガヨチョウ","town":"三根郷","town_kana":"ミネゴウ","prefecture_code":42},"2126":{"zip_code":"8512126","prefecture":"長崎県","prefecture_kana":"ナガサキケン","city":"西彼杵郡長与町","city_kana":"ニシソノギグンナガヨチョウ","town":"吉無田郷","town_kana":"ヨシムタゴウ","prefecture_code":42},"2105":{"zip_code":"8512105","prefecture":"長崎県","prefecture_kana":"ナガサキケン","city":"西彼杵郡時津町","city_kana":"ニシソノギグントギツチョウ","town":"浦郷","town_kana":"ウラゴウ","prefecture_code":42},"2107":{"zip_code":"8512107","prefecture":"長崎県","prefecture_kana":"ナガサキケン","city":"西彼杵郡時津町","city_kana":"ニシソノギグントギツチョウ","town":"久留里郷","town_kana":"クルリゴウ","prefecture_code":42},"2106":{"zip_code":"8512106","prefecture":"長崎県","prefecture_kana":"ナガサキケン","city":"西彼杵郡時津町","city_kana":"ニシソノギグントギツチョウ","town":"左底郷","town_kana":"サソコゴウ","prefecture_code":42},"2111":{"zip_code":"8512111","prefecture":"長崎県","prefecture_kana":"ナガサキケン","city":"西彼杵郡時津町","city_kana":"ニシソノギグントギツチョウ","town":"子々川郷","town_kana":"シシガワゴウ","prefecture_code":42},"2101":{"zip_code":"8512101","prefecture":"長崎県","prefecture_kana":"ナガサキケン","city":"西彼杵郡時津町","city_kana":"ニシソノギグントギツチョウ","town":"西時津郷","town_kana":"ニシトギツゴウ","prefecture_code":42},"2104":{"zip_code":"8512104","prefecture":"長崎県","prefecture_kana":"ナガサキケン","city":"西彼杵郡時津町","city_kana":"ニシソノギグントギツチョウ","town":"野田郷","town_kana":"ノダゴウ","prefecture_code":42},"2102":{"zip_code":"8512102","prefecture":"長崎県","prefecture_kana":"ナガサキケン","city":"西彼杵郡時津町","city_kana":"ニシソノギグントギツチョウ","town":"浜田郷","town_kana":"ハマダゴウ","prefecture_code":42},"2108":{"zip_code":"8512108","prefecture":"長崎県","prefecture_kana":"ナガサキケン","city":"西彼杵郡時津町","city_kana":"ニシソノギグントギツチョウ","town":"日並郷","town_kana":"ヒナミゴウ","prefecture_code":42},"2103":{"zip_code":"8512103","prefecture":"長崎県","prefecture_kana":"ナガサキケン","city":"西彼杵郡時津町","city_kana":"ニシソノギグントギツチョウ","town":"元村郷","town_kana":"モトムラゴウ","prefecture_code":42}}