{"0000":{"zip_code":"8530000","prefecture":"長崎県","prefecture_kana":"ナガサキケン","city":"五島市","city_kana":"ゴトウシ","town":"","town_kana":"","prefecture_code":42},"0062":{"zip_code":"8530062","prefecture":"長崎県","prefecture_kana":"ナガサキケン","city":"五島市","city_kana":"ゴトウシ","town":"赤島町","town_kana":"アカシマチョウ","prefecture_code":42},"0018":{"zip_code":"8530018","prefecture":"長崎県","prefecture_kana":"ナガサキケン","city":"五島市","city_kana":"ゴトウシ","town":"池田町","town_kana":"イケダマチ","prefecture_code":42},"2174":{"zip_code":"8532174","prefecture":"長崎県","prefecture_kana":"ナガサキケン","city":"五島市","city_kana":"ゴトウシ","town":"猪之木町","town_kana":"イノキチョウ","prefecture_code":42},"2481":{"zip_code":"8532481","prefecture":"長崎県","prefecture_kana":"ナガサキケン","city":"五島市","city_kana":"ゴトウシ","town":"伊福貴町","town_kana":"イフキチョウ","prefecture_code":42},"0006":{"zip_code":"8530006","prefecture":"長崎県","prefecture_kana":"ナガサキケン","city":"五島市","city_kana":"ゴトウシ","town":"江川町","town_kana":"エガワマチ","prefecture_code":42},"0061":{"zip_code":"8530061","prefecture":"長崎県","prefecture_kana":"ナガサキケン","city":"五島市","city_kana":"ゴトウシ","town":"黄島町","town_kana":"オウシマチョウ","prefecture_code":42},"0032":{"zip_code":"8530032","prefecture":"長崎県","prefecture_kana":"ナガサキケン","city":"五島市","city_kana":"ゴトウシ","town":"大荒町","town_kana":"オオアレチョウ","prefecture_code":42},"0053":{"zip_code":"8530053","prefecture":"長崎県","prefecture_kana":"ナガサキケン","city":"五島市","city_kana":"ゴトウシ","town":"奥浦町","town_kana":"オクウラチョウ","prefecture_code":42},"0025":{"zip_code":"8530025","prefecture":"長崎県","prefecture_kana":"ナガサキケン","city":"五島市","city_kana":"ゴトウシ","town":"小泊町","town_kana":"オドマリチョウ","prefecture_code":42},"0013":{"zip_code":"8530013","prefecture":"長崎県","prefecture_kana":"ナガサキケン","city":"五島市","city_kana":"ゴトウシ","town":"上大津町","town_kana":"カミオオヅチョウ","prefecture_code":42},"0023":{"zip_code":"8530023","prefecture":"長崎県","prefecture_kana":"ナガサキケン","city":"五島市","city_kana":"ゴトウシ","town":"上崎山町","town_kana":"カミサキヤマチョウ","prefecture_code":42},"0702":{"zip_code":"8530702","prefecture":"長崎県","prefecture_kana":"ナガサキケン","city":"五島市","city_kana":"ゴトウシ","town":"岐宿町川原","town_kana":"キシクマチカワラ","prefecture_code":42},"0701":{"zip_code":"8530701","prefecture":"長崎県","prefecture_kana":"ナガサキケン","city":"五島市","city_kana":"ゴトウシ","town":"岐宿町岐宿","town_kana":"キシクマチキシク","prefecture_code":42},"0703":{"zip_code":"8530703","prefecture":"長崎県","prefecture_kana":"ナガサキケン","city":"五島市","city_kana":"ゴトウシ","town":"岐宿町楠原","town_kana":"キシクマチクスハラ","prefecture_code":42},"0704":{"zip_code":"8530704","prefecture":"長崎県","prefecture_kana":"ナガサキケン","city":"五島市","city_kana":"ゴトウシ","town":"岐宿町河務","town_kana":"キシクマチコウム","prefecture_code":42},"0706":{"zip_code":"8530706","prefecture":"長崎県","prefecture_kana":"ナガサキケン","city":"五島市","city_kana":"ゴトウシ","town":"岐宿町唐船ノ浦","town_kana":"キシクマチトウセンノウラ","prefecture_code":42},"0705":{"zip_code":"8530705","prefecture":"長崎県","prefecture_kana":"ナガサキケン","city":"五島市","city_kana":"ゴトウシ","town":"岐宿町戸岐ノ首","town_kana":"キシクマチトギノクビ","prefecture_code":42},"0312":{"zip_code":"8530312","prefecture":"長崎県","prefecture_kana":"ナガサキケン","city":"五島市","city_kana":"ゴトウシ","town":"岐宿町中嶽","town_kana":"キシクマチナカダケ","prefecture_code":42},"0311":{"zip_code":"8530311","prefecture":"長崎県","prefecture_kana":"ナガサキケン","city":"五島市","city_kana":"ゴトウシ","town":"岐宿町二本楠","town_kana":"キシクマチニホングス","prefecture_code":42},"0313":{"zip_code":"8530313","prefecture":"長崎県","prefecture_kana":"ナガサキケン","city":"五島市","city_kana":"ゴトウシ","town":"岐宿町松山","town_kana":"キシクマチマツヤマ","prefecture_code":42},"0043":{"zip_code":"8530043","prefecture":"長崎県","prefecture_kana":"ナガサキケン","city":"五島市","city_kana":"ゴトウシ","town":"高田町","town_kana":"コウダチョウ","prefecture_code":42},"0033":{"zip_code":"8530033","prefecture":"長崎県","prefecture_kana":"ナガサキケン","city":"五島市","city_kana":"ゴトウシ","town":"木場町","town_kana":"コバチョウ","prefecture_code":42},"0041":{"zip_code":"8530041","prefecture":"長崎県","prefecture_kana":"ナガサキケン","city":"五島市","city_kana":"ゴトウシ","town":"籠淵町","town_kana":"コモリブチチョウ","prefecture_code":42},"0016":{"zip_code":"8530016","prefecture":"長崎県","prefecture_kana":"ナガサキケン","city":"五島市","city_kana":"ゴトウシ","town":"紺屋町","town_kana":"コンヤマチ","prefecture_code":42},"0004":{"zip_code":"8530004","prefecture":"長崎県","prefecture_kana":"ナガサキケン","city":"五島市","city_kana":"ゴトウシ","town":"幸町","town_kana":"サイワイマチ","prefecture_code":42},"0001":{"zip_code":"8530001","prefecture":"長崎県","prefecture_kana":"ナガサキケン","city":"五島市","city_kana":"ゴトウシ","town":"栄町","town_kana":"サカエマチ","prefecture_code":42},"0065":{"zip_code":"8530065","prefecture":"長崎県","prefecture_kana":"ナガサキケン","city":"五島市","city_kana":"ゴトウシ","town":"坂の上","town_kana":"サカノウエ","prefecture_code":42},"0011":{"zip_code":"8530011","prefecture":"長崎県","prefecture_kana":"ナガサキケン","city":"五島市","city_kana":"ゴトウシ","town":"下大津町","town_kana":"シモオオヅチョウ","prefecture_code":42},"0021":{"zip_code":"8530021","prefecture":"長崎県","prefecture_kana":"ナガサキケン","city":"五島市","city_kana":"ゴトウシ","town":"下崎山町","town_kana":"シモサキヤマチョウ","prefecture_code":42},"0063":{"zip_code":"8530063","prefecture":"長崎県","prefecture_kana":"ナガサキケン","city":"五島市","city_kana":"ゴトウシ","town":"新港町","town_kana":"シンミナトマチ","prefecture_code":42},"0005":{"zip_code":"8530005","prefecture":"長崎県","prefecture_kana":"ナガサキケン","city":"五島市","city_kana":"ゴトウシ","town":"末広町","town_kana":"スエヒロマチ","prefecture_code":42},"0066":{"zip_code":"8530066","prefecture":"長崎県","prefecture_kana":"ナガサキケン","city":"五島市","city_kana":"ゴトウシ","town":"大円寺町","town_kana":"ダイエンジチョウ","prefecture_code":42},"2173":{"zip_code":"8532173","prefecture":"長崎県","prefecture_kana":"ナガサキケン","city":"五島市","city_kana":"ゴトウシ","town":"田ノ浦町","town_kana":"タノウラチョウ","prefecture_code":42},"0501":{"zip_code":"8530501","prefecture":"長崎県","prefecture_kana":"ナガサキケン","city":"五島市","city_kana":"ゴトウシ","town":"玉之浦町荒川","town_kana":"タマノウラマチアラカワ","prefecture_code":42},"0502":{"zip_code":"8530502","prefecture":"長崎県","prefecture_kana":"ナガサキケン","city":"五島市","city_kana":"ゴトウシ","town":"玉之浦町幾久山","town_kana":"タマノウラマチイツクヤマ","prefecture_code":42},"0503":{"zip_code":"8530503","prefecture":"長崎県","prefecture_kana":"ナガサキケン","city":"五島市","city_kana":"ゴトウシ","town":"玉之浦町小川","town_kana":"タマノウラマチオガワ","prefecture_code":42},"0506":{"zip_code":"8530506","prefecture":"長崎県","prefecture_kana":"ナガサキケン","city":"五島市","city_kana":"ゴトウシ","town":"玉之浦町上の平","town_kana":"タマノウラマチカミノヒラ","prefecture_code":42},"0413":{"zip_code":"8530413","prefecture":"長崎県","prefecture_kana":"ナガサキケン","city":"五島市","city_kana":"ゴトウシ","town":"玉之浦町大宝","town_kana":"タマノウラマチダイホウ","prefecture_code":42},"0412":{"zip_code":"8530412","prefecture":"長崎県","prefecture_kana":"ナガサキケン","city":"五島市","city_kana":"ゴトウシ","town":"玉之浦町立谷","town_kana":"タマノウラマチタチヤ","prefecture_code":42},"0411":{"zip_code":"8530411","prefecture":"長崎県","prefecture_kana":"ナガサキケン","city":"五島市","city_kana":"ゴトウシ","town":"玉之浦町玉之浦","town_kana":"タマノウラマチタマノウラ","prefecture_code":42},"0504":{"zip_code":"8530504","prefecture":"長崎県","prefecture_kana":"ナガサキケン","city":"五島市","city_kana":"ゴトウシ","town":"玉之浦町丹奈","town_kana":"タマノウラマチタンナ","prefecture_code":42},"0507":{"zip_code":"8530507","prefecture":"長崎県","prefecture_kana":"ナガサキケン","city":"五島市","city_kana":"ゴトウシ","town":"玉之浦町頓泊","town_kana":"タマノウラマチトントマリ","prefecture_code":42},"0505":{"zip_code":"8530505","prefecture":"長崎県","prefecture_kana":"ナガサキケン","city":"五島市","city_kana":"ゴトウシ","town":"玉之浦町中須","town_kana":"タマノウラマチナカス","prefecture_code":42},"0508":{"zip_code":"8530508","prefecture":"長崎県","prefecture_kana":"ナガサキケン","city":"五島市","city_kana":"ゴトウシ","town":"玉之浦町布浦","town_kana":"タマノウラマチヌノウラ","prefecture_code":42},"0002":{"zip_code":"8530002","prefecture":"長崎県","prefecture_kana":"ナガサキケン","city":"五島市","city_kana":"ゴトウシ","town":"中央町","town_kana":"チュウオウマチ","prefecture_code":42},"0044":{"zip_code":"8530044","prefecture":"長崎県","prefecture_kana":"ナガサキケン","city":"五島市","city_kana":"ゴトウシ","town":"堤町","town_kana":"ツツミチョウ","prefecture_code":42},"0054":{"zip_code":"8530054","prefecture":"長崎県","prefecture_kana":"ナガサキケン","city":"五島市","city_kana":"ゴトウシ","town":"戸岐町","town_kana":"トギチョウ","prefecture_code":42},"0205":{"zip_code":"8530205","prefecture":"長崎県","prefecture_kana":"ナガサキケン","city":"五島市","city_kana":"ゴトウシ","town":"富江町狩立","town_kana":"トミエマチカリタテ","prefecture_code":42},"0208":{"zip_code":"8530208","prefecture":"長崎県","prefecture_kana":"ナガサキケン","city":"五島市","city_kana":"ゴトウシ","town":"富江町黒島","town_kana":"トミエマチクロシマ","prefecture_code":42},"0211":{"zip_code":"8530211","prefecture":"長崎県","prefecture_kana":"ナガサキケン","city":"五島市","city_kana":"ゴトウシ","town":"富江町黒瀬","town_kana":"トミエマチクロセ","prefecture_code":42},"0204":{"zip_code":"8530204","prefecture":"長崎県","prefecture_kana":"ナガサキケン","city":"五島市","city_kana":"ゴトウシ","town":"富江町繁敷","town_kana":"トミエマチシゲジキ","prefecture_code":42},"0215":{"zip_code":"8530215","prefecture":"長崎県","prefecture_kana":"ナガサキケン","city":"五島市","city_kana":"ゴトウシ","town":"富江町職人","town_kana":"トミエマチショクニン","prefecture_code":42},"0203":{"zip_code":"8530203","prefecture":"長崎県","prefecture_kana":"ナガサキケン","city":"五島市","city_kana":"ゴトウシ","town":"富江町田尾","town_kana":"トミエマチタオ","prefecture_code":42},"0213":{"zip_code":"8530213","prefecture":"長崎県","prefecture_kana":"ナガサキケン","city":"五島市","city_kana":"ゴトウシ","town":"富江町岳","town_kana":"トミエマチタケ","prefecture_code":42},"0214":{"zip_code":"8530214","prefecture":"長崎県","prefecture_kana":"ナガサキケン","city":"五島市","city_kana":"ゴトウシ","town":"富江町土取","town_kana":"トミエマチツチトリ","prefecture_code":42},"0201":{"zip_code":"8530201","prefecture":"長崎県","prefecture_kana":"ナガサキケン","city":"五島市","city_kana":"ゴトウシ","town":"富江町富江","town_kana":"トミエマチトミエ","prefecture_code":42},"0207":{"zip_code":"8530207","prefecture":"長崎県","prefecture_kana":"ナガサキケン","city":"五島市","city_kana":"ゴトウシ","town":"富江町長峰","town_kana":"トミエマチナガミネ","prefecture_code":42},"0202":{"zip_code":"8530202","prefecture":"長崎県","prefecture_kana":"ナガサキケン","city":"五島市","city_kana":"ゴトウシ","town":"富江町松尾","town_kana":"トミエマチマツオ","prefecture_code":42},"0212":{"zip_code":"8530212","prefecture":"長崎県","prefecture_kana":"ナガサキケン","city":"五島市","city_kana":"ゴトウシ","town":"富江町山下","town_kana":"トミエマチヤマシタ","prefecture_code":42},"0206":{"zip_code":"8530206","prefecture":"長崎県","prefecture_kana":"ナガサキケン","city":"五島市","city_kana":"ゴトウシ","town":"富江町山手","town_kana":"トミエマチヤマテ","prefecture_code":42},"0012":{"zip_code":"8530012","prefecture":"長崎県","prefecture_kana":"ナガサキケン","city":"五島市","city_kana":"ゴトウシ","town":"長手町","town_kana":"ナガテチョウ","prefecture_code":42},"2201":{"zip_code":"8532201","prefecture":"長崎県","prefecture_kana":"ナガサキケン","city":"五島市","city_kana":"ゴトウシ","town":"奈留町浦","town_kana":"ナルマチウラ","prefecture_code":42},"2202":{"zip_code":"8532202","prefecture":"長崎県","prefecture_kana":"ナガサキケン","city":"五島市","city_kana":"ゴトウシ","town":"奈留町大串","town_kana":"ナルマチオオクシ","prefecture_code":42},"2203":{"zip_code":"8532203","prefecture":"長崎県","prefecture_kana":"ナガサキケン","city":"五島市","city_kana":"ゴトウシ","town":"奈留町泊","town_kana":"ナルマチトマリ","prefecture_code":42},"2204":{"zip_code":"8532204","prefecture":"長崎県","prefecture_kana":"ナガサキケン","city":"五島市","city_kana":"ゴトウシ","town":"奈留町船廻","town_kana":"ナルマチフナマワリ","prefecture_code":42},"0003":{"zip_code":"8530003","prefecture":"長崎県","prefecture_kana":"ナガサキケン","city":"五島市","city_kana":"ゴトウシ","town":"錦町","town_kana":"ニシキマチ","prefecture_code":42},"0024":{"zip_code":"8530024","prefecture":"長崎県","prefecture_kana":"ナガサキケン","city":"五島市","city_kana":"ゴトウシ","town":"野々切町","town_kana":"ノノキレチョウ","prefecture_code":42},"0026":{"zip_code":"8530026","prefecture":"長崎県","prefecture_kana":"ナガサキケン","city":"五島市","city_kana":"ゴトウシ","town":"浜町","town_kana":"ハマチョウ","prefecture_code":42},"0015":{"zip_code":"8530015","prefecture":"長崎県","prefecture_kana":"ナガサキケン","city":"五島市","city_kana":"ゴトウシ","town":"東浜町","town_kana":"ヒガシハママチ","prefecture_code":42},"2171":{"zip_code":"8532171","prefecture":"長崎県","prefecture_kana":"ナガサキケン","city":"五島市","city_kana":"ゴトウシ","town":"久賀町","town_kana":"ヒサカチョウ","prefecture_code":42},"0051":{"zip_code":"8530051","prefecture":"長崎県","prefecture_kana":"ナガサキケン","city":"五島市","city_kana":"ゴトウシ","town":"平蔵町","town_kana":"ヒラゾウチョウ","prefecture_code":42},"0007":{"zip_code":"8530007","prefecture":"長崎県","prefecture_kana":"ナガサキケン","city":"五島市","city_kana":"ゴトウシ","town":"福江町","town_kana":"フクエチョウ","prefecture_code":42},"0017":{"zip_code":"8530017","prefecture":"長崎県","prefecture_kana":"ナガサキケン","city":"五島市","city_kana":"ゴトウシ","town":"武家屋敷","town_kana":"ブケヤシキ","prefecture_code":42},"0027":{"zip_code":"8530027","prefecture":"長崎県","prefecture_kana":"ナガサキケン","city":"五島市","city_kana":"ゴトウシ","town":"増田町","town_kana":"マスダチョウ","prefecture_code":42},"0052":{"zip_code":"8530052","prefecture":"長崎県","prefecture_kana":"ナガサキケン","city":"五島市","city_kana":"ゴトウシ","town":"松山町","town_kana":"マツヤマチョウ","prefecture_code":42},"0606":{"zip_code":"8530606","prefecture":"長崎県","prefecture_kana":"ナガサキケン","city":"五島市","city_kana":"ゴトウシ","town":"三井楽町丑ノ浦","town_kana":"ミイラクマチウシノウラ","prefecture_code":42},"0602":{"zip_code":"8530602","prefecture":"長崎県","prefecture_kana":"ナガサキケン","city":"五島市","city_kana":"ゴトウシ","town":"三井楽町大川","town_kana":"ミイラクマチオオカワ","prefecture_code":42},"0604":{"zip_code":"8530604","prefecture":"長崎県","prefecture_kana":"ナガサキケン","city":"五島市","city_kana":"ゴトウシ","town":"三井楽町貝津","town_kana":"ミイラクマチカイツ","prefecture_code":42},"0603":{"zip_code":"8530603","prefecture":"長崎県","prefecture_kana":"ナガサキケン","city":"五島市","city_kana":"ゴトウシ","town":"三井楽町柏","town_kana":"ミイラクマチカシワ","prefecture_code":42},"0611":{"zip_code":"8530611","prefecture":"長崎県","prefecture_kana":"ナガサキケン","city":"五島市","city_kana":"ゴトウシ","town":"三井楽町嵯峨島","town_kana":"ミイラクマチサガノシマ","prefecture_code":42},"0613":{"zip_code":"8530613","prefecture":"長崎県","prefecture_kana":"ナガサキケン","city":"五島市","city_kana":"ゴトウシ","town":"三井楽町塩水","town_kana":"ミイラクマチシオミズ","prefecture_code":42},"0612":{"zip_code":"8530612","prefecture":"長崎県","prefecture_kana":"ナガサキケン","city":"五島市","city_kana":"ゴトウシ","town":"三井楽町高崎","town_kana":"ミイラクマチタカサキ","prefecture_code":42},"0607":{"zip_code":"8530607","prefecture":"長崎県","prefecture_kana":"ナガサキケン","city":"五島市","city_kana":"ゴトウシ","town":"三井楽町嶽","town_kana":"ミイラクマチタケ","prefecture_code":42},"0608":{"zip_code":"8530608","prefecture":"長崎県","prefecture_kana":"ナガサキケン","city":"五島市","city_kana":"ゴトウシ","town":"三井楽町波砂間","town_kana":"ミイラクマチハサマ","prefecture_code":42},"0605":{"zip_code":"8530605","prefecture":"長崎県","prefecture_kana":"ナガサキケン","city":"五島市","city_kana":"ゴトウシ","town":"三井楽町濱窄","town_kana":"ミイラクマチハマサコ","prefecture_code":42},"0601":{"zip_code":"8530601","prefecture":"長崎県","prefecture_kana":"ナガサキケン","city":"五島市","city_kana":"ゴトウシ","town":"三井楽町濱ノ畔","town_kana":"ミイラクマチハマノクリ","prefecture_code":42},"0609":{"zip_code":"8530609","prefecture":"長崎県","prefecture_kana":"ナガサキケン","city":"五島市","city_kana":"ゴトウシ","town":"三井楽町渕ノ元","town_kana":"ミイラクマチフチノモト","prefecture_code":42},"0064":{"zip_code":"8530064","prefecture":"長崎県","prefecture_kana":"ナガサキケン","city":"五島市","city_kana":"ゴトウシ","town":"三尾野","town_kana":"ミオノ","prefecture_code":42},"0014":{"zip_code":"8530014","prefecture":"長崎県","prefecture_kana":"ナガサキケン","city":"五島市","city_kana":"ゴトウシ","town":"三尾野町","town_kana":"ミオノチョウ","prefecture_code":42},"0022":{"zip_code":"8530022","prefecture":"長崎県","prefecture_kana":"ナガサキケン","city":"五島市","city_kana":"ゴトウシ","town":"向町","town_kana":"ムカエチョウ","prefecture_code":42},"2482":{"zip_code":"8532482","prefecture":"長崎県","prefecture_kana":"ナガサキケン","city":"五島市","city_kana":"ゴトウシ","town":"本窯町","town_kana":"モトガマチョウ","prefecture_code":42},"0031":{"zip_code":"8530031","prefecture":"長崎県","prefecture_kana":"ナガサキケン","city":"五島市","city_kana":"ゴトウシ","town":"吉久木町","town_kana":"ヨシクギチョウ","prefecture_code":42},"0042":{"zip_code":"8530042","prefecture":"長崎県","prefecture_kana":"ナガサキケン","city":"五島市","city_kana":"ゴトウシ","town":"吉田町","town_kana":"ヨシダチョウ","prefecture_code":42},"2172":{"zip_code":"8532172","prefecture":"長崎県","prefecture_kana":"ナガサキケン","city":"五島市","city_kana":"ゴトウシ","town":"蕨町","town_kana":"ワラビチョウ","prefecture_code":42},"3322":{"zip_code":"8533322","prefecture":"長崎県","prefecture_kana":"ナガサキケン","city":"南松浦郡新上五島町","city_kana":"ミナミマツウラグンシンカミゴトウチョウ","town":"阿瀬津郷","town_kana":"アゼツゴウ","prefecture_code":42},"2304":{"zip_code":"8532304","prefecture":"長崎県","prefecture_kana":"ナガサキケン","city":"南松浦郡新上五島町","city_kana":"ミナミマツウラグンシンカミゴトウチョウ","town":"荒川郷","town_kana":"アラカワゴウ","prefecture_code":42},"2313":{"zip_code":"8532313","prefecture":"長崎県","prefecture_kana":"ナガサキケン","city":"南松浦郡新上五島町","city_kana":"ミナミマツウラグンシンカミゴトウチョウ","town":"有福郷","town_kana":"アリフクゴウ","prefecture_code":42},"3102":{"zip_code":"8533102","prefecture":"長崎県","prefecture_kana":"ナガサキケン","city":"南松浦郡新上五島町","city_kana":"ミナミマツウラグンシンカミゴトウチョウ","town":"岩瀬浦郷","town_kana":"イワセウラゴウ","prefecture_code":42},"2302":{"zip_code":"8532302","prefecture":"長崎県","prefecture_kana":"ナガサキケン","city":"南松浦郡新上五島町","city_kana":"ミナミマツウラグンシンカミゴトウチョウ","town":"桐古里郷","town_kana":"キリフルサトゴウ","prefecture_code":42},"2311":{"zip_code":"8532311","prefecture":"長崎県","prefecture_kana":"ナガサキケン","city":"南松浦郡新上五島町","city_kana":"ミナミマツウラグンシンカミゴトウチョウ","town":"榊ノ浦郷","town_kana":"サカキノウラゴウ","prefecture_code":42},"2303":{"zip_code":"8532303","prefecture":"長崎県","prefecture_kana":"ナガサキケン","city":"南松浦郡新上五島町","city_kana":"ミナミマツウラグンシンカミゴトウチョウ","town":"宿ノ浦郷","town_kana":"シュクノウラゴウ","prefecture_code":42},"3321":{"zip_code":"8533321","prefecture":"長崎県","prefecture_kana":"ナガサキケン","city":"南松浦郡新上五島町","city_kana":"ミナミマツウラグンシンカミゴトウチョウ","town":"鯛ノ浦郷","town_kana":"タイノウラゴウ","prefecture_code":42},"3101":{"zip_code":"8533101","prefecture":"長崎県","prefecture_kana":"ナガサキケン","city":"南松浦郡新上五島町","city_kana":"ミナミマツウラグンシンカミゴトウチョウ","town":"奈良尾郷","town_kana":"ナラオゴウ","prefecture_code":42},"2305":{"zip_code":"8532305","prefecture":"長崎県","prefecture_kana":"ナガサキケン","city":"南松浦郡新上五島町","city_kana":"ミナミマツウラグンシンカミゴトウチョウ","town":"西神ノ浦郷","town_kana":"ニシコウノウラゴウ","prefecture_code":42},"3323":{"zip_code":"8533323","prefecture":"長崎県","prefecture_kana":"ナガサキケン","city":"南松浦郡新上五島町","city_kana":"ミナミマツウラグンシンカミゴトウチョウ","town":"東神ノ浦郷","town_kana":"ヒガシコウノウラゴウ","prefecture_code":42},"2312":{"zip_code":"8532312","prefecture":"長崎県","prefecture_kana":"ナガサキケン","city":"南松浦郡新上五島町","city_kana":"ミナミマツウラグンシンカミゴトウチョウ","town":"日島郷","town_kana":"ヒノシマゴウ","prefecture_code":42},"2315":{"zip_code":"8532315","prefecture":"長崎県","prefecture_kana":"ナガサキケン","city":"南松浦郡新上五島町","city_kana":"ミナミマツウラグンシンカミゴトウチョウ","town":"間伏郷","town_kana":"マブシゴウ","prefecture_code":42},"2314":{"zip_code":"8532314","prefecture":"長崎県","prefecture_kana":"ナガサキケン","city":"南松浦郡新上五島町","city_kana":"ミナミマツウラグンシンカミゴトウチョウ","town":"漁生浦郷","town_kana":"リョウセウラゴウ","prefecture_code":42},"2301":{"zip_code":"8532301","prefecture":"長崎県","prefecture_kana":"ナガサキケン","city":"南松浦郡新上五島町","city_kana":"ミナミマツウラグンシンカミゴトウチョウ","town":"若松郷","town_kana":"ワカマツゴウ","prefecture_code":42}}