{"0000":{"zip_code":"8540000","prefecture":"長崎県","prefecture_kana":"ナガサキケン","city":"諫早市","city_kana":"イサハヤシ","town":"","town_kana":"","prefecture_code":42},"0068":{"zip_code":"8540068","prefecture":"長崎県","prefecture_kana":"ナガサキケン","city":"諫早市","city_kana":"イサハヤシ","town":"青葉台","town_kana":"アオバダイ","prefecture_code":42},"0032":{"zip_code":"8540032","prefecture":"長崎県","prefecture_kana":"ナガサキケン","city":"諫早市","city_kana":"イサハヤシ","town":"赤崎町","town_kana":"アカサキマチ","prefecture_code":42},"0027":{"zip_code":"8540027","prefecture":"長崎県","prefecture_kana":"ナガサキケン","city":"諫早市","city_kana":"イサハヤシ","town":"旭町","town_kana":"アサヒマチ","prefecture_code":42},"1125":{"zip_code":"8541125","prefecture":"長崎県","prefecture_kana":"ナガサキケン","city":"諫早市","city_kana":"イサハヤシ","town":"飯盛町池下","town_kana":"イイモリチョウイケシモ","prefecture_code":42},"1104":{"zip_code":"8541104","prefecture":"長崎県","prefecture_kana":"ナガサキケン","city":"諫早市","city_kana":"イサハヤシ","town":"飯盛町上原","town_kana":"イイモリチョウウエハラ","prefecture_code":42},"1105":{"zip_code":"8541105","prefecture":"長崎県","prefecture_kana":"ナガサキケン","city":"諫早市","city_kana":"イサハヤシ","town":"飯盛町後田","town_kana":"イイモリチョウウシロダ","prefecture_code":42},"1124":{"zip_code":"8541124","prefecture":"長崎県","prefecture_kana":"ナガサキケン","city":"諫早市","city_kana":"イサハヤシ","town":"飯盛町川下","town_kana":"イイモリチョウカワシモ","prefecture_code":42},"1114":{"zip_code":"8541114","prefecture":"長崎県","prefecture_kana":"ナガサキケン","city":"諫早市","city_kana":"イサハヤシ","town":"飯盛町久保","town_kana":"イイモリチョウクボ","prefecture_code":42},"1121":{"zip_code":"8541121","prefecture":"長崎県","prefecture_kana":"ナガサキケン","city":"諫早市","city_kana":"イサハヤシ","town":"飯盛町古場","town_kana":"イイモリチョウコバ","prefecture_code":42},"1122":{"zip_code":"8541122","prefecture":"長崎県","prefecture_kana":"ナガサキケン","city":"諫早市","city_kana":"イサハヤシ","town":"飯盛町佐田","town_kana":"イイモリチョウサダ","prefecture_code":42},"1123":{"zip_code":"8541123","prefecture":"長崎県","prefecture_kana":"ナガサキケン","city":"諫早市","city_kana":"イサハヤシ","town":"飯盛町里","town_kana":"イイモリチョウサト","prefecture_code":42},"1113":{"zip_code":"8541113","prefecture":"長崎県","prefecture_kana":"ナガサキケン","city":"諫早市","city_kana":"イサハヤシ","town":"飯盛町下釜","town_kana":"イイモリチョウシモガマ","prefecture_code":42},"1103":{"zip_code":"8541103","prefecture":"長崎県","prefecture_kana":"ナガサキケン","city":"諫早市","city_kana":"イサハヤシ","town":"飯盛町中山","town_kana":"イイモリチョウナカヤマ","prefecture_code":42},"1101":{"zip_code":"8541101","prefecture":"長崎県","prefecture_kana":"ナガサキケン","city":"諫早市","city_kana":"イサハヤシ","town":"飯盛町野中","town_kana":"イイモリチョウノナカ","prefecture_code":42},"1112":{"zip_code":"8541112","prefecture":"長崎県","prefecture_kana":"ナガサキケン","city":"諫早市","city_kana":"イサハヤシ","town":"飯盛町開","town_kana":"イイモリチョウヒラキ","prefecture_code":42},"1111":{"zip_code":"8541111","prefecture":"長崎県","prefecture_kana":"ナガサキケン","city":"諫早市","city_kana":"イサハヤシ","town":"飯盛町平古場","town_kana":"イイモリチョウヒラコバ","prefecture_code":42},"1102":{"zip_code":"8541102","prefecture":"長崎県","prefecture_kana":"ナガサキケン","city":"諫早市","city_kana":"イサハヤシ","town":"飯盛町山口","town_kana":"イイモリチョウヤマグチ","prefecture_code":42},"0003":{"zip_code":"8540003","prefecture":"長崎県","prefecture_kana":"ナガサキケン","city":"諫早市","city_kana":"イサハヤシ","town":"泉町","town_kana":"イズミチョウ","prefecture_code":42},"0042":{"zip_code":"8540042","prefecture":"長崎県","prefecture_kana":"ナガサキケン","city":"諫早市","city_kana":"イサハヤシ","town":"上野町","town_kana":"ウエノマチ","prefecture_code":42},"0121":{"zip_code":"8540121","prefecture":"長崎県","prefecture_kana":"ナガサキケン","city":"諫早市","city_kana":"イサハヤシ","town":"有喜町","town_kana":"ウキマチ","prefecture_code":42},"0061":{"zip_code":"8540061","prefecture":"長崎県","prefecture_kana":"ナガサキケン","city":"諫早市","city_kana":"イサハヤシ","town":"宇都町","town_kana":"ウヅマチ","prefecture_code":42},"0071":{"zip_code":"8540071","prefecture":"長崎県","prefecture_kana":"ナガサキケン","city":"諫早市","city_kana":"イサハヤシ","town":"永昌東町","town_kana":"エイショウヒガシマチ","prefecture_code":42},"0072":{"zip_code":"8540072","prefecture":"長崎県","prefecture_kana":"ナガサキケン","city":"諫早市","city_kana":"イサハヤシ","town":"永昌町","town_kana":"エイショウマチ","prefecture_code":42},"0081":{"zip_code":"8540081","prefecture":"長崎県","prefecture_kana":"ナガサキケン","city":"諫早市","city_kana":"イサハヤシ","town":"栄田町","town_kana":"エイダマチ","prefecture_code":42},"0087":{"zip_code":"8540087","prefecture":"長崎県","prefecture_kana":"ナガサキケン","city":"諫早市","city_kana":"イサハヤシ","town":"大さこ町","town_kana":"オオサコマチ","prefecture_code":42},"0053":{"zip_code":"8540053","prefecture":"長崎県","prefecture_kana":"ナガサキケン","city":"諫早市","city_kana":"イサハヤシ","town":"小川町","town_kana":"オガワマチ","prefecture_code":42},"0031":{"zip_code":"8540031","prefecture":"長崎県","prefecture_kana":"ナガサキケン","city":"諫早市","city_kana":"イサハヤシ","town":"小野島町","town_kana":"オノジママチ","prefecture_code":42},"0034":{"zip_code":"8540034","prefecture":"長崎県","prefecture_kana":"ナガサキケン","city":"諫早市","city_kana":"イサハヤシ","town":"小野町","town_kana":"オノマチ","prefecture_code":42},"0062":{"zip_code":"8540062","prefecture":"長崎県","prefecture_kana":"ナガサキケン","city":"諫早市","city_kana":"イサハヤシ","town":"小船越町","town_kana":"オブナコシマチ","prefecture_code":42},"0063":{"zip_code":"8540063","prefecture":"長崎県","prefecture_kana":"ナガサキケン","city":"諫早市","city_kana":"イサハヤシ","town":"貝津町","town_kana":"カイヅマチ","prefecture_code":42},"0004":{"zip_code":"8540004","prefecture":"長崎県","prefecture_kana":"ナガサキケン","city":"諫早市","city_kana":"イサハヤシ","town":"金谷町","town_kana":"カナヤマチ","prefecture_code":42},"0095":{"zip_code":"8540095","prefecture":"長崎県","prefecture_kana":"ナガサキケン","city":"諫早市","city_kana":"イサハヤシ","town":"上大渡野町","town_kana":"カミオオワタノマチ","prefecture_code":42},"0024":{"zip_code":"8540024","prefecture":"長崎県","prefecture_kana":"ナガサキケン","city":"諫早市","city_kana":"イサハヤシ","town":"上町","town_kana":"カミマチ","prefecture_code":42},"0037":{"zip_code":"8540037","prefecture":"長崎県","prefecture_kana":"ナガサキケン","city":"諫早市","city_kana":"イサハヤシ","town":"川内町","town_kana":"カワチマチ","prefecture_code":42},"0052":{"zip_code":"8540052","prefecture":"長崎県","prefecture_kana":"ナガサキケン","city":"諫早市","city_kana":"イサハヤシ","town":"川床町","town_kana":"カワトコマチ","prefecture_code":42},"0067":{"zip_code":"8540067","prefecture":"長崎県","prefecture_kana":"ナガサキケン","city":"諫早市","city_kana":"イサハヤシ","town":"久山台","town_kana":"クヤマダイ","prefecture_code":42},"0066":{"zip_code":"8540066","prefecture":"長崎県","prefecture_kana":"ナガサキケン","city":"諫早市","city_kana":"イサハヤシ","town":"久山町","town_kana":"クヤママチ","prefecture_code":42},"0055":{"zip_code":"8540055","prefecture":"長崎県","prefecture_kana":"ナガサキケン","city":"諫早市","city_kana":"イサハヤシ","town":"栗面町","town_kana":"クレモマチ","prefecture_code":42},"0033":{"zip_code":"8540033","prefecture":"長崎県","prefecture_kana":"ナガサキケン","city":"諫早市","city_kana":"イサハヤシ","town":"黒崎町","town_kana":"クロサキマチ","prefecture_code":42},"0023":{"zip_code":"8540023","prefecture":"長崎県","prefecture_kana":"ナガサキケン","city":"諫早市","city_kana":"イサハヤシ","town":"厚生町","town_kana":"コウセイマチ","prefecture_code":42},"0054":{"zip_code":"8540054","prefecture":"長崎県","prefecture_kana":"ナガサキケン","city":"諫早市","city_kana":"イサハヤシ","town":"小ケ倉町","town_kana":"コガクラマチ","prefecture_code":42},"0022":{"zip_code":"8540022","prefecture":"長崎県","prefecture_kana":"ナガサキケン","city":"諫早市","city_kana":"イサハヤシ","town":"幸町","town_kana":"サイワイマチ","prefecture_code":42},"0013":{"zip_code":"8540013","prefecture":"長崎県","prefecture_kana":"ナガサキケン","city":"諫早市","city_kana":"イサハヤシ","town":"栄町","town_kana":"サカエマチ","prefecture_code":42},"0096":{"zip_code":"8540096","prefecture":"長崎県","prefecture_kana":"ナガサキケン","city":"諫早市","city_kana":"イサハヤシ","town":"下大渡野町","town_kana":"シモオオワタノマチ","prefecture_code":42},"0077":{"zip_code":"8540077","prefecture":"長崎県","prefecture_kana":"ナガサキケン","city":"諫早市","city_kana":"イサハヤシ","town":"白岩町","town_kana":"シライワマチ","prefecture_code":42},"0005":{"zip_code":"8540005","prefecture":"長崎県","prefecture_kana":"ナガサキケン","city":"諫早市","city_kana":"イサハヤシ","town":"城見町","town_kana":"シロミマチ","prefecture_code":42},"0045":{"zip_code":"8540045","prefecture":"長崎県","prefecture_kana":"ナガサキケン","city":"諫早市","city_kana":"イサハヤシ","town":"新道町","town_kana":"シンミチマチ","prefecture_code":42},"0016":{"zip_code":"8540016","prefecture":"長崎県","prefecture_kana":"ナガサキケン","city":"諫早市","city_kana":"イサハヤシ","town":"高城町","town_kana":"タカシロマチ","prefecture_code":42},"0043":{"zip_code":"8540043","prefecture":"長崎県","prefecture_kana":"ナガサキケン","city":"諫早市","city_kana":"イサハヤシ","town":"立石町","town_kana":"タテイシマチ","prefecture_code":42},"0038":{"zip_code":"8540038","prefecture":"長崎県","prefecture_kana":"ナガサキケン","city":"諫早市","city_kana":"イサハヤシ","town":"中央干拓","town_kana":"チュウオウカンタク","prefecture_code":42},"0065":{"zip_code":"8540065","prefecture":"長崎県","prefecture_kana":"ナガサキケン","city":"諫早市","city_kana":"イサハヤシ","town":"津久葉町","town_kana":"ツクバマチ","prefecture_code":42},"0083":{"zip_code":"8540083","prefecture":"長崎県","prefecture_kana":"ナガサキケン","city":"諫早市","city_kana":"イサハヤシ","town":"津水町","town_kana":"ツミズマチ","prefecture_code":42},"0122":{"zip_code":"8540122","prefecture":"長崎県","prefecture_kana":"ナガサキケン","city":"諫早市","city_kana":"イサハヤシ","town":"鶴田町","town_kana":"ツルタマチ","prefecture_code":42},"0123":{"zip_code":"8540123","prefecture":"長崎県","prefecture_kana":"ナガサキケン","city":"諫早市","city_kana":"イサハヤシ","town":"天神町","town_kana":"テンジンマチ","prefecture_code":42},"0006":{"zip_code":"8540006","prefecture":"長崎県","prefecture_kana":"ナガサキケン","city":"諫早市","city_kana":"イサハヤシ","town":"天満町","town_kana":"テンマンマチ","prefecture_code":42},"0076":{"zip_code":"8540076","prefecture":"長崎県","prefecture_kana":"ナガサキケン","city":"諫早市","city_kana":"イサハヤシ","town":"堂崎町","town_kana":"ドウザキマチ","prefecture_code":42},"0091":{"zip_code":"8540091","prefecture":"長崎県","prefecture_kana":"ナガサキケン","city":"諫早市","city_kana":"イサハヤシ","town":"富川町","town_kana":"トミガワマチ","prefecture_code":42},"0021":{"zip_code":"8540021","prefecture":"長崎県","prefecture_kana":"ナガサキケン","city":"諫早市","city_kana":"イサハヤシ","town":"仲沖町","town_kana":"ナカオキマチ","prefecture_code":42},"0073":{"zip_code":"8540073","prefecture":"長崎県","prefecture_kana":"ナガサキケン","city":"諫早市","city_kana":"イサハヤシ","town":"中尾町","town_kana":"ナカオマチ","prefecture_code":42},"0124":{"zip_code":"8540124","prefecture":"長崎県","prefecture_kana":"ナガサキケン","city":"諫早市","city_kana":"イサハヤシ","town":"中通町","town_kana":"ナカドオリマチ","prefecture_code":42},"0036":{"zip_code":"8540036","prefecture":"長崎県","prefecture_kana":"ナガサキケン","city":"諫早市","city_kana":"イサハヤシ","town":"長野町","town_kana":"ナガノマチ","prefecture_code":42},"0082":{"zip_code":"8540082","prefecture":"長崎県","prefecture_kana":"ナガサキケン","city":"諫早市","city_kana":"イサハヤシ","town":"西栄田町","town_kana":"ニシエイダマチ","prefecture_code":42},"0015":{"zip_code":"8540015","prefecture":"長崎県","prefecture_kana":"ナガサキケン","city":"諫早市","city_kana":"イサハヤシ","town":"西小路町","town_kana":"ニシコウジマチ","prefecture_code":42},"0044":{"zip_code":"8540044","prefecture":"長崎県","prefecture_kana":"ナガサキケン","city":"諫早市","city_kana":"イサハヤシ","town":"西郷町","town_kana":"ニシゴウマチ","prefecture_code":42},"0047":{"zip_code":"8540047","prefecture":"長崎県","prefecture_kana":"ナガサキケン","city":"諫早市","city_kana":"イサハヤシ","town":"野中町","town_kana":"ノナカマチ","prefecture_code":42},"0056":{"zip_code":"8540056","prefecture":"長崎県","prefecture_kana":"ナガサキケン","city":"諫早市","city_kana":"イサハヤシ","town":"土師野尾町","town_kana":"ハジノオマチ","prefecture_code":42},"0011":{"zip_code":"8540011","prefecture":"長崎県","prefecture_kana":"ナガサキケン","city":"諫早市","city_kana":"イサハヤシ","town":"八天町","town_kana":"ハッテンマチ","prefecture_code":42},"0125":{"zip_code":"8540125","prefecture":"長崎県","prefecture_kana":"ナガサキケン","city":"諫早市","city_kana":"イサハヤシ","town":"早見町","town_kana":"ハヤミマチ","prefecture_code":42},"0046":{"zip_code":"8540046","prefecture":"長崎県","prefecture_kana":"ナガサキケン","city":"諫早市","city_kana":"イサハヤシ","town":"原口町","town_kana":"ハラグチマチ","prefecture_code":42},"0014":{"zip_code":"8540014","prefecture":"長崎県","prefecture_kana":"ナガサキケン","city":"諫早市","city_kana":"イサハヤシ","town":"東小路町","town_kana":"ヒガシコウジマチ","prefecture_code":42},"0026":{"zip_code":"8540026","prefecture":"長崎県","prefecture_kana":"ナガサキケン","city":"諫早市","city_kana":"イサハヤシ","town":"東本町","town_kana":"ヒガシホンマチ","prefecture_code":42},"0002":{"zip_code":"8540002","prefecture":"長崎県","prefecture_kana":"ナガサキケン","city":"諫早市","city_kana":"イサハヤシ","town":"日の出町","town_kana":"ヒノデマチ","prefecture_code":42},"0057":{"zip_code":"8540057","prefecture":"長崎県","prefecture_kana":"ナガサキケン","city":"諫早市","city_kana":"イサハヤシ","town":"平山町","town_kana":"ヒラヤママチ","prefecture_code":42},"0001":{"zip_code":"8540001","prefecture":"長崎県","prefecture_kana":"ナガサキケン","city":"諫早市","city_kana":"イサハヤシ","town":"福田町","town_kana":"フクダマチ","prefecture_code":42},"0041":{"zip_code":"8540041","prefecture":"長崎県","prefecture_kana":"ナガサキケン","city":"諫早市","city_kana":"イサハヤシ","town":"船越町","town_kana":"フナコシマチ","prefecture_code":42},"0086":{"zip_code":"8540086","prefecture":"長崎県","prefecture_kana":"ナガサキケン","city":"諫早市","city_kana":"イサハヤシ","town":"堀の内町","town_kana":"ホリノウチマチ","prefecture_code":42},"0012":{"zip_code":"8540012","prefecture":"長崎県","prefecture_kana":"ナガサキケン","city":"諫早市","city_kana":"イサハヤシ","town":"本町","town_kana":"ホンマチ","prefecture_code":42},"0094":{"zip_code":"8540094","prefecture":"長崎県","prefecture_kana":"ナガサキケン","city":"諫早市","city_kana":"イサハヤシ","town":"本明町","town_kana":"ホンミョウマチ","prefecture_code":42},"0084":{"zip_code":"8540084","prefecture":"長崎県","prefecture_kana":"ナガサキケン","city":"諫早市","city_kana":"イサハヤシ","town":"真崎町","town_kana":"マサキマチ","prefecture_code":42},"0126":{"zip_code":"8540126","prefecture":"長崎県","prefecture_kana":"ナガサキケン","city":"諫早市","city_kana":"イサハヤシ","town":"松里町","town_kana":"マツザトマチ","prefecture_code":42},"0075":{"zip_code":"8540075","prefecture":"長崎県","prefecture_kana":"ナガサキケン","city":"諫早市","city_kana":"イサハヤシ","town":"馬渡町","town_kana":"マワタリマチ","prefecture_code":42},"0035":{"zip_code":"8540035","prefecture":"長崎県","prefecture_kana":"ナガサキケン","city":"諫早市","city_kana":"イサハヤシ","town":"宗方町","town_kana":"ムナカタマチ","prefecture_code":42},"0007":{"zip_code":"8540007","prefecture":"長崎県","prefecture_kana":"ナガサキケン","city":"諫早市","city_kana":"イサハヤシ","town":"目代町","town_kana":"メシロマチ","prefecture_code":42},"0093":{"zip_code":"8540093","prefecture":"長崎県","prefecture_kana":"ナガサキケン","city":"諫早市","city_kana":"イサハヤシ","town":"本野町","town_kana":"モトノマチ","prefecture_code":42},"0209":{"zip_code":"8540209","prefecture":"長崎県","prefecture_kana":"ナガサキケン","city":"諫早市","city_kana":"イサハヤシ","town":"森山町上井牟田","town_kana":"モリヤマチョウカミイムタ","prefecture_code":42},"0206":{"zip_code":"8540206","prefecture":"長崎県","prefecture_kana":"ナガサキケン","city":"諫早市","city_kana":"イサハヤシ","town":"森山町唐比北","town_kana":"モリヤマチョウカラコキタ","prefecture_code":42},"0208":{"zip_code":"8540208","prefecture":"長崎県","prefecture_kana":"ナガサキケン","city":"諫早市","city_kana":"イサハヤシ","town":"森山町唐比西","town_kana":"モリヤマチョウカラコニシ","prefecture_code":42},"0207":{"zip_code":"8540207","prefecture":"長崎県","prefecture_kana":"ナガサキケン","city":"諫早市","city_kana":"イサハヤシ","town":"森山町唐比東","town_kana":"モリヤマチョウカラコヒガシ","prefecture_code":42},"0202":{"zip_code":"8540202","prefecture":"長崎県","prefecture_kana":"ナガサキケン","city":"諫早市","city_kana":"イサハヤシ","town":"森山町慶師野","town_kana":"モリヤマチョウケイシノ","prefecture_code":42},"0201":{"zip_code":"8540201","prefecture":"長崎県","prefecture_kana":"ナガサキケン","city":"諫早市","city_kana":"イサハヤシ","town":"森山町下井牟田","town_kana":"モリヤマチョウシモイムタ","prefecture_code":42},"0205":{"zip_code":"8540205","prefecture":"長崎県","prefecture_kana":"ナガサキケン","city":"諫早市","city_kana":"イサハヤシ","town":"森山町杉谷","town_kana":"モリヤマチョウスギタニ","prefecture_code":42},"0204":{"zip_code":"8540204","prefecture":"長崎県","prefecture_kana":"ナガサキケン","city":"諫早市","city_kana":"イサハヤシ","town":"森山町田尻","town_kana":"モリヤマチョウタジリ","prefecture_code":42},"0203":{"zip_code":"8540203","prefecture":"長崎県","prefecture_kana":"ナガサキケン","city":"諫早市","city_kana":"イサハヤシ","town":"森山町本村","town_kana":"モリヤマチョウホンムラ","prefecture_code":42},"0025":{"zip_code":"8540025","prefecture":"長崎県","prefecture_kana":"ナガサキケン","city":"諫早市","city_kana":"イサハヤシ","town":"八坂町","town_kana":"ヤサカマチ","prefecture_code":42},"0074":{"zip_code":"8540074","prefecture":"長崎県","prefecture_kana":"ナガサキケン","city":"諫早市","city_kana":"イサハヤシ","town":"山川町","town_kana":"ヤマカワマチ","prefecture_code":42},"0092":{"zip_code":"8540092","prefecture":"長崎県","prefecture_kana":"ナガサキケン","city":"諫早市","city_kana":"イサハヤシ","town":"湯野尾町","town_kana":"ユノオマチ","prefecture_code":42},"0064":{"zip_code":"8540064","prefecture":"長崎県","prefecture_kana":"ナガサキケン","city":"諫早市","city_kana":"イサハヤシ","town":"若葉町","town_kana":"ワカバマチ","prefecture_code":42},"0051":{"zip_code":"8540051","prefecture":"長崎県","prefecture_kana":"ナガサキケン","city":"諫早市","city_kana":"イサハヤシ","town":"鷲崎町","town_kana":"ワシザキマチ","prefecture_code":42},"0085":{"zip_code":"8540085","prefecture":"長崎県","prefecture_kana":"ナガサキケン","city":"諫早市","city_kana":"イサハヤシ","town":"破籠井町","town_kana":"ワリゴイマチ","prefecture_code":42},"0500":{"zip_code":"8540500","prefecture":"長崎県","prefecture_kana":"ナガサキケン","city":"雲仙市","city_kana":"ウンゼンシ","town":"","town_kana":"","prefecture_code":42},"0302":{"zip_code":"8540302","prefecture":"長崎県","prefecture_kana":"ナガサキケン","city":"雲仙市","city_kana":"ウンゼンシ","town":"愛野町乙","town_kana":"アイノマチオツ","prefecture_code":42},"0301":{"zip_code":"8540301","prefecture":"長崎県","prefecture_kana":"ナガサキケン","city":"雲仙市","city_kana":"ウンゼンシ","town":"愛野町甲","town_kana":"アイノマチコウ","prefecture_code":42},"0621":{"zip_code":"8540621","prefecture":"長崎県","prefecture_kana":"ナガサキケン","city":"雲仙市","city_kana":"ウンゼンシ","town":"小浜町雲仙","town_kana":"オバマチョウウンゼン","prefecture_code":42},"0501":{"zip_code":"8540501","prefecture":"長崎県","prefecture_kana":"ナガサキケン","city":"雲仙市","city_kana":"ウンゼンシ","town":"小浜町大亀","town_kana":"オバマチョウオオカメ","prefecture_code":42},"0504":{"zip_code":"8540504","prefecture":"長崎県","prefecture_kana":"ナガサキケン","city":"雲仙市","city_kana":"ウンゼンシ","town":"小浜町金浜","town_kana":"オバマチョウカナハマ","prefecture_code":42},"0512":{"zip_code":"8540512","prefecture":"長崎県","prefecture_kana":"ナガサキケン","city":"雲仙市","city_kana":"ウンゼンシ","town":"小浜町北木指","town_kana":"オバマチョウキタキサシ","prefecture_code":42},"0515":{"zip_code":"8540515","prefecture":"長崎県","prefecture_kana":"ナガサキケン","city":"雲仙市","city_kana":"ウンゼンシ","town":"小浜町北野","town_kana":"オバマチョウキタノ","prefecture_code":42},"0514":{"zip_code":"8540514","prefecture":"長崎県","prefecture_kana":"ナガサキケン","city":"雲仙市","city_kana":"ウンゼンシ","town":"小浜町北本町","town_kana":"オバマチョウキタホンマチ","prefecture_code":42},"0505":{"zip_code":"8540505","prefecture":"長崎県","prefecture_kana":"ナガサキケン","city":"雲仙市","city_kana":"ウンゼンシ","town":"小浜町木場","town_kana":"オバマチョウコバ","prefecture_code":42},"0503":{"zip_code":"8540503","prefecture":"長崎県","prefecture_kana":"ナガサキケン","city":"雲仙市","city_kana":"ウンゼンシ","town":"小浜町飛子","town_kana":"オバマチョウトビコ","prefecture_code":42},"0516":{"zip_code":"8540516","prefecture":"長崎県","prefecture_kana":"ナガサキケン","city":"雲仙市","city_kana":"ウンゼンシ","town":"小浜町富津","town_kana":"オバマチョウトミツ","prefecture_code":42},"0517":{"zip_code":"8540517","prefecture":"長崎県","prefecture_kana":"ナガサキケン","city":"雲仙市","city_kana":"ウンゼンシ","town":"小浜町マリーナ","town_kana":"オバマチョウマリーナ","prefecture_code":42},"0511":{"zip_code":"8540511","prefecture":"長崎県","prefecture_kana":"ナガサキケン","city":"雲仙市","city_kana":"ウンゼンシ","town":"小浜町南木指","town_kana":"オバマチョウミナミキサシ","prefecture_code":42},"0513":{"zip_code":"8540513","prefecture":"長崎県","prefecture_kana":"ナガサキケン","city":"雲仙市","city_kana":"ウンゼンシ","town":"小浜町南本町","town_kana":"オバマチョウミナミホンマチ","prefecture_code":42},"0502":{"zip_code":"8540502","prefecture":"長崎県","prefecture_kana":"ナガサキケン","city":"雲仙市","city_kana":"ウンゼンシ","town":"小浜町山畑","town_kana":"オバマチョウヤマハタ","prefecture_code":42},"0402":{"zip_code":"8540402","prefecture":"長崎県","prefecture_kana":"ナガサキケン","city":"雲仙市","city_kana":"ウンゼンシ","town":"千々石町乙","town_kana":"チヂワチョウオツ","prefecture_code":42},"0406":{"zip_code":"8540406","prefecture":"長崎県","prefecture_kana":"ナガサキケン","city":"雲仙市","city_kana":"ウンゼンシ","town":"千々石町己","town_kana":"チヂワチョウキ","prefecture_code":42},"0401":{"zip_code":"8540401","prefecture":"長崎県","prefecture_kana":"ナガサキケン","city":"雲仙市","city_kana":"ウンゼンシ","town":"千々石町甲","town_kana":"チヂワチョウコウ","prefecture_code":42},"0407":{"zip_code":"8540407","prefecture":"長崎県","prefecture_kana":"ナガサキケン","city":"雲仙市","city_kana":"ウンゼンシ","town":"千々石町庚","town_kana":"チヂワチョウコウ","prefecture_code":42},"0404":{"zip_code":"8540404","prefecture":"長崎県","prefecture_kana":"ナガサキケン","city":"雲仙市","city_kana":"ウンゼンシ","town":"千々石町丁","town_kana":"チヂワチョウテイ","prefecture_code":42},"0403":{"zip_code":"8540403","prefecture":"長崎県","prefecture_kana":"ナガサキケン","city":"雲仙市","city_kana":"ウンゼンシ","town":"千々石町丙","town_kana":"チヂワチョウヘイ","prefecture_code":42},"0405":{"zip_code":"8540405","prefecture":"長崎県","prefecture_kana":"ナガサキケン","city":"雲仙市","city_kana":"ウンゼンシ","town":"千々石町戊","town_kana":"チヂワチョウボ","prefecture_code":42},"0702":{"zip_code":"8540702","prefecture":"長崎県","prefecture_kana":"ナガサキケン","city":"雲仙市","city_kana":"ウンゼンシ","town":"南串山町乙","town_kana":"ミナミクシヤマチョウオツ","prefecture_code":42},"0701":{"zip_code":"8540701","prefecture":"長崎県","prefecture_kana":"ナガサキケン","city":"雲仙市","city_kana":"ウンゼンシ","town":"南串山町甲","town_kana":"ミナミクシヤマチョウコウ","prefecture_code":42},"0703":{"zip_code":"8540703","prefecture":"長崎県","prefecture_kana":"ナガサキケン","city":"雲仙市","city_kana":"ウンゼンシ","town":"南串山町丙","town_kana":"ミナミクシヤマチョウヘイ","prefecture_code":42}}