{"0000":{"zip_code":"8560000","prefecture":"長崎県","prefecture_kana":"ナガサキケン","city":"大村市","city_kana":"オオムラシ","town":"","town_kana":"","prefecture_code":42},"0048":{"zip_code":"8560048","prefecture":"長崎県","prefecture_kana":"ナガサキケン","city":"大村市","city_kana":"オオムラシ","town":"赤佐古町","town_kana":"アカサコマチ","prefecture_code":42},"0017":{"zip_code":"8560017","prefecture":"長崎県","prefecture_kana":"ナガサキケン","city":"大村市","city_kana":"オオムラシ","town":"荒瀬町","town_kana":"アラセマチ","prefecture_code":42},"0033":{"zip_code":"8560033","prefecture":"長崎県","prefecture_kana":"ナガサキケン","city":"大村市","city_kana":"オオムラシ","town":"荒平町","town_kana":"アラヒラマチ","prefecture_code":42},"0026":{"zip_code":"8560026","prefecture":"長崎県","prefecture_kana":"ナガサキケン","city":"大村市","city_kana":"オオムラシ","town":"池田","town_kana":"イケダ","prefecture_code":42},"0029":{"zip_code":"8560029","prefecture":"長崎県","prefecture_kana":"ナガサキケン","city":"大村市","city_kana":"オオムラシ","town":"池田新町","town_kana":"イケダシンマチ","prefecture_code":42},"0823":{"zip_code":"8560823","prefecture":"長崎県","prefecture_kana":"ナガサキケン","city":"大村市","city_kana":"オオムラシ","town":"乾馬場町","town_kana":"イヌイババマチ","prefecture_code":42},"0818":{"zip_code":"8560818","prefecture":"長崎県","prefecture_kana":"ナガサキケン","city":"大村市","city_kana":"オオムラシ","town":"今津町","town_kana":"イマヅマチ","prefecture_code":42},"0018":{"zip_code":"8560018","prefecture":"長崎県","prefecture_kana":"ナガサキケン","city":"大村市","city_kana":"オオムラシ","town":"今富町","town_kana":"イマトミマチ","prefecture_code":42},"0843":{"zip_code":"8560843","prefecture":"長崎県","prefecture_kana":"ナガサキケン","city":"大村市","city_kana":"オオムラシ","town":"今村町","town_kana":"イマムラマチ","prefecture_code":42},"0044":{"zip_code":"8560044","prefecture":"長崎県","prefecture_kana":"ナガサキケン","city":"大村市","city_kana":"オオムラシ","town":"岩松町","town_kana":"イワマツマチ","prefecture_code":42},"0027":{"zip_code":"8560027","prefecture":"長崎県","prefecture_kana":"ナガサキケン","city":"大村市","city_kana":"オオムラシ","town":"植松","town_kana":"ウエマツ","prefecture_code":42},"0804":{"zip_code":"8560804","prefecture":"長崎県","prefecture_kana":"ナガサキケン","city":"大村市","city_kana":"オオムラシ","town":"大川田町","town_kana":"オオカワダマチ","prefecture_code":42},"0845":{"zip_code":"8560845","prefecture":"長崎県","prefecture_kana":"ナガサキケン","city":"大村市","city_kana":"オオムラシ","town":"大里町","town_kana":"オオザトマチ","prefecture_code":42},"0043":{"zip_code":"8560043","prefecture":"長崎県","prefecture_kana":"ナガサキケン","city":"大村市","city_kana":"オオムラシ","town":"小川内町","town_kana":"オガワウチマチ","prefecture_code":42},"0809":{"zip_code":"8560809","prefecture":"長崎県","prefecture_kana":"ナガサキケン","city":"大村市","city_kana":"オオムラシ","town":"沖田町","town_kana":"オキタマチ","prefecture_code":42},"0021":{"zip_code":"8560021","prefecture":"長崎県","prefecture_kana":"ナガサキケン","city":"大村市","city_kana":"オオムラシ","town":"鬼橋町","town_kana":"オニバシマチ","prefecture_code":42},"0020":{"zip_code":"8560020","prefecture":"長崎県","prefecture_kana":"ナガサキケン","city":"大村市","city_kana":"オオムラシ","town":"小路口本町","town_kana":"オログチホンマチ","prefecture_code":42},"0025":{"zip_code":"8560025","prefecture":"長崎県","prefecture_kana":"ナガサキケン","city":"大村市","city_kana":"オオムラシ","town":"小路口町","town_kana":"オログチマチ","prefecture_code":42},"0802":{"zip_code":"8560802","prefecture":"長崎県","prefecture_kana":"ナガサキケン","city":"大村市","city_kana":"オオムラシ","town":"皆同町","town_kana":"カイドウマチ","prefecture_code":42},"0841":{"zip_code":"8560841","prefecture":"長崎県","prefecture_kana":"ナガサキケン","city":"大村市","city_kana":"オオムラシ","town":"陰平町","town_kana":"カゲヒラマチ","prefecture_code":42},"0827":{"zip_code":"8560827","prefecture":"長崎県","prefecture_kana":"ナガサキケン","city":"大村市","city_kana":"オオムラシ","town":"水主町","town_kana":"カコマチ","prefecture_code":42},"0833":{"zip_code":"8560833","prefecture":"長崎県","prefecture_kana":"ナガサキケン","city":"大村市","city_kana":"オオムラシ","town":"片町","town_kana":"カタマチ","prefecture_code":42},"0023":{"zip_code":"8560023","prefecture":"長崎県","prefecture_kana":"ナガサキケン","city":"大村市","city_kana":"オオムラシ","town":"上諏訪町","town_kana":"カミスワマチ","prefecture_code":42},"0820":{"zip_code":"8560820","prefecture":"長崎県","prefecture_kana":"ナガサキケン","city":"大村市","city_kana":"オオムラシ","town":"協和町","town_kana":"キョウワマチ","prefecture_code":42},"0828":{"zip_code":"8560828","prefecture":"長崎県","prefecture_kana":"ナガサキケン","city":"大村市","city_kana":"オオムラシ","town":"杭出津","town_kana":"クイデツ","prefecture_code":42},"0007":{"zip_code":"8560007","prefecture":"長崎県","prefecture_kana":"ナガサキケン","city":"大村市","city_kana":"オオムラシ","town":"草場町","town_kana":"クサバマチ","prefecture_code":42},"0834":{"zip_code":"8560834","prefecture":"長崎県","prefecture_kana":"ナガサキケン","city":"大村市","city_kana":"オオムラシ","town":"玖島","town_kana":"クシマ","prefecture_code":42},"0835":{"zip_code":"8560835","prefecture":"長崎県","prefecture_kana":"ナガサキケン","city":"大村市","city_kana":"オオムラシ","town":"久原","town_kana":"クバラ","prefecture_code":42},"0012":{"zip_code":"8560012","prefecture":"長崎県","prefecture_kana":"ナガサキケン","city":"大村市","city_kana":"オオムラシ","town":"黒木町","town_kana":"クロキマチ","prefecture_code":42},"0808":{"zip_code":"8560808","prefecture":"長崎県","prefecture_kana":"ナガサキケン","city":"大村市","city_kana":"オオムラシ","town":"黒丸町","town_kana":"クロマルマチ","prefecture_code":42},"0817":{"zip_code":"8560817","prefecture":"長崎県","prefecture_kana":"ナガサキケン","city":"大村市","city_kana":"オオムラシ","town":"古賀島町","town_kana":"コガシママチ","prefecture_code":42},"0046":{"zip_code":"8560046","prefecture":"長崎県","prefecture_kana":"ナガサキケン","city":"大村市","city_kana":"オオムラシ","town":"木場","town_kana":"コバ","prefecture_code":42},"0836":{"zip_code":"8560836","prefecture":"長崎県","prefecture_kana":"ナガサキケン","city":"大村市","city_kana":"オオムラシ","town":"幸町","town_kana":"サイワイマチ","prefecture_code":42},"0028":{"zip_code":"8560028","prefecture":"長崎県","prefecture_kana":"ナガサキケン","city":"大村市","city_kana":"オオムラシ","town":"坂口町","town_kana":"サカグチマチ","prefecture_code":42},"0812":{"zip_code":"8560812","prefecture":"長崎県","prefecture_kana":"ナガサキケン","city":"大村市","city_kana":"オオムラシ","town":"桜馬場","town_kana":"サクラババ","prefecture_code":42},"0031":{"zip_code":"8560031","prefecture":"長崎県","prefecture_kana":"ナガサキケン","city":"大村市","city_kana":"オオムラシ","town":"三城町","town_kana":"サンジョウチョウ","prefecture_code":42},"0011":{"zip_code":"8560011","prefecture":"長崎県","prefecture_kana":"ナガサキケン","city":"大村市","city_kana":"オオムラシ","town":"重井田町","town_kana":"シゲイダマチ","prefecture_code":42},"0801":{"zip_code":"8560801","prefecture":"長崎県","prefecture_kana":"ナガサキケン","city":"大村市","city_kana":"オオムラシ","town":"寿古町","town_kana":"スコマチ","prefecture_code":42},"0047":{"zip_code":"8560047","prefecture":"長崎県","prefecture_kana":"ナガサキケン","city":"大村市","city_kana":"オオムラシ","town":"須田ノ木町","town_kana":"スダノキマチ","prefecture_code":42},"0024":{"zip_code":"8560024","prefecture":"長崎県","prefecture_kana":"ナガサキケン","city":"大村市","city_kana":"オオムラシ","town":"諏訪","town_kana":"スワ","prefecture_code":42},"0847":{"zip_code":"8560847","prefecture":"長崎県","prefecture_kana":"ナガサキケン","city":"大村市","city_kana":"オオムラシ","town":"西部町","town_kana":"セイブマチ","prefecture_code":42},"0035":{"zip_code":"8560035","prefecture":"長崎県","prefecture_kana":"ナガサキケン","city":"大村市","city_kana":"オオムラシ","town":"武部町","town_kana":"タケベマチ","prefecture_code":42},"0805":{"zip_code":"8560805","prefecture":"長崎県","prefecture_kana":"ナガサキケン","city":"大村市","city_kana":"オオムラシ","town":"竹松本町","town_kana":"タケマツホンマチ","prefecture_code":42},"0803":{"zip_code":"8560803","prefecture":"長崎県","prefecture_kana":"ナガサキケン","city":"大村市","city_kana":"オオムラシ","town":"竹松町","town_kana":"タケマツマチ","prefecture_code":42},"0014":{"zip_code":"8560014","prefecture":"長崎県","prefecture_kana":"ナガサキケン","city":"大村市","city_kana":"オオムラシ","town":"田下町","town_kana":"タジモマチ","prefecture_code":42},"0041":{"zip_code":"8560041","prefecture":"長崎県","prefecture_kana":"ナガサキケン","city":"大村市","city_kana":"オオムラシ","town":"徳泉川内町","town_kana":"トクセンガワチマチ","prefecture_code":42},"0806":{"zip_code":"8560806","prefecture":"長崎県","prefecture_kana":"ナガサキケン","city":"大村市","city_kana":"オオムラシ","town":"富の原","town_kana":"トミノハラ","prefecture_code":42},"0842":{"zip_code":"8560842","prefecture":"長崎県","prefecture_kana":"ナガサキケン","city":"大村市","city_kana":"オオムラシ","town":"中里町","town_kana":"ナカザトマチ","prefecture_code":42},"0013":{"zip_code":"8560013","prefecture":"長崎県","prefecture_kana":"ナガサキケン","city":"大村市","city_kana":"オオムラシ","town":"中岳町","town_kana":"ナカダケマチ","prefecture_code":42},"0821":{"zip_code":"8560821","prefecture":"長崎県","prefecture_kana":"ナガサキケン","city":"大村市","city_kana":"オオムラシ","town":"西乾馬場町","town_kana":"ニシイヌイババマチ","prefecture_code":42},"0813":{"zip_code":"8560813","prefecture":"長崎県","prefecture_kana":"ナガサキケン","city":"大村市","city_kana":"オオムラシ","town":"西大村本町","town_kana":"ニシオオムラホンマチ","prefecture_code":42},"0825":{"zip_code":"8560825","prefecture":"長崎県","prefecture_kana":"ナガサキケン","city":"大村市","city_kana":"オオムラシ","town":"西三城町","town_kana":"ニシサンジョウチョウ","prefecture_code":42},"0837":{"zip_code":"8560837","prefecture":"長崎県","prefecture_kana":"ナガサキケン","city":"大村市","city_kana":"オオムラシ","town":"西本町","town_kana":"ニシホンマチ","prefecture_code":42},"0003":{"zip_code":"8560003","prefecture":"長崎県","prefecture_kana":"ナガサキケン","city":"大村市","city_kana":"オオムラシ","town":"野岳町","town_kana":"ノダケマチ","prefecture_code":42},"0019":{"zip_code":"8560019","prefecture":"長崎県","prefecture_kana":"ナガサキケン","city":"大村市","city_kana":"オオムラシ","town":"野田町","town_kana":"ノダマチ","prefecture_code":42},"0811":{"zip_code":"8560811","prefecture":"長崎県","prefecture_kana":"ナガサキケン","city":"大村市","city_kana":"オオムラシ","town":"原口町","town_kana":"ハラグチマチ","prefecture_code":42},"0016":{"zip_code":"8560016","prefecture":"長崎県","prefecture_kana":"ナガサキケン","city":"大村市","city_kana":"オオムラシ","town":"原町","town_kana":"ハラマチ","prefecture_code":42},"0032":{"zip_code":"8560032","prefecture":"長崎県","prefecture_kana":"ナガサキケン","city":"大村市","city_kana":"オオムラシ","town":"東大村","town_kana":"ヒガシオオムラ","prefecture_code":42},"0826":{"zip_code":"8560826","prefecture":"長崎県","prefecture_kana":"ナガサキケン","city":"大村市","city_kana":"オオムラシ","town":"東三城町","town_kana":"ヒガシサンジョウチョウ","prefecture_code":42},"0002":{"zip_code":"8560002","prefecture":"長崎県","prefecture_kana":"ナガサキケン","city":"大村市","city_kana":"オオムラシ","town":"東野岳町","town_kana":"ヒガシノダケマチ","prefecture_code":42},"0831":{"zip_code":"8560831","prefecture":"長崎県","prefecture_kana":"ナガサキケン","city":"大村市","city_kana":"オオムラシ","town":"東本町","town_kana":"ヒガシホンマチ","prefecture_code":42},"0846":{"zip_code":"8560846","prefecture":"長崎県","prefecture_kana":"ナガサキケン","city":"大村市","city_kana":"オオムラシ","town":"日泊町","town_kana":"ヒドマルマチ","prefecture_code":42},"0042":{"zip_code":"8560042","prefecture":"長崎県","prefecture_kana":"ナガサキケン","city":"大村市","city_kana":"オオムラシ","town":"平町","town_kana":"ヒラマチ","prefecture_code":42},"0006":{"zip_code":"8560006","prefecture":"長崎県","prefecture_kana":"ナガサキケン","city":"大村市","city_kana":"オオムラシ","town":"福重町","town_kana":"フクシゲマチ","prefecture_code":42},"0822":{"zip_code":"8560822","prefecture":"長崎県","prefecture_kana":"ナガサキケン","city":"大村市","city_kana":"オオムラシ","town":"古町","town_kana":"フルマチ","prefecture_code":42},"0832":{"zip_code":"8560832","prefecture":"長崎県","prefecture_kana":"ナガサキケン","city":"大村市","city_kana":"オオムラシ","town":"本町","town_kana":"ホンマチ","prefecture_code":42},"0022":{"zip_code":"8560022","prefecture":"長崎県","prefecture_kana":"ナガサキケン","city":"大村市","city_kana":"オオムラシ","town":"雄ケ原町","town_kana":"マスラガハラマチ","prefecture_code":42},"0814":{"zip_code":"8560814","prefecture":"長崎県","prefecture_kana":"ナガサキケン","city":"大村市","city_kana":"オオムラシ","town":"松並","town_kana":"マツナミ","prefecture_code":42},"0008":{"zip_code":"8560008","prefecture":"長崎県","prefecture_kana":"ナガサキケン","city":"大村市","city_kana":"オオムラシ","town":"松原","town_kana":"マツバラ","prefecture_code":42},"0009":{"zip_code":"8560009","prefecture":"長崎県","prefecture_kana":"ナガサキケン","city":"大村市","city_kana":"オオムラシ","town":"松原本町","town_kana":"マツバラホンマチ","prefecture_code":42},"0829":{"zip_code":"8560829","prefecture":"長崎県","prefecture_kana":"ナガサキケン","city":"大村市","city_kana":"オオムラシ","town":"松山町","town_kana":"マツヤママチ","prefecture_code":42},"0816":{"zip_code":"8560816","prefecture":"長崎県","prefecture_kana":"ナガサキケン","city":"大村市","city_kana":"オオムラシ","town":"箕島町","town_kana":"ミシママチ","prefecture_code":42},"0824":{"zip_code":"8560824","prefecture":"長崎県","prefecture_kana":"ナガサキケン","city":"大村市","city_kana":"オオムラシ","town":"水田町","town_kana":"ミズタマチ","prefecture_code":42},"0034":{"zip_code":"8560034","prefecture":"長崎県","prefecture_kana":"ナガサキケン","city":"大村市","city_kana":"オオムラシ","town":"水計町","town_kana":"ミズハカリマチ","prefecture_code":42},"0844":{"zip_code":"8560844","prefecture":"長崎県","prefecture_kana":"ナガサキケン","city":"大村市","city_kana":"オオムラシ","town":"溝陸町","town_kana":"ミゾロクマチ","prefecture_code":42},"0807":{"zip_code":"8560807","prefecture":"長崎県","prefecture_kana":"ナガサキケン","city":"大村市","city_kana":"オオムラシ","town":"宮小路","town_kana":"ミヤショウジ","prefecture_code":42},"0015":{"zip_code":"8560015","prefecture":"長崎県","prefecture_kana":"ナガサキケン","city":"大村市","city_kana":"オオムラシ","town":"宮代町","town_kana":"ミヤダイマチ","prefecture_code":42},"0005":{"zip_code":"8560005","prefecture":"長崎県","prefecture_kana":"ナガサキケン","city":"大村市","city_kana":"オオムラシ","town":"弥勒寺町","town_kana":"ミロクジマチ","prefecture_code":42},"0045":{"zip_code":"8560045","prefecture":"長崎県","prefecture_kana":"ナガサキケン","city":"大村市","city_kana":"オオムラシ","town":"向木場町","town_kana":"ムカイコバマチ","prefecture_code":42},"0001":{"zip_code":"8560001","prefecture":"長崎県","prefecture_kana":"ナガサキケン","city":"大村市","city_kana":"オオムラシ","town":"武留路町","town_kana":"ムルロマチ","prefecture_code":42},"0815":{"zip_code":"8560815","prefecture":"長崎県","prefecture_kana":"ナガサキケン","city":"大村市","city_kana":"オオムラシ","town":"森園町","town_kana":"モリゾノマチ","prefecture_code":42},"0004":{"zip_code":"8560004","prefecture":"長崎県","prefecture_kana":"ナガサキケン","city":"大村市","city_kana":"オオムラシ","town":"立福寺町","town_kana":"リフクジマチ","prefecture_code":42}}