{"0071":{"zip_code":"8570071","prefecture":"長崎県","prefecture_kana":"ナガサキケン","city":"長崎市","city_kana":"ナガサキシ","town":"池島町","town_kana":"イケシママチ","prefecture_code":42},"0000":{"zip_code":"8570000","prefecture":"長崎県","prefecture_kana":"ナガサキケン","city":"佐世保市","city_kana":"サセボシ","town":"","town_kana":"","prefecture_code":42},"0044":{"zip_code":"8570044","prefecture":"長崎県","prefecture_kana":"ナガサキケン","city":"佐世保市","city_kana":"サセボシ","town":"相生町","town_kana":"アイオイチョウ","prefecture_code":42},"0013":{"zip_code":"8570013","prefecture":"長崎県","prefecture_kana":"ナガサキケン","city":"佐世保市","city_kana":"サセボシ","town":"赤木町","town_kana":"アカギチョウ","prefecture_code":42},"0064":{"zip_code":"8570064","prefecture":"長崎県","prefecture_kana":"ナガサキケン","city":"佐世保市","city_kana":"サセボシ","town":"赤崎町","town_kana":"アカサキチョウ","prefecture_code":42},"0431":{"zip_code":"8570431","prefecture":"長崎県","prefecture_kana":"ナガサキケン","city":"佐世保市","city_kana":"サセボシ","town":"浅子町","town_kana":"アサゴチョウ","prefecture_code":42},"1233":{"zip_code":"8571233","prefecture":"長崎県","prefecture_kana":"ナガサキケン","city":"佐世保市","city_kana":"サセボシ","town":"庵浦町","town_kana":"イオノウラチョウ","prefecture_code":42},"0037":{"zip_code":"8570037","prefecture":"長崎県","prefecture_kana":"ナガサキケン","city":"佐世保市","city_kana":"サセボシ","town":"石坂町","town_kana":"イシザカチョウ","prefecture_code":42},"0057":{"zip_code":"8570057","prefecture":"長崎県","prefecture_kana":"ナガサキケン","city":"佐世保市","city_kana":"サセボシ","town":"泉町","town_kana":"イズミチョウ","prefecture_code":42},"0851":{"zip_code":"8570851","prefecture":"長崎県","prefecture_kana":"ナガサキケン","city":"佐世保市","city_kana":"サセボシ","town":"稲荷町","town_kana":"イナリチョウ","prefecture_code":42},"0061":{"zip_code":"8570061","prefecture":"長崎県","prefecture_kana":"ナガサキケン","city":"佐世保市","city_kana":"サセボシ","town":"今福町","town_kana":"イマブクチョウ","prefecture_code":42},"4813":{"zip_code":"8574813","prefecture":"長崎県","prefecture_kana":"ナガサキケン","city":"佐世保市","city_kana":"サセボシ","town":"宇久町飯良","town_kana":"ウクマチイイラ","prefecture_code":42},"4815":{"zip_code":"8574815","prefecture":"長崎県","prefecture_kana":"ナガサキケン","city":"佐世保市","city_kana":"サセボシ","town":"宇久町大久保","town_kana":"ウクマチオオクボ","prefecture_code":42},"4903":{"zip_code":"8574903","prefecture":"長崎県","prefecture_kana":"ナガサキケン","city":"佐世保市","city_kana":"サセボシ","town":"宇久町太田江","town_kana":"ウクマチオオダエ","prefecture_code":42},"4812":{"zip_code":"8574812","prefecture":"長崎県","prefecture_kana":"ナガサキケン","city":"佐世保市","city_kana":"サセボシ","town":"宇久町小浜","town_kana":"ウクマチオバマ","prefecture_code":42},"4811":{"zip_code":"8574811","prefecture":"長崎県","prefecture_kana":"ナガサキケン","city":"佐世保市","city_kana":"サセボシ","town":"宇久町神浦","town_kana":"ウクマチコウノウラ","prefecture_code":42},"4904":{"zip_code":"8574904","prefecture":"長崎県","prefecture_kana":"ナガサキケン","city":"佐世保市","city_kana":"サセボシ","town":"宇久町木場","town_kana":"ウクマチコバ","prefecture_code":42},"4901":{"zip_code":"8574901","prefecture":"長崎県","prefecture_kana":"ナガサキケン","city":"佐世保市","city_kana":"サセボシ","town":"宇久町平","town_kana":"ウクマチタイラ","prefecture_code":42},"4816":{"zip_code":"8574816","prefecture":"長崎県","prefecture_kana":"ナガサキケン","city":"佐世保市","city_kana":"サセボシ","town":"宇久町寺島","town_kana":"ウクマチテラシマ","prefecture_code":42},"4902":{"zip_code":"8574902","prefecture":"長崎県","prefecture_kana":"ナガサキケン","city":"佐世保市","city_kana":"サセボシ","town":"宇久町野方","town_kana":"ウクマチノガタ","prefecture_code":42},"4814":{"zip_code":"8574814","prefecture":"長崎県","prefecture_kana":"ナガサキケン","city":"佐世保市","city_kana":"サセボシ","town":"宇久町本飯良","town_kana":"ウクマチモトイイラ","prefecture_code":42},"0069":{"zip_code":"8570069","prefecture":"長崎県","prefecture_kana":"ナガサキケン","city":"佐世保市","city_kana":"サセボシ","town":"鵜渡越町","town_kana":"ウドゴエチョウ","prefecture_code":42},"0017":{"zip_code":"8570017","prefecture":"長崎県","prefecture_kana":"ナガサキケン","city":"佐世保市","city_kana":"サセボシ","town":"梅田町","town_kana":"ウメダマチ","prefecture_code":42},"0058":{"zip_code":"8570058","prefecture":"長崎県","prefecture_kana":"ナガサキケン","city":"佐世保市","city_kana":"サセボシ","town":"上町","town_kana":"ウワマチ","prefecture_code":42},"0001":{"zip_code":"8570001","prefecture":"長崎県","prefecture_kana":"ナガサキケン","city":"佐世保市","city_kana":"サセボシ","town":"烏帽子町","town_kana":"エボシチョウ","prefecture_code":42},"1163":{"zip_code":"8571163","prefecture":"長崎県","prefecture_kana":"ナガサキケン","city":"佐世保市","city_kana":"サセボシ","town":"大岳台町","town_kana":"オオタケダイマチ","prefecture_code":42},"0131":{"zip_code":"8570131","prefecture":"長崎県","prefecture_kana":"ナガサキケン","city":"佐世保市","city_kana":"サセボシ","town":"大野町","town_kana":"オオノチョウ","prefecture_code":42},"0841":{"zip_code":"8570841","prefecture":"長崎県","prefecture_kana":"ナガサキケン","city":"佐世保市","city_kana":"サセボシ","town":"大宮町","town_kana":"オオミヤチョウ","prefecture_code":42},"0146":{"zip_code":"8570146","prefecture":"長崎県","prefecture_kana":"ナガサキケン","city":"佐世保市","city_kana":"サセボシ","town":"小川内町","town_kana":"オガワチチョウ","prefecture_code":42},"1171":{"zip_code":"8571171","prefecture":"長崎県","prefecture_kana":"ナガサキケン","city":"佐世保市","city_kana":"サセボシ","town":"沖新町","town_kana":"オキシンマチ","prefecture_code":42},"0065":{"zip_code":"8570065","prefecture":"長崎県","prefecture_kana":"ナガサキケン","city":"佐世保市","city_kana":"サセボシ","town":"小野町","town_kana":"オノチョウ","prefecture_code":42},"0021":{"zip_code":"8570021","prefecture":"長崎県","prefecture_kana":"ナガサキケン","city":"佐世保市","city_kana":"サセボシ","town":"折橋町","town_kana":"オリハシチョウ","prefecture_code":42},"1162":{"zip_code":"8571162","prefecture":"長崎県","prefecture_kana":"ナガサキケン","city":"佐世保市","city_kana":"サセボシ","town":"卸本町","town_kana":"オロシホンマチ","prefecture_code":42},"0144":{"zip_code":"8570144","prefecture":"長崎県","prefecture_kana":"ナガサキケン","city":"佐世保市","city_kana":"サセボシ","town":"皆瀬町","town_kana":"カイゼチョウ","prefecture_code":42},"0011":{"zip_code":"8570011","prefecture":"長崎県","prefecture_kana":"ナガサキケン","city":"佐世保市","city_kana":"サセボシ","town":"春日町","town_kana":"カスガチョウ","prefecture_code":42},"0803":{"zip_code":"8570803","prefecture":"長崎県","prefecture_kana":"ナガサキケン","city":"佐世保市","city_kana":"サセボシ","town":"勝富町","town_kana":"カツトミチョウ","prefecture_code":42},"0872":{"zip_code":"8570872","prefecture":"長崎県","prefecture_kana":"ナガサキケン","city":"佐世保市","city_kana":"サセボシ","town":"上京町","town_kana":"カミキョウマチ","prefecture_code":42},"0067":{"zip_code":"8570067","prefecture":"長崎県","prefecture_kana":"ナガサキケン","city":"佐世保市","city_kana":"サセボシ","town":"神島町","town_kana":"カミシマチョウ","prefecture_code":42},"0126":{"zip_code":"8570126","prefecture":"長崎県","prefecture_kana":"ナガサキケン","city":"佐世保市","city_kana":"サセボシ","town":"上柚木町","town_kana":"カミユノキチョウ","prefecture_code":42},"0123":{"zip_code":"8570123","prefecture":"長崎県","prefecture_kana":"ナガサキケン","city":"佐世保市","city_kana":"サセボシ","town":"川谷町","town_kana":"カワタニチョウ","prefecture_code":42},"0801":{"zip_code":"8570801","prefecture":"長崎県","prefecture_kana":"ナガサキケン","city":"佐世保市","city_kana":"サセボシ","town":"祗園町","town_kana":"ギオンチョウ","prefecture_code":42},"1166":{"zip_code":"8571166","prefecture":"長崎県","prefecture_kana":"ナガサキケン","city":"佐世保市","city_kana":"サセボシ","town":"木風町","town_kana":"キカゼチョウ","prefecture_code":42},"0874":{"zip_code":"8570874","prefecture":"長崎県","prefecture_kana":"ナガサキケン","city":"佐世保市","city_kana":"サセボシ","town":"京坪町","town_kana":"キョウノツボチョウ","prefecture_code":42},"0121":{"zip_code":"8570121","prefecture":"長崎県","prefecture_kana":"ナガサキケン","city":"佐世保市","city_kana":"サセボシ","town":"潜木町","town_kana":"クグルギチョウ","prefecture_code":42},"0104":{"zip_code":"8570104","prefecture":"長崎県","prefecture_kana":"ナガサキケン","city":"佐世保市","city_kana":"サセボシ","town":"楠木町","town_kana":"クスノキチョウ","prefecture_code":42},"0025":{"zip_code":"8570025","prefecture":"長崎県","prefecture_kana":"ナガサキケン","city":"佐世保市","city_kana":"サセボシ","town":"熊野町","town_kana":"クマノチョウ","prefecture_code":42},"1152":{"zip_code":"8571152","prefecture":"長崎県","prefecture_kana":"ナガサキケン","city":"佐世保市","city_kana":"サセボシ","town":"黒髪町","town_kana":"クロカミチョウ","prefecture_code":42},"3271":{"zip_code":"8573271","prefecture":"長崎県","prefecture_kana":"ナガサキケン","city":"佐世保市","city_kana":"サセボシ","town":"黒島町","town_kana":"クロシマチョウ","prefecture_code":42},"0805":{"zip_code":"8570805","prefecture":"長崎県","prefecture_kana":"ナガサキケン","city":"佐世保市","city_kana":"サセボシ","town":"光月町","town_kana":"コウゲツチョウ","prefecture_code":42},"0802":{"zip_code":"8570802","prefecture":"長崎県","prefecture_kana":"ナガサキケン","city":"佐世保市","city_kana":"サセボシ","town":"高天町","town_kana":"コウテンチョウ","prefecture_code":42},"0403":{"zip_code":"8570403","prefecture":"長崎県","prefecture_kana":"ナガサキケン","city":"佐世保市","city_kana":"サセボシ","town":"小佐々町臼ノ浦","town_kana":"コサザチョウウスノウラ","prefecture_code":42},"0413":{"zip_code":"8570413","prefecture":"長崎県","prefecture_kana":"ナガサキケン","city":"佐世保市","city_kana":"サセボシ","town":"小佐々町楠泊","town_kana":"コサザチョウクスドマリ","prefecture_code":42},"0401":{"zip_code":"8570401","prefecture":"長崎県","prefecture_kana":"ナガサキケン","city":"佐世保市","city_kana":"サセボシ","town":"小佐々町黒石","town_kana":"コサザチョウクロイシ","prefecture_code":42},"0402":{"zip_code":"8570402","prefecture":"長崎県","prefecture_kana":"ナガサキケン","city":"佐世保市","city_kana":"サセボシ","town":"小佐々町小坂","town_kana":"コサザチョウコサカ","prefecture_code":42},"0411":{"zip_code":"8570411","prefecture":"長崎県","prefecture_kana":"ナガサキケン","city":"佐世保市","city_kana":"サセボシ","town":"小佐々町岳ノ木場","town_kana":"コサザチョウタケノコバ","prefecture_code":42},"0404":{"zip_code":"8570404","prefecture":"長崎県","prefecture_kana":"ナガサキケン","city":"佐世保市","city_kana":"サセボシ","town":"小佐々町田原","town_kana":"コサザチョウタバル","prefecture_code":42},"0405":{"zip_code":"8570405","prefecture":"長崎県","prefecture_kana":"ナガサキケン","city":"佐世保市","city_kana":"サセボシ","town":"小佐々町葛籠","town_kana":"コサザチョウツヅラ","prefecture_code":42},"0412":{"zip_code":"8570412","prefecture":"長崎県","prefecture_kana":"ナガサキケン","city":"佐世保市","city_kana":"サセボシ","town":"小佐々町西川内","town_kana":"コサザチョウニシカワウチ","prefecture_code":42},"0406":{"zip_code":"8570406","prefecture":"長崎県","prefecture_kana":"ナガサキケン","city":"佐世保市","city_kana":"サセボシ","town":"小佐々町平原","town_kana":"コサザチョウヒラバル","prefecture_code":42},"0414":{"zip_code":"8570414","prefecture":"長崎県","prefecture_kana":"ナガサキケン","city":"佐世保市","city_kana":"サセボシ","town":"小佐々町矢岳","town_kana":"コサザチョウヤダケ","prefecture_code":42},"0813":{"zip_code":"8570813","prefecture":"長崎県","prefecture_kana":"ナガサキケン","city":"佐世保市","city_kana":"サセボシ","town":"小佐世保町","town_kana":"コサセボチョウ","prefecture_code":42},"0066":{"zip_code":"8570066","prefecture":"長崎県","prefecture_kana":"ナガサキケン","city":"佐世保市","city_kana":"サセボシ","town":"小島町","town_kana":"コジマチョウ","prefecture_code":42},"0041":{"zip_code":"8570041","prefecture":"長崎県","prefecture_kana":"ナガサキケン","city":"佐世保市","city_kana":"サセボシ","town":"木場田町","town_kana":"コバタチョウ","prefecture_code":42},"0114":{"zip_code":"8570114","prefecture":"長崎県","prefecture_kana":"ナガサキケン","city":"佐世保市","city_kana":"サセボシ","town":"小舟町","town_kana":"コフネチョウ","prefecture_code":42},"0106":{"zip_code":"8570106","prefecture":"長崎県","prefecture_kana":"ナガサキケン","city":"佐世保市","city_kana":"サセボシ","town":"菰田町","town_kana":"コモダチョウ","prefecture_code":42},"0062":{"zip_code":"8570062","prefecture":"長崎県","prefecture_kana":"ナガサキケン","city":"佐世保市","city_kana":"サセボシ","town":"金比良町","town_kana":"コンピラチョウ","prefecture_code":42},"0054":{"zip_code":"8570054","prefecture":"長崎県","prefecture_kana":"ナガサキケン","city":"佐世保市","city_kana":"サセボシ","town":"栄町","town_kana":"サカエマチ","prefecture_code":42},"1176":{"zip_code":"8571176","prefecture":"長崎県","prefecture_kana":"ナガサキケン","city":"佐世保市","city_kana":"サセボシ","town":"崎辺町","town_kana":"サキベチョウ","prefecture_code":42},"0012":{"zip_code":"8570012","prefecture":"長崎県","prefecture_kana":"ナガサキケン","city":"佐世保市","city_kana":"サセボシ","town":"桜木町","town_kana":"サクラギチョウ","prefecture_code":42},"0122":{"zip_code":"8570122","prefecture":"長崎県","prefecture_kana":"ナガサキケン","city":"佐世保市","city_kana":"サセボシ","town":"里美町","town_kana":"サトヨシチョウ","prefecture_code":42},"0876":{"zip_code":"8570876","prefecture":"長崎県","prefecture_kana":"ナガサキケン","city":"佐世保市","city_kana":"サセボシ","town":"塩浜町","town_kana":"シオハマチョウ","prefecture_code":42},"0834":{"zip_code":"8570834","prefecture":"長崎県","prefecture_kana":"ナガサキケン","city":"佐世保市","city_kana":"サセボシ","town":"潮見町","town_kana":"シオミチョウ","prefecture_code":42},"0806":{"zip_code":"8570806","prefecture":"長崎県","prefecture_kana":"ナガサキケン","city":"佐世保市","city_kana":"サセボシ","town":"島瀬町","town_kana":"シマノセチョウ","prefecture_code":42},"0879":{"zip_code":"8570879","prefecture":"長崎県","prefecture_kana":"ナガサキケン","city":"佐世保市","city_kana":"サセボシ","town":"島地町","town_kana":"シマンジチョウ","prefecture_code":42},"0036":{"zip_code":"8570036","prefecture":"長崎県","prefecture_kana":"ナガサキケン","city":"佐世保市","city_kana":"サセボシ","town":"清水町","town_kana":"シミズチョウ","prefecture_code":42},"0113":{"zip_code":"8570113","prefecture":"長崎県","prefecture_kana":"ナガサキケン","city":"佐世保市","city_kana":"サセボシ","town":"下宇戸町","town_kana":"シモウドチョウ","prefecture_code":42},"0875":{"zip_code":"8570875","prefecture":"長崎県","prefecture_kana":"ナガサキケン","city":"佐世保市","city_kana":"サセボシ","town":"下京町","town_kana":"シモキョウマチ","prefecture_code":42},"1232":{"zip_code":"8571232","prefecture":"長崎県","prefecture_kana":"ナガサキケン","city":"佐世保市","city_kana":"サセボシ","town":"下船越町","town_kana":"シモフナコシチョウ","prefecture_code":42},"1173":{"zip_code":"8571173","prefecture":"長崎県","prefecture_kana":"ナガサキケン","city":"佐世保市","city_kana":"サセボシ","town":"十郎新町","town_kana":"ジュウロウシンマチ","prefecture_code":42},"0821":{"zip_code":"8570821","prefecture":"長崎県","prefecture_kana":"ナガサキケン","city":"佐世保市","city_kana":"サセボシ","town":"白木町","town_kana":"シラキチョウ","prefecture_code":42},"1164":{"zip_code":"8571164","prefecture":"長崎県","prefecture_kana":"ナガサキケン","city":"佐世保市","city_kana":"サセボシ","town":"白岳町","town_kana":"シラタケチョウ","prefecture_code":42},"0105":{"zip_code":"8570105","prefecture":"長崎県","prefecture_kana":"ナガサキケン","city":"佐世保市","city_kana":"サセボシ","town":"白仁田町","town_kana":"シラニタチョウ","prefecture_code":42},"0862":{"zip_code":"8570862","prefecture":"長崎県","prefecture_kana":"ナガサキケン","city":"佐世保市","city_kana":"サセボシ","town":"白南風町","town_kana":"シラハエチョウ","prefecture_code":42},"0033":{"zip_code":"8570033","prefecture":"長崎県","prefecture_kana":"ナガサキケン","city":"佐世保市","city_kana":"サセボシ","town":"城山町","town_kana":"シロヤマチョウ","prefecture_code":42},"0855":{"zip_code":"8570855","prefecture":"長崎県","prefecture_kana":"ナガサキケン","city":"佐世保市","city_kana":"サセボシ","town":"新港町","town_kana":"シンミナトマチ","prefecture_code":42},"0812":{"zip_code":"8570812","prefecture":"長崎県","prefecture_kana":"ナガサキケン","city":"佐世保市","city_kana":"サセボシ","town":"須佐町","town_kana":"スサマチ","prefecture_code":42},"0831":{"zip_code":"8570831","prefecture":"長崎県","prefecture_kana":"ナガサキケン","city":"佐世保市","city_kana":"サセボシ","town":"須田尾町","town_kana":"スダオチョウ","prefecture_code":42},"0134":{"zip_code":"8570134","prefecture":"長崎県","prefecture_kana":"ナガサキケン","city":"佐世保市","city_kana":"サセボシ","town":"瀬戸越","town_kana":"セトゴエ","prefecture_code":42},"0135":{"zip_code":"8570135","prefecture":"長崎県","prefecture_kana":"ナガサキケン","city":"佐世保市","city_kana":"サセボシ","town":"瀬戸越町","town_kana":"セトゴエチョウ","prefecture_code":42},"0045":{"zip_code":"8570045","prefecture":"長崎県","prefecture_kana":"ナガサキケン","city":"佐世保市","city_kana":"サセボシ","town":"園田町","town_kana":"ソノダマチ","prefecture_code":42},"0843":{"zip_code":"8570843","prefecture":"長崎県","prefecture_kana":"ナガサキケン","city":"佐世保市","city_kana":"サセボシ","town":"大黒町","town_kana":"ダイコクチョウ","prefecture_code":42},"1161":{"zip_code":"8571161","prefecture":"長崎県","prefecture_kana":"ナガサキケン","city":"佐世保市","city_kana":"サセボシ","town":"大塔町","town_kana":"ダイトウチョウ","prefecture_code":42},"0042":{"zip_code":"8570042","prefecture":"長崎県","prefecture_kana":"ナガサキケン","city":"佐世保市","city_kana":"サセボシ","town":"高砂町","town_kana":"タカサゴチョウ","prefecture_code":42},"0811":{"zip_code":"8570811","prefecture":"長崎県","prefecture_kana":"ナガサキケン","city":"佐世保市","city_kana":"サセボシ","town":"高梨町","town_kana":"タカナシチョウ","prefecture_code":42},"0125":{"zip_code":"8570125","prefecture":"長崎県","prefecture_kana":"ナガサキケン","city":"佐世保市","city_kana":"サセボシ","town":"高花町","town_kana":"タカハナチョウ","prefecture_code":42},"0014":{"zip_code":"8570014","prefecture":"長崎県","prefecture_kana":"ナガサキケン","city":"佐世保市","city_kana":"サセボシ","town":"田代町","town_kana":"タシロチョウ","prefecture_code":42},"0063":{"zip_code":"8570063","prefecture":"長崎県","prefecture_kana":"ナガサキケン","city":"佐世保市","city_kana":"サセボシ","town":"立神町","town_kana":"タテガミチョウ","prefecture_code":42},"0027":{"zip_code":"8570027","prefecture":"長崎県","prefecture_kana":"ナガサキケン","city":"佐世保市","city_kana":"サセボシ","town":"谷郷町","town_kana":"タニゴウチョウ","prefecture_code":42},"0136":{"zip_code":"8570136","prefecture":"長崎県","prefecture_kana":"ナガサキケン","city":"佐世保市","city_kana":"サセボシ","town":"田原町","town_kana":"タバルチョウ","prefecture_code":42},"1235":{"zip_code":"8571235","prefecture":"長崎県","prefecture_kana":"ナガサキケン","city":"佐世保市","city_kana":"サセボシ","town":"俵ケ浦町","town_kana":"タワラガウラチョウ","prefecture_code":42},"0016":{"zip_code":"8570016","prefecture":"長崎県","prefecture_kana":"ナガサキケン","city":"佐世保市","city_kana":"サセボシ","town":"俵町","town_kana":"タワラマチ","prefecture_code":42},"0101":{"zip_code":"8570101","prefecture":"長崎県","prefecture_kana":"ナガサキケン","city":"佐世保市","city_kana":"サセボシ","town":"知見寺町","town_kana":"チケンジチョウ","prefecture_code":42},"0111":{"zip_code":"8570111","prefecture":"長崎県","prefecture_kana":"ナガサキケン","city":"佐世保市","city_kana":"サセボシ","town":"筒井町","town_kana":"ツツイチョウ","prefecture_code":42},"1174":{"zip_code":"8571174","prefecture":"長崎県","prefecture_kana":"ナガサキケン","city":"佐世保市","city_kana":"サセボシ","town":"天神","town_kana":"テンジン","prefecture_code":42},"1175":{"zip_code":"8571175","prefecture":"長崎県","prefecture_kana":"ナガサキケン","city":"佐世保市","city_kana":"サセボシ","town":"天神町","town_kana":"テンジンチョウ","prefecture_code":42},"0043":{"zip_code":"8570043","prefecture":"長崎県","prefecture_kana":"ナガサキケン","city":"佐世保市","city_kana":"サセボシ","town":"天満町","town_kana":"テンマチョウ","prefecture_code":42},"0124":{"zip_code":"8570124","prefecture":"長崎県","prefecture_kana":"ナガサキケン","city":"佐世保市","city_kana":"サセボシ","town":"戸ケ倉町","town_kana":"トガクラチョウ","prefecture_code":42},"0053":{"zip_code":"8570053","prefecture":"長崎県","prefecture_kana":"ナガサキケン","city":"佐世保市","city_kana":"サセボシ","town":"常盤町","town_kana":"トキワチョウ","prefecture_code":42},"0864":{"zip_code":"8570864","prefecture":"長崎県","prefecture_kana":"ナガサキケン","city":"佐世保市","city_kana":"サセボシ","town":"戸尾町","town_kana":"トノオチョウ","prefecture_code":42},"0141":{"zip_code":"8570141","prefecture":"長崎県","prefecture_kana":"ナガサキケン","city":"佐世保市","city_kana":"サセボシ","town":"十文野町","town_kana":"トモンノチョウ","prefecture_code":42},"0046":{"zip_code":"8570046","prefecture":"長崎県","prefecture_kana":"ナガサキケン","city":"佐世保市","city_kana":"サセボシ","town":"長尾町","town_kana":"ナガオチョウ","prefecture_code":42},"0038":{"zip_code":"8570038","prefecture":"長崎県","prefecture_kana":"ナガサキケン","city":"佐世保市","city_kana":"サセボシ","town":"中通町","town_kana":"ナカドオリチョウ","prefecture_code":42},"0023":{"zip_code":"8570023","prefecture":"長崎県","prefecture_kana":"ナガサキケン","city":"佐世保市","city_kana":"サセボシ","town":"名切町","town_kana":"ナキリチョウ","prefecture_code":42},"0048":{"zip_code":"8570048","prefecture":"長崎県","prefecture_kana":"ナガサキケン","city":"佐世保市","city_kana":"サセボシ","town":"西大久保町","town_kana":"ニシオオクボチョウ","prefecture_code":42},"1234":{"zip_code":"8571234","prefecture":"長崎県","prefecture_kana":"ナガサキケン","city":"佐世保市","city_kana":"サセボシ","town":"野崎町","town_kana":"ノザキチョウ","prefecture_code":42},"0142":{"zip_code":"8570142","prefecture":"長崎県","prefecture_kana":"ナガサキケン","city":"佐世保市","city_kana":"サセボシ","town":"野中町","town_kana":"ノナカチョウ","prefecture_code":42},"0028":{"zip_code":"8570028","prefecture":"長崎県","prefecture_kana":"ナガサキケン","city":"佐世保市","city_kana":"サセボシ","town":"八幡町","town_kana":"ハチマンチョウ","prefecture_code":42},"0024":{"zip_code":"8570024","prefecture":"長崎県","prefecture_kana":"ナガサキケン","city":"佐世保市","city_kana":"サセボシ","town":"花園町","town_kana":"ハナゾノチョウ","prefecture_code":42},"0051":{"zip_code":"8570051","prefecture":"長崎県","prefecture_kana":"ナガサキケン","city":"佐世保市","city_kana":"サセボシ","town":"浜田町","town_kana":"ハマダマチ","prefecture_code":42},"0103":{"zip_code":"8570103","prefecture":"長崎県","prefecture_kana":"ナガサキケン","city":"佐世保市","city_kana":"サセボシ","town":"原分町","town_kana":"ハルブンチョウ","prefecture_code":42},"1151":{"zip_code":"8571151","prefecture":"長崎県","prefecture_kana":"ナガサキケン","city":"佐世保市","city_kana":"サセボシ","town":"日宇町","town_kana":"ヒウチョウ","prefecture_code":42},"0049":{"zip_code":"8570049","prefecture":"長崎県","prefecture_kana":"ナガサキケン","city":"佐世保市","city_kana":"サセボシ","town":"東大久保町","town_kana":"ヒガシオオクボチョウ","prefecture_code":42},"1172":{"zip_code":"8571172","prefecture":"長崎県","prefecture_kana":"ナガサキケン","city":"佐世保市","city_kana":"サセボシ","town":"東浜町","town_kana":"ヒガシハマチョウ","prefecture_code":42},"0842":{"zip_code":"8570842","prefecture":"長崎県","prefecture_kana":"ナガサキケン","city":"佐世保市","city_kana":"サセボシ","town":"東山町","town_kana":"ヒガシヤマチョウ","prefecture_code":42},"0852":{"zip_code":"8570852","prefecture":"長崎県","prefecture_kana":"ナガサキケン","city":"佐世保市","city_kana":"サセボシ","town":"干尽町","town_kana":"ヒヅクシマチ","prefecture_code":42},"0056":{"zip_code":"8570056","prefecture":"長崎県","prefecture_kana":"ナガサキケン","city":"佐世保市","city_kana":"サセボシ","town":"平瀬町","town_kana":"ヒラセチョウ","prefecture_code":42},"0040":{"zip_code":"8570040","prefecture":"長崎県","prefecture_kana":"ナガサキケン","city":"佐世保市","city_kana":"サセボシ","town":"比良町","town_kana":"ヒラマチ","prefecture_code":42},"0854":{"zip_code":"8570854","prefecture":"長崎県","prefecture_kana":"ナガサキケン","city":"佐世保市","city_kana":"サセボシ","town":"福石町","town_kana":"フクイシチョウ","prefecture_code":42},"0035":{"zip_code":"8570035","prefecture":"長崎県","prefecture_kana":"ナガサキケン","city":"佐世保市","city_kana":"サセボシ","town":"福田町","town_kana":"フクダマチ","prefecture_code":42},"0832":{"zip_code":"8570832","prefecture":"長崎県","prefecture_kana":"ナガサキケン","city":"佐世保市","city_kana":"サセボシ","town":"藤原町","town_kana":"フジワラチョウ","prefecture_code":42},"1231":{"zip_code":"8571231","prefecture":"長崎県","prefecture_kana":"ナガサキケン","city":"佐世保市","city_kana":"サセボシ","town":"船越町","town_kana":"フナコシチョウ","prefecture_code":42},"0031":{"zip_code":"8570031","prefecture":"長崎県","prefecture_kana":"ナガサキケン","city":"佐世保市","city_kana":"サセボシ","town":"保立町","town_kana":"ホタテチョウ","prefecture_code":42},"0853":{"zip_code":"8570853","prefecture":"長崎県","prefecture_kana":"ナガサキケン","city":"佐世保市","city_kana":"サセボシ","town":"前畑町","town_kana":"マエハタチョウ","prefecture_code":42},"0145":{"zip_code":"8570145","prefecture":"長崎県","prefecture_kana":"ナガサキケン","city":"佐世保市","city_kana":"サセボシ","town":"牧の地町","town_kana":"マキノジチョウ","prefecture_code":42},"0052":{"zip_code":"8570052","prefecture":"長崎県","prefecture_kana":"ナガサキケン","city":"佐世保市","city_kana":"サセボシ","town":"松浦町","town_kana":"マツウラチョウ","prefecture_code":42},"0804":{"zip_code":"8570804","prefecture":"長崎県","prefecture_kana":"ナガサキケン","city":"佐世保市","city_kana":"サセボシ","town":"松川町","town_kana":"マツカワチョウ","prefecture_code":42},"0102":{"zip_code":"8570102","prefecture":"長崎県","prefecture_kana":"ナガサキケン","city":"佐世保市","city_kana":"サセボシ","town":"松瀬町","town_kana":"マツセチョウ","prefecture_code":42},"0132":{"zip_code":"8570132","prefecture":"長崎県","prefecture_kana":"ナガサキケン","city":"佐世保市","city_kana":"サセボシ","town":"松原町","town_kana":"マツバラチョウ","prefecture_code":42},"0015":{"zip_code":"8570015","prefecture":"長崎県","prefecture_kana":"ナガサキケン","city":"佐世保市","city_kana":"サセボシ","town":"松山町","town_kana":"マツヤマチョウ","prefecture_code":42},"0034":{"zip_code":"8570034","prefecture":"長崎県","prefecture_kana":"ナガサキケン","city":"佐世保市","city_kana":"サセボシ","town":"万徳町","town_kana":"マントクチョウ","prefecture_code":42},"0863":{"zip_code":"8570863","prefecture":"長崎県","prefecture_kana":"ナガサキケン","city":"佐世保市","city_kana":"サセボシ","town":"三浦町","town_kana":"ミウラチョウ","prefecture_code":42},"0055":{"zip_code":"8570055","prefecture":"長崎県","prefecture_kana":"ナガサキケン","city":"佐世保市","city_kana":"サセボシ","town":"湊町","town_kana":"ミナトマチ","prefecture_code":42},"0861":{"zip_code":"8570861","prefecture":"長崎県","prefecture_kana":"ナガサキケン","city":"佐世保市","city_kana":"サセボシ","town":"峰坂町","town_kana":"ミネノサカチョウ","prefecture_code":42},"0068":{"zip_code":"8570068","prefecture":"長崎県","prefecture_kana":"ナガサキケン","city":"佐世保市","city_kana":"サセボシ","town":"御船町","town_kana":"ミフネチョウ","prefecture_code":42},"0873":{"zip_code":"8570873","prefecture":"長崎県","prefecture_kana":"ナガサキケン","city":"佐世保市","city_kana":"サセボシ","town":"宮崎町","town_kana":"ミヤザキチョウ","prefecture_code":42},"0026":{"zip_code":"8570026","prefecture":"長崎県","prefecture_kana":"ナガサキケン","city":"佐世保市","city_kana":"サセボシ","town":"宮地町","town_kana":"ミヤジチョウ","prefecture_code":42},"0032":{"zip_code":"8570032","prefecture":"長崎県","prefecture_kana":"ナガサキケン","city":"佐世保市","city_kana":"サセボシ","town":"宮田町","town_kana":"ミヤダマチ","prefecture_code":42},"0871":{"zip_code":"8570871","prefecture":"長崎県","prefecture_kana":"ナガサキケン","city":"佐世保市","city_kana":"サセボシ","town":"本島町","town_kana":"モトシマチョウ","prefecture_code":42},"0059":{"zip_code":"8570059","prefecture":"長崎県","prefecture_kana":"ナガサキケン","city":"佐世保市","city_kana":"サセボシ","town":"元町","town_kana":"モトマチ","prefecture_code":42},"1153":{"zip_code":"8571153","prefecture":"長崎県","prefecture_kana":"ナガサキケン","city":"佐世保市","city_kana":"サセボシ","town":"もみじが丘町","town_kana":"モミジガオカマチ","prefecture_code":42},"0047":{"zip_code":"8570047","prefecture":"長崎県","prefecture_kana":"ナガサキケン","city":"佐世保市","city_kana":"サセボシ","town":"矢岳町","town_kana":"ヤタケチョウ","prefecture_code":42},"0878":{"zip_code":"8570878","prefecture":"長崎県","prefecture_kana":"ナガサキケン","city":"佐世保市","city_kana":"サセボシ","town":"山県町","town_kana":"ヤマガタチョウ","prefecture_code":42},"0822":{"zip_code":"8570822","prefecture":"長崎県","prefecture_kana":"ナガサキケン","city":"佐世保市","city_kana":"サセボシ","town":"山祗町","town_kana":"ヤマズミチョウ","prefecture_code":42},"0022":{"zip_code":"8570022","prefecture":"長崎県","prefecture_kana":"ナガサキケン","city":"佐世保市","city_kana":"サセボシ","town":"山手町","town_kana":"ヤマテチョウ","prefecture_code":42},"1165":{"zip_code":"8571165","prefecture":"長崎県","prefecture_kana":"ナガサキケン","city":"佐世保市","city_kana":"サセボシ","town":"大和町","town_kana":"ヤマトチョウ","prefecture_code":42},"0133":{"zip_code":"8570133","prefecture":"長崎県","prefecture_kana":"ナガサキケン","city":"佐世保市","city_kana":"サセボシ","town":"矢峰町","town_kana":"ヤミネチョウ","prefecture_code":42},"0112":{"zip_code":"8570112","prefecture":"長崎県","prefecture_kana":"ナガサキケン","city":"佐世保市","city_kana":"サセボシ","town":"柚木町","town_kana":"ユノキチョウ","prefecture_code":42},"0115":{"zip_code":"8570115","prefecture":"長崎県","prefecture_kana":"ナガサキケン","city":"佐世保市","city_kana":"サセボシ","town":"柚木元町","town_kana":"ユノキモトマチ","prefecture_code":42},"0018":{"zip_code":"8570018","prefecture":"長崎県","prefecture_kana":"ナガサキケン","city":"佐世保市","city_kana":"サセボシ","town":"横尾町","town_kana":"ヨコオチョウ","prefecture_code":42},"0143":{"zip_code":"8570143","prefecture":"長崎県","prefecture_kana":"ナガサキケン","city":"佐世保市","city_kana":"サセボシ","town":"吉岡町","town_kana":"ヨシオカチョウ","prefecture_code":42},"0877":{"zip_code":"8570877","prefecture":"長崎県","prefecture_kana":"ナガサキケン","city":"佐世保市","city_kana":"サセボシ","town":"万津町","town_kana":"ヨロヅチョウ","prefecture_code":42},"0833":{"zip_code":"8570833","prefecture":"長崎県","prefecture_kana":"ナガサキケン","city":"佐世保市","city_kana":"サセボシ","town":"若葉町","town_kana":"ワカバチョウ","prefecture_code":42},"2427":{"zip_code":"8572427","prefecture":"長崎県","prefecture_kana":"ナガサキケン","city":"西海市","city_kana":"サイカイシ","town":"","town_kana":"","prefecture_code":42},"2402":{"zip_code":"8572402","prefecture":"長崎県","prefecture_kana":"ナガサキケン","city":"西海市","city_kana":"サイカイシ","town":"大島町内浦地区","town_kana":"オオシマチョウウチウラチク","prefecture_code":42},"2426":{"zip_code":"8572426","prefecture":"長崎県","prefecture_kana":"ナガサキケン","city":"西海市","city_kana":"サイカイシ","town":"大島町大島","town_kana":"オオシマチョウオオジマ","prefecture_code":42},"2422":{"zip_code":"8572422","prefecture":"長崎県","prefecture_kana":"ナガサキケン","city":"西海市","city_kana":"サイカイシ","town":"大島町太田尾","town_kana":"オオシマチョウオオダオ","prefecture_code":42},"2401":{"zip_code":"8572401","prefecture":"長崎県","prefecture_kana":"ナガサキケン","city":"西海市","city_kana":"サイカイシ","town":"大島町黒瀬","town_kana":"オオシマチョウクロセ","prefecture_code":42},"2424":{"zip_code":"8572424","prefecture":"長崎県","prefecture_kana":"ナガサキケン","city":"西海市","city_kana":"サイカイシ","town":"大島町塩田","town_kana":"オオシマチョウシオダ","prefecture_code":42},"2425":{"zip_code":"8572425","prefecture":"長崎県","prefecture_kana":"ナガサキケン","city":"西海市","city_kana":"サイカイシ","town":"大島町田浦","town_kana":"オオシマチョウタノウラ","prefecture_code":42},"2405":{"zip_code":"8572405","prefecture":"長崎県","prefecture_kana":"ナガサキケン","city":"西海市","city_kana":"サイカイシ","town":"大島町中央地区","town_kana":"オオシマチョウチュウオウチク","prefecture_code":42},"2411":{"zip_code":"8572411","prefecture":"長崎県","prefecture_kana":"ナガサキケン","city":"西海市","city_kana":"サイカイシ","town":"大島町寺島","town_kana":"オオシマチョウテラシマ","prefecture_code":42},"2423":{"zip_code":"8572423","prefecture":"長崎県","prefecture_kana":"ナガサキケン","city":"西海市","city_kana":"サイカイシ","town":"大島町塔尾","town_kana":"オオシマチョウトオノオ","prefecture_code":42},"2418":{"zip_code":"8572418","prefecture":"長崎県","prefecture_kana":"ナガサキケン","city":"西海市","city_kana":"サイカイシ","town":"大島町徳万","town_kana":"オオシマチョウトクマン","prefecture_code":42},"2421":{"zip_code":"8572421","prefecture":"長崎県","prefecture_kana":"ナガサキケン","city":"西海市","city_kana":"サイカイシ","town":"大島町中戸","town_kana":"オオシマチョウナカト","prefecture_code":42},"2419":{"zip_code":"8572419","prefecture":"長崎県","prefecture_kana":"ナガサキケン","city":"西海市","city_kana":"サイカイシ","town":"大島町蛤","town_kana":"オオシマチョウハマグリ","prefecture_code":42},"2403":{"zip_code":"8572403","prefecture":"長崎県","prefecture_kana":"ナガサキケン","city":"西海市","city_kana":"サイカイシ","town":"大島町馬込","town_kana":"オオシマチョウマゴメ","prefecture_code":42},"2412":{"zip_code":"8572412","prefecture":"長崎県","prefecture_kana":"ナガサキケン","city":"西海市","city_kana":"サイカイシ","town":"大島町真砂","town_kana":"オオシマチョウマサゴ","prefecture_code":42},"2413":{"zip_code":"8572413","prefecture":"長崎県","prefecture_kana":"ナガサキケン","city":"西海市","city_kana":"サイカイシ","town":"大島町間瀬","town_kana":"オオシマチョウマゼ","prefecture_code":42},"2417":{"zip_code":"8572417","prefecture":"長崎県","prefecture_kana":"ナガサキケン","city":"西海市","city_kana":"サイカイシ","town":"大島町百合が丘","town_kana":"オオシマチョウユリガオカ","prefecture_code":42},"2301":{"zip_code":"8572301","prefecture":"長崎県","prefecture_kana":"ナガサキケン","city":"西海市","city_kana":"サイカイシ","town":"大瀬戸町瀬戸板浦郷","town_kana":"オオセトチョウセトイタノウラゴウ","prefecture_code":42},"2302":{"zip_code":"8572302","prefecture":"長崎県","prefecture_kana":"ナガサキケン","city":"西海市","city_kana":"サイカイシ","town":"大瀬戸町瀬戸樫浦郷","town_kana":"オオセトチョウセトカシノウラゴウ","prefecture_code":42},"2304":{"zip_code":"8572304","prefecture":"長崎県","prefecture_kana":"ナガサキケン","city":"西海市","city_kana":"サイカイシ","town":"大瀬戸町瀬戸下山郷","town_kana":"オオセトチョウセトシタヤマゴウ","prefecture_code":42},"2303":{"zip_code":"8572303","prefecture":"長崎県","prefecture_kana":"ナガサキケン","city":"西海市","city_kana":"サイカイシ","town":"大瀬戸町瀬戸西濱郷","town_kana":"オオセトチョウセトニシハマゴウ","prefecture_code":42},"2305":{"zip_code":"8572305","prefecture":"長崎県","prefecture_kana":"ナガサキケン","city":"西海市","city_kana":"サイカイシ","town":"大瀬戸町瀬戸羽出川郷","town_kana":"オオセトチョウセトハデガワゴウ","prefecture_code":42},"2306":{"zip_code":"8572306","prefecture":"長崎県","prefecture_kana":"ナガサキケン","city":"西海市","city_kana":"サイカイシ","town":"大瀬戸町瀬戸東濱郷","town_kana":"オオセトチョウセトヒガシハマゴウ","prefecture_code":42},"2307":{"zip_code":"8572307","prefecture":"長崎県","prefecture_kana":"ナガサキケン","city":"西海市","city_kana":"サイカイシ","town":"大瀬戸町瀬戸福島郷","town_kana":"オオセトチョウセトフクシマゴウ","prefecture_code":42},"2312":{"zip_code":"8572312","prefecture":"長崎県","prefecture_kana":"ナガサキケン","city":"西海市","city_kana":"サイカイシ","town":"大瀬戸町多以良内郷","town_kana":"オオセトチョウタイラウチゴウ","prefecture_code":42},"2311":{"zip_code":"8572311","prefecture":"長崎県","prefecture_kana":"ナガサキケン","city":"西海市","city_kana":"サイカイシ","town":"大瀬戸町多以良外郷","town_kana":"オオセトチョウタイラソトゴウ","prefecture_code":42},"2531":{"zip_code":"8572531","prefecture":"長崎県","prefecture_kana":"ナガサキケン","city":"西海市","city_kana":"サイカイシ","town":"大瀬戸町松島内郷","town_kana":"オオセトチョウマツシマウチゴウ","prefecture_code":42},"2532":{"zip_code":"8572532","prefecture":"長崎県","prefecture_kana":"ナガサキケン","city":"西海市","city_kana":"サイカイシ","town":"大瀬戸町松島外郷","town_kana":"オオセトチョウマツシマソトゴウ","prefecture_code":42},"2324":{"zip_code":"8572324","prefecture":"長崎県","prefecture_kana":"ナガサキケン","city":"西海市","city_kana":"サイカイシ","town":"大瀬戸町雪浦奥浦郷","town_kana":"オオセトチョウユキノウラオクウラゴウ","prefecture_code":42},"2327":{"zip_code":"8572327","prefecture":"長崎県","prefecture_kana":"ナガサキケン","city":"西海市","city_kana":"サイカイシ","town":"大瀬戸町雪浦上郷","town_kana":"オオセトチョウユキノウラカミゴウ","prefecture_code":42},"2322":{"zip_code":"8572322","prefecture":"長崎県","prefecture_kana":"ナガサキケン","city":"西海市","city_kana":"サイカイシ","town":"大瀬戸町雪浦久良木郷","town_kana":"オオセトチョウユキノウラキュウラギゴウ","prefecture_code":42},"2323":{"zip_code":"8572323","prefecture":"長崎県","prefecture_kana":"ナガサキケン","city":"西海市","city_kana":"サイカイシ","town":"大瀬戸町雪浦河通郷","town_kana":"オオセトチョウユキノウラゴウツウゴウ","prefecture_code":42},"2321":{"zip_code":"8572321","prefecture":"長崎県","prefecture_kana":"ナガサキケン","city":"西海市","city_kana":"サイカイシ","town":"大瀬戸町雪浦幸物郷","town_kana":"オオセトチョウユキノウラコウブツゴウ","prefecture_code":42},"2325":{"zip_code":"8572325","prefecture":"長崎県","prefecture_kana":"ナガサキケン","city":"西海市","city_kana":"サイカイシ","town":"大瀬戸町雪浦小松郷","town_kana":"オオセトチョウユキノウラコマツゴウ","prefecture_code":42},"2326":{"zip_code":"8572326","prefecture":"長崎県","prefecture_kana":"ナガサキケン","city":"西海市","city_kana":"サイカイシ","town":"大瀬戸町雪浦下郷","town_kana":"オオセトチョウユキノウラシモゴウ","prefecture_code":42},"2328":{"zip_code":"8572328","prefecture":"長崎県","prefecture_kana":"ナガサキケン","city":"西海市","city_kana":"サイカイシ","town":"大瀬戸町雪浦下釜郷","town_kana":"オオセトチョウユキノウラシモノカマゴウ","prefecture_code":42},"2222":{"zip_code":"8572222","prefecture":"長崎県","prefecture_kana":"ナガサキケン","city":"西海市","city_kana":"サイカイシ","town":"西海町中浦北郷","town_kana":"サイカイチョウナカウラキタゴウ","prefecture_code":42},"2221":{"zip_code":"8572221","prefecture":"長崎県","prefecture_kana":"ナガサキケン","city":"西海市","city_kana":"サイカイシ","town":"西海町中浦南郷","town_kana":"サイカイチョウナカウラミナミゴウ","prefecture_code":42},"2223":{"zip_code":"8572223","prefecture":"長崎県","prefecture_kana":"ナガサキケン","city":"西海市","city_kana":"サイカイシ","town":"西海町七釜郷","town_kana":"サイカイチョウナナツガマゴウ","prefecture_code":42},"3103":{"zip_code":"8573103","prefecture":"長崎県","prefecture_kana":"ナガサキケン","city":"西海市","city_kana":"サイカイシ","town":"崎戸町江島","town_kana":"サキトチョウエノシマ","prefecture_code":42},"3101":{"zip_code":"8573101","prefecture":"長崎県","prefecture_kana":"ナガサキケン","city":"西海市","city_kana":"サイカイシ","town":"崎戸町蠣浦郷","town_kana":"サキトチョウカキノウラゴウ","prefecture_code":42},"3311":{"zip_code":"8573311","prefecture":"長崎県","prefecture_kana":"ナガサキケン","city":"西海市","city_kana":"サイカイシ","town":"崎戸町平島","town_kana":"サキトチョウヒラシマ","prefecture_code":42},"3102":{"zip_code":"8573102","prefecture":"長崎県","prefecture_kana":"ナガサキケン","city":"西海市","city_kana":"サイカイシ","town":"崎戸町本郷","town_kana":"サキトチョウホンゴウ","prefecture_code":42},"4700":{"zip_code":"8574700","prefecture":"長崎県","prefecture_kana":"ナガサキケン","city":"北松浦郡小値賀町","city_kana":"キタマツウラグンオヂカチョウ","town":"","town_kana":"","prefecture_code":42},"4708":{"zip_code":"8574708","prefecture":"長崎県","prefecture_kana":"ナガサキケン","city":"北松浦郡小値賀町","city_kana":"キタマツウラグンオヂカチョウ","town":"大島郷","town_kana":"オオシマゴウ","prefecture_code":42},"4706":{"zip_code":"8574706","prefecture":"長崎県","prefecture_kana":"ナガサキケン","city":"北松浦郡小値賀町","city_kana":"キタマツウラグンオヂカチョウ","town":"黒島郷","town_kana":"クロシマゴウ","prefecture_code":42},"4703":{"zip_code":"8574703","prefecture":"長崎県","prefecture_kana":"ナガサキケン","city":"北松浦郡小値賀町","city_kana":"キタマツウラグンオヂカチョウ","town":"中村郷","town_kana":"ナカムラゴウ","prefecture_code":42},"4711":{"zip_code":"8574711","prefecture":"長崎県","prefecture_kana":"ナガサキケン","city":"北松浦郡小値賀町","city_kana":"キタマツウラグンオヂカチョウ","town":"納島郷","town_kana":"ノウシマゴウ","prefecture_code":42},"4709":{"zip_code":"8574709","prefecture":"長崎県","prefecture_kana":"ナガサキケン","city":"北松浦郡小値賀町","city_kana":"キタマツウラグンオヂカチョウ","town":"野崎郷","town_kana":"ノザキゴウ","prefecture_code":42},"4705":{"zip_code":"8574705","prefecture":"長崎県","prefecture_kana":"ナガサキケン","city":"北松浦郡小値賀町","city_kana":"キタマツウラグンオヂカチョウ","town":"浜津郷","town_kana":"ハマヅゴウ","prefecture_code":42},"4701":{"zip_code":"8574701","prefecture":"長崎県","prefecture_kana":"ナガサキケン","city":"北松浦郡小値賀町","city_kana":"キタマツウラグンオヂカチョウ","town":"笛吹郷","town_kana":"フエフキゴウ","prefecture_code":42},"4702":{"zip_code":"8574702","prefecture":"長崎県","prefecture_kana":"ナガサキケン","city":"北松浦郡小値賀町","city_kana":"キタマツウラグンオヂカチョウ","town":"前方郷","town_kana":"マエガタゴウ","prefecture_code":42},"4707":{"zip_code":"8574707","prefecture":"長崎県","prefecture_kana":"ナガサキケン","city":"北松浦郡小値賀町","city_kana":"キタマツウラグンオヂカチョウ","town":"班島郷","town_kana":"マダラシマゴウ","prefecture_code":42},"4712":{"zip_code":"8574712","prefecture":"長崎県","prefecture_kana":"ナガサキケン","city":"北松浦郡小値賀町","city_kana":"キタマツウラグンオヂカチョウ","town":"六島郷","town_kana":"ムシマゴウ","prefecture_code":42},"4704":{"zip_code":"8574704","prefecture":"長崎県","prefecture_kana":"ナガサキケン","city":"北松浦郡小値賀町","city_kana":"キタマツウラグンオヂカチョウ","town":"柳郷","town_kana":"ヤナギゴウ","prefecture_code":42},"0300":{"zip_code":"8570300","prefecture":"長崎県","prefecture_kana":"ナガサキケン","city":"北松浦郡佐々町","city_kana":"キタマツウラグンサザチョウ","town":"","town_kana":"","prefecture_code":42},"0334":{"zip_code":"8570334","prefecture":"長崎県","prefecture_kana":"ナガサキケン","city":"北松浦郡佐々町","city_kana":"キタマツウラグンサザチョウ","town":"石木場免","town_kana":"イシコバメン","prefecture_code":42},"0321":{"zip_code":"8570321","prefecture":"長崎県","prefecture_kana":"ナガサキケン","city":"北松浦郡佐々町","city_kana":"キタマツウラグンサザチョウ","town":"市瀬免","town_kana":"イチノセメン","prefecture_code":42},"0312":{"zip_code":"8570312","prefecture":"長崎県","prefecture_kana":"ナガサキケン","city":"北松浦郡佐々町","city_kana":"キタマツウラグンサザチョウ","town":"市場免","town_kana":"イチバメン","prefecture_code":42},"0323":{"zip_code":"8570323","prefecture":"長崎県","prefecture_kana":"ナガサキケン","city":"北松浦郡佐々町","city_kana":"キタマツウラグンサザチョウ","town":"江里免","town_kana":"エリメン","prefecture_code":42},"0324":{"zip_code":"8570324","prefecture":"長崎県","prefecture_kana":"ナガサキケン","city":"北松浦郡佐々町","city_kana":"キタマツウラグンサザチョウ","town":"大茂免","town_kana":"オオシゲメン","prefecture_code":42},"0353":{"zip_code":"8570353","prefecture":"長崎県","prefecture_kana":"ナガサキケン","city":"北松浦郡佐々町","city_kana":"キタマツウラグンサザチョウ","town":"沖田免","town_kana":"オキタメン","prefecture_code":42},"0335":{"zip_code":"8570335","prefecture":"長崎県","prefecture_kana":"ナガサキケン","city":"北松浦郡佐々町","city_kana":"キタマツウラグンサザチョウ","town":"皆瀬免","town_kana":"カイゼメン","prefecture_code":42},"0313":{"zip_code":"8570313","prefecture":"長崎県","prefecture_kana":"ナガサキケン","city":"北松浦郡佐々町","city_kana":"キタマツウラグンサザチョウ","town":"鴨川免","town_kana":"カモガワメン","prefecture_code":42},"0352":{"zip_code":"8570352","prefecture":"長崎県","prefecture_kana":"ナガサキケン","city":"北松浦郡佐々町","city_kana":"キタマツウラグンサザチョウ","town":"口石免","town_kana":"クチイシメン","prefecture_code":42},"0332":{"zip_code":"8570332","prefecture":"長崎県","prefecture_kana":"ナガサキケン","city":"北松浦郡佐々町","city_kana":"キタマツウラグンサザチョウ","town":"栗林免","town_kana":"クリバヤシメン","prefecture_code":42},"0336":{"zip_code":"8570336","prefecture":"長崎県","prefecture_kana":"ナガサキケン","city":"北松浦郡佐々町","city_kana":"キタマツウラグンサザチョウ","town":"神田免","town_kana":"コウダメン","prefecture_code":42},"0361":{"zip_code":"8570361","prefecture":"長崎県","prefecture_kana":"ナガサキケン","city":"北松浦郡佐々町","city_kana":"キタマツウラグンサザチョウ","town":"小浦免","town_kana":"コウラメン","prefecture_code":42},"0343":{"zip_code":"8570343","prefecture":"長崎県","prefecture_kana":"ナガサキケン","city":"北松浦郡佐々町","city_kana":"キタマツウラグンサザチョウ","town":"木場免","town_kana":"コバメン","prefecture_code":42},"0315":{"zip_code":"8570315","prefecture":"長崎県","prefecture_kana":"ナガサキケン","city":"北松浦郡佐々町","city_kana":"キタマツウラグンサザチョウ","town":"志方免","town_kana":"シカタメン","prefecture_code":42},"0351":{"zip_code":"8570351","prefecture":"長崎県","prefecture_kana":"ナガサキケン","city":"北松浦郡佐々町","city_kana":"キタマツウラグンサザチョウ","town":"須崎免","town_kana":"スサキメン","prefecture_code":42},"0338":{"zip_code":"8570338","prefecture":"長崎県","prefecture_kana":"ナガサキケン","city":"北松浦郡佐々町","city_kana":"キタマツウラグンサザチョウ","town":"角山免","town_kana":"ツノヤマメン","prefecture_code":42},"0333":{"zip_code":"8570333","prefecture":"長崎県","prefecture_kana":"ナガサキケン","city":"北松浦郡佐々町","city_kana":"キタマツウラグンサザチョウ","town":"中川原免","town_kana":"ナカガワラメン","prefecture_code":42},"0331":{"zip_code":"8570331","prefecture":"長崎県","prefecture_kana":"ナガサキケン","city":"北松浦郡佐々町","city_kana":"キタマツウラグンサザチョウ","town":"野寄免","town_kana":"ノヨリメン","prefecture_code":42},"0341":{"zip_code":"8570341","prefecture":"長崎県","prefecture_kana":"ナガサキケン","city":"北松浦郡佐々町","city_kana":"キタマツウラグンサザチョウ","town":"羽須和免","town_kana":"ハスワメン","prefecture_code":42},"0342":{"zip_code":"8570342","prefecture":"長崎県","prefecture_kana":"ナガサキケン","city":"北松浦郡佐々町","city_kana":"キタマツウラグンサザチョウ","town":"平野免","town_kana":"ヒラノメン","prefecture_code":42},"0314":{"zip_code":"8570314","prefecture":"長崎県","prefecture_kana":"ナガサキケン","city":"北松浦郡佐々町","city_kana":"キタマツウラグンサザチョウ","town":"古川免","town_kana":"フルカワメン","prefecture_code":42},"0311":{"zip_code":"8570311","prefecture":"長崎県","prefecture_kana":"ナガサキケン","city":"北松浦郡佐々町","city_kana":"キタマツウラグンサザチョウ","town":"本田原免","town_kana":"ホンタバルメン","prefecture_code":42},"0322":{"zip_code":"8570322","prefecture":"長崎県","prefecture_kana":"ナガサキケン","city":"北松浦郡佐々町","city_kana":"キタマツウラグンサザチョウ","town":"松瀬免","town_kana":"マツセメン","prefecture_code":42},"0344":{"zip_code":"8570344","prefecture":"長崎県","prefecture_kana":"ナガサキケン","city":"北松浦郡佐々町","city_kana":"キタマツウラグンサザチョウ","town":"迎木場免","town_kana":"ムカエコバメン","prefecture_code":42},"0337":{"zip_code":"8570337","prefecture":"長崎県","prefecture_kana":"ナガサキケン","city":"北松浦郡佐々町","city_kana":"キタマツウラグンサザチョウ","town":"八口免","town_kana":"ヤクチメン","prefecture_code":42},"4400":{"zip_code":"8574400","prefecture":"長崎県","prefecture_kana":"ナガサキケン","city":"南松浦郡新上五島町","city_kana":"ミナミマツウラグンシンカミゴトウチョウ","town":"","town_kana":"","prefecture_code":42},"4411":{"zip_code":"8574411","prefecture":"長崎県","prefecture_kana":"ナガサキケン","city":"南松浦郡新上五島町","city_kana":"ミナミマツウラグンシンカミゴトウチョウ","town":"相河郷","town_kana":"アイコゴウ","prefecture_code":42},"4404":{"zip_code":"8574404","prefecture":"長崎県","prefecture_kana":"ナガサキケン","city":"南松浦郡新上五島町","city_kana":"ミナミマツウラグンシンカミゴトウチョウ","town":"青方郷","town_kana":"アオカタゴウ","prefecture_code":42},"4101":{"zip_code":"8574101","prefecture":"長崎県","prefecture_kana":"ナガサキケン","city":"南松浦郡新上五島町","city_kana":"ミナミマツウラグンシンカミゴトウチョウ","town":"赤尾郷","town_kana":"アカオゴウ","prefecture_code":42},"4401":{"zip_code":"8574401","prefecture":"長崎県","prefecture_kana":"ナガサキケン","city":"南松浦郡新上五島町","city_kana":"ミナミマツウラグンシンカミゴトウチョウ","town":"網上郷","town_kana":"アミアゲゴウ","prefecture_code":42},"4211":{"zip_code":"8574211","prefecture":"長崎県","prefecture_kana":"ナガサキケン","city":"南松浦郡新上五島町","city_kana":"ミナミマツウラグンシンカミゴトウチョウ","town":"有川郷","town_kana":"アリカワゴウ","prefecture_code":42},"4414":{"zip_code":"8574414","prefecture":"長崎県","prefecture_kana":"ナガサキケン","city":"南松浦郡新上五島町","city_kana":"ミナミマツウラグンシンカミゴトウチョウ","town":"飯ノ瀬戸郷","town_kana":"イノセドゴウ","prefecture_code":42},"4413":{"zip_code":"8574413","prefecture":"長崎県","prefecture_kana":"ナガサキケン","city":"南松浦郡新上五島町","city_kana":"ミナミマツウラグンシンカミゴトウチョウ","town":"今里郷","town_kana":"イマザトゴウ","prefecture_code":42},"4511":{"zip_code":"8574511","prefecture":"長崎県","prefecture_kana":"ナガサキケン","city":"南松浦郡新上五島町","city_kana":"ミナミマツウラグンシンカミゴトウチョウ","town":"浦桑郷","town_kana":"ウラクワゴウ","prefecture_code":42},"4512":{"zip_code":"8574512","prefecture":"長崎県","prefecture_kana":"ナガサキケン","city":"南松浦郡新上五島町","city_kana":"ミナミマツウラグンシンカミゴトウチョウ","town":"榎津郷","town_kana":"エノキヅゴウ","prefecture_code":42},"4103":{"zip_code":"8574103","prefecture":"長崎県","prefecture_kana":"ナガサキケン","city":"南松浦郡新上五島町","city_kana":"ミナミマツウラグンシンカミゴトウチョウ","town":"江ノ浜郷","town_kana":"エノハマゴウ","prefecture_code":42},"4213":{"zip_code":"8574213","prefecture":"長崎県","prefecture_kana":"ナガサキケン","city":"南松浦郡新上五島町","city_kana":"ミナミマツウラグンシンカミゴトウチョウ","town":"太田郷","town_kana":"オオタゴウ","prefecture_code":42},"4212":{"zip_code":"8574212","prefecture":"長崎県","prefecture_kana":"ナガサキケン","city":"南松浦郡新上五島町","city_kana":"ミナミマツウラグンシンカミゴトウチョウ","town":"小河原郷","town_kana":"オガワラゴウ","prefecture_code":42},"4601":{"zip_code":"8574601","prefecture":"長崎県","prefecture_kana":"ナガサキケン","city":"南松浦郡新上五島町","city_kana":"ミナミマツウラグンシンカミゴトウチョウ","town":"小串郷","town_kana":"コグシゴウ","prefecture_code":42},"4602":{"zip_code":"8574602","prefecture":"長崎県","prefecture_kana":"ナガサキケン","city":"南松浦郡新上五島町","city_kana":"ミナミマツウラグンシンカミゴトウチョウ","town":"曽根郷","town_kana":"ソネゴウ","prefecture_code":42},"4603":{"zip_code":"8574603","prefecture":"長崎県","prefecture_kana":"ナガサキケン","city":"南松浦郡新上五島町","city_kana":"ミナミマツウラグンシンカミゴトウチョウ","town":"立串郷","town_kana":"タテクシゴウ","prefecture_code":42},"4415":{"zip_code":"8574415","prefecture":"長崎県","prefecture_kana":"ナガサキケン","city":"南松浦郡新上五島町","city_kana":"ミナミマツウラグンシンカミゴトウチョウ","town":"続浜ノ浦郷","town_kana":"ツヅキハマノウラゴウ","prefecture_code":42},"4604":{"zip_code":"8574604","prefecture":"長崎県","prefecture_kana":"ナガサキケン","city":"南松浦郡新上五島町","city_kana":"ミナミマツウラグンシンカミゴトウチョウ","town":"津和崎郷","town_kana":"ツワザキゴウ","prefecture_code":42},"4102":{"zip_code":"8574102","prefecture":"長崎県","prefecture_kana":"ナガサキケン","city":"南松浦郡新上五島町","city_kana":"ミナミマツウラグンシンカミゴトウチョウ","town":"友住郷","town_kana":"トモスミゴウ","prefecture_code":42},"4214":{"zip_code":"8574214","prefecture":"長崎県","prefecture_kana":"ナガサキケン","city":"南松浦郡新上五島町","city_kana":"ミナミマツウラグンシンカミゴトウチョウ","town":"七目郷","town_kana":"ナナメゴウ","prefecture_code":42},"4402":{"zip_code":"8574402","prefecture":"長崎県","prefecture_kana":"ナガサキケン","city":"南松浦郡新上五島町","city_kana":"ミナミマツウラグンシンカミゴトウチョウ","town":"奈摩郷","town_kana":"ナマゴウ","prefecture_code":42},"4514":{"zip_code":"8574514","prefecture":"長崎県","prefecture_kana":"ナガサキケン","city":"南松浦郡新上五島町","city_kana":"ミナミマツウラグンシンカミゴトウチョウ","town":"似首郷","town_kana":"ニタクビゴウ","prefecture_code":42},"4405":{"zip_code":"8574405","prefecture":"長崎県","prefecture_kana":"ナガサキケン","city":"南松浦郡新上五島町","city_kana":"ミナミマツウラグンシンカミゴトウチョウ","town":"船崎郷","town_kana":"フナサキゴウ","prefecture_code":42},"4513":{"zip_code":"8574513","prefecture":"長崎県","prefecture_kana":"ナガサキケン","city":"南松浦郡新上五島町","city_kana":"ミナミマツウラグンシンカミゴトウチョウ","town":"丸尾郷","town_kana":"マルオゴウ","prefecture_code":42},"4412":{"zip_code":"8574412","prefecture":"長崎県","prefecture_kana":"ナガサキケン","city":"南松浦郡新上五島町","city_kana":"ミナミマツウラグンシンカミゴトウチョウ","town":"三日ノ浦郷","town_kana":"ミカノウラゴウ","prefecture_code":42},"4416":{"zip_code":"8574416","prefecture":"長崎県","prefecture_kana":"ナガサキケン","city":"南松浦郡新上五島町","city_kana":"ミナミマツウラグンシンカミゴトウチョウ","town":"道土井郷","town_kana":"ミチドイゴウ","prefecture_code":42}}