{"3241":{"zip_code":"8593241","prefecture":"長崎県","prefecture_kana":"ナガサキケン","city":"佐世保市","city_kana":"サセボシ","town":"有福町","town_kana":"アリフクチョウ","prefecture_code":42},"3225":{"zip_code":"8593225","prefecture":"長崎県","prefecture_kana":"ナガサキケン","city":"佐世保市","city_kana":"サセボシ","town":"浦川内町","town_kana":"ウラガワチチョウ","prefecture_code":42},"3202":{"zip_code":"8593202","prefecture":"長崎県","prefecture_kana":"ナガサキケン","city":"佐世保市","city_kana":"サセボシ","town":"上原町","town_kana":"ウワバルチョウ","prefecture_code":42},"3244":{"zip_code":"8593244","prefecture":"長崎県","prefecture_kana":"ナガサキケン","city":"佐世保市","city_kana":"サセボシ","town":"江上町","town_kana":"エガミチョウ","prefecture_code":42},"3165":{"zip_code":"8593165","prefecture":"長崎県","prefecture_kana":"ナガサキケン","city":"佐世保市","city_kana":"サセボシ","town":"江永町","town_kana":"エナガチョウ","prefecture_code":42},"6131":{"zip_code":"8596131","prefecture":"長崎県","prefecture_kana":"ナガサキケン","city":"佐世保市","city_kana":"サセボシ","town":"江迎町赤坂","town_kana":"エムカエチョウアカサカ","prefecture_code":42},"6111":{"zip_code":"8596111","prefecture":"長崎県","prefecture_kana":"ナガサキケン","city":"佐世保市","city_kana":"サセボシ","town":"江迎町飯良坂","town_kana":"エムカエチョウイイラザカ","prefecture_code":42},"6133":{"zip_code":"8596133","prefecture":"長崎県","prefecture_kana":"ナガサキケン","city":"佐世保市","city_kana":"サセボシ","town":"江迎町猪調","town_kana":"エムカエチョウイノツキ","prefecture_code":42},"6103":{"zip_code":"8596103","prefecture":"長崎県","prefecture_kana":"ナガサキケン","city":"佐世保市","city_kana":"サセボシ","town":"江迎町埋立","town_kana":"エムカエチョウウメタテ","prefecture_code":42},"6114":{"zip_code":"8596114","prefecture":"長崎県","prefecture_kana":"ナガサキケン","city":"佐世保市","city_kana":"サセボシ","town":"江迎町箙尾","town_kana":"エムカエチョウエビラオ","prefecture_code":42},"6121":{"zip_code":"8596121","prefecture":"長崎県","prefecture_kana":"ナガサキケン","city":"佐世保市","city_kana":"サセボシ","town":"江迎町奥川内","town_kana":"エムカエチョウオクガワチ","prefecture_code":42},"6105":{"zip_code":"8596105","prefecture":"長崎県","prefecture_kana":"ナガサキケン","city":"佐世保市","city_kana":"サセボシ","town":"江迎町梶ノ村","town_kana":"エムカエチョウカジノムラ","prefecture_code":42},"6102":{"zip_code":"8596102","prefecture":"長崎県","prefecture_kana":"ナガサキケン","city":"佐世保市","city_kana":"サセボシ","town":"江迎町上川内","town_kana":"エムカエチョウカミガワチ","prefecture_code":42},"6106":{"zip_code":"8596106","prefecture":"長崎県","prefecture_kana":"ナガサキケン","city":"佐世保市","city_kana":"サセボシ","town":"江迎町北田","town_kana":"エムカエチョウキタダ","prefecture_code":42},"6126":{"zip_code":"8596126","prefecture":"長崎県","prefecture_kana":"ナガサキケン","city":"佐世保市","city_kana":"サセボシ","town":"江迎町北平","town_kana":"エムカエチョウキタヒラ","prefecture_code":42},"6113":{"zip_code":"8596113","prefecture":"長崎県","prefecture_kana":"ナガサキケン","city":"佐世保市","city_kana":"サセボシ","town":"江迎町栗越","town_kana":"エムカエチョウクリコシ","prefecture_code":42},"6123":{"zip_code":"8596123","prefecture":"長崎県","prefecture_kana":"ナガサキケン","city":"佐世保市","city_kana":"サセボシ","town":"江迎町小川内","town_kana":"エムカエチョウコガワチ","prefecture_code":42},"6132":{"zip_code":"8596132","prefecture":"長崎県","prefecture_kana":"ナガサキケン","city":"佐世保市","city_kana":"サセボシ","town":"江迎町志戸氏","town_kana":"エムカエチョウシトノウジ","prefecture_code":42},"6104":{"zip_code":"8596104","prefecture":"長崎県","prefecture_kana":"ナガサキケン","city":"佐世保市","city_kana":"サセボシ","town":"江迎町末橘","town_kana":"エムカエチョウスエタチバナ","prefecture_code":42},"6134":{"zip_code":"8596134","prefecture":"長崎県","prefecture_kana":"ナガサキケン","city":"佐世保市","city_kana":"サセボシ","town":"江迎町田ノ元","town_kana":"エムカエチョウタノモト","prefecture_code":42},"6115":{"zip_code":"8596115","prefecture":"長崎県","prefecture_kana":"ナガサキケン","city":"佐世保市","city_kana":"サセボシ","town":"江迎町中尾","town_kana":"エムカエチョウナカオ","prefecture_code":42},"6101":{"zip_code":"8596101","prefecture":"長崎県","prefecture_kana":"ナガサキケン","city":"佐世保市","city_kana":"サセボシ","town":"江迎町長坂","town_kana":"エムカエチョウナガサカ","prefecture_code":42},"6122":{"zip_code":"8596122","prefecture":"長崎県","prefecture_kana":"ナガサキケン","city":"佐世保市","city_kana":"サセボシ","town":"江迎町七腕","town_kana":"エムカエチョウナナカイ","prefecture_code":42},"6112":{"zip_code":"8596112","prefecture":"長崎県","prefecture_kana":"ナガサキケン","city":"佐世保市","city_kana":"サセボシ","town":"江迎町根引","town_kana":"エムカエチョウネビキ","prefecture_code":42},"6125":{"zip_code":"8596125","prefecture":"長崎県","prefecture_kana":"ナガサキケン","city":"佐世保市","city_kana":"サセボシ","town":"江迎町三浦","town_kana":"エムカエチョウミウラ","prefecture_code":42},"6124":{"zip_code":"8596124","prefecture":"長崎県","prefecture_kana":"ナガサキケン","city":"佐世保市","city_kana":"サセボシ","town":"江迎町乱橋","town_kana":"エムカエチョウミダレバシ","prefecture_code":42},"3233":{"zip_code":"8593233","prefecture":"長崎県","prefecture_kana":"ナガサキケン","city":"佐世保市","city_kana":"サセボシ","town":"奥山町","town_kana":"オクヤマチョウ","prefecture_code":42},"3216":{"zip_code":"8593216","prefecture":"長崎県","prefecture_kana":"ナガサキケン","city":"佐世保市","city_kana":"サセボシ","town":"勝海町","town_kana":"カツウミチョウ","prefecture_code":42},"3166":{"zip_code":"8593166","prefecture":"長崎県","prefecture_kana":"ナガサキケン","city":"佐世保市","city_kana":"サセボシ","town":"木原町","town_kana":"キハラチョウ","prefecture_code":42},"3161":{"zip_code":"8593161","prefecture":"長崎県","prefecture_kana":"ナガサキケン","city":"佐世保市","city_kana":"サセボシ","town":"口の尾町","town_kana":"クチノオチョウ","prefecture_code":42},"3157":{"zip_code":"8593157","prefecture":"長崎県","prefecture_kana":"ナガサキケン","city":"佐世保市","city_kana":"サセボシ","town":"桑木場町","town_kana":"クワコバチョウ","prefecture_code":42},"3164":{"zip_code":"8593164","prefecture":"長崎県","prefecture_kana":"ナガサキケン","city":"佐世保市","city_kana":"サセボシ","town":"心野町","town_kana":"ココンノチョウ","prefecture_code":42},"3214":{"zip_code":"8593214","prefecture":"長崎県","prefecture_kana":"ナガサキケン","city":"佐世保市","city_kana":"サセボシ","town":"権常寺","town_kana":"ゴンジョウジ","prefecture_code":42},"3213":{"zip_code":"8593213","prefecture":"長崎県","prefecture_kana":"ナガサキケン","city":"佐世保市","city_kana":"サセボシ","town":"権常寺町","town_kana":"ゴンジョウジチョウ","prefecture_code":42},"3226":{"zip_code":"8593226","prefecture":"長崎県","prefecture_kana":"ナガサキケン","city":"佐世保市","city_kana":"サセボシ","town":"崎岡町","town_kana":"サキオカチョウ","prefecture_code":42},"3242":{"zip_code":"8593242","prefecture":"長崎県","prefecture_kana":"ナガサキケン","city":"佐世保市","city_kana":"サセボシ","town":"指方町","town_kana":"サシカタチョウ","prefecture_code":42},"3211":{"zip_code":"8593211","prefecture":"長崎県","prefecture_kana":"ナガサキケン","city":"佐世保市","city_kana":"サセボシ","town":"早苗町","town_kana":"サナエチョウ","prefecture_code":42},"3154":{"zip_code":"8593154","prefecture":"長崎県","prefecture_kana":"ナガサキケン","city":"佐世保市","city_kana":"サセボシ","town":"塩浸町","town_kana":"シオヒタシチョウ","prefecture_code":42},"6201":{"zip_code":"8596201","prefecture":"長崎県","prefecture_kana":"ナガサキケン","city":"佐世保市","city_kana":"サセボシ","town":"鹿町町大屋","town_kana":"シカマチチョウオオヤ","prefecture_code":42},"6202":{"zip_code":"8596202","prefecture":"長崎県","prefecture_kana":"ナガサキケン","city":"佐世保市","city_kana":"サセボシ","town":"鹿町町上歌ヶ浦","town_kana":"シカマチチョウカミウタガウラ","prefecture_code":42},"6203":{"zip_code":"8596203","prefecture":"長崎県","prefecture_kana":"ナガサキケン","city":"佐世保市","city_kana":"サセボシ","town":"鹿町町口ノ里","town_kana":"シカマチチョウクチノサト","prefecture_code":42},"6144":{"zip_code":"8596144","prefecture":"長崎県","prefecture_kana":"ナガサキケン","city":"佐世保市","city_kana":"サセボシ","town":"鹿町町鹿町","town_kana":"シカマチチョウシカマチ","prefecture_code":42},"6204":{"zip_code":"8596204","prefecture":"長崎県","prefecture_kana":"ナガサキケン","city":"佐世保市","city_kana":"サセボシ","town":"鹿町町下歌ヶ浦","town_kana":"シカマチチョウシモウタガウラ","prefecture_code":42},"6141":{"zip_code":"8596141","prefecture":"長崎県","prefecture_kana":"ナガサキケン","city":"佐世保市","city_kana":"サセボシ","town":"鹿町町新深江","town_kana":"シカマチチョウシンフカエ","prefecture_code":42},"6145":{"zip_code":"8596145","prefecture":"長崎県","prefecture_kana":"ナガサキケン","city":"佐世保市","city_kana":"サセボシ","town":"鹿町町土肥ノ浦","town_kana":"シカマチチョウドイノウラ","prefecture_code":42},"6205":{"zip_code":"8596205","prefecture":"長崎県","prefecture_kana":"ナガサキケン","city":"佐世保市","city_kana":"サセボシ","town":"鹿町町中野","town_kana":"シカマチチョウナカノ","prefecture_code":42},"6206":{"zip_code":"8596206","prefecture":"長崎県","prefecture_kana":"ナガサキケン","city":"佐世保市","city_kana":"サセボシ","town":"鹿町町長串","town_kana":"シカマチチョウナグシ","prefecture_code":42},"6142":{"zip_code":"8596142","prefecture":"長崎県","prefecture_kana":"ナガサキケン","city":"佐世保市","city_kana":"サセボシ","town":"鹿町町深江","town_kana":"シカマチチョウフカエ","prefecture_code":42},"6143":{"zip_code":"8596143","prefecture":"長崎県","prefecture_kana":"ナガサキケン","city":"佐世保市","city_kana":"サセボシ","town":"鹿町町深江潟","town_kana":"シカマチチョウフカエガタ","prefecture_code":42},"6207":{"zip_code":"8596207","prefecture":"長崎県","prefecture_kana":"ナガサキケン","city":"佐世保市","city_kana":"サセボシ","town":"鹿町町船ノ村","town_kana":"シカマチチョウフネノムラ","prefecture_code":42},"3224":{"zip_code":"8593224","prefecture":"長崎県","prefecture_kana":"ナガサキケン","city":"佐世保市","city_kana":"サセボシ","town":"重尾町","town_kana":"シゲオチョウ","prefecture_code":42},"3156":{"zip_code":"8593156","prefecture":"長崎県","prefecture_kana":"ナガサキケン","city":"佐世保市","city_kana":"サセボシ","town":"下の原町","town_kana":"シモノハルチョウ","prefecture_code":42},"3237":{"zip_code":"8593237","prefecture":"長崎県","prefecture_kana":"ナガサキケン","city":"佐世保市","city_kana":"サセボシ","town":"城間町","town_kana":"ジョウマチョウ","prefecture_code":42},"3158":{"zip_code":"8593158","prefecture":"長崎県","prefecture_kana":"ナガサキケン","city":"佐世保市","city_kana":"サセボシ","town":"新替町","town_kana":"シンガエチョウ","prefecture_code":42},"3152":{"zip_code":"8593152","prefecture":"長崎県","prefecture_kana":"ナガサキケン","city":"佐世保市","city_kana":"サセボシ","town":"新行江町","town_kana":"シンギョウエチョウ","prefecture_code":42},"3203":{"zip_code":"8593203","prefecture":"長崎県","prefecture_kana":"ナガサキケン","city":"佐世保市","city_kana":"サセボシ","town":"陣の内町","town_kana":"ジンノウチチョウ","prefecture_code":42},"6401":{"zip_code":"8596401","prefecture":"長崎県","prefecture_kana":"ナガサキケン","city":"佐世保市","city_kana":"サセボシ","town":"世知原町赤木場","town_kana":"セチバルチョウアカコバ","prefecture_code":42},"6402":{"zip_code":"8596402","prefecture":"長崎県","prefecture_kana":"ナガサキケン","city":"佐世保市","city_kana":"サセボシ","town":"世知原町岩谷口","town_kana":"セチバルチョウイワヤグチ","prefecture_code":42},"6403":{"zip_code":"8596403","prefecture":"長崎県","prefecture_kana":"ナガサキケン","city":"佐世保市","city_kana":"サセボシ","town":"世知原町上野原","town_kana":"セチバルチョウウエノハラ","prefecture_code":42},"6404":{"zip_code":"8596404","prefecture":"長崎県","prefecture_kana":"ナガサキケン","city":"佐世保市","city_kana":"サセボシ","town":"世知原町太田","town_kana":"セチバルチョウオオタ","prefecture_code":42},"6405":{"zip_code":"8596405","prefecture":"長崎県","prefecture_kana":"ナガサキケン","city":"佐世保市","city_kana":"サセボシ","town":"世知原町開作","town_kana":"セチバルチョウカイサク","prefecture_code":42},"6406":{"zip_code":"8596406","prefecture":"長崎県","prefecture_kana":"ナガサキケン","city":"佐世保市","city_kana":"サセボシ","town":"世知原町木浦原","town_kana":"セチバルチョウキウラバル","prefecture_code":42},"6407":{"zip_code":"8596407","prefecture":"長崎県","prefecture_kana":"ナガサキケン","city":"佐世保市","city_kana":"サセボシ","town":"世知原町北川内","town_kana":"セチバルチョウキタガワチ","prefecture_code":42},"6408":{"zip_code":"8596408","prefecture":"長崎県","prefecture_kana":"ナガサキケン","city":"佐世保市","city_kana":"サセボシ","town":"世知原町栗迎","town_kana":"セチバルチョウクリムカエ","prefecture_code":42},"6411":{"zip_code":"8596411","prefecture":"長崎県","prefecture_kana":"ナガサキケン","city":"佐世保市","city_kana":"サセボシ","town":"世知原町長田代","town_kana":"セチバルチョウナガタシロ","prefecture_code":42},"6409":{"zip_code":"8596409","prefecture":"長崎県","prefecture_kana":"ナガサキケン","city":"佐世保市","city_kana":"サセボシ","town":"世知原町中通","town_kana":"セチバルチョウナカドオリ","prefecture_code":42},"6412":{"zip_code":"8596412","prefecture":"長崎県","prefecture_kana":"ナガサキケン","city":"佐世保市","city_kana":"サセボシ","town":"世知原町西ノ岳","town_kana":"セチバルチョウニシノタケ","prefecture_code":42},"6413":{"zip_code":"8596413","prefecture":"長崎県","prefecture_kana":"ナガサキケン","city":"佐世保市","city_kana":"サセボシ","town":"世知原町笥瀬","town_kana":"セチバルチョウヤナゼ","prefecture_code":42},"6414":{"zip_code":"8596414","prefecture":"長崎県","prefecture_kana":"ナガサキケン","city":"佐世保市","city_kana":"サセボシ","town":"世知原町矢櫃","town_kana":"セチバルチョウヤビツ","prefecture_code":42},"6415":{"zip_code":"8596415","prefecture":"長崎県","prefecture_kana":"ナガサキケン","city":"佐世保市","city_kana":"サセボシ","town":"世知原町槍巻","town_kana":"セチバルチョウヤリマキ","prefecture_code":42},"3231":{"zip_code":"8593231","prefecture":"長崎県","prefecture_kana":"ナガサキケン","city":"佐世保市","city_kana":"サセボシ","town":"瀬道町","town_kana":"セドウチョウ","prefecture_code":42},"3205":{"zip_code":"8593205","prefecture":"長崎県","prefecture_kana":"ナガサキケン","city":"佐世保市","city_kana":"サセボシ","town":"田の浦町","town_kana":"タノウラチョウ","prefecture_code":42},"3234":{"zip_code":"8593234","prefecture":"長崎県","prefecture_kana":"ナガサキケン","city":"佐世保市","city_kana":"サセボシ","town":"長畑町","town_kana":"ナガハタチョウ","prefecture_code":42},"3221":{"zip_code":"8593221","prefecture":"長崎県","prefecture_kana":"ナガサキケン","city":"佐世保市","city_kana":"サセボシ","town":"中原町","town_kana":"ナカハラチョウ","prefecture_code":42},"3215":{"zip_code":"8593215","prefecture":"長崎県","prefecture_kana":"ナガサキケン","city":"佐世保市","city_kana":"サセボシ","town":"早岐","town_kana":"ハイキ","prefecture_code":42},"3243":{"zip_code":"8593243","prefecture":"長崎県","prefecture_kana":"ナガサキケン","city":"佐世保市","city_kana":"サセボシ","town":"ハウステンボス町","town_kana":"ハウステンボスマチ","prefecture_code":42},"3236":{"zip_code":"8593236","prefecture":"長崎県","prefecture_kana":"ナガサキケン","city":"佐世保市","city_kana":"サセボシ","town":"南風崎町","town_kana":"ハエノサキチョウ","prefecture_code":42},"3232":{"zip_code":"8593232","prefecture":"長崎県","prefecture_kana":"ナガサキケン","city":"佐世保市","city_kana":"サセボシ","town":"萩坂町","town_kana":"ハギサカチョウ","prefecture_code":42},"3212":{"zip_code":"8593212","prefecture":"長崎県","prefecture_kana":"ナガサキケン","city":"佐世保市","city_kana":"サセボシ","town":"花高","town_kana":"ハナタカ","prefecture_code":42},"3454":{"zip_code":"8593454","prefecture":"長崎県","prefecture_kana":"ナガサキケン","city":"佐世保市","city_kana":"サセボシ","town":"針尾北町","town_kana":"ハリオキタマチ","prefecture_code":42},"3452":{"zip_code":"8593452","prefecture":"長崎県","prefecture_kana":"ナガサキケン","city":"佐世保市","city_kana":"サセボシ","town":"針尾中町","town_kana":"ハリオナカマチ","prefecture_code":42},"3453":{"zip_code":"8593453","prefecture":"長崎県","prefecture_kana":"ナガサキケン","city":"佐世保市","city_kana":"サセボシ","town":"針尾西町","town_kana":"ハリオニシマチ","prefecture_code":42},"3451":{"zip_code":"8593451","prefecture":"長崎県","prefecture_kana":"ナガサキケン","city":"佐世保市","city_kana":"サセボシ","town":"針尾東町","town_kana":"ハリオヒガシマチ","prefecture_code":42},"3201":{"zip_code":"8593201","prefecture":"長崎県","prefecture_kana":"ナガサキケン","city":"佐世保市","city_kana":"サセボシ","town":"平松町","town_kana":"ヒラマツチョウ","prefecture_code":42},"3223":{"zip_code":"8593223","prefecture":"長崎県","prefecture_kana":"ナガサキケン","city":"佐世保市","city_kana":"サセボシ","town":"広田","town_kana":"ヒロタ","prefecture_code":42},"3222":{"zip_code":"8593222","prefecture":"長崎県","prefecture_kana":"ナガサキケン","city":"佐世保市","city_kana":"サセボシ","town":"広田町","town_kana":"ヒロダチョウ","prefecture_code":42},"3153":{"zip_code":"8593153","prefecture":"長崎県","prefecture_kana":"ナガサキケン","city":"佐世保市","city_kana":"サセボシ","town":"三川内新町","town_kana":"ミカワチシンマチ","prefecture_code":42},"3155":{"zip_code":"8593155","prefecture":"長崎県","prefecture_kana":"ナガサキケン","city":"佐世保市","city_kana":"サセボシ","town":"三川内町","town_kana":"ミカワチチョウ","prefecture_code":42},"3151":{"zip_code":"8593151","prefecture":"長崎県","prefecture_kana":"ナガサキケン","city":"佐世保市","city_kana":"サセボシ","town":"三川内本町","town_kana":"ミカワチホンマチ","prefecture_code":42},"3235":{"zip_code":"8593235","prefecture":"長崎県","prefecture_kana":"ナガサキケン","city":"佐世保市","city_kana":"サセボシ","town":"宮津町","town_kana":"ミヤヅチョウ","prefecture_code":42},"3163":{"zip_code":"8593163","prefecture":"長崎県","prefecture_kana":"ナガサキケン","city":"佐世保市","city_kana":"サセボシ","town":"横手町","town_kana":"ヨコテチョウ","prefecture_code":42},"6303":{"zip_code":"8596303","prefecture":"長崎県","prefecture_kana":"ナガサキケン","city":"佐世保市","city_kana":"サセボシ","town":"吉井町板樋","town_kana":"ヨシイチョウイタビ","prefecture_code":42},"6325":{"zip_code":"8596325","prefecture":"長崎県","prefecture_kana":"ナガサキケン","city":"佐世保市","city_kana":"サセボシ","town":"吉井町大渡","town_kana":"ヨシイチョウオオワタリ","prefecture_code":42},"6316":{"zip_code":"8596316","prefecture":"長崎県","prefecture_kana":"ナガサキケン","city":"佐世保市","city_kana":"サセボシ","town":"吉井町乙石尾","town_kana":"ヨシイチョウオツイシオ","prefecture_code":42},"6322":{"zip_code":"8596322","prefecture":"長崎県","prefecture_kana":"ナガサキケン","city":"佐世保市","city_kana":"サセボシ","town":"吉井町踊瀬","town_kana":"ヨシイチョウオドリゼ","prefecture_code":42},"6304":{"zip_code":"8596304","prefecture":"長崎県","prefecture_kana":"ナガサキケン","city":"佐世保市","city_kana":"サセボシ","town":"吉井町梶木場","town_kana":"ヨシイチョウカジコバ","prefecture_code":42},"6313":{"zip_code":"8596313","prefecture":"長崎県","prefecture_kana":"ナガサキケン","city":"佐世保市","city_kana":"サセボシ","town":"吉井町上吉田","town_kana":"ヨシイチョウカミヨシダ","prefecture_code":42},"6315":{"zip_code":"8596315","prefecture":"長崎県","prefecture_kana":"ナガサキケン","city":"佐世保市","city_kana":"サセボシ","town":"吉井町下原","town_kana":"ヨシイチョウシモバル","prefecture_code":42},"6301":{"zip_code":"8596301","prefecture":"長崎県","prefecture_kana":"ナガサキケン","city":"佐世保市","city_kana":"サセボシ","town":"吉井町草ノ尾","town_kana":"ヨシイチョウソウノオ","prefecture_code":42},"6317":{"zip_code":"8596317","prefecture":"長崎県","prefecture_kana":"ナガサキケン","city":"佐世保市","city_kana":"サセボシ","town":"吉井町高峰","town_kana":"ヨシイチョウタカミネ","prefecture_code":42},"6326":{"zip_code":"8596326","prefecture":"長崎県","prefecture_kana":"ナガサキケン","city":"佐世保市","city_kana":"サセボシ","town":"吉井町立石","town_kana":"ヨシイチョウタテイシ","prefecture_code":42},"6314":{"zip_code":"8596314","prefecture":"長崎県","prefecture_kana":"ナガサキケン","city":"佐世保市","city_kana":"サセボシ","town":"吉井町田原","town_kana":"ヨシイチョウタバル","prefecture_code":42},"6305":{"zip_code":"8596305","prefecture":"長崎県","prefecture_kana":"ナガサキケン","city":"佐世保市","city_kana":"サセボシ","town":"吉井町直谷","town_kana":"ヨシイチョウナオヤ","prefecture_code":42},"6311":{"zip_code":"8596311","prefecture":"長崎県","prefecture_kana":"ナガサキケン","city":"佐世保市","city_kana":"サセボシ","town":"吉井町橋川内","town_kana":"ヨシイチョウハシカワチ","prefecture_code":42},"6312":{"zip_code":"8596312","prefecture":"長崎県","prefecture_kana":"ナガサキケン","city":"佐世保市","city_kana":"サセボシ","town":"吉井町橋口","town_kana":"ヨシイチョウハシグチ","prefecture_code":42},"6323":{"zip_code":"8596323","prefecture":"長崎県","prefecture_kana":"ナガサキケン","city":"佐世保市","city_kana":"サセボシ","town":"吉井町春明","town_kana":"ヨシイチョウハルアケ","prefecture_code":42},"6302":{"zip_code":"8596302","prefecture":"長崎県","prefecture_kana":"ナガサキケン","city":"佐世保市","city_kana":"サセボシ","town":"吉井町福井","town_kana":"ヨシイチョウフクイ","prefecture_code":42},"6321":{"zip_code":"8596321","prefecture":"長崎県","prefecture_kana":"ナガサキケン","city":"佐世保市","city_kana":"サセボシ","town":"吉井町前岳","town_kana":"ヨシイチョウマエダケ","prefecture_code":42},"6324":{"zip_code":"8596324","prefecture":"長崎県","prefecture_kana":"ナガサキケン","city":"佐世保市","city_kana":"サセボシ","town":"吉井町吉元","town_kana":"ヨシイチョウヨシモト","prefecture_code":42},"3162":{"zip_code":"8593162","prefecture":"長崎県","prefecture_kana":"ナガサキケン","city":"佐世保市","city_kana":"サセボシ","town":"吉福町","town_kana":"ヨシフクチョウ","prefecture_code":42},"3204":{"zip_code":"8593204","prefecture":"長崎県","prefecture_kana":"ナガサキケン","city":"佐世保市","city_kana":"サセボシ","town":"若竹台町","town_kana":"ワカタケダイマチ","prefecture_code":42},"1412":{"zip_code":"8591412","prefecture":"長崎県","prefecture_kana":"ナガサキケン","city":"島原市","city_kana":"シマバラシ","town":"有明町大三東乙","town_kana":"アリアケチョウオオミサキオツ","prefecture_code":42},"1411":{"zip_code":"8591411","prefecture":"長崎県","prefecture_kana":"ナガサキケン","city":"島原市","city_kana":"シマバラシ","town":"有明町大三東甲","town_kana":"アリアケチョウオオミサキコウ","prefecture_code":42},"1414":{"zip_code":"8591414","prefecture":"長崎県","prefecture_kana":"ナガサキケン","city":"島原市","city_kana":"シマバラシ","town":"有明町大三東丁","town_kana":"アリアケチョウオオミサキテイ","prefecture_code":42},"1413":{"zip_code":"8591413","prefecture":"長崎県","prefecture_kana":"ナガサキケン","city":"島原市","city_kana":"シマバラシ","town":"有明町大三東丙","town_kana":"アリアケチョウオオミサキヘイ","prefecture_code":42},"1415":{"zip_code":"8591415","prefecture":"長崎県","prefecture_kana":"ナガサキケン","city":"島原市","city_kana":"シマバラシ","town":"有明町大三東戊","town_kana":"アリアケチョウオオミサキボ","prefecture_code":42},"1402":{"zip_code":"8591402","prefecture":"長崎県","prefecture_kana":"ナガサキケン","city":"島原市","city_kana":"シマバラシ","town":"有明町湯江乙","town_kana":"アリアケチョウユエオツ","prefecture_code":42},"1401":{"zip_code":"8591401","prefecture":"長崎県","prefecture_kana":"ナガサキケン","city":"島原市","city_kana":"シマバラシ","town":"有明町湯江甲","town_kana":"アリアケチョウユエコウ","prefecture_code":42},"1404":{"zip_code":"8591404","prefecture":"長崎県","prefecture_kana":"ナガサキケン","city":"島原市","city_kana":"シマバラシ","town":"有明町湯江丁","town_kana":"アリアケチョウユエテイ","prefecture_code":42},"1403":{"zip_code":"8591403","prefecture":"長崎県","prefecture_kana":"ナガサキケン","city":"島原市","city_kana":"シマバラシ","town":"有明町湯江丙","town_kana":"アリアケチョウユエヘイ","prefecture_code":42},"0311":{"zip_code":"8590311","prefecture":"長崎県","prefecture_kana":"ナガサキケン","city":"諫早市","city_kana":"イサハヤシ","town":"小豆崎町","town_kana":"アズキサキマチ","prefecture_code":42},"0315":{"zip_code":"8590315","prefecture":"長崎県","prefecture_kana":"ナガサキケン","city":"諫早市","city_kana":"イサハヤシ","town":"大場町","town_kana":"オオバマチ","prefecture_code":42},"0314":{"zip_code":"8590314","prefecture":"長崎県","prefecture_kana":"ナガサキケン","city":"諫早市","city_kana":"イサハヤシ","town":"御手水町","town_kana":"オチョウズマチ","prefecture_code":42},"0303":{"zip_code":"8590303","prefecture":"長崎県","prefecture_kana":"ナガサキケン","city":"諫早市","city_kana":"イサハヤシ","town":"高天町","town_kana":"コウテンマチ","prefecture_code":42},"0166":{"zip_code":"8590166","prefecture":"長崎県","prefecture_kana":"ナガサキケン","city":"諫早市","city_kana":"イサハヤシ","town":"小長井町井崎","town_kana":"コナガイチョウイザキ","prefecture_code":42},"0151":{"zip_code":"8590151","prefecture":"長崎県","prefecture_kana":"ナガサキケン","city":"諫早市","city_kana":"イサハヤシ","town":"小長井町打越","town_kana":"コナガイチョウウチコシ","prefecture_code":42},"0152":{"zip_code":"8590152","prefecture":"長崎県","prefecture_kana":"ナガサキケン","city":"諫早市","city_kana":"イサハヤシ","town":"小長井町大搦","town_kana":"コナガイチョウオオガラミ","prefecture_code":42},"0153":{"zip_code":"8590153","prefecture":"長崎県","prefecture_kana":"ナガサキケン","city":"諫早市","city_kana":"イサハヤシ","town":"小長井町大峰","town_kana":"コナガイチョウオオミネ","prefecture_code":42},"0165":{"zip_code":"8590165","prefecture":"長崎県","prefecture_kana":"ナガサキケン","city":"諫早市","city_kana":"イサハヤシ","town":"小長井町小川原浦","town_kana":"コナガイチョウオガワハラウラ","prefecture_code":42},"0154":{"zip_code":"8590154","prefecture":"長崎県","prefecture_kana":"ナガサキケン","city":"諫早市","city_kana":"イサハヤシ","town":"小長井町川内","town_kana":"コナガイチョウコウチ","prefecture_code":42},"0161":{"zip_code":"8590161","prefecture":"長崎県","prefecture_kana":"ナガサキケン","city":"諫早市","city_kana":"イサハヤシ","town":"小長井町古場","town_kana":"コナガイチョウコバ","prefecture_code":42},"0162":{"zip_code":"8590162","prefecture":"長崎県","prefecture_kana":"ナガサキケン","city":"諫早市","city_kana":"イサハヤシ","town":"小長井町新田原","town_kana":"コナガイチョウシンタバル","prefecture_code":42},"0163":{"zip_code":"8590163","prefecture":"長崎県","prefecture_kana":"ナガサキケン","city":"諫早市","city_kana":"イサハヤシ","town":"小長井町田原","town_kana":"コナガイチョウタバル","prefecture_code":42},"0167":{"zip_code":"8590167","prefecture":"長崎県","prefecture_kana":"ナガサキケン","city":"諫早市","city_kana":"イサハヤシ","town":"小長井町遠竹","town_kana":"コナガイチョウトオダケ","prefecture_code":42},"0164":{"zip_code":"8590164","prefecture":"長崎県","prefecture_kana":"ナガサキケン","city":"諫早市","city_kana":"イサハヤシ","town":"小長井町牧","town_kana":"コナガイチョウマキ","prefecture_code":42},"0305":{"zip_code":"8590305","prefecture":"長崎県","prefecture_kana":"ナガサキケン","city":"諫早市","city_kana":"イサハヤシ","town":"猿崎町","town_kana":"サルザキマチ","prefecture_code":42},"0302":{"zip_code":"8590302","prefecture":"長崎県","prefecture_kana":"ナガサキケン","city":"諫早市","city_kana":"イサハヤシ","town":"正久寺町","town_kana":"ショウキュウジマチ","prefecture_code":42},"0307":{"zip_code":"8590307","prefecture":"長崎県","prefecture_kana":"ナガサキケン","city":"諫早市","city_kana":"イサハヤシ","town":"白木峰町","town_kana":"シラキミネマチ","prefecture_code":42},"0304":{"zip_code":"8590304","prefecture":"長崎県","prefecture_kana":"ナガサキケン","city":"諫早市","city_kana":"イサハヤシ","town":"白浜町","town_kana":"シラハママチ","prefecture_code":42},"0306":{"zip_code":"8590306","prefecture":"長崎県","prefecture_kana":"ナガサキケン","city":"諫早市","city_kana":"イサハヤシ","town":"白原町","town_kana":"シラハラマチ","prefecture_code":42},"0121":{"zip_code":"8590121","prefecture":"長崎県","prefecture_kana":"ナガサキケン","city":"諫早市","city_kana":"イサハヤシ","town":"高来町泉","town_kana":"タカキチョウイズミ","prefecture_code":42},"0111":{"zip_code":"8590111","prefecture":"長崎県","prefecture_kana":"ナガサキケン","city":"諫早市","city_kana":"イサハヤシ","town":"高来町上与","town_kana":"タカキチョウウワグミ","prefecture_code":42},"0171":{"zip_code":"8590171","prefecture":"長崎県","prefecture_kana":"ナガサキケン","city":"諫早市","city_kana":"イサハヤシ","town":"高来町小江干拓","town_kana":"タカキチョウオエカンタク","prefecture_code":42},"0101":{"zip_code":"8590101","prefecture":"長崎県","prefecture_kana":"ナガサキケン","city":"諫早市","city_kana":"イサハヤシ","town":"高来町大戸","town_kana":"タカキチョウオオト","prefecture_code":42},"0102":{"zip_code":"8590102","prefecture":"長崎県","prefecture_kana":"ナガサキケン","city":"諫早市","city_kana":"イサハヤシ","town":"高来町折山","town_kana":"タカキチョウオリヤマ","prefecture_code":42},"0146":{"zip_code":"8590146","prefecture":"長崎県","prefecture_kana":"ナガサキケン","city":"諫早市","city_kana":"イサハヤシ","town":"高来町金崎","town_kana":"タカキチョウカナサキ","prefecture_code":42},"0141":{"zip_code":"8590141","prefecture":"長崎県","prefecture_kana":"ナガサキケン","city":"諫早市","city_kana":"イサハヤシ","town":"高来町汲水","town_kana":"タカキチョウクミズ","prefecture_code":42},"0122":{"zip_code":"8590122","prefecture":"長崎県","prefecture_kana":"ナガサキケン","city":"諫早市","city_kana":"イサハヤシ","town":"高来町黒崎","town_kana":"タカキチョウクロサキ","prefecture_code":42},"0142":{"zip_code":"8590142","prefecture":"長崎県","prefecture_kana":"ナガサキケン","city":"諫早市","city_kana":"イサハヤシ","town":"高来町黒新田","town_kana":"タカキチョウクロニタ","prefecture_code":42},"0131":{"zip_code":"8590131","prefecture":"長崎県","prefecture_kana":"ナガサキケン","city":"諫早市","city_kana":"イサハヤシ","town":"高来町神津倉","town_kana":"タカキチョウコウヅクラ","prefecture_code":42},"0103":{"zip_code":"8590103","prefecture":"長崎県","prefecture_kana":"ナガサキケン","city":"諫早市","city_kana":"イサハヤシ","town":"高来町古場","town_kana":"タカキチョウコバ","prefecture_code":42},"0112":{"zip_code":"8590112","prefecture":"長崎県","prefecture_kana":"ナガサキケン","city":"諫早市","city_kana":"イサハヤシ","town":"高来町小船津","town_kana":"タカキチョウコブナツ","prefecture_code":42},"0123":{"zip_code":"8590123","prefecture":"長崎県","prefecture_kana":"ナガサキケン","city":"諫早市","city_kana":"イサハヤシ","town":"高来町小峰","town_kana":"タカキチョウコミネ","prefecture_code":42},"0143":{"zip_code":"8590143","prefecture":"長崎県","prefecture_kana":"ナガサキケン","city":"諫早市","city_kana":"イサハヤシ","town":"高来町坂元","town_kana":"タカキチョウサカモト","prefecture_code":42},"0124":{"zip_code":"8590124","prefecture":"長崎県","prefecture_kana":"ナガサキケン","city":"諫早市","city_kana":"イサハヤシ","town":"高来町里","town_kana":"タカキチョウサト","prefecture_code":42},"0132":{"zip_code":"8590132","prefecture":"長崎県","prefecture_kana":"ナガサキケン","city":"諫早市","city_kana":"イサハヤシ","town":"高来町三部壱","town_kana":"タカキチョウサンブイチ","prefecture_code":42},"0113":{"zip_code":"8590113","prefecture":"長崎県","prefecture_kana":"ナガサキケン","city":"諫早市","city_kana":"イサハヤシ","town":"高来町下与","town_kana":"タカキチョウシタグミ","prefecture_code":42},"0125":{"zip_code":"8590125","prefecture":"長崎県","prefecture_kana":"ナガサキケン","city":"諫早市","city_kana":"イサハヤシ","town":"高来町善住寺","town_kana":"タカキチョウゼンジュウジ","prefecture_code":42},"0104":{"zip_code":"8590104","prefecture":"長崎県","prefecture_kana":"ナガサキケン","city":"諫早市","city_kana":"イサハヤシ","town":"高来町建山","town_kana":"タカキチョウタチヤマ","prefecture_code":42},"0115":{"zip_code":"8590115","prefecture":"長崎県","prefecture_kana":"ナガサキケン","city":"諫早市","city_kana":"イサハヤシ","town":"高来町西尾","town_kana":"タカキチョウニシノオ","prefecture_code":42},"0114":{"zip_code":"8590114","prefecture":"長崎県","prefecture_kana":"ナガサキケン","city":"諫早市","city_kana":"イサハヤシ","town":"高来町西平原","town_kana":"タカキチョウニシヒラバル","prefecture_code":42},"0126":{"zip_code":"8590126","prefecture":"長崎県","prefecture_kana":"ナガサキケン","city":"諫早市","city_kana":"イサハヤシ","town":"高来町法川","town_kana":"タカキチョウノリガワ","prefecture_code":42},"0133":{"zip_code":"8590133","prefecture":"長崎県","prefecture_kana":"ナガサキケン","city":"諫早市","city_kana":"イサハヤシ","town":"高来町東平原","town_kana":"タカキチョウヒガシヒラバル","prefecture_code":42},"0116":{"zip_code":"8590116","prefecture":"長崎県","prefecture_kana":"ナガサキケン","city":"諫早市","city_kana":"イサハヤシ","town":"高来町平田","town_kana":"タカキチョウヒラタ","prefecture_code":42},"0106":{"zip_code":"8590106","prefecture":"長崎県","prefecture_kana":"ナガサキケン","city":"諫早市","city_kana":"イサハヤシ","town":"高来町冨地戸","town_kana":"タカキチョウフジト","prefecture_code":42},"0105":{"zip_code":"8590105","prefecture":"長崎県","prefecture_kana":"ナガサキケン","city":"諫早市","city_kana":"イサハヤシ","town":"高来町船津","town_kana":"タカキチョウフナツ","prefecture_code":42},"0127":{"zip_code":"8590127","prefecture":"長崎県","prefecture_kana":"ナガサキケン","city":"諫早市","city_kana":"イサハヤシ","town":"高来町町名","town_kana":"タカキチョウマチミョウ","prefecture_code":42},"0147":{"zip_code":"8590147","prefecture":"長崎県","prefecture_kana":"ナガサキケン","city":"諫早市","city_kana":"イサハヤシ","town":"高来町水ノ浦","town_kana":"タカキチョウミズノウラ","prefecture_code":42},"0144":{"zip_code":"8590144","prefecture":"長崎県","prefecture_kana":"ナガサキケン","city":"諫早市","city_kana":"イサハヤシ","town":"高来町溝口","town_kana":"タカキチョウミゾグチ","prefecture_code":42},"0117":{"zip_code":"8590117","prefecture":"長崎県","prefecture_kana":"ナガサキケン","city":"諫早市","city_kana":"イサハヤシ","town":"高来町峰","town_kana":"タカキチョウミネ","prefecture_code":42},"0145":{"zip_code":"8590145","prefecture":"長崎県","prefecture_kana":"ナガサキケン","city":"諫早市","city_kana":"イサハヤシ","town":"高来町山道","town_kana":"タカキチョウヤマミチ","prefecture_code":42},"0403":{"zip_code":"8590403","prefecture":"長崎県","prefecture_kana":"ナガサキケン","city":"諫早市","city_kana":"イサハヤシ","town":"多良見町市布","town_kana":"タラミチョウイチヌノ","prefecture_code":42},"0402":{"zip_code":"8590402","prefecture":"長崎県","prefecture_kana":"ナガサキケン","city":"諫早市","city_kana":"イサハヤシ","town":"多良見町囲","town_kana":"タラミチョウカコイ","prefecture_code":42},"0406":{"zip_code":"8590406","prefecture":"長崎県","prefecture_kana":"ナガサキケン","city":"諫早市","city_kana":"イサハヤシ","town":"多良見町木床","town_kana":"タラミチョウキドコ","prefecture_code":42},"0401":{"zip_code":"8590401","prefecture":"長崎県","prefecture_kana":"ナガサキケン","city":"諫早市","city_kana":"イサハヤシ","town":"多良見町化屋","town_kana":"タラミチョウケヤ","prefecture_code":42},"0418":{"zip_code":"8590418","prefecture":"長崎県","prefecture_kana":"ナガサキケン","city":"諫早市","city_kana":"イサハヤシ","town":"多良見町佐瀬","town_kana":"タラミチョウサセ","prefecture_code":42},"0407":{"zip_code":"8590407","prefecture":"長崎県","prefecture_kana":"ナガサキケン","city":"諫早市","city_kana":"イサハヤシ","town":"多良見町シーサイド","town_kana":"タラミチョウシーサイド","prefecture_code":42},"0405":{"zip_code":"8590405","prefecture":"長崎県","prefecture_kana":"ナガサキケン","city":"諫早市","city_kana":"イサハヤシ","town":"多良見町中里","town_kana":"タラミチョウナカザト","prefecture_code":42},"0404":{"zip_code":"8590404","prefecture":"長崎県","prefecture_kana":"ナガサキケン","city":"諫早市","city_kana":"イサハヤシ","town":"多良見町西川内","town_kana":"タラミチョウニシカワウチ","prefecture_code":42},"0412":{"zip_code":"8590412","prefecture":"長崎県","prefecture_kana":"ナガサキケン","city":"諫早市","city_kana":"イサハヤシ","town":"多良見町西園","town_kana":"タラミチョウニシゾノ","prefecture_code":42},"0416":{"zip_code":"8590416","prefecture":"長崎県","prefecture_kana":"ナガサキケン","city":"諫早市","city_kana":"イサハヤシ","town":"多良見町野川内","town_kana":"タラミチョウノガワウチ","prefecture_code":42},"0413":{"zip_code":"8590413","prefecture":"長崎県","prefecture_kana":"ナガサキケン","city":"諫早市","city_kana":"イサハヤシ","town":"多良見町野副","town_kana":"タラミチョウノゾエ","prefecture_code":42},"0411":{"zip_code":"8590411","prefecture":"長崎県","prefecture_kana":"ナガサキケン","city":"諫早市","city_kana":"イサハヤシ","town":"多良見町東園","town_kana":"タラミチョウヒガシゾノ","prefecture_code":42},"0417":{"zip_code":"8590417","prefecture":"長崎県","prefecture_kana":"ナガサキケン","city":"諫早市","city_kana":"イサハヤシ","town":"多良見町舟津","town_kana":"タラミチョウフナツ","prefecture_code":42},"0414":{"zip_code":"8590414","prefecture":"長崎県","prefecture_kana":"ナガサキケン","city":"諫早市","city_kana":"イサハヤシ","town":"多良見町元釜","town_kana":"タラミチョウモトガマ","prefecture_code":42},"0415":{"zip_code":"8590415","prefecture":"長崎県","prefecture_kana":"ナガサキケン","city":"諫早市","city_kana":"イサハヤシ","town":"多良見町山川内","town_kana":"タラミチョウヤマガワウチ","prefecture_code":42},"0313":{"zip_code":"8590313","prefecture":"長崎県","prefecture_kana":"ナガサキケン","city":"諫早市","city_kana":"イサハヤシ","town":"中田町","town_kana":"ナカダマチ","prefecture_code":42},"0301":{"zip_code":"8590301","prefecture":"長崎県","prefecture_kana":"ナガサキケン","city":"諫早市","city_kana":"イサハヤシ","town":"長田町","town_kana":"ナガタマチ","prefecture_code":42},"0312":{"zip_code":"8590312","prefecture":"長崎県","prefecture_kana":"ナガサキケン","city":"諫早市","city_kana":"イサハヤシ","town":"西里町","town_kana":"ニシザトマチ","prefecture_code":42},"5100":{"zip_code":"8595100","prefecture":"長崎県","prefecture_kana":"ナガサキケン","city":"平戸市","city_kana":"ヒラドシ","town":"","town_kana":"","prefecture_code":42},"5384":{"zip_code":"8595384","prefecture":"長崎県","prefecture_kana":"ナガサキケン","city":"平戸市","city_kana":"ヒラドシ","town":"赤松町","town_kana":"アカマツチョウ","prefecture_code":42},"5122":{"zip_code":"8595122","prefecture":"長崎県","prefecture_kana":"ナガサキケン","city":"平戸市","city_kana":"ヒラドシ","town":"明の川内町","town_kana":"アケノカワチチョウ","prefecture_code":42},"5515":{"zip_code":"8595515","prefecture":"長崎県","prefecture_kana":"ナガサキケン","city":"平戸市","city_kana":"ヒラドシ","town":"鮎川町","town_kana":"アユカワチョウ","prefecture_code":42},"5382":{"zip_code":"8595382","prefecture":"長崎県","prefecture_kana":"ナガサキケン","city":"平戸市","city_kana":"ヒラドシ","town":"飯良町","town_kana":"イイラチョウ","prefecture_code":42},"5701":{"zip_code":"8595701","prefecture":"長崎県","prefecture_kana":"ナガサキケン","city":"平戸市","city_kana":"ヒラドシ","town":"生月町壱部","town_kana":"イキツキチョウイチブ","prefecture_code":42},"5702":{"zip_code":"8595702","prefecture":"長崎県","prefecture_kana":"ナガサキケン","city":"平戸市","city_kana":"ヒラドシ","town":"生月町壱部浦","town_kana":"イキツキチョウイチブウラ","prefecture_code":42},"5703":{"zip_code":"8595703","prefecture":"長崎県","prefecture_kana":"ナガサキケン","city":"平戸市","city_kana":"ヒラドシ","town":"生月町里免","town_kana":"イキツキチョウサトメン","prefecture_code":42},"5705":{"zip_code":"8595705","prefecture":"長崎県","prefecture_kana":"ナガサキケン","city":"平戸市","city_kana":"ヒラドシ","town":"生月町舘浦","town_kana":"イキツキチョウタチウラ","prefecture_code":42},"5707":{"zip_code":"8595707","prefecture":"長崎県","prefecture_kana":"ナガサキケン","city":"平戸市","city_kana":"ヒラドシ","town":"生月町御崎","town_kana":"イキツキチョウミサキ","prefecture_code":42},"5706":{"zip_code":"8595706","prefecture":"長崎県","prefecture_kana":"ナガサキケン","city":"平戸市","city_kana":"ヒラドシ","town":"生月町南免","town_kana":"イキツキチョウミナミメン","prefecture_code":42},"5704":{"zip_code":"8595704","prefecture":"長崎県","prefecture_kana":"ナガサキケン","city":"平戸市","city_kana":"ヒラドシ","town":"生月町山田免","town_kana":"イキツキチョウヤマダメン","prefecture_code":42},"5502":{"zip_code":"8595502","prefecture":"長崎県","prefecture_kana":"ナガサキケン","city":"平戸市","city_kana":"ヒラドシ","town":"猪渡谷町","town_kana":"イトヤチョウ","prefecture_code":42},"5121":{"zip_code":"8595121","prefecture":"長崎県","prefecture_kana":"ナガサキケン","city":"平戸市","city_kana":"ヒラドシ","town":"岩の上町","town_kana":"イワノウエチョウ","prefecture_code":42},"5117":{"zip_code":"8595117","prefecture":"長崎県","prefecture_kana":"ナガサキケン","city":"平戸市","city_kana":"ヒラドシ","town":"魚の棚町","town_kana":"ウオノタナチョウ","prefecture_code":42},"5111":{"zip_code":"8595111","prefecture":"長崎県","prefecture_kana":"ナガサキケン","city":"平戸市","city_kana":"ヒラドシ","town":"浦の町","town_kana":"ウラノチョウ","prefecture_code":42},"5376":{"zip_code":"8595376","prefecture":"長崎県","prefecture_kana":"ナガサキケン","city":"平戸市","city_kana":"ヒラドシ","town":"大石脇町","town_kana":"オオイシワキチョウ","prefecture_code":42},"5383":{"zip_code":"8595383","prefecture":"長崎県","prefecture_kana":"ナガサキケン","city":"平戸市","city_kana":"ヒラドシ","town":"大川原町","town_kana":"オオカワラチョウ","prefecture_code":42},"5102":{"zip_code":"8595102","prefecture":"長崎県","prefecture_kana":"ナガサキケン","city":"平戸市","city_kana":"ヒラドシ","town":"大久保町","town_kana":"オオクボチョウ","prefecture_code":42},"5516":{"zip_code":"8595516","prefecture":"長崎県","prefecture_kana":"ナガサキケン","city":"平戸市","city_kana":"ヒラドシ","town":"大佐志町","town_kana":"オオサシチョウ","prefecture_code":42},"5532":{"zip_code":"8595532","prefecture":"長崎県","prefecture_kana":"ナガサキケン","city":"平戸市","city_kana":"ヒラドシ","town":"大志々伎町","town_kana":"オオシジキチョウ","prefecture_code":42},"5805":{"zip_code":"8595805","prefecture":"長崎県","prefecture_kana":"ナガサキケン","city":"平戸市","city_kana":"ヒラドシ","town":"大島村的山川内","town_kana":"オオシマムラアヅチカワチ","prefecture_code":42},"5806":{"zip_code":"8595806","prefecture":"長崎県","prefecture_kana":"ナガサキケン","city":"平戸市","city_kana":"ヒラドシ","town":"大島村的山戸田","town_kana":"オオシマムラアヅチトダ","prefecture_code":42},"5804":{"zip_code":"8595804","prefecture":"長崎県","prefecture_kana":"ナガサキケン","city":"平戸市","city_kana":"ヒラドシ","town":"大島村大根坂","town_kana":"オオシマムラオオネザカ","prefecture_code":42},"5801":{"zip_code":"8595801","prefecture":"長崎県","prefecture_kana":"ナガサキケン","city":"平戸市","city_kana":"ヒラドシ","town":"大島村神浦","town_kana":"オオシマムラコウノウラ","prefecture_code":42},"5803":{"zip_code":"8595803","prefecture":"長崎県","prefecture_kana":"ナガサキケン","city":"平戸市","city_kana":"ヒラドシ","town":"大島村西宇戸","town_kana":"オオシマムラニシウド","prefecture_code":42},"5802":{"zip_code":"8595802","prefecture":"長崎県","prefecture_kana":"ナガサキケン","city":"平戸市","city_kana":"ヒラドシ","town":"大島村前平","town_kana":"オオシマムラマエビラ","prefecture_code":42},"5123":{"zip_code":"8595123","prefecture":"長崎県","prefecture_kana":"ナガサキケン","city":"平戸市","city_kana":"ヒラドシ","town":"大野町","town_kana":"オオノチョウ","prefecture_code":42},"5131":{"zip_code":"8595131","prefecture":"長崎県","prefecture_kana":"ナガサキケン","city":"平戸市","city_kana":"ヒラドシ","town":"大山町","town_kana":"オオヤマチョウ","prefecture_code":42},"5534":{"zip_code":"8595534","prefecture":"長崎県","prefecture_kana":"ナガサキケン","city":"平戸市","city_kana":"ヒラドシ","town":"小田町","town_kana":"オダチョウ","prefecture_code":42},"5152":{"zip_code":"8595152","prefecture":"長崎県","prefecture_kana":"ナガサキケン","city":"平戸市","city_kana":"ヒラドシ","town":"鏡川町","town_kana":"カガミガワチョウ","prefecture_code":42},"5373":{"zip_code":"8595373","prefecture":"長崎県","prefecture_kana":"ナガサキケン","city":"平戸市","city_kana":"ヒラドシ","town":"春日町","town_kana":"カスガチョウ","prefecture_code":42},"5524":{"zip_code":"8595524","prefecture":"長崎県","prefecture_kana":"ナガサキケン","city":"平戸市","city_kana":"ヒラドシ","town":"神上町","town_kana":"カミアゲチョウ","prefecture_code":42},"5503":{"zip_code":"8595503","prefecture":"長崎県","prefecture_kana":"ナガサキケン","city":"平戸市","city_kana":"ヒラドシ","town":"上中津良町","town_kana":"カミナカツラチョウ","prefecture_code":42},"5132":{"zip_code":"8595132","prefecture":"長崎県","prefecture_kana":"ナガサキケン","city":"平戸市","city_kana":"ヒラドシ","town":"川内町","town_kana":"カワチチョウ","prefecture_code":42},"5362":{"zip_code":"8595362","prefecture":"長崎県","prefecture_kana":"ナガサキケン","city":"平戸市","city_kana":"ヒラドシ","town":"木ケ津町","town_kana":"キガツチョウ","prefecture_code":42},"5113":{"zip_code":"8595113","prefecture":"長崎県","prefecture_kana":"ナガサキケン","city":"平戸市","city_kana":"ヒラドシ","town":"木引田町","town_kana":"キヒキダチョウ","prefecture_code":42},"5363":{"zip_code":"8595363","prefecture":"長崎県","prefecture_kana":"ナガサキケン","city":"平戸市","city_kana":"ヒラドシ","town":"草積町","town_kana":"クサヅミチョウ","prefecture_code":42},"5522":{"zip_code":"8595522","prefecture":"長崎県","prefecture_kana":"ナガサキケン","city":"平戸市","city_kana":"ヒラドシ","town":"神ノ川町","town_kana":"コウノカワチョウ","prefecture_code":42},"5118":{"zip_code":"8595118","prefecture":"長崎県","prefecture_kana":"ナガサキケン","city":"平戸市","city_kana":"ヒラドシ","town":"紺屋町","town_kana":"コウヤマチ","prefecture_code":42},"5365":{"zip_code":"8595365","prefecture":"長崎県","prefecture_kana":"ナガサキケン","city":"平戸市","city_kana":"ヒラドシ","town":"木場町","town_kana":"コバチョウ","prefecture_code":42},"5151":{"zip_code":"8595151","prefecture":"長崎県","prefecture_kana":"ナガサキケン","city":"平戸市","city_kana":"ヒラドシ","town":"木引町","town_kana":"コヒキチョウ","prefecture_code":42},"5104":{"zip_code":"8595104","prefecture":"長崎県","prefecture_kana":"ナガサキケン","city":"平戸市","city_kana":"ヒラドシ","town":"崎方町","town_kana":"サキガタチョウ","prefecture_code":42},"5505":{"zip_code":"8595505","prefecture":"長崎県","prefecture_kana":"ナガサキケン","city":"平戸市","city_kana":"ヒラドシ","town":"敷佐町","town_kana":"シキサチョウ","prefecture_code":42},"5371":{"zip_code":"8595371","prefecture":"長崎県","prefecture_kana":"ナガサキケン","city":"平戸市","city_kana":"ヒラドシ","town":"獅子町","town_kana":"シシチョウ","prefecture_code":42},"5533":{"zip_code":"8595533","prefecture":"長崎県","prefecture_kana":"ナガサキケン","city":"平戸市","city_kana":"ヒラドシ","town":"志々伎町","town_kana":"シジキチョウ","prefecture_code":42},"5511":{"zip_code":"8595511","prefecture":"長崎県","prefecture_kana":"ナガサキケン","city":"平戸市","city_kana":"ヒラドシ","town":"神船町","town_kana":"シブネチョウ","prefecture_code":42},"5504":{"zip_code":"8595504","prefecture":"長崎県","prefecture_kana":"ナガサキケン","city":"平戸市","city_kana":"ヒラドシ","town":"下中津良町","town_kana":"シモナカツラチョウ","prefecture_code":42},"5144":{"zip_code":"8595144","prefecture":"長崎県","prefecture_kana":"ナガサキケン","city":"平戸市","city_kana":"ヒラドシ","town":"下中野町","town_kana":"シモナカノチョウ","prefecture_code":42},"5142":{"zip_code":"8595142","prefecture":"長崎県","prefecture_kana":"ナガサキケン","city":"平戸市","city_kana":"ヒラドシ","town":"主師町","town_kana":"シュウシチョウ","prefecture_code":42},"5116":{"zip_code":"8595116","prefecture":"長崎県","prefecture_kana":"ナガサキケン","city":"平戸市","city_kana":"ヒラドシ","town":"職人町","town_kana":"ショクニンチョウ","prefecture_code":42},"5115":{"zip_code":"8595115","prefecture":"長崎県","prefecture_kana":"ナガサキケン","city":"平戸市","city_kana":"ヒラドシ","town":"新町","town_kana":"シンマチ","prefecture_code":42},"5372":{"zip_code":"8595372","prefecture":"長崎県","prefecture_kana":"ナガサキケン","city":"平戸市","city_kana":"ヒラドシ","town":"高越町","town_kana":"タカゴエチョウ","prefecture_code":42},"5101":{"zip_code":"8595101","prefecture":"長崎県","prefecture_kana":"ナガサキケン","city":"平戸市","city_kana":"ヒラドシ","town":"度島町","town_kana":"タクシマチョウ","prefecture_code":42},"5527":{"zip_code":"8595527","prefecture":"長崎県","prefecture_kana":"ナガサキケン","city":"平戸市","city_kana":"ヒラドシ","town":"田代町","town_kana":"タシロチョウ","prefecture_code":42},"5103":{"zip_code":"8595103","prefecture":"長崎県","prefecture_kana":"ナガサキケン","city":"平戸市","city_kana":"ヒラドシ","town":"田助町","town_kana":"タスケチョウ","prefecture_code":42},"4822":{"zip_code":"8594822","prefecture":"長崎県","prefecture_kana":"ナガサキケン","city":"平戸市","city_kana":"ヒラドシ","town":"田平町一関免","town_kana":"タビラチョウイッセキメン","prefecture_code":42},"4814":{"zip_code":"8594814","prefecture":"長崎県","prefecture_kana":"ナガサキケン","city":"平戸市","city_kana":"ヒラドシ","town":"田平町以善免","town_kana":"タビラチョウイヨシメン","prefecture_code":42},"4821":{"zip_code":"8594821","prefecture":"長崎県","prefecture_kana":"ナガサキケン","city":"平戸市","city_kana":"ヒラドシ","town":"田平町大久保免","town_kana":"タビラチョウオオクボメン","prefecture_code":42},"4823":{"zip_code":"8594823","prefecture":"長崎県","prefecture_kana":"ナガサキケン","city":"平戸市","city_kana":"ヒラドシ","town":"田平町荻田免","town_kana":"タビラチョウオギタメン","prefecture_code":42},"4804":{"zip_code":"8594804","prefecture":"長崎県","prefecture_kana":"ナガサキケン","city":"平戸市","city_kana":"ヒラドシ","town":"田平町上亀免","town_kana":"タビラチョウカミガメメン","prefecture_code":42},"4803":{"zip_code":"8594803","prefecture":"長崎県","prefecture_kana":"ナガサキケン","city":"平戸市","city_kana":"ヒラドシ","town":"田平町小崎免","town_kana":"タビラチョウコザキメン","prefecture_code":42},"4824":{"zip_code":"8594824","prefecture":"長崎県","prefecture_kana":"ナガサキケン","city":"平戸市","city_kana":"ヒラドシ","town":"田平町小手田免","town_kana":"タビラチョウコテダメン","prefecture_code":42},"4807":{"zip_code":"8594807","prefecture":"長崎県","prefecture_kana":"ナガサキケン","city":"平戸市","city_kana":"ヒラドシ","town":"田平町里免","town_kana":"タビラチョウサトメン","prefecture_code":42},"4806":{"zip_code":"8594806","prefecture":"長崎県","prefecture_kana":"ナガサキケン","city":"平戸市","city_kana":"ヒラドシ","town":"田平町下亀免","town_kana":"タビラチョウシモガメメン","prefecture_code":42},"4815":{"zip_code":"8594815","prefecture":"長崎県","prefecture_kana":"ナガサキケン","city":"平戸市","city_kana":"ヒラドシ","town":"田平町下寺免","town_kana":"タビラチョウシモデラメン","prefecture_code":42},"4801":{"zip_code":"8594801","prefecture":"長崎県","prefecture_kana":"ナガサキケン","city":"平戸市","city_kana":"ヒラドシ","town":"田平町岳崎免","town_kana":"タビラチョウタケザキメン","prefecture_code":42},"4812":{"zip_code":"8594812","prefecture":"長崎県","prefecture_kana":"ナガサキケン","city":"平戸市","city_kana":"ヒラドシ","town":"田平町田代免","town_kana":"タビラチョウタシロメン","prefecture_code":42},"4826":{"zip_code":"8594826","prefecture":"長崎県","prefecture_kana":"ナガサキケン","city":"平戸市","city_kana":"ヒラドシ","town":"田平町野田免","town_kana":"タビラチョウノダメン","prefecture_code":42},"4813":{"zip_code":"8594813","prefecture":"長崎県","prefecture_kana":"ナガサキケン","city":"平戸市","city_kana":"ヒラドシ","town":"田平町深月免","town_kana":"タビラチョウフカツキメン","prefecture_code":42},"4802":{"zip_code":"8594802","prefecture":"長崎県","prefecture_kana":"ナガサキケン","city":"平戸市","city_kana":"ヒラドシ","town":"田平町福崎免","town_kana":"タビラチョウフクザキメン","prefecture_code":42},"4811":{"zip_code":"8594811","prefecture":"長崎県","prefecture_kana":"ナガサキケン","city":"平戸市","city_kana":"ヒラドシ","town":"田平町古梶免","town_kana":"タビラチョウフルカジメン","prefecture_code":42},"4805":{"zip_code":"8594805","prefecture":"長崎県","prefecture_kana":"ナガサキケン","city":"平戸市","city_kana":"ヒラドシ","town":"田平町本山免","town_kana":"タビラチョウモトヤマメン","prefecture_code":42},"4825":{"zip_code":"8594825","prefecture":"長崎県","prefecture_kana":"ナガサキケン","city":"平戸市","city_kana":"ヒラドシ","town":"田平町山内免","town_kana":"タビラチョウヤマウチメン","prefecture_code":42},"4827":{"zip_code":"8594827","prefecture":"長崎県","prefecture_kana":"ナガサキケン","city":"平戸市","city_kana":"ヒラドシ","town":"田平町横島免","town_kana":"タビラチョウヨコシマメン","prefecture_code":42},"5114":{"zip_code":"8595114","prefecture":"長崎県","prefecture_kana":"ナガサキケン","city":"平戸市","city_kana":"ヒラドシ","town":"築地町","town_kana":"ツキジチョウ","prefecture_code":42},"5513":{"zip_code":"8595513","prefecture":"長崎県","prefecture_kana":"ナガサキケン","city":"平戸市","city_kana":"ヒラドシ","town":"辻町","town_kana":"ツジチョウ","prefecture_code":42},"5501":{"zip_code":"8595501","prefecture":"長崎県","prefecture_kana":"ナガサキケン","city":"平戸市","city_kana":"ヒラドシ","town":"堤町","town_kana":"ツツミチョウ","prefecture_code":42},"5512":{"zip_code":"8595512","prefecture":"長崎県","prefecture_kana":"ナガサキケン","city":"平戸市","city_kana":"ヒラドシ","town":"津吉町","town_kana":"ツヨシチョウ","prefecture_code":42},"5153":{"zip_code":"8595153","prefecture":"長崎県","prefecture_kana":"ナガサキケン","city":"平戸市","city_kana":"ヒラドシ","town":"戸石川町","town_kana":"トイシガワチョウ","prefecture_code":42},"5133":{"zip_code":"8595133","prefecture":"長崎県","prefecture_kana":"ナガサキケン","city":"平戸市","city_kana":"ヒラドシ","town":"中野大久保町","town_kana":"ナカノオオクボチョウ","prefecture_code":42},"5526":{"zip_code":"8595526","prefecture":"長崎県","prefecture_kana":"ナガサキケン","city":"平戸市","city_kana":"ヒラドシ","town":"西中山町","town_kana":"ニシナカヤマチョウ","prefecture_code":42},"5381":{"zip_code":"8595381","prefecture":"長崎県","prefecture_kana":"ナガサキケン","city":"平戸市","city_kana":"ヒラドシ","town":"根獅子町","town_kana":"ネシコチョウ","prefecture_code":42},"5535":{"zip_code":"8595535","prefecture":"長崎県","prefecture_kana":"ナガサキケン","city":"平戸市","city_kana":"ヒラドシ","town":"野子町","town_kana":"ノコチョウ","prefecture_code":42},"5531":{"zip_code":"8595531","prefecture":"長崎県","prefecture_kana":"ナガサキケン","city":"平戸市","city_kana":"ヒラドシ","town":"早福町","town_kana":"ハイフクチョウ","prefecture_code":42},"5525":{"zip_code":"8595525","prefecture":"長崎県","prefecture_kana":"ナガサキケン","city":"平戸市","city_kana":"ヒラドシ","town":"東中山町","town_kana":"ヒガシナカヤマチョウ","prefecture_code":42},"5361":{"zip_code":"8595361","prefecture":"長崎県","prefecture_kana":"ナガサキケン","city":"平戸市","city_kana":"ヒラドシ","town":"紐差町","town_kana":"ヒモサシチョウ","prefecture_code":42},"5374":{"zip_code":"8595374","prefecture":"長崎県","prefecture_kana":"ナガサキケン","city":"平戸市","city_kana":"ヒラドシ","town":"深川町","town_kana":"フカガワチョウ","prefecture_code":42},"5514":{"zip_code":"8595514","prefecture":"長崎県","prefecture_kana":"ナガサキケン","city":"平戸市","city_kana":"ヒラドシ","town":"無代寺町","town_kana":"ブダイジチョウ","prefecture_code":42},"5521":{"zip_code":"8595521","prefecture":"長崎県","prefecture_kana":"ナガサキケン","city":"平戸市","city_kana":"ヒラドシ","town":"船木町","town_kana":"フナギチョウ","prefecture_code":42},"5145":{"zip_code":"8595145","prefecture":"長崎県","prefecture_kana":"ナガサキケン","city":"平戸市","city_kana":"ヒラドシ","town":"古江町","town_kana":"フルエチョウ","prefecture_code":42},"5375":{"zip_code":"8595375","prefecture":"長崎県","prefecture_kana":"ナガサキケン","city":"平戸市","city_kana":"ヒラドシ","town":"朶の原町","town_kana":"ヘゴノハラチョウ","prefecture_code":42},"5143":{"zip_code":"8595143","prefecture":"長崎県","prefecture_kana":"ナガサキケン","city":"平戸市","city_kana":"ヒラドシ","town":"坊方町","town_kana":"ボウガタチョウ","prefecture_code":42},"5366":{"zip_code":"8595366","prefecture":"長崎県","prefecture_kana":"ナガサキケン","city":"平戸市","city_kana":"ヒラドシ","town":"宝亀町","town_kana":"ホウキチョウ","prefecture_code":42},"5523":{"zip_code":"8595523","prefecture":"長崎県","prefecture_kana":"ナガサキケン","city":"平戸市","city_kana":"ヒラドシ","town":"前津吉町","town_kana":"マエツヨシチョウ","prefecture_code":42},"5134":{"zip_code":"8595134","prefecture":"長崎県","prefecture_kana":"ナガサキケン","city":"平戸市","city_kana":"ヒラドシ","town":"水垂町","town_kana":"ミズタリチョウ","prefecture_code":42},"5112":{"zip_code":"8595112","prefecture":"長崎県","prefecture_kana":"ナガサキケン","city":"平戸市","city_kana":"ヒラドシ","town":"宮の町","town_kana":"ミヤノチョウ","prefecture_code":42},"5364":{"zip_code":"8595364","prefecture":"長崎県","prefecture_kana":"ナガサキケン","city":"平戸市","city_kana":"ヒラドシ","town":"迎紐差町","town_kana":"ムカエヒモサシチョウ","prefecture_code":42},"5141":{"zip_code":"8595141","prefecture":"長崎県","prefecture_kana":"ナガサキケン","city":"平戸市","city_kana":"ヒラドシ","town":"山中町","town_kana":"ヤマナカチョウ","prefecture_code":42},"4500":{"zip_code":"8594500","prefecture":"長崎県","prefecture_kana":"ナガサキケン","city":"松浦市","city_kana":"マツウラシ","town":"","town_kana":"","prefecture_code":42},"4528":{"zip_code":"8594528","prefecture":"長崎県","prefecture_kana":"ナガサキケン","city":"松浦市","city_kana":"マツウラシ","town":"今福町浦免","town_kana":"イマフクチョウウラメン","prefecture_code":42},"4521":{"zip_code":"8594521","prefecture":"長崎県","prefecture_kana":"ナガサキケン","city":"松浦市","city_kana":"マツウラシ","town":"今福町北免","town_kana":"イマフクチョウキタメン","prefecture_code":42},"4524":{"zip_code":"8594524","prefecture":"長崎県","prefecture_kana":"ナガサキケン","city":"松浦市","city_kana":"マツウラシ","town":"今福町木場免","town_kana":"イマフクチョウコバメン","prefecture_code":42},"4526":{"zip_code":"8594526","prefecture":"長崎県","prefecture_kana":"ナガサキケン","city":"松浦市","city_kana":"マツウラシ","town":"今福町坂野免","town_kana":"イマフクチョウサカノメン","prefecture_code":42},"4525":{"zip_code":"8594525","prefecture":"長崎県","prefecture_kana":"ナガサキケン","city":"松浦市","city_kana":"マツウラシ","town":"今福町寺上免","town_kana":"イマフクチョウテラゲメン","prefecture_code":42},"4529":{"zip_code":"8594529","prefecture":"長崎県","prefecture_kana":"ナガサキケン","city":"松浦市","city_kana":"マツウラシ","town":"今福町飛島免","town_kana":"イマフクチョウトビシマメン","prefecture_code":42},"4523":{"zip_code":"8594523","prefecture":"長崎県","prefecture_kana":"ナガサキケン","city":"松浦市","city_kana":"マツウラシ","town":"今福町滑栄免","town_kana":"イマフクチョウナベルバエメン","prefecture_code":42},"4522":{"zip_code":"8594522","prefecture":"長崎県","prefecture_kana":"ナガサキケン","city":"松浦市","city_kana":"マツウラシ","town":"今福町東免","town_kana":"イマフクチョウヒガシメン","prefecture_code":42},"4527":{"zip_code":"8594527","prefecture":"長崎県","prefecture_kana":"ナガサキケン","city":"松浦市","city_kana":"マツウラシ","town":"今福町仏坂免","town_kana":"イマフクチョウホトケザカメン","prefecture_code":42},"4511":{"zip_code":"8594511","prefecture":"長崎県","prefecture_kana":"ナガサキケン","city":"松浦市","city_kana":"マツウラシ","town":"志佐町赤木免","town_kana":"シサチョウアカギメン","prefecture_code":42},"4518":{"zip_code":"8594518","prefecture":"長崎県","prefecture_kana":"ナガサキケン","city":"松浦市","city_kana":"マツウラシ","town":"志佐町池成免","town_kana":"シサチョウイケナリメン","prefecture_code":42},"4501":{"zip_code":"8594501","prefecture":"長崎県","prefecture_kana":"ナガサキケン","city":"松浦市","city_kana":"マツウラシ","town":"志佐町浦免","town_kana":"シサチョウウラメン","prefecture_code":42},"4504":{"zip_code":"8594504","prefecture":"長崎県","prefecture_kana":"ナガサキケン","city":"松浦市","city_kana":"マツウラシ","town":"志佐町栢木免","town_kana":"シサチョウカヤノキメン","prefecture_code":42},"4502":{"zip_code":"8594502","prefecture":"長崎県","prefecture_kana":"ナガサキケン","city":"松浦市","city_kana":"マツウラシ","town":"志佐町里免","town_kana":"シサチョウサトメン","prefecture_code":42},"4507":{"zip_code":"8594507","prefecture":"長崎県","prefecture_kana":"ナガサキケン","city":"松浦市","city_kana":"マツウラシ","town":"志佐町庄野免","town_kana":"シサチョウショウノメン","prefecture_code":42},"4506":{"zip_code":"8594506","prefecture":"長崎県","prefecture_kana":"ナガサキケン","city":"松浦市","city_kana":"マツウラシ","town":"志佐町白浜免","town_kana":"シサチョウシラハマメン","prefecture_code":42},"4503":{"zip_code":"8594503","prefecture":"長崎県","prefecture_kana":"ナガサキケン","city":"松浦市","city_kana":"マツウラシ","town":"志佐町高野免","town_kana":"シサチョウタカノメン","prefecture_code":42},"4513":{"zip_code":"8594513","prefecture":"長崎県","prefecture_kana":"ナガサキケン","city":"松浦市","city_kana":"マツウラシ","town":"志佐町田ノ平免","town_kana":"シサチョウタノヒラメン","prefecture_code":42},"4516":{"zip_code":"8594516","prefecture":"長崎県","prefecture_kana":"ナガサキケン","city":"松浦市","city_kana":"マツウラシ","town":"志佐町長野免","town_kana":"シサチョウナガノメン","prefecture_code":42},"4505":{"zip_code":"8594505","prefecture":"長崎県","prefecture_kana":"ナガサキケン","city":"松浦市","city_kana":"マツウラシ","town":"志佐町西山免","town_kana":"シサチョウニシヤマメン","prefecture_code":42},"4515":{"zip_code":"8594515","prefecture":"長崎県","prefecture_kana":"ナガサキケン","city":"松浦市","city_kana":"マツウラシ","town":"志佐町稗木場免","town_kana":"シサチョウヒエコバメン","prefecture_code":42},"4512":{"zip_code":"8594512","prefecture":"長崎県","prefecture_kana":"ナガサキケン","city":"松浦市","city_kana":"マツウラシ","town":"志佐町笛吹免","town_kana":"シサチョウフエフキメン","prefecture_code":42},"4514":{"zip_code":"8594514","prefecture":"長崎県","prefecture_kana":"ナガサキケン","city":"松浦市","city_kana":"マツウラシ","town":"志佐町柚木川内免","town_kana":"シサチョウユノキガワチメン","prefecture_code":42},"4517":{"zip_code":"8594517","prefecture":"長崎県","prefecture_kana":"ナガサキケン","city":"松浦市","city_kana":"マツウラシ","town":"志佐町横辺田免","town_kana":"シサチョウヨコベタメン","prefecture_code":42},"4301":{"zip_code":"8594301","prefecture":"長崎県","prefecture_kana":"ナガサキケン","city":"松浦市","city_kana":"マツウラシ","town":"鷹島町阿翁浦免","town_kana":"タカシマチョウアオウウラメン","prefecture_code":42},"4302":{"zip_code":"8594302","prefecture":"長崎県","prefecture_kana":"ナガサキケン","city":"松浦市","city_kana":"マツウラシ","town":"鷹島町阿翁免","town_kana":"タカシマチョウアオウメン","prefecture_code":42},"4309":{"zip_code":"8594309","prefecture":"長崎県","prefecture_kana":"ナガサキケン","city":"松浦市","city_kana":"マツウラシ","town":"鷹島町黒島免","town_kana":"タカシマチョウクロシマメン","prefecture_code":42},"4303":{"zip_code":"8594303","prefecture":"長崎県","prefecture_kana":"ナガサキケン","city":"松浦市","city_kana":"マツウラシ","town":"鷹島町神崎免","town_kana":"タカシマチョウコウザキメン","prefecture_code":42},"4304":{"zip_code":"8594304","prefecture":"長崎県","prefecture_kana":"ナガサキケン","city":"松浦市","city_kana":"マツウラシ","town":"鷹島町里免","town_kana":"タカシマチョウサトメン","prefecture_code":42},"4307":{"zip_code":"8594307","prefecture":"長崎県","prefecture_kana":"ナガサキケン","city":"松浦市","city_kana":"マツウラシ","town":"鷹島町三里免","town_kana":"タカシマチョウサンリメン","prefecture_code":42},"4305":{"zip_code":"8594305","prefecture":"長崎県","prefecture_kana":"ナガサキケン","city":"松浦市","city_kana":"マツウラシ","town":"鷹島町中通免","town_kana":"タカシマチョウナカドオリメン","prefecture_code":42},"4306":{"zip_code":"8594306","prefecture":"長崎県","prefecture_kana":"ナガサキケン","city":"松浦市","city_kana":"マツウラシ","town":"鷹島町原免","town_kana":"タカシマチョウハルメン","prefecture_code":42},"4308":{"zip_code":"8594308","prefecture":"長崎県","prefecture_kana":"ナガサキケン","city":"松浦市","city_kana":"マツウラシ","town":"鷹島町船唐津免","town_kana":"タカシマチョウフナトウヅメン","prefecture_code":42},"4533":{"zip_code":"8594533","prefecture":"長崎県","prefecture_kana":"ナガサキケン","city":"松浦市","city_kana":"マツウラシ","town":"調川町上免","town_kana":"ツキノカワチョウカミメン","prefecture_code":42},"4532":{"zip_code":"8594532","prefecture":"長崎県","prefecture_kana":"ナガサキケン","city":"松浦市","city_kana":"マツウラシ","town":"調川町中免","town_kana":"ツキノカワチョウナカメン","prefecture_code":42},"4536":{"zip_code":"8594536","prefecture":"長崎県","prefecture_kana":"ナガサキケン","city":"松浦市","city_kana":"マツウラシ","town":"調川町下免","town_kana":"ツキノカワチョウシモメン","prefecture_code":42},"4534":{"zip_code":"8594534","prefecture":"長崎県","prefecture_kana":"ナガサキケン","city":"松浦市","city_kana":"マツウラシ","town":"調川町白井免","town_kana":"ツキノカワチョウシライメン","prefecture_code":42},"4531":{"zip_code":"8594531","prefecture":"長崎県","prefecture_kana":"ナガサキケン","city":"松浦市","city_kana":"マツウラシ","town":"調川町平尾免","town_kana":"ツキノカワチョウヒラオメン","prefecture_code":42},"4535":{"zip_code":"8594535","prefecture":"長崎県","prefecture_kana":"ナガサキケン","city":"松浦市","city_kana":"マツウラシ","town":"調川町松山田免","town_kana":"ツキノカワチョウマツヤマダメン","prefecture_code":42},"4745":{"zip_code":"8594745","prefecture":"長崎県","prefecture_kana":"ナガサキケン","city":"松浦市","city_kana":"マツウラシ","town":"星鹿町青島免","town_kana":"ホシカチョウアオシマメン","prefecture_code":42},"4741":{"zip_code":"8594741","prefecture":"長崎県","prefecture_kana":"ナガサキケン","city":"松浦市","city_kana":"マツウラシ","town":"星鹿町北久保免","town_kana":"ホシカチョウキタクボメン","prefecture_code":42},"4743":{"zip_code":"8594743","prefecture":"長崎県","prefecture_kana":"ナガサキケン","city":"松浦市","city_kana":"マツウラシ","town":"星鹿町下田免","town_kana":"ホシカチョウシモダメン","prefecture_code":42},"4744":{"zip_code":"8594744","prefecture":"長崎県","prefecture_kana":"ナガサキケン","city":"松浦市","city_kana":"マツウラシ","town":"星鹿町岳崎免","town_kana":"ホシカチョウタケザキメン","prefecture_code":42},"4742":{"zip_code":"8594742","prefecture":"長崎県","prefecture_kana":"ナガサキケン","city":"松浦市","city_kana":"マツウラシ","town":"星鹿町牟田免","town_kana":"ホシカチョウムタメン","prefecture_code":42},"4761":[{"zip_code":"8594761","prefecture":"長崎県","prefecture_kana":"ナガサキケン","city":"松浦市","city_kana":"マツウラシ","town":"御厨町相坂免","town_kana":"ミクリヤチョウアイサカメン","prefecture_code":42},{"zip_code":"8594761","prefecture":"長崎県","prefecture_kana":"ナガサキケン","city":"松浦市","city_kana":"マツウラシ","town":"御厨町田原免","town_kana":"ミクリヤチョウタバルメン","prefecture_code":42}],"4751":{"zip_code":"8594751","prefecture":"長崎県","prefecture_kana":"ナガサキケン","city":"松浦市","city_kana":"マツウラシ","town":"御厨町池田免","town_kana":"ミクリヤチョウイケダメン","prefecture_code":42},"4777":{"zip_code":"8594777","prefecture":"長崎県","prefecture_kana":"ナガサキケン","city":"松浦市","city_kana":"マツウラシ","town":"御厨町板橋免","town_kana":"ミクリヤチョウイタバシメン","prefecture_code":42},"4758":{"zip_code":"8594758","prefecture":"長崎県","prefecture_kana":"ナガサキケン","city":"松浦市","city_kana":"マツウラシ","town":"御厨町大崎免","town_kana":"ミクリヤチョウオオサキメン","prefecture_code":42},"4773":{"zip_code":"8594773","prefecture":"長崎県","prefecture_kana":"ナガサキケン","city":"松浦市","city_kana":"マツウラシ","town":"御厨町上登木免","town_kana":"ミクリヤチョウカミノボリキメン","prefecture_code":42},"4764":{"zip_code":"8594764","prefecture":"長崎県","prefecture_kana":"ナガサキケン","city":"松浦市","city_kana":"マツウラシ","town":"御厨町狩原免","town_kana":"ミクリヤチョウカリハラメン","prefecture_code":42},"4767":{"zip_code":"8594767","prefecture":"長崎県","prefecture_kana":"ナガサキケン","city":"松浦市","city_kana":"マツウラシ","town":"御厨町川内免","town_kana":"ミクリヤチョウカワチメン","prefecture_code":42},"4754":{"zip_code":"8594754","prefecture":"長崎県","prefecture_kana":"ナガサキケン","city":"松浦市","city_kana":"マツウラシ","town":"御厨町北平免","town_kana":"ミクリヤチョウキタビラメン","prefecture_code":42},"4775":{"zip_code":"8594775","prefecture":"長崎県","prefecture_kana":"ナガサキケン","city":"松浦市","city_kana":"マツウラシ","town":"御厨町郭公尾免","town_kana":"ミクリヤチョウコッコウノオメン","prefecture_code":42},"4776":{"zip_code":"8594776","prefecture":"長崎県","prefecture_kana":"ナガサキケン","city":"松浦市","city_kana":"マツウラシ","town":"御厨町木場免","town_kana":"ミクリヤチョウコバメン","prefecture_code":42},"4762":{"zip_code":"8594762","prefecture":"長崎県","prefecture_kana":"ナガサキケン","city":"松浦市","city_kana":"マツウラシ","town":"御厨町小船免","town_kana":"ミクリヤチョウコブネメン","prefecture_code":42},"4765":{"zip_code":"8594765","prefecture":"長崎県","prefecture_kana":"ナガサキケン","city":"松浦市","city_kana":"マツウラシ","town":"御厨町米ノ山免","town_kana":"ミクリヤチョウコメノヤマメン","prefecture_code":42},"4752":{"zip_code":"8594752","prefecture":"長崎県","prefecture_kana":"ナガサキケン","city":"松浦市","city_kana":"マツウラシ","town":"御厨町里免","town_kana":"ミクリヤチョウサトメン","prefecture_code":42},"4771":{"zip_code":"8594771","prefecture":"長崎県","prefecture_kana":"ナガサキケン","city":"松浦市","city_kana":"マツウラシ","town":"御厨町下登木免","town_kana":"ミクリヤチョウシモノボリキメン","prefecture_code":42},"4757":{"zip_code":"8594757","prefecture":"長崎県","prefecture_kana":"ナガサキケン","city":"松浦市","city_kana":"マツウラシ","town":"御厨町高野免","town_kana":"ミクリヤチョウタカノメン","prefecture_code":42},"4778":{"zip_code":"8594778","prefecture":"長崎県","prefecture_kana":"ナガサキケン","city":"松浦市","city_kana":"マツウラシ","town":"御厨町田代免","town_kana":"ミクリヤチョウタシロメン","prefecture_code":42},"4774":{"zip_code":"8594774","prefecture":"長崎県","prefecture_kana":"ナガサキケン","city":"松浦市","city_kana":"マツウラシ","town":"御厨町立木免","town_kana":"ミクリヤチョウタチキメン","prefecture_code":42},"4772":{"zip_code":"8594772","prefecture":"長崎県","prefecture_kana":"ナガサキケン","city":"松浦市","city_kana":"マツウラシ","town":"御厨町寺ノ尾免","town_kana":"ミクリヤチョウテラノオメン","prefecture_code":42},"4753":{"zip_code":"8594753","prefecture":"長崎県","prefecture_kana":"ナガサキケン","city":"松浦市","city_kana":"マツウラシ","town":"御厨町中野免","town_kana":"ミクリヤチョウナカノメン","prefecture_code":42},"4769":{"zip_code":"8594769","prefecture":"長崎県","prefecture_kana":"ナガサキケン","city":"松浦市","city_kana":"マツウラシ","town":"御厨町西木場免","town_kana":"ミクリヤチョウニシコバメン","prefecture_code":42},"4768":{"zip_code":"8594768","prefecture":"長崎県","prefecture_kana":"ナガサキケン","city":"松浦市","city_kana":"マツウラシ","town":"御厨町西田免","town_kana":"ミクリヤチョウニシダメン","prefecture_code":42},"4766":{"zip_code":"8594766","prefecture":"長崎県","prefecture_kana":"ナガサキケン","city":"松浦市","city_kana":"マツウラシ","town":"御厨町普住免","town_kana":"ミクリヤチョウフジュウメン","prefecture_code":42},"4756":{"zip_code":"8594756","prefecture":"長崎県","prefecture_kana":"ナガサキケン","city":"松浦市","city_kana":"マツウラシ","town":"御厨町前田免","town_kana":"ミクリヤチョウマエダメン","prefecture_code":42},"4763":{"zip_code":"8594763","prefecture":"長崎県","prefecture_kana":"ナガサキケン","city":"松浦市","city_kana":"マツウラシ","town":"御厨町山根免","town_kana":"ミクリヤチョウヤマネメン","prefecture_code":42},"4755":{"zip_code":"8594755","prefecture":"長崎県","prefecture_kana":"ナガサキケン","city":"松浦市","city_kana":"マツウラシ","town":"御厨町横久保免","town_kana":"ミクリヤチョウヨコクボメン","prefecture_code":42},"1116":{"zip_code":"8591116","prefecture":"長崎県","prefecture_kana":"ナガサキケン","city":"雲仙市","city_kana":"ウンゼンシ","town":"吾妻町阿母名","town_kana":"アヅマチョウアボミョウ","prefecture_code":42},"1107":{"zip_code":"8591107","prefecture":"長崎県","prefecture_kana":"ナガサキケン","city":"雲仙市","city_kana":"ウンゼンシ","town":"吾妻町牛口名","town_kana":"アヅマチョウウシグチミョウ","prefecture_code":42},"1115":{"zip_code":"8591115","prefecture":"長崎県","prefecture_kana":"ナガサキケン","city":"雲仙市","city_kana":"ウンゼンシ","town":"吾妻町永中名","town_kana":"アヅマチョウエイチュウミョウ","prefecture_code":42},"1106":{"zip_code":"8591106","prefecture":"長崎県","prefecture_kana":"ナガサキケン","city":"雲仙市","city_kana":"ウンゼンシ","town":"吾妻町大木場名","town_kana":"アヅマチョウオオコバミョウ","prefecture_code":42},"1114":{"zip_code":"8591114","prefecture":"長崎県","prefecture_kana":"ナガサキケン","city":"雲仙市","city_kana":"ウンゼンシ","town":"吾妻町川床名","town_kana":"アヅマチョウカワトコミョウ","prefecture_code":42},"1112":{"zip_code":"8591112","prefecture":"長崎県","prefecture_kana":"ナガサキケン","city":"雲仙市","city_kana":"ウンゼンシ","town":"吾妻町栗林名","town_kana":"アヅマチョウクリバヤシミョウ","prefecture_code":42},"1102":{"zip_code":"8591102","prefecture":"長崎県","prefecture_kana":"ナガサキケン","city":"雲仙市","city_kana":"ウンゼンシ","town":"吾妻町木場名","town_kana":"アヅマチョウコバミョウ","prefecture_code":42},"1105":{"zip_code":"8591105","prefecture":"長崎県","prefecture_kana":"ナガサキケン","city":"雲仙市","city_kana":"ウンゼンシ","town":"吾妻町田之平名","town_kana":"アヅマチョウタノヒラミョウ","prefecture_code":42},"1113":{"zip_code":"8591113","prefecture":"長崎県","prefecture_kana":"ナガサキケン","city":"雲仙市","city_kana":"ウンゼンシ","town":"吾妻町布江名","town_kana":"アヅマチョウヌノエミョウ","prefecture_code":42},"1111":{"zip_code":"8591111","prefecture":"長崎県","prefecture_kana":"ナガサキケン","city":"雲仙市","city_kana":"ウンゼンシ","town":"吾妻町馬場名","town_kana":"アヅマチョウババミョウ","prefecture_code":42},"1103":{"zip_code":"8591103","prefecture":"長崎県","prefecture_kana":"ナガサキケン","city":"雲仙市","city_kana":"ウンゼンシ","town":"吾妻町平江名","town_kana":"アヅマチョウヒラエミョウ","prefecture_code":42},"1104":{"zip_code":"8591104","prefecture":"長崎県","prefecture_kana":"ナガサキケン","city":"雲仙市","city_kana":"ウンゼンシ","town":"吾妻町古城名","town_kana":"アヅマチョウフルシロミョウ","prefecture_code":42},"1101":{"zip_code":"8591101","prefecture":"長崎県","prefecture_kana":"ナガサキケン","city":"雲仙市","city_kana":"ウンゼンシ","town":"吾妻町本村名","town_kana":"アヅマチョウモトムラミョウ","prefecture_code":42},"1302":{"zip_code":"8591302","prefecture":"長崎県","prefecture_kana":"ナガサキケン","city":"雲仙市","city_kana":"ウンゼンシ","town":"国見町神代乙","town_kana":"クニミチョウコウジロオツ","prefecture_code":42},"1306":{"zip_code":"8591306","prefecture":"長崎県","prefecture_kana":"ナガサキケン","city":"雲仙市","city_kana":"ウンゼンシ","town":"国見町神代己","town_kana":"クニミチョウコウジロキ","prefecture_code":42},"1301":{"zip_code":"8591301","prefecture":"長崎県","prefecture_kana":"ナガサキケン","city":"雲仙市","city_kana":"ウンゼンシ","town":"国見町神代甲","town_kana":"クニミチョウコウジロコウ","prefecture_code":42},"1307":{"zip_code":"8591307","prefecture":"長崎県","prefecture_kana":"ナガサキケン","city":"雲仙市","city_kana":"ウンゼンシ","town":"国見町神代庚","town_kana":"クニミチョウコウジロコウ","prefecture_code":42},"1308":{"zip_code":"8591308","prefecture":"長崎県","prefecture_kana":"ナガサキケン","city":"雲仙市","city_kana":"ウンゼンシ","town":"国見町神代辛","town_kana":"クニミチョウコウジロシン","prefecture_code":42},"1304":{"zip_code":"8591304","prefecture":"長崎県","prefecture_kana":"ナガサキケン","city":"雲仙市","city_kana":"ウンゼンシ","town":"国見町神代丁","town_kana":"クニミチョウコウジロテイ","prefecture_code":42},"1303":{"zip_code":"8591303","prefecture":"長崎県","prefecture_kana":"ナガサキケン","city":"雲仙市","city_kana":"ウンゼンシ","town":"国見町神代丙","town_kana":"クニミチョウコウジロヘイ","prefecture_code":42},"1305":{"zip_code":"8591305","prefecture":"長崎県","prefecture_kana":"ナガサキケン","city":"雲仙市","city_kana":"ウンゼンシ","town":"国見町神代戊","town_kana":"クニミチョウコウジロボ","prefecture_code":42},"1322":{"zip_code":"8591322","prefecture":"長崎県","prefecture_kana":"ナガサキケン","city":"雲仙市","city_kana":"ウンゼンシ","town":"国見町多比良乙","town_kana":"クニミチョウタイラオツ","prefecture_code":42},"1321":{"zip_code":"8591321","prefecture":"長崎県","prefecture_kana":"ナガサキケン","city":"雲仙市","city_kana":"ウンゼンシ","town":"国見町多比良甲","town_kana":"クニミチョウタイラコウ","prefecture_code":42},"1324":{"zip_code":"8591324","prefecture":"長崎県","prefecture_kana":"ナガサキケン","city":"雲仙市","city_kana":"ウンゼンシ","town":"国見町多比良丁","town_kana":"クニミチョウタイラテイ","prefecture_code":42},"1323":{"zip_code":"8591323","prefecture":"長崎県","prefecture_kana":"ナガサキケン","city":"雲仙市","city_kana":"ウンゼンシ","town":"国見町多比良丙","town_kana":"クニミチョウタイラヘイ","prefecture_code":42},"1325":{"zip_code":"8591325","prefecture":"長崎県","prefecture_kana":"ナガサキケン","city":"雲仙市","city_kana":"ウンゼンシ","town":"国見町多比良戊","town_kana":"クニミチョウタイラボ","prefecture_code":42},"1312":{"zip_code":"8591312","prefecture":"長崎県","prefecture_kana":"ナガサキケン","city":"雲仙市","city_kana":"ウンゼンシ","town":"国見町土黒乙","town_kana":"クニミチョウヒジクロオツ","prefecture_code":42},"1316":{"zip_code":"8591316","prefecture":"長崎県","prefecture_kana":"ナガサキケン","city":"雲仙市","city_kana":"ウンゼンシ","town":"国見町土黒己","town_kana":"クニミチョウヒジクロキ","prefecture_code":42},"1311":{"zip_code":"8591311","prefecture":"長崎県","prefecture_kana":"ナガサキケン","city":"雲仙市","city_kana":"ウンゼンシ","town":"国見町土黒甲","town_kana":"クニミチョウヒジクロコウ","prefecture_code":42},"1317":{"zip_code":"8591317","prefecture":"長崎県","prefecture_kana":"ナガサキケン","city":"雲仙市","city_kana":"ウンゼンシ","town":"国見町土黒庚","town_kana":"クニミチョウヒジクロコウ","prefecture_code":42},"1314":{"zip_code":"8591314","prefecture":"長崎県","prefecture_kana":"ナガサキケン","city":"雲仙市","city_kana":"ウンゼンシ","town":"国見町土黒丁","town_kana":"クニミチョウヒジクロテイ","prefecture_code":42},"1313":{"zip_code":"8591313","prefecture":"長崎県","prefecture_kana":"ナガサキケン","city":"雲仙市","city_kana":"ウンゼンシ","town":"国見町土黒丙","town_kana":"クニミチョウヒジクロヘイ","prefecture_code":42},"1315":{"zip_code":"8591315","prefecture":"長崎県","prefecture_kana":"ナガサキケン","city":"雲仙市","city_kana":"ウンゼンシ","town":"国見町土黒戊","town_kana":"クニミチョウヒジクロボ","prefecture_code":42},"1214":{"zip_code":"8591214","prefecture":"長崎県","prefecture_kana":"ナガサキケン","city":"雲仙市","city_kana":"ウンゼンシ","town":"瑞穂町伊福乙","town_kana":"ミズホチョウイフクオツ","prefecture_code":42},"1213":{"zip_code":"8591213","prefecture":"長崎県","prefecture_kana":"ナガサキケン","city":"雲仙市","city_kana":"ウンゼンシ","town":"瑞穂町伊福甲","town_kana":"ミズホチョウイフクコウ","prefecture_code":42},"1216":{"zip_code":"8591216","prefecture":"長崎県","prefecture_kana":"ナガサキケン","city":"雲仙市","city_kana":"ウンゼンシ","town":"瑞穂町古部乙","town_kana":"ミズホチョウコベオツ","prefecture_code":42},"1215":{"zip_code":"8591215","prefecture":"長崎県","prefecture_kana":"ナガサキケン","city":"雲仙市","city_kana":"ウンゼンシ","town":"瑞穂町古部甲","town_kana":"ミズホチョウコベコウ","prefecture_code":42},"1203":{"zip_code":"8591203","prefecture":"長崎県","prefecture_kana":"ナガサキケン","city":"雲仙市","city_kana":"ウンゼンシ","town":"瑞穂町西郷乙","town_kana":"ミズホチョウサイゴウオツ","prefecture_code":42},"1212":{"zip_code":"8591212","prefecture":"長崎県","prefecture_kana":"ナガサキケン","city":"雲仙市","city_kana":"ウンゼンシ","town":"瑞穂町西郷己","town_kana":"ミズホチョウサイゴウキ","prefecture_code":42},"1202":{"zip_code":"8591202","prefecture":"長崎県","prefecture_kana":"ナガサキケン","city":"雲仙市","city_kana":"ウンゼンシ","town":"瑞穂町西郷甲","town_kana":"ミズホチョウサイゴウコウ","prefecture_code":42},"1201":{"zip_code":"8591201","prefecture":"長崎県","prefecture_kana":"ナガサキケン","city":"雲仙市","city_kana":"ウンゼンシ","town":"瑞穂町西郷庚","town_kana":"ミズホチョウサイゴウコウ","prefecture_code":42},"1206":{"zip_code":"8591206","prefecture":"長崎県","prefecture_kana":"ナガサキケン","city":"雲仙市","city_kana":"ウンゼンシ","town":"瑞穂町西郷辛","town_kana":"ミズホチョウサイゴウシン","prefecture_code":42},"1205":{"zip_code":"8591205","prefecture":"長崎県","prefecture_kana":"ナガサキケン","city":"雲仙市","city_kana":"ウンゼンシ","town":"瑞穂町西郷丁","town_kana":"ミズホチョウサイゴウテイ","prefecture_code":42},"1204":{"zip_code":"8591204","prefecture":"長崎県","prefecture_kana":"ナガサキケン","city":"雲仙市","city_kana":"ウンゼンシ","town":"瑞穂町西郷丙","town_kana":"ミズホチョウサイゴウヘイ","prefecture_code":42},"1211":{"zip_code":"8591211","prefecture":"長崎県","prefecture_kana":"ナガサキケン","city":"雲仙市","city_kana":"ウンゼンシ","town":"瑞穂町西郷戊","town_kana":"ミズホチョウサイゴウボ","prefecture_code":42},"2600":{"zip_code":"8592600","prefecture":"長崎県","prefecture_kana":"ナガサキケン","city":"南島原市","city_kana":"ミナミシマバラシ","town":"","town_kana":"","prefecture_code":42},"2121":{"zip_code":"8592121","prefecture":"長崎県","prefecture_kana":"ナガサキケン","city":"南島原市","city_kana":"ミナミシマバラシ","town":"有家町石田","town_kana":"アリエチョウイシダ","prefecture_code":42},"2122":{"zip_code":"8592122","prefecture":"長崎県","prefecture_kana":"ナガサキケン","city":"南島原市","city_kana":"ミナミシマバラシ","town":"有家町大苑","town_kana":"アリエチョウオオゾノ","prefecture_code":42},"2203":{"zip_code":"8592203","prefecture":"長崎県","prefecture_kana":"ナガサキケン","city":"南島原市","city_kana":"ミナミシマバラシ","town":"有家町尾上","town_kana":"アリエチョウオノウエ","prefecture_code":42},"2204":{"zip_code":"8592204","prefecture":"長崎県","prefecture_kana":"ナガサキケン","city":"南島原市","city_kana":"ミナミシマバラシ","town":"有家町蒲河","town_kana":"アリエチョウカマガ","prefecture_code":42},"2201":{"zip_code":"8592201","prefecture":"長崎県","prefecture_kana":"ナガサキケン","city":"南島原市","city_kana":"ミナミシマバラシ","town":"有家町久保","town_kana":"アリエチョウクボ","prefecture_code":42},"2205":{"zip_code":"8592205","prefecture":"長崎県","prefecture_kana":"ナガサキケン","city":"南島原市","city_kana":"ミナミシマバラシ","town":"有家町小川","town_kana":"アリエチョウコガワ","prefecture_code":42},"2206":{"zip_code":"8592206","prefecture":"長崎県","prefecture_kana":"ナガサキケン","city":"南島原市","city_kana":"ミナミシマバラシ","town":"有家町中須川","town_kana":"アリエチョウナカスカワ","prefecture_code":42},"2123":{"zip_code":"8592123","prefecture":"長崎県","prefecture_kana":"ナガサキケン","city":"南島原市","city_kana":"ミナミシマバラシ","town":"有家町原尾","town_kana":"アリエチョウハラオ","prefecture_code":42},"2202":{"zip_code":"8592202","prefecture":"長崎県","prefecture_kana":"ナガサキケン","city":"南島原市","city_kana":"ミナミシマバラシ","town":"有家町山川","town_kana":"アリエチョウヤマガワ","prefecture_code":42},"2605":{"zip_code":"8592605","prefecture":"長崎県","prefecture_kana":"ナガサキケン","city":"南島原市","city_kana":"ミナミシマバラシ","town":"加津佐町乙","town_kana":"カヅサチョウオツ","prefecture_code":42},"2601":{"zip_code":"8592601","prefecture":"長崎県","prefecture_kana":"ナガサキケン","city":"南島原市","city_kana":"ミナミシマバラシ","town":"加津佐町己","town_kana":"カヅサチョウキ","prefecture_code":42},"2606":{"zip_code":"8592606","prefecture":"長崎県","prefecture_kana":"ナガサキケン","city":"南島原市","city_kana":"ミナミシマバラシ","town":"加津佐町甲","town_kana":"カヅサチョウコウ","prefecture_code":42},"2603":{"zip_code":"8592603","prefecture":"長崎県","prefecture_kana":"ナガサキケン","city":"南島原市","city_kana":"ミナミシマバラシ","town":"加津佐町丁","town_kana":"カヅサチョウテイ","prefecture_code":42},"2604":{"zip_code":"8592604","prefecture":"長崎県","prefecture_kana":"ナガサキケン","city":"南島原市","city_kana":"ミナミシマバラシ","town":"加津佐町丙","town_kana":"カヅサチョウヘイ","prefecture_code":42},"2602":{"zip_code":"8592602","prefecture":"長崎県","prefecture_kana":"ナガサキケン","city":"南島原市","city_kana":"ミナミシマバラシ","town":"加津佐町戊","town_kana":"カヅサチョウボ","prefecture_code":42},"2302":{"zip_code":"8592302","prefecture":"長崎県","prefecture_kana":"ナガサキケン","city":"南島原市","city_kana":"ミナミシマバラシ","town":"北有馬町乙","town_kana":"キタアリマチョウオツ","prefecture_code":42},"2306":{"zip_code":"8592306","prefecture":"長崎県","prefecture_kana":"ナガサキケン","city":"南島原市","city_kana":"ミナミシマバラシ","town":"北有馬町己","town_kana":"キタアリマチョウキ","prefecture_code":42},"2301":{"zip_code":"8592301","prefecture":"長崎県","prefecture_kana":"ナガサキケン","city":"南島原市","city_kana":"ミナミシマバラシ","town":"北有馬町甲","town_kana":"キタアリマチョウコウ","prefecture_code":42},"2304":{"zip_code":"8592304","prefecture":"長崎県","prefecture_kana":"ナガサキケン","city":"南島原市","city_kana":"ミナミシマバラシ","town":"北有馬町丁","town_kana":"キタアリマチョウテイ","prefecture_code":42},"2303":{"zip_code":"8592303","prefecture":"長崎県","prefecture_kana":"ナガサキケン","city":"南島原市","city_kana":"ミナミシマバラシ","town":"北有馬町丙","town_kana":"キタアリマチョウヘイ","prefecture_code":42},"2305":{"zip_code":"8592305","prefecture":"長崎県","prefecture_kana":"ナガサキケン","city":"南島原市","city_kana":"ミナミシマバラシ","town":"北有馬町戊","town_kana":"キタアリマチョウボ","prefecture_code":42},"2501":{"zip_code":"8592501","prefecture":"長崎県","prefecture_kana":"ナガサキケン","city":"南島原市","city_kana":"ミナミシマバラシ","town":"口之津町乙","town_kana":"クチノツチョウオツ","prefecture_code":42},"2502":{"zip_code":"8592502","prefecture":"長崎県","prefecture_kana":"ナガサキケン","city":"南島原市","city_kana":"ミナミシマバラシ","town":"口之津町甲","town_kana":"クチノツチョウコウ","prefecture_code":42},"2503":{"zip_code":"8592503","prefecture":"長崎県","prefecture_kana":"ナガサキケン","city":"南島原市","city_kana":"ミナミシマバラシ","town":"口之津町丁","town_kana":"クチノツチョウテイ","prefecture_code":42},"2504":{"zip_code":"8592504","prefecture":"長崎県","prefecture_kana":"ナガサキケン","city":"南島原市","city_kana":"ミナミシマバラシ","town":"口之津町丙","town_kana":"クチノツチョウヘイ","prefecture_code":42},"2211":{"zip_code":"8592211","prefecture":"長崎県","prefecture_kana":"ナガサキケン","city":"南島原市","city_kana":"ミナミシマバラシ","town":"西有家町里坊","town_kana":"ニシアリエチョウサトボウ","prefecture_code":42},"2214":{"zip_code":"8592214","prefecture":"長崎県","prefecture_kana":"ナガサキケン","city":"南島原市","city_kana":"ミナミシマバラシ","town":"西有家町慈恩寺","town_kana":"ニシアリエチョウジオンジ","prefecture_code":42},"2212":{"zip_code":"8592212","prefecture":"長崎県","prefecture_kana":"ナガサキケン","city":"南島原市","city_kana":"ミナミシマバラシ","town":"西有家町須川","town_kana":"ニシアリエチョウスカワ","prefecture_code":42},"2216":{"zip_code":"8592216","prefecture":"長崎県","prefecture_kana":"ナガサキケン","city":"南島原市","city_kana":"ミナミシマバラシ","town":"西有家町龍石","town_kana":"ニシアリエチョウタツイシ","prefecture_code":42},"2215":{"zip_code":"8592215","prefecture":"長崎県","prefecture_kana":"ナガサキケン","city":"南島原市","city_kana":"ミナミシマバラシ","town":"西有家町長野","town_kana":"ニシアリエチョウナガノ","prefecture_code":42},"2213":{"zip_code":"8592213","prefecture":"長崎県","prefecture_kana":"ナガサキケン","city":"南島原市","city_kana":"ミナミシマバラシ","town":"西有家町見岳","town_kana":"ニシアリエチョウミダケ","prefecture_code":42},"1502":{"zip_code":"8591502","prefecture":"長崎県","prefecture_kana":"ナガサキケン","city":"南島原市","city_kana":"ミナミシマバラシ","town":"深江町乙","town_kana":"フカエチョウオツ","prefecture_code":42},"1501":{"zip_code":"8591501","prefecture":"長崎県","prefecture_kana":"ナガサキケン","city":"南島原市","city_kana":"ミナミシマバラシ","town":"深江町甲","town_kana":"フカエチョウコウ","prefecture_code":42},"1504":{"zip_code":"8591504","prefecture":"長崎県","prefecture_kana":"ナガサキケン","city":"南島原市","city_kana":"ミナミシマバラシ","town":"深江町丁","town_kana":"フカエチョウテイ","prefecture_code":42},"1503":{"zip_code":"8591503","prefecture":"長崎県","prefecture_kana":"ナガサキケン","city":"南島原市","city_kana":"ミナミシマバラシ","town":"深江町丙","town_kana":"フカエチョウヘイ","prefecture_code":42},"1505":{"zip_code":"8591505","prefecture":"長崎県","prefecture_kana":"ナガサキケン","city":"南島原市","city_kana":"ミナミシマバラシ","town":"深江町戊","town_kana":"フカエチョウボ","prefecture_code":42},"2112":{"zip_code":"8592112","prefecture":"長崎県","prefecture_kana":"ナガサキケン","city":"南島原市","city_kana":"ミナミシマバラシ","town":"布津町乙","town_kana":"フツチョウオツ","prefecture_code":42},"2111":{"zip_code":"8592111","prefecture":"長崎県","prefecture_kana":"ナガサキケン","city":"南島原市","city_kana":"ミナミシマバラシ","town":"布津町甲","town_kana":"フツチョウコウ","prefecture_code":42},"2113":{"zip_code":"8592113","prefecture":"長崎県","prefecture_kana":"ナガサキケン","city":"南島原市","city_kana":"ミナミシマバラシ","town":"布津町丙","town_kana":"フツチョウヘイ","prefecture_code":42},"2412":{"zip_code":"8592412","prefecture":"長崎県","prefecture_kana":"ナガサキケン","city":"南島原市","city_kana":"ミナミシマバラシ","town":"南有馬町乙","town_kana":"ミナミアリマチョウオツ","prefecture_code":42},"2316":{"zip_code":"8592316","prefecture":"長崎県","prefecture_kana":"ナガサキケン","city":"南島原市","city_kana":"ミナミシマバラシ","town":"南有馬町己古園轟河","town_kana":"ミナミアリマチョウキフルゾノトロツゴ","prefecture_code":42},"2416":{"zip_code":"8592416","prefecture":"長崎県","prefecture_kana":"ナガサキケン","city":"南島原市","city_kana":"ミナミシマバラシ","town":"南有馬町己","town_kana":"ミナミアリマチョウキ","prefecture_code":42},"2411":{"zip_code":"8592411","prefecture":"長崎県","prefecture_kana":"ナガサキケン","city":"南島原市","city_kana":"ミナミシマバラシ","town":"南有馬町甲","town_kana":"ミナミアリマチョウコウ","prefecture_code":42},"2414":{"zip_code":"8592414","prefecture":"長崎県","prefecture_kana":"ナガサキケン","city":"南島原市","city_kana":"ミナミシマバラシ","town":"南有馬町丁","town_kana":"ミナミアリマチョウテイ","prefecture_code":42},"2413":{"zip_code":"8592413","prefecture":"長崎県","prefecture_kana":"ナガサキケン","city":"南島原市","city_kana":"ミナミシマバラシ","town":"南有馬町丙","town_kana":"ミナミアリマチョウヘイ","prefecture_code":42},"2415":{"zip_code":"8592415","prefecture":"長崎県","prefecture_kana":"ナガサキケン","city":"南島原市","city_kana":"ミナミシマバラシ","town":"南有馬町戊","town_kana":"ミナミアリマチョウボ","prefecture_code":42},"3800":{"zip_code":"8593800","prefecture":"長崎県","prefecture_kana":"ナガサキケン","city":"東彼杵郡東彼杵町","city_kana":"ヒガシソノギグンヒガシソノギチョウ","town":"","town_kana":"","prefecture_code":42},"3811":{"zip_code":"8593811","prefecture":"長崎県","prefecture_kana":"ナガサキケン","city":"東彼杵郡東彼杵町","city_kana":"ヒガシソノギグンヒガシソノギチョウ","town":"大音琴郷","town_kana":"オオネゴトゴウ","prefecture_code":42},"3926":{"zip_code":"8593926","prefecture":"長崎県","prefecture_kana":"ナガサキケン","city":"東彼杵郡東彼杵町","city_kana":"ヒガシソノギグンヒガシソノギチョウ","town":"蕪郷","town_kana":"カブラゴウ","prefecture_code":42},"3805":{"zip_code":"8593805","prefecture":"長崎県","prefecture_kana":"ナガサキケン","city":"東彼杵郡東彼杵町","city_kana":"ヒガシソノギグンヒガシソノギチョウ","town":"川内郷","town_kana":"カワチゴウ","prefecture_code":42},"3809":{"zip_code":"8593809","prefecture":"長崎県","prefecture_kana":"ナガサキケン","city":"東彼杵郡東彼杵町","city_kana":"ヒガシソノギグンヒガシソノギチョウ","town":"口木田郷","town_kana":"クチキダゴウ","prefecture_code":42},"3808":{"zip_code":"8593808","prefecture":"長崎県","prefecture_kana":"ナガサキケン","city":"東彼杵郡東彼杵町","city_kana":"ヒガシソノギグンヒガシソノギチョウ","town":"蔵本郷","town_kana":"クラモトゴウ","prefecture_code":42},"3812":{"zip_code":"8593812","prefecture":"長崎県","prefecture_kana":"ナガサキケン","city":"東彼杵郡東彼杵町","city_kana":"ヒガシソノギグンヒガシソノギチョウ","town":"小音琴郷","town_kana":"コネゴトゴウ","prefecture_code":42},"3931":{"zip_code":"8593931","prefecture":"長崎県","prefecture_kana":"ナガサキケン","city":"東彼杵郡東彼杵町","city_kana":"ヒガシソノギグンヒガシソノギチョウ","town":"木場郷","town_kana":"コバゴウ","prefecture_code":42},"3802":{"zip_code":"8593802","prefecture":"長崎県","prefecture_kana":"ナガサキケン","city":"東彼杵郡東彼杵町","city_kana":"ヒガシソノギグンヒガシソノギチョウ","town":"坂本郷","town_kana":"サカモトゴウ","prefecture_code":42},"3929":{"zip_code":"8593929","prefecture":"長崎県","prefecture_kana":"ナガサキケン","city":"東彼杵郡東彼杵町","city_kana":"ヒガシソノギグンヒガシソノギチョウ","town":"里郷","town_kana":"サトゴウ","prefecture_code":42},"3803":{"zip_code":"8593803","prefecture":"長崎県","prefecture_kana":"ナガサキケン","city":"東彼杵郡東彼杵町","city_kana":"ヒガシソノギグンヒガシソノギチョウ","town":"菅無田郷","town_kana":"スガムタゴウ","prefecture_code":42},"3923":{"zip_code":"8593923","prefecture":"長崎県","prefecture_kana":"ナガサキケン","city":"東彼杵郡東彼杵町","city_kana":"ヒガシソノギグンヒガシソノギチョウ","town":"瀬戸郷","town_kana":"セトゴウ","prefecture_code":42},"3807":{"zip_code":"8593807","prefecture":"長崎県","prefecture_kana":"ナガサキケン","city":"東彼杵郡東彼杵町","city_kana":"ヒガシソノギグンヒガシソノギチョウ","town":"彼杵宿郷","town_kana":"ソノギシュクゴウ","prefecture_code":42},"3927":{"zip_code":"8593927","prefecture":"長崎県","prefecture_kana":"ナガサキケン","city":"東彼杵郡東彼杵町","city_kana":"ヒガシソノギグンヒガシソノギチョウ","town":"駄地郷","town_kana":"ダジゴウ","prefecture_code":42},"3924":{"zip_code":"8593924","prefecture":"長崎県","prefecture_kana":"ナガサキケン","city":"東彼杵郡東彼杵町","city_kana":"ヒガシソノギグンヒガシソノギチョウ","town":"太ノ浦郷","town_kana":"タノウラゴウ","prefecture_code":42},"3921":{"zip_code":"8593921","prefecture":"長崎県","prefecture_kana":"ナガサキケン","city":"東彼杵郡東彼杵町","city_kana":"ヒガシソノギグンヒガシソノギチョウ","town":"千綿宿郷","town_kana":"チワタシュクゴウ","prefecture_code":42},"3932":{"zip_code":"8593932","prefecture":"長崎県","prefecture_kana":"ナガサキケン","city":"東彼杵郡東彼杵町","city_kana":"ヒガシソノギグンヒガシソノギチョウ","town":"遠目郷","town_kana":"トオメゴウ","prefecture_code":42},"3801":{"zip_code":"8593801","prefecture":"長崎県","prefecture_kana":"ナガサキケン","city":"東彼杵郡東彼杵町","city_kana":"ヒガシソノギグンヒガシソノギチョウ","town":"中尾郷","town_kana":"ナカオゴウ","prefecture_code":42},"3925":{"zip_code":"8593925","prefecture":"長崎県","prefecture_kana":"ナガサキケン","city":"東彼杵郡東彼杵町","city_kana":"ヒガシソノギグンヒガシソノギチョウ","town":"中岳郷","town_kana":"ナカタケゴウ","prefecture_code":42},"3922":{"zip_code":"8593922","prefecture":"長崎県","prefecture_kana":"ナガサキケン","city":"東彼杵郡東彼杵町","city_kana":"ヒガシソノギグンヒガシソノギチョウ","town":"八反田郷","town_kana":"ハチタンダゴウ","prefecture_code":42},"3933":{"zip_code":"8593933","prefecture":"長崎県","prefecture_kana":"ナガサキケン","city":"東彼杵郡東彼杵町","city_kana":"ヒガシソノギグンヒガシソノギチョウ","town":"一ッ石郷","town_kana":"ヒトツイシゴウ","prefecture_code":42},"3928":{"zip_code":"8593928","prefecture":"長崎県","prefecture_kana":"ナガサキケン","city":"東彼杵郡東彼杵町","city_kana":"ヒガシソノギグンヒガシソノギチョウ","town":"平似田郷","town_kana":"ヒラニタゴウ","prefecture_code":42},"3804":{"zip_code":"8593804","prefecture":"長崎県","prefecture_kana":"ナガサキケン","city":"東彼杵郡東彼杵町","city_kana":"ヒガシソノギグンヒガシソノギチョウ","town":"法音寺郷","town_kana":"ホウオンジゴウ","prefecture_code":42},"3806":{"zip_code":"8593806","prefecture":"長崎県","prefecture_kana":"ナガサキケン","city":"東彼杵郡東彼杵町","city_kana":"ヒガシソノギグンヒガシソノギチョウ","town":"三根郷","town_kana":"ミネゴウ","prefecture_code":42},"3600":{"zip_code":"8593600","prefecture":"長崎県","prefecture_kana":"ナガサキケン","city":"東彼杵郡川棚町","city_kana":"ヒガシソノギグンカワタナチョウ","town":"","town_kana":"","prefecture_code":42},"3604":{"zip_code":"8593604","prefecture":"長崎県","prefecture_kana":"ナガサキケン","city":"東彼杵郡川棚町","city_kana":"ヒガシソノギグンカワタナチョウ","town":"石木郷","town_kana":"イシキゴウ","prefecture_code":42},"3601":{"zip_code":"8593601","prefecture":"長崎県","prefecture_kana":"ナガサキケン","city":"東彼杵郡川棚町","city_kana":"ヒガシソノギグンカワタナチョウ","town":"猪乗川内郷","town_kana":"イノリゴウチゴウ","prefecture_code":42},"3603":{"zip_code":"8593603","prefecture":"長崎県","prefecture_kana":"ナガサキケン","city":"東彼杵郡川棚町","city_kana":"ヒガシソノギグンカワタナチョウ","town":"岩屋郷","town_kana":"イワヤゴウ","prefecture_code":42},"3618":{"zip_code":"8593618","prefecture":"長崎県","prefecture_kana":"ナガサキケン","city":"東彼杵郡川棚町","city_kana":"ヒガシソノギグンカワタナチョウ","town":"小串郷","town_kana":"オグシゴウ","prefecture_code":42},"3613":{"zip_code":"8593613","prefecture":"長崎県","prefecture_kana":"ナガサキケン","city":"東彼杵郡川棚町","city_kana":"ヒガシソノギグンカワタナチョウ","town":"上組郷","town_kana":"カミグミゴウ","prefecture_code":42},"3612":{"zip_code":"8593612","prefecture":"長崎県","prefecture_kana":"ナガサキケン","city":"東彼杵郡川棚町","city_kana":"ヒガシソノギグンカワタナチョウ","town":"五反田郷","town_kana":"ゴタンダゴウ","prefecture_code":42},"3606":{"zip_code":"8593606","prefecture":"長崎県","prefecture_kana":"ナガサキケン","city":"東彼杵郡川棚町","city_kana":"ヒガシソノギグンカワタナチョウ","town":"小音琴郷","town_kana":"コネゴトゴウ","prefecture_code":42},"3602":{"zip_code":"8593602","prefecture":"長崎県","prefecture_kana":"ナガサキケン","city":"東彼杵郡川棚町","city_kana":"ヒガシソノギグンカワタナチョウ","town":"木場郷","town_kana":"コバゴウ","prefecture_code":42},"3608":{"zip_code":"8593608","prefecture":"長崎県","prefecture_kana":"ナガサキケン","city":"東彼杵郡川棚町","city_kana":"ヒガシソノギグンカワタナチョウ","town":"栄町","town_kana":"サカエマチ","prefecture_code":42},"3615":{"zip_code":"8593615","prefecture":"長崎県","prefecture_kana":"ナガサキケン","city":"東彼杵郡川棚町","city_kana":"ヒガシソノギグンカワタナチョウ","town":"下組郷","town_kana":"シモグミゴウ","prefecture_code":42},"3616":{"zip_code":"8593616","prefecture":"長崎県","prefecture_kana":"ナガサキケン","city":"東彼杵郡川棚町","city_kana":"ヒガシソノギグンカワタナチョウ","town":"白石郷","town_kana":"シロイシゴウ","prefecture_code":42},"3607":{"zip_code":"8593607","prefecture":"長崎県","prefecture_kana":"ナガサキケン","city":"東彼杵郡川棚町","city_kana":"ヒガシソノギグンカワタナチョウ","town":"城山町","town_kana":"シロヤマチョウ","prefecture_code":42},"3619":{"zip_code":"8593619","prefecture":"長崎県","prefecture_kana":"ナガサキケン","city":"東彼杵郡川棚町","city_kana":"ヒガシソノギグンカワタナチョウ","town":"新谷郷","town_kana":"シンガエゴウ","prefecture_code":42},"3614":{"zip_code":"8593614","prefecture":"長崎県","prefecture_kana":"ナガサキケン","city":"東彼杵郡川棚町","city_kana":"ヒガシソノギグンカワタナチョウ","town":"中組郷","town_kana":"ナカグミゴウ","prefecture_code":42},"3611":{"zip_code":"8593611","prefecture":"長崎県","prefecture_kana":"ナガサキケン","city":"東彼杵郡川棚町","city_kana":"ヒガシソノギグンカワタナチョウ","town":"中山郷","town_kana":"ナカヤマゴウ","prefecture_code":42},"3617":{"zip_code":"8593617","prefecture":"長崎県","prefecture_kana":"ナガサキケン","city":"東彼杵郡川棚町","city_kana":"ヒガシソノギグンカワタナチョウ","town":"三越郷","town_kana":"ミツゴエゴウ","prefecture_code":42},"3605":{"zip_code":"8593605","prefecture":"長崎県","prefecture_kana":"ナガサキケン","city":"東彼杵郡川棚町","city_kana":"ヒガシソノギグンカワタナチョウ","town":"百津郷","town_kana":"モモヅゴウ","prefecture_code":42},"3700":{"zip_code":"8593700","prefecture":"長崎県","prefecture_kana":"ナガサキケン","city":"東彼杵郡波佐見町","city_kana":"ヒガシソノギグンハサミチョウ","town":"","town_kana":"","prefecture_code":42},"3711":{"zip_code":"8593711","prefecture":"長崎県","prefecture_kana":"ナガサキケン","city":"東彼杵郡波佐見町","city_kana":"ヒガシソノギグンハサミチョウ","town":"井石郷","town_kana":"イセキゴウ","prefecture_code":42},"3713":{"zip_code":"8593713","prefecture":"長崎県","prefecture_kana":"ナガサキケン","city":"東彼杵郡波佐見町","city_kana":"ヒガシソノギグンハサミチョウ","town":"鬼木郷","town_kana":"オニギゴウ","prefecture_code":42},"3701":{"zip_code":"8593701","prefecture":"長崎県","prefecture_kana":"ナガサキケン","city":"東彼杵郡波佐見町","city_kana":"ヒガシソノギグンハサミチョウ","town":"折敷瀬郷","town_kana":"オリシキセゴウ","prefecture_code":42},"3714":{"zip_code":"8593714","prefecture":"長崎県","prefecture_kana":"ナガサキケン","city":"東彼杵郡波佐見町","city_kana":"ヒガシソノギグンハサミチョウ","town":"金屋郷","town_kana":"カナヤゴウ","prefecture_code":42},"3721":{"zip_code":"8593721","prefecture":"長崎県","prefecture_kana":"ナガサキケン","city":"東彼杵郡波佐見町","city_kana":"ヒガシソノギグンハサミチョウ","town":"川内郷","town_kana":"カワチゴウ","prefecture_code":42},"3704":{"zip_code":"8593704","prefecture":"長崎県","prefecture_kana":"ナガサキケン","city":"東彼杵郡波佐見町","city_kana":"ヒガシソノギグンハサミチョウ","town":"小樽郷","town_kana":"コダルゴウ","prefecture_code":42},"3727":{"zip_code":"8593727","prefecture":"長崎県","prefecture_kana":"ナガサキケン","city":"東彼杵郡波佐見町","city_kana":"ヒガシソノギグンハサミチョウ","town":"皿山郷","town_kana":"サラヤマゴウ","prefecture_code":42},"3724":{"zip_code":"8593724","prefecture":"長崎県","prefecture_kana":"ナガサキケン","city":"東彼杵郡波佐見町","city_kana":"ヒガシソノギグンハサミチョウ","town":"志折郷","town_kana":"シオリゴウ","prefecture_code":42},"3715":{"zip_code":"8593715","prefecture":"長崎県","prefecture_kana":"ナガサキケン","city":"東彼杵郡波佐見町","city_kana":"ヒガシソノギグンハサミチョウ","town":"宿郷","town_kana":"シュクゴウ","prefecture_code":42},"3722":{"zip_code":"8593722","prefecture":"長崎県","prefecture_kana":"ナガサキケン","city":"東彼杵郡波佐見町","city_kana":"ヒガシソノギグンハサミチョウ","town":"岳辺田郷","town_kana":"タケベタゴウ","prefecture_code":42},"3716":{"zip_code":"8593716","prefecture":"長崎県","prefecture_kana":"ナガサキケン","city":"東彼杵郡波佐見町","city_kana":"ヒガシソノギグンハサミチョウ","town":"田ノ頭郷","town_kana":"タノカシラゴウ","prefecture_code":42},"3712":{"zip_code":"8593712","prefecture":"長崎県","prefecture_kana":"ナガサキケン","city":"東彼杵郡波佐見町","city_kana":"ヒガシソノギグンハサミチョウ","town":"中尾郷","town_kana":"ナカオゴウ","prefecture_code":42},"3705":{"zip_code":"8593705","prefecture":"長崎県","prefecture_kana":"ナガサキケン","city":"東彼杵郡波佐見町","city_kana":"ヒガシソノギグンハサミチョウ","town":"永尾郷","town_kana":"ナガオゴウ","prefecture_code":42},"3725":{"zip_code":"8593725","prefecture":"長崎県","prefecture_kana":"ナガサキケン","city":"東彼杵郡波佐見町","city_kana":"ヒガシソノギグンハサミチョウ","town":"長野郷","town_kana":"ナガノゴウ","prefecture_code":42},"3703":{"zip_code":"8593703","prefecture":"長崎県","prefecture_kana":"ナガサキケン","city":"東彼杵郡波佐見町","city_kana":"ヒガシソノギグンハサミチョウ","town":"野々川郷","town_kana":"ノノカワゴウ","prefecture_code":42},"3726":{"zip_code":"8593726","prefecture":"長崎県","prefecture_kana":"ナガサキケン","city":"東彼杵郡波佐見町","city_kana":"ヒガシソノギグンハサミチョウ","town":"稗木場郷","town_kana":"ヒエコバゴウ","prefecture_code":42},"3723":{"zip_code":"8593723","prefecture":"長崎県","prefecture_kana":"ナガサキケン","city":"東彼杵郡波佐見町","city_kana":"ヒガシソノギグンハサミチョウ","town":"平野郷","town_kana":"ヒラノゴウ","prefecture_code":42},"3706":{"zip_code":"8593706","prefecture":"長崎県","prefecture_kana":"ナガサキケン","city":"東彼杵郡波佐見町","city_kana":"ヒガシソノギグンハサミチョウ","town":"三股郷","town_kana":"ミツマタゴウ","prefecture_code":42},"3728":{"zip_code":"8593728","prefecture":"長崎県","prefecture_kana":"ナガサキケン","city":"東彼杵郡波佐見町","city_kana":"ヒガシソノギグンハサミチョウ","town":"村木郷","town_kana":"ムラギゴウ","prefecture_code":42},"3702":{"zip_code":"8593702","prefecture":"長崎県","prefecture_kana":"ナガサキケン","city":"東彼杵郡波佐見町","city_kana":"ヒガシソノギグンハサミチョウ","town":"湯無田郷","town_kana":"ユムタゴウ","prefecture_code":42}}